#{"t_start": 1784399297.7291927, "env_id": "None"}
r,l,t
92.509876,100,2.172433
182.464301,100,2.488324
79.589174,100,2.745678
124.539656,100,2.985891
176.297739,100,3.231441
146.879982,100,3.484312
115.515073,100,3.710516
249.801359,100,3.921468
143.699852,100,4.159009
179.683881,100,4.412845
174.500011,100,19.06084
206.617016,100,19.300972
150.294365,100,19.605376
196.406424,100,19.910655
129.357783,100,20.223978
164.194248,100,20.527335
159.393709,100,20.855961
159.764772,100,21.169936
175.992496,100,21.491439
137.697064,100,21.822707
139.048768,100,33.897883
152.711156,100,34.048168
231.168751,100,34.196125
156.446851,100,34.348141
147.288227,100,34.523506
193.291443,100,34.687757
236.170147,100,34.853679
190.761915,100,35.00134
188.820954,100,35.176363
194.256773,100,35.416386
209.2407,100,46.790394
187.823527,100,47.161063
144.819604,100,47.495452
180.898531,100,47.76111
185.403576,100,48.062772
180.068752,100,48.392003
171.438029,100,48.72124
227.843162,100,49.020578
166.897547,100,49.306598
206.31185,100,49.607784
270.935066,100,62.327423
204.835114,100,62.491112
192.135505,100,62.671508
219.375789,100,62.839639
223.588166,100,63.026205
179.963902,100,63.217992
187.193246,100,63.480229
142.721847,100,63.65021
181.916995,100,63.844653
218.573839,100,64.028207
157.05976,100,75.588624
229.177234,100,75.755826
163.750938,100,75.930556
186.161691,100,76.107141
225.760529,100,76.289919
218.269142,100,76.494345
121.936403,100,76.727246
163.161316,100,76.926045
154.437949,100,77.113497
235.942098,100,77.279636
227.415623,100,90.418807
94.385504,100,90.740288
171.362827,100,91.076142
210.25905,100,91.418975
122.77016,100,91.723467
218.665224,100,92.008138
157.782134,100,92.337623
148.59161,100,92.653216
220.578382,100,92.988178
199.584174,100,93.29999
245.691609,100,107.901887
222.049054,100,108.093762
212.949896,100,108.296111
231.145934,100,108.492354
233.222853,100,108.687817
162.839296,100,108.880008
240.298251,100,109.052772
186.135172,100,109.223518
190.660186,100,109.488333
166.687243,100,109.669187
183.380946,100,124.39864
226.107648,100,124.561628
179.235976,100,124.719769
183.110217,100,124.876084
198.689041,100,125.044957
225.156641,100,125.212883
168.53114,100,125.369736
201.398848,100,125.538116
242.918011,100,125.733251
241.42412,100,125.973525
194.90841,100,145.416867
153.591758,100,145.844893
199.666378,100,146.188839
168.573421,100,146.599137
273.051297,100,147.004441
194.049527,100,147.389497
228.291548,100,147.803116
164.717592,100,148.017696
265.982583,100,148.198522
243.632636,100,148.351033
162.821168,100,161.308553
253.724615,100,161.493341
187.849194,100,161.72278
223.066483,100,161.970684
241.685676,100,162.117549
239.947203,100,162.293355
249.315888,100,162.450959
270.530978,100,162.610869
163.176461,100,162.78163
229.076976,100,162.959787
207.110884,100,177.282486
198.75573,100,177.607341
199.864398,100,177.93142
220.685444,100,178.195544
191.162473,100,178.512374
273.895787,100,178.845726
239.882676,100,179.161771
199.850942,100,179.486814
207.266821,100,179.833678
219.56745,100,180.090806
237.40529,100,191.400221
198.066256,100,191.539737
172.828717,100,191.705614
268.153425,100,191.960397
226.589397,100,192.127795
267.62854,100,192.310845
157.402795,100,192.471355
184.244685,100,192.624654
219.616266,100,192.792055
177.514881,100,192.967281
294.340504,100,207.235056
279.916094,100,207.410865
229.161008,100,207.601349
208.141914,100,207.85986
262.287622,100,208.072188
197.149839,100,208.266785
187.436398,100,208.456086
192.507988,100,208.640072
184.65161,100,208.824018
222.27737,100,209.023333
270.76612,100,221.206639
203.401113,100,221.363123
128.088912,100,221.519098
244.264579,100,221.695417
271.971086,100,221.954413
250.77679,100,222.106036
275.152953,100,222.264052
235.500022,100,222.447938
232.539142,100,222.616372
236.64452,100,222.789976
278.632069,100,235.443081
296.048482,100,235.661341
221.356353,100,235.969607
203.728874,100,236.140005
201.787383,100,236.345244
212.879724,100,236.548713
248.492366,100,236.766738
257.258967,100,237.018079
201.155413,100,237.217362
223.543412,100,237.421149
227.729434,100,253.945146
208.449229,100,254.285985
211.668906,100,254.596221
202.944761,100,254.908659
241.24464,100,255.250928
252.595472,100,255.582655
244.577663,100,255.897535
274.753141,100,256.187972
323.841308,100,256.391
230.417333,100,256.593068
238.585621,100,272.543017
242.163403,100,272.847536
229.178284,100,273.172051
212.14222,100,273.487782
244.432131,100,273.80424
255.805137,100,274.124306
224.489415,100,274.384586
187.630087,100,274.551141
253.635278,100,274.710033
243.938487,100,274.853605
286.468939,100,287.223155
226.293683,100,287.399761
296.850802,100,287.593376
266.905169,100,287.783636
292.178895,100,287.948319
248.087234,100,288.128948
268.059178,100,288.409645
210.518574,100,288.587036
281.395679,100,288.789489
236.687398,100,288.960421
224.487386,100,302.348029
302.525795,100,302.536838
202.465018,100,302.7236
287.107484,100,302.925199
314.784722,100,303.089077
246.034157,100,303.239156
251.476784,100,303.401753
263.018407,100,303.561357
221.79198,100,303.705796
214.250691,100,303.845146
205.52877,100,316.225652
216.14452,100,316.50243
292.104152,100,316.69908
228.946549,100,316.926421
339.641377,100,317.098454
197.039506,100,317.274053
238.192314,100,317.461801
272.950201,100,317.637703
281.449283,100,317.820217
248.019365,100,318.006138
248.511042,100,330.175416
174.676453,100,330.403506
259.472144,100,330.623334
280.784757,100,330.809361
200.862125,100,330.999828
244.87991,100,331.171404
237.083886,100,331.3433
198.985349,100,331.50651
186.33766,100,331.686776
265.101044,100,331.857892
266.76523,100,344.433614
228.188353,100,344.630138
224.635775,100,344.864207
292.748728,100,345.03796
230.561385,100,345.209584
285.108689,100,345.383321
228.538729,100,345.566628
198.083687,100,345.768198
261.002844,100,345.94664
259.938154,100,346.106507
279.237831,100,361.145762
263.723413,100,361.333848
210.625538,100,361.510682
229.079491,100,361.707078
259.177512,100,361.892704
219.471163,100,362.074908
286.686905,100,362.247206
231.657106,100,362.510873
197.117994,100,362.711928
260.549452,100,362.919889
237.866789,100,375.302543
179.837798,100,375.446386
226.980412,100,375.604028
311.458843,100,375.759403
307.01427,100,375.930035
300.447376,100,376.09127
268.53362,100,376.242664
267.347924,100,376.38989
286.653778,100,376.614738
199.388052,100,376.891674
286.689646,100,389.586171
300.415307,100,389.770876
255.1542,100,389.966552
192.392404,100,390.168697
273.403365,100,390.355263
294.026393,100,390.549892
265.665169,100,390.783894
283.062083,100,391.06276
292.123549,100,391.283917
237.207327,100,391.472913
337.059292,100,402.40155
259.474878,100,402.541764
307.824013,100,402.687397
240.018437,100,402.840455
268.54488,100,403.103062
197.913039,100,403.271729
242.71033,100,403.475779
236.676139,100,403.649753
296.759128,100,403.819832
250.95672,100,403.994401
308.436725,100,415.921954
195.994066,100,416.074813
249.836826,100,416.223792
300.074003,100,416.366311
180.782762,100,416.51399
223.28397,100,416.680532
308.763954,100,416.840193
215.495375,100,417.006886
268.486691,100,417.153496
254.685255,100,417.3882
228.54572,100,430.192567
241.356668,100,430.432741
290.337285,100,430.695558
246.093927,100,430.953218
261.572886,100,431.19856
324.447731,100,431.455703
272.975126,100,431.742355
275.2475,100,431.999466
152.463158,100,432.244869
245.876316,100,432.477362
210.306776,100,445.012974
256.363938,100,445.165869
284.730571,100,445.32231
284.587768,100,445.534011
203.548934,100,445.787992
366.90962,100,445.968667
279.622009,100,446.119284
279.873968,100,446.269399
324.876898,100,446.423341
344.676714,100,446.591147
283.397885,100,458.785992
309.755066,100,458.948099
310.881453,100,459.125662
298.19562,100,459.295744
346.015248,100,459.522158
286.380215,100,459.736804
281.245502,100,459.888195
281.607247,100,460.05649
270.285084,100,460.219115
271.658146,100,460.37169
296.652718,100,472.167849
301.789097,100,472.356441
293.038426,100,472.527065
323.434364,100,472.700299
260.078988,100,472.875057
214.916219,100,473.038167
193.426554,100,473.204382
284.188456,100,473.369439
351.85838,100,473.521306
287.388047,100,473.747297
216.014878,100,487.829507
258.138244,100,488.014251
241.553209,100,488.295549
228.106439,100,488.509096
322.242571,100,488.712233
286.749144,100,488.892961
232.946261,100,489.070731
314.954026,100,489.249876
306.647681,100,489.438475
244.446614,100,489.621457
295.257346,100,502.106655
304.704153,100,502.291481
200.162256,100,502.477097
328.678683,100,502.742668
308.640092,100,502.958718
320.720953,100,503.185191
238.768691,100,503.374863
280.870448,100,503.560282
341.043523,100,503.74574
269.579044,100,503.932011
229.55457,100,516.451477
312.586079,100,516.622432
285.282271,100,516.784216
260.220706,100,517.063973
265.984713,100,517.236665
238.409851,100,517.400244
279.893153,100,517.554847
275.706121,100,517.710394
236.687092,100,517.861825
335.220907,100,518.018987
297.895384,100,530.730206
248.26629,100,531.060691
319.185018,100,531.270562
285.259913,100,531.476912
306.134352,100,531.660757
234.497135,100,531.83884
236.857626,100,532.005556
281.906077,100,532.166705
245.656943,100,532.329468
280.116087,100,532.484052
284.510211,100,545.988548
246.368728,100,546.150028
264.116664,100,546.333792
276.326532,100,546.511408
336.710416,100,546.708839
271.630343,100,546.894157
284.751601,100,547.088726
300.457471,100,547.352284
268.998109,100,547.564524
284.08228,100,547.784975
267.854443,100,562.228395
286.1364,100,562.396706
267.93037,100,562.57032
292.259379,100,562.759511
246.133842,100,562.947929
372.294521,100,563.113817
317.034809,100,563.278702
315.862925,100,563.447378
274.006525,100,563.69832
312.915969,100,563.888883
307.475565,100,579.735845
308.953902,100,579.897502
318.791024,100,580.046408
313.47313,100,580.205163
270.173822,100,580.37493
234.367539,100,580.564211
339.994878,100,580.766762
283.105149,100,580.948584
270.70925,100,581.206917
267.437564,100,581.422994
275.90223,100,593.689751
318.625792,100,593.879975
263.546899,100,594.051987
268.730202,100,594.24299
195.084702,100,594.416116
301.118231,100,594.597787
308.418791,100,594.764263
311.743751,100,594.91229
203.02753,100,595.072524
269.446292,100,595.236741
300.104268,100,607.267732
258.626571,100,607.419723
273.136235,100,607.605675
248.787479,100,607.803231
289.103474,100,608.082683
213.066995,100,608.256045
232.411235,100,608.441845
281.487494,100,608.615499
333.898431,100,608.799096
241.099263,100,608.982475
256.331213,100,619.739994
281.203683,100,620.033342
279.378688,100,620.214894
340.936652,100,620.412871
236.676898,100,620.597618
361.894276,100,620.806175
263.765322,100,621.024656
340.217254,100,621.222027
288.055147,100,621.408494
289.565465,100,621.599386
337.391364,100,634.291051
311.524989,100,634.486868
320.05779,100,634.689342
292.528736,100,634.898107
273.843059,100,635.088642
293.732665,100,635.255853
212.475466,100,635.41541
329.410935,100,635.597456
243.752461,100,635.81551
302.827223,100,636.072264
306.903098,100,647.541607
246.244615,100,647.702148
301.181999,100,647.972153
210.00533,100,648.131073
291.00379,100,648.306298
258.852709,100,648.471218
274.092031,100,648.623789
311.941172,100,648.780803
252.343351,100,648.933304
246.649627,100,649.108996
285.188415,100,661.313855
271.921985,100,661.468226
330.131162,100,661.629426
285.739383,100,661.827378
287.352939,100,662.05407
356.216875,100,662.208081
341.431886,100,662.391698
227.78857,100,662.558631
313.198234,100,662.728878
310.849102,100,662.894655
325.320714,100,675.523025
296.284899,100,675.839936
289.570662,100,676.091695
290.0813,100,676.277488
272.772085,100,676.452847
307.291325,100,676.622996
245.955383,100,676.778996
206.969052,100,676.931323
326.993938,100,677.105307
341.36691,100,677.251604
295.100703,100,689.753879
293.46017,100,689.947436
308.213842,100,690.255102
314.87126,100,690.472975
299.703146,100,690.688035
256.306979,100,690.959669
317.237459,100,691.170081
308.980885,100,691.365714
362.777169,100,691.537908
273.007819,100,691.717294
316.114585,100,703.481796
262.04588,100,703.66927
354.070452,100,703.864501
272.782138,100,704.090065
375.967329,100,704.349756
199.80994,100,704.563519
341.913563,100,704.767791
247.437662,100,704.937706
296.861947,100,705.120325
317.054717,100,705.304051
320.417407,100,716.647411
288.481594,100,716.792949
251.438838,100,716.933564
357.010546,100,717.072908
262.405746,100,717.217808
332.895851,100,717.370425
220.906544,100,717.525697
251.838307,100,717.680039
352.013415,100,717.831663
352.854521,100,717.974068
358.422968,100,729.464871
289.639199,100,729.668003
262.344155,100,729.863058
279.910123,100,730.070148
330.978982,100,730.367677
353.043244,100,730.571229
309.118934,100,730.785518
323.405904,100,731.000609
260.809442,100,731.181479
213.35386,100,731.386295
332.153097,100,743.842152
310.546311,100,744.154864
298.305256,100,744.471562
326.394831,100,744.746724
300.791886,100,745.05417
250.412334,100,745.369736
277.574688,100,745.681883
269.35269,100,746.006645
374.731684,100,746.316994
313.248958,100,746.601476
268.405959,100,759.76346
236.568193,100,759.902228
280.620265,100,760.038682
293.667163,100,760.178155
272.518408,100,760.316229
273.552778,100,760.578415
380.71142,100,760.777044
326.85489,100,760.944717
309.876396,100,761.10728
280.068135,100,761.261173
254.692395,100,772.487613
357.885676,100,772.721222
370.773652,100,772.911304
365.80168,100,773.080686
268.440054,100,773.26449
294.929539,100,773.452887
275.219742,100,773.629824
322.13199,100,773.823937
323.796551,100,774.007756
318.413527,100,774.177048
297.735437,100,785.299413
318.385418,100,785.439553
310.929495,100,785.592144
208.466783,100,785.766514
300.69019,100,785.926648
319.197025,100,786.085027
260.308571,100,786.226113
302.051881,100,786.360486
256.35487,100,786.503604
334.818663,100,786.73691
268.106092,100,798.406557
315.640909,100,798.653141
253.269897,100,798.899683
277.965236,100,799.131678
306.160194,100,799.324158
299.387841,100,799.513477
257.787219,100,799.723216
308.184158,100,799.904037
347.218451,100,800.089324
234.876662,100,800.267918
299.305875,100,812.196395
257.696718,100,812.360707
264.319128,100,812.529673
323.675841,100,812.791974
350.838113,100,812.933328
344.854543,100,813.083585
277.708329,100,813.261202
318.796913,100,813.415611
270.177275,100,813.574432
365.977655,100,813.761125
288.011807,100,824.528882
328.973047,100,824.767752
340.749484,100,824.947111
350.845617,100,825.10856
333.562713,100,825.260925
280.84483,100,825.3999
249.211113,100,825.550883
292.266495,100,825.702069
243.520894,100,825.851073
353.439818,100,826.013461
287.368949,100,839.359761
339.424697,100,839.549052
305.257496,100,839.728115
334.580408,100,839.890232
257.697061,100,840.056322
328.456756,100,840.207798
239.633453,100,840.354553
307.815464,100,840.533376
233.089432,100,840.73487
372.68756,100,841.00105
316.26478,100,851.395128
356.108411,100,851.540872
284.597968,100,851.684437
326.168366,100,851.834941
315.946789,100,851.977461
266.959453,100,852.117192
300.985571,100,852.284123
257.389915,100,852.449758
368.597494,100,852.622516
290.463046,100,852.858582
343.0912,100,867.319156
243.757536,100,867.624683
343.188296,100,867.943372
366.358136,100,868.256257
338.369186,100,868.559745
277.822877,100,868.882503
373.869029,100,869.150827
323.081599,100,869.398297
278.254127,100,869.700247
318.30673,100,870.011045
342.955814,100,882.335927
316.116817,100,882.518695
344.404962,100,882.697786
270.79116,100,882.928627
217.25517,100,883.134746
307.738293,100,883.321654
340.073804,100,883.512013
325.089974,100,883.699057
308.437546,100,883.887249
266.267354,100,884.072761
274.419332,100,895.492488
375.505232,100,895.68899
239.605084,100,895.866278
376.448642,100,896.028533
300.470094,100,896.192195
332.632613,100,896.374359
306.089523,100,896.542506
302.352148,100,896.707447
352.509747,100,896.870649
265.986999,100,897.051336
345.965591,100,910.085302
341.176627,100,910.249257
352.553115,100,910.410516
241.050105,100,910.59713
297.3921,100,910.774479
338.073892,100,910.933758
334.460432,100,911.090995
268.073153,100,911.357055
281.387141,100,911.535403
262.471898,100,911.741786
358.560447,100,924.535188
312.10863,100,924.682553
285.878399,100,924.830335
392.932217,100,924.984125
250.56976,100,925.167792
396.641125,100,925.40681
319.369886,100,925.557033
314.64942,100,925.729612
278.146207,100,925.873006
298.298796,100,926.0147
382.255777,100,938.488465
290.386049,100,938.795523
334.303924,100,939.106787
322.256632,100,939.386153
296.252519,100,939.551217
275.172242,100,939.725341
302.240767,100,939.869698
315.188282,100,940.006087
297.268023,100,940.143201
328.528774,100,940.294237
311.691322,100,952.021638
311.932447,100,952.184767
331.351094,100,952.343651
257.143468,100,952.505237
366.562459,100,952.673374
268.438012,100,952.831615
288.47096,100,952.982822
250.958155,100,953.145672
281.92615,100,953.39381
300.871671,100,953.572853
279.672791,100,967.066936
315.007851,100,967.343876
330.346913,100,967.59803
378.740237,100,967.820955
338.514042,100,968.035094
384.536454,100,968.246144
357.813506,100,968.469086
328.097293,100,968.690542
307.441582,100,968.887846
309.549376,100,969.096046
282.988565,100,982.336482
288.512324,100,982.501941
339.233379,100,982.658892
322.704956,100,982.812534
352.185476,100,982.968394
292.620047,100,983.154022
412.227025,100,983.402159
288.476458,100,983.553209
255.850679,100,983.731317
346.574212,100,983.886355
339.170404,100,994.647168
280.251374,100,994.79622
345.850189,100,994.935294
374.666407,100,995.072903
300.55166,100,995.320882
325.940325,100,995.480585
299.995634,100,995.661926
331.620825,100,995.819542
350.440153,100,995.981348
272.824905,100,996.128374
347.182575,100,1007.661509
314.544258,100,1007.840811
260.349962,100,1008.003441
343.68875,100,1008.162285
316.124786,100,1008.324725
279.785176,100,1008.485401
289.980412,100,1008.639919
333.149657,100,1008.786962
380.77141,100,1008.941936
326.543604,100,1009.09142
323.570619,100,1020.330097
331.206472,100,1020.483503
330.096048,100,1020.624823
327.597906,100,1020.804413
368.873022,100,1020.95859
323.629315,100,1021.101533
273.642633,100,1021.37521
342.917693,100,1021.526077
269.51577,100,1021.701464
346.951596,100,1021.865448
309.797341,100,1034.667671
380.24314,100,1034.856753
370.145546,100,1035.051769
308.432355,100,1035.325204
370.817369,100,1035.527864
370.802989,100,1035.747041
347.378336,100,1035.925344
357.34783,100,1036.120896
303.497834,100,1036.308681
313.587168,100,1036.495139
329.059116,100,1048.032134
291.817587,100,1048.181884
355.714003,100,1048.339723
309.019754,100,1048.494432
256.373186,100,1048.64811
294.426745,100,1048.804663
306.074078,100,1048.981182
315.669936,100,1049.161547
358.035605,100,1049.409975
326.939609,100,1049.572208
270.019372,100,1061.034585
336.596887,100,1061.198629
292.53304,100,1061.473122
358.681695,100,1061.630104
342.554712,100,1061.817239
258.292282,100,1061.974683
333.678646,100,1062.119951
336.226405,100,1062.265157
374.819127,100,1062.425381
349.261874,100,1062.57391
226.156959,100,1074.108462
248.667497,100,1074.262992
377.934946,100,1074.437953
335.061872,100,1074.60744
297.851164,100,1074.77282
338.068103,100,1074.918337
339.945667,100,1075.069322
343.071798,100,1075.22377
303.291208,100,1075.488827
276.670331,100,1075.642951
329.879975,100,1089.867998
367.182058,100,1090.058309
314.856517,100,1090.245378
298.794989,100,1090.442881
375.627119,100,1090.641181
344.707496,100,1090.834085
314.891597,100,1091.03524
401.33325,100,1091.245193
310.172153,100,1091.506818
299.916347,100,1091.690755
311.281428,100,1106.293398
306.772228,100,1106.63117
377.381031,100,1106.971465
272.329368,100,1107.329054
400.094043,100,1107.673302
343.519441,100,1108.032631
275.842897,100,1108.387346
335.425077,100,1108.763959
391.293852,100,1109.14878
408.217152,100,1109.505749
332.532402,100,1122.510513
366.476062,100,1122.685895
357.221929,100,1122.844425
404.710481,100,1123.004447
341.187852,100,1123.161812
244.033774,100,1123.31449
386.392116,100,1123.609328
285.091406,100,1123.885216
282.352248,100,1124.189796
412.496184,100,1124.500156
331.434046,100,1136.313108
366.899348,100,1136.621242
250.813825,100,1136.94143
300.067526,100,1137.245947
314.764579,100,1137.558365
265.315609,100,1137.81393
371.584122,100,1138.111986
344.577494,100,1138.416191
367.614347,100,1138.738546
343.180299,100,1139.055662
245.73297,100,1150.562645
293.105825,100,1150.739436
318.020942,100,1150.916463
275.045913,100,1151.079681
305.390229,100,1151.248226
309.054152,100,1151.487697
299.977826,100,1151.649536
244.114776,100,1151.83177
289.646714,100,1151.989752
341.534963,100,1152.143241
354.414823,100,1163.141647
334.215402,100,1163.289119
343.674014,100,1163.541982
347.104826,100,1163.70331
311.506652,100,1163.8801
306.398134,100,1164.032712
413.637,100,1164.186559
347.901317,100,1164.333157
344.299652,100,1164.490148
403.453776,100,1164.655141
384.258747,100,1175.294356
322.986312,100,1175.548394
379.077219,100,1175.720415
367.027178,100,1175.897774
312.433401,100,1176.059968
396.389769,100,1176.217421
348.750233,100,1176.385981
385.857423,100,1176.564149
353.986848,100,1176.751277
296.400202,100,1176.921223
344.115604,100,1188.313911
337.339254,100,1188.465272
358.456693,100,1188.646297
380.389729,100,1188.802889
330.788307,100,1188.957467
340.290517,100,1189.108378
310.093808,100,1189.273811
297.350509,100,1189.509517
380.292635,100,1189.680131
337.884089,100,1189.836334
319.220566,100,1201.368278
374.261345,100,1201.665715
253.235925,100,1201.893307
285.812156,100,1202.068977
310.921926,100,1202.244193
389.806657,100,1202.430641
353.253203,100,1202.623495
246.138299,100,1202.804517
249.184481,100,1203.007965
333.102381,100,1203.184396
328.350286,100,1216.811862
323.962387,100,1216.983165
326.636036,100,1217.140416
325.58,100,1217.308897
290.696138,100,1217.563228
302.396301,100,1217.730308
414.13689,100,1217.909065
343.568214,100,1218.08944
383.497323,100,1218.252537
365.805108,100,1218.418234
419.980917,100,1230.512423
280.711961,100,1230.744995
412.930204,100,1230.944372
423.798555,100,1231.11785
390.228467,100,1231.289728
235.771342,100,1231.579988
307.571878,100,1231.780147
351.889824,100,1231.970336
252.503341,100,1232.112663
370.7183,100,1232.257833
358.735943,100,1242.952899
372.808537,100,1243.10097
276.527408,100,1243.247669
339.897085,100,1243.473302
327.236064,100,1243.651875
338.596159,100,1243.826449
272.747516,100,1243.977492
248.254467,100,1244.127504
388.914861,100,1244.282042
319.155738,100,1244.447562
386.622775,100,1257.935043
344.248182,100,1258.167017
351.403514,100,1258.390297
282.568455,100,1258.621143
373.763334,100,1258.833538
318.469936,100,1259.053353
250.04405,100,1259.280877
342.831162,100,1259.62623
245.076268,100,1259.828366
304.760222,100,1260.03385
334.725394,100,1272.660703
400.940462,100,1273.024339
363.704964,100,1273.404726
379.784459,100,1273.787201
375.966889,100,1274.128965
290.469068,100,1274.351945
328.267055,100,1274.495508
322.845698,100,1274.641124
310.175399,100,1274.80511
309.80321,100,1274.944816
352.557923,100,1286.384324
237.090458,100,1286.549247
285.728058,100,1286.704204
301.599585,100,1286.848755
356.381666,100,1287.005045
252.553282,100,1287.146482
311.516526,100,1287.286642
379.613815,100,1287.491246
279.315355,100,1287.711836
370.989877,100,1287.854381
425.432815,100,1298.67727
379.018054,100,1298.850585
374.33327,100,1299.004641
256.376119,100,1299.153247
327.654759,100,1299.323128
255.669959,100,1299.527555
354.597558,100,1299.757132
358.011417,100,1299.916533
391.254027,100,1300.087201
328.226962,100,1300.237115
347.045621,100,1311.303374
328.727195,100,1311.503864
409.770409,100,1311.75702
290.077688,100,1311.929001
367.643516,100,1312.110949
322.751573,100,1312.275189
354.377656,100,1312.442838
358.422749,100,1312.621834
338.586248,100,1312.798307
325.245149,100,1312.942745
343.96575,100,1328.438779
358.050751,100,1328.613348
385.866033,100,1328.786011
416.47234,100,1328.977606
290.67304,100,1329.137535
333.037165,100,1329.27808
369.579955,100,1329.422703
297.251207,100,1329.568332
342.625944,100,1329.800677
356.470495,100,1329.979382
283.602721,100,1343.875467
415.683117,100,1344.129809
264.522596,100,1344.429161
397.115423,100,1344.715185
285.738507,100,1344.998552
290.836106,100,1345.293135
279.497951,100,1345.574297
364.27025,100,1345.862683
360.41016,100,1346.102339
346.569108,100,1346.375068
375.385751,100,1361.24115
371.368696,100,1361.423303
387.292225,100,1361.622272
407.060921,100,1361.813367
261.887844,100,1361.983093
256.515842,100,1362.14801
308.490499,100,1362.361652
296.929081,100,1362.584016
381.346103,100,1362.793058
319.799915,100,1362.967541
309.102673,100,1375.359683
263.586751,100,1375.517831
309.287191,100,1375.676096
301.262711,100,1375.82931
409.337005,100,1375.973007
408.714118,100,1376.124554
362.290689,100,1376.276383
356.300807,100,1376.525875
356.402464,100,1376.683949
386.682474,100,1376.852521
267.210631,100,1388.103672
405.904277,100,1388.25599
351.08743,100,1388.415149
307.038508,100,1388.685656
394.83816,100,1388.866942
378.92553,100,1389.01965
235.031165,100,1389.193169
416.861209,100,1389.343289
429.01261,100,1389.506131
409.366556,100,1389.688209
343.67475,100,1403.179141
351.293595,100,1403.355674
323.924321,100,1403.522249
401.894489,100,1403.697133
327.282023,100,1403.875516
398.773644,100,1404.060896
301.428504,100,1404.245598
373.958186,100,1404.415114
372.43365,100,1404.693019
330.234834,100,1404.866066
346.738584,100,1416.013892
379.515423,100,1416.155337
411.335135,100,1416.296544
381.600991,100,1416.436898
354.971982,100,1416.586431
416.029764,100,1416.787392
335.581562,100,1417.008305
327.696338,100,1417.162557
339.890489,100,1417.321722
302.466243,100,1417.465778
368.300637,100,1428.881263
370.131724,100,1429.052948
300.142599,100,1429.237181
338.388069,100,1429.39202
344.561001,100,1429.551242
308.564225,100,1429.704157
429.531816,100,1429.865558
386.992702,100,1430.008949
374.50196,100,1430.151176
290.165337,100,1430.294533
204.61281,100,1441.592837
379.151099,100,1441.746811
383.898249,100,1441.904185
305.987792,100,1442.071105
357.177993,100,1442.241606
360.065192,100,1442.394033
362.193281,100,1442.541383
325.462956,100,1442.69151
372.232425,100,1442.943834
350.103074,100,1443.11499
363.971123,100,1454.765111
338.669667,100,1455.000052
292.197406,100,1455.152134
319.638162,100,1455.318478
344.85572,100,1455.458963
307.20339,100,1455.616784
342.602135,100,1455.779741
434.945206,100,1455.938326
355.39343,100,1456.097092
299.867235,100,1456.258526
367.981367,100,1467.713839
326.519477,100,1467.887853
254.392022,100,1468.058372
311.791377,100,1468.214849
284.072008,100,1468.357242
365.392371,100,1468.501354
293.175398,100,1468.65188
337.248736,100,1468.915089
282.967331,100,1469.117385
317.212176,100,1469.288413
299.802017,100,1481.871528
342.161777,100,1482.031291
334.732462,100,1482.167598
351.857527,100,1482.308709
408.939432,100,1482.445395
411.376322,100,1482.607344
269.972356,100,1482.812495
312.582995,100,1483.033122
288.445612,100,1483.192517
401.069847,100,1483.371368
388.124921,100,1496.008257
314.049667,100,1496.199008
370.544389,100,1496.391495
375.260574,100,1496.594406
242.243829,100,1496.846221
358.126793,100,1497.109641
379.641518,100,1497.336391
359.236401,100,1497.53722
299.894098,100,1497.751166
285.350285,100,1497.969447
430.658266,100,1511.954522
423.956438,100,1512.139174
388.981727,100,1512.314369
250.99517,100,1512.490812
272.910422,100,1512.670078
347.445605,100,1512.928193
387.572901,100,1513.111639
348.772651,100,1513.312999
401.623068,100,1513.488898
332.809128,100,1513.661306
410.100547,100,1529.892531
357.912523,100,1530.071857
332.864788,100,1530.262607
370.591949,100,1530.475775
379.473049,100,1530.6863
276.781193,100,1530.904528
387.926398,100,1531.19555
305.317365,100,1531.40018
332.18319,100,1531.593203
378.006299,100,1531.786439
303.6728,100,1547.534422
415.865605,100,1547.679008
362.959928,100,1547.835142
340.018046,100,1548.017414
254.150404,100,1548.211199
434.891564,100,1548.382625
298.819404,100,1548.534132
352.35671,100,1548.685339
290.204153,100,1548.846047
358.47978,100,1549.044723
362.148933,100,1560.54541
381.567738,100,1560.720399
422.040587,100,1560.913967
315.110561,100,1561.153406
406.069185,100,1561.361105
392.975562,100,1561.524299
322.53352,100,1561.692035
259.627635,100,1561.85654
339.780626,100,1562.017897
423.937637,100,1562.169076
390.315015,100,1573.325373
339.805946,100,1573.49552
352.737989,100,1573.669675
264.514491,100,1573.819758
353.38293,100,1573.959255
326.225644,100,1574.101792
379.48779,100,1574.255645
343.386036,100,1574.397338
332.700441,100,1574.562887
343.225836,100,1574.71069
315.502526,100,1586.077443
394.169763,100,1586.233955
335.598482,100,1586.404354
412.961345,100,1586.569437
317.861495,100,1586.715248
344.004436,100,1586.865293
417.505125,100,1587.021011
379.125397,100,1587.170847
350.821829,100,1587.329807
326.966142,100,1587.493029
393.20984,100,1602.761737
378.129707,100,1602.948218
392.562133,100,1603.142861
342.543057,100,1603.332339
337.662548,100,1603.521926
243.566243,100,1603.7331
345.651192,100,1603.958397
425.182289,100,1604.288467
423.17442,100,1604.533087
420.413632,100,1604.767172
292.514098,100,1617.145553
247.963569,100,1617.330668
351.374609,100,1617.539832
370.090079,100,1617.735932
348.450354,100,1617.923676
298.441761,100,1618.111535
400.465635,100,1618.386135
347.263722,100,1618.586742
417.030876,100,1618.812839
400.218801,100,1619.020413
356.768461,100,1634.795052
305.528029,100,1635.139718
330.557853,100,1635.536955
427.040769,100,1635.913219
272.080855,100,1636.298354
387.47945,100,1636.697021
365.316969,100,1637.037446
409.752587,100,1637.407668
420.347906,100,1637.748143
337.205502,100,1637.919047
322.545829,100,1649.904522
395.939554,100,1650.069975
358.562164,100,1650.247557
291.644918,100,1650.428281
318.406069,100,1650.688394
274.633038,100,1650.941848
356.213199,100,1651.156086
319.226924,100,1651.341413
386.822451,100,1651.516037
306.48834,100,1651.725172
431.643899,100,1665.369402
327.199698,100,1665.533342
290.853741,100,1665.694748
363.207249,100,1665.861253
338.525531,100,1666.029944
297.402781,100,1666.183597
341.553091,100,1666.342897
358.440839,100,1666.492985
426.361879,100,1666.651373
335.361251,100,1666.805197
421.062177,100,1678.431979
402.439406,100,1678.585111
391.027152,100,1678.744991
296.880756,100,1678.987007
375.651702,100,1679.236372
366.224376,100,1679.448429
387.069932,100,1679.628251
391.901858,100,1679.799633
284.473294,100,1679.964763
393.304882,100,1680.135128
403.494786,100,1691.734436
275.025502,100,1691.899034
385.841157,100,1692.055484
360.572805,100,1692.213171
309.124447,100,1692.376117
398.180964,100,1692.543499
345.555087,100,1692.715844
313.834865,100,1692.946491
394.754859,100,1693.146277
422.575053,100,1693.305012
383.268971,100,1704.387242
361.616926,100,1704.547311
338.402304,100,1704.705853
343.9358,100,1704.898876
329.611664,100,1705.118901
382.435108,100,1705.270379
395.046889,100,1705.441549
284.843774,100,1705.601551
407.705335,100,1705.762635
382.133423,100,1705.914169
369.658949,100,1718.50724
338.322248,100,1718.895759
380.683486,100,1719.142877
360.198348,100,1719.303407
326.495512,100,1719.458758
323.339472,100,1719.612164
333.639756,100,1719.77946
378.913177,100,1719.928962
344.146923,100,1720.095083
376.140644,100,1720.254801
304.941177,100,1731.645202
401.082955,100,1731.794097
308.233587,100,1731.968735
389.382229,100,1732.115375
422.951424,100,1732.269891
332.888251,100,1732.420913
251.867519,100,1732.572435
388.785029,100,1732.732539
351.786729,100,1732.944034
335.965966,100,1733.154962
328.426315,100,1745.250267
381.928243,100,1745.425323
454.914763,100,1745.587359
379.637094,100,1745.740834
335.794424,100,1745.901155
292.778219,100,1746.069671
306.218455,100,1746.232629
338.51763,100,1746.38005
373.847738,100,1746.529738
322.538431,100,1746.682507
351.615878,100,1758.748981
296.724557,100,1758.970417
422.860968,100,1759.167335
398.127816,100,1759.32079
438.584218,100,1759.491281
321.535864,100,1759.644991
336.956386,100,1759.790518
374.361328,100,1759.946963
369.497264,100,1760.111609
341.074292,100,1760.254337
372.104066,100,1771.909493
342.475396,100,1772.075857
354.957929,100,1772.230281
406.130173,100,1772.386632
276.858221,100,1772.55276
324.08653,100,1772.709285
350.75916,100,1772.880317
309.931249,100,1773.126139
388.562653,100,1773.27353
365.998359,100,1773.454443
341.208949,100,1786.011152
363.370167,100,1786.187701
343.815196,100,1786.352479
449.026051,100,1786.531186
415.467577,100,1786.72696
353.196037,100,1786.959041
366.83126,100,1787.166967
328.131434,100,1787.359393
398.653122,100,1787.546761
329.159598,100,1787.735206
270.849624,100,1.696076
403.727659,100,1.882836
258.202251,100,2.086227
283.068496,100,2.335283
353.051321,100,2.55732
342.230154,100,2.748096
311.08052,100,2.939673
441.96451,100,3.09975
364.682635,100,3.259006
357.058415,100,3.407893
334.514362,100,15.759827
427.179438,100,15.903377
324.031255,100,16.046903
369.474116,100,16.201558
272.128864,100,16.471796
349.047208,100,16.622161
333.581767,100,16.780363
341.414338,100,16.935129
350.765291,100,17.086775
312.129225,100,17.243397
323.381031,100,30.216194
330.171136,100,30.473817
437.638973,100,30.634181
341.740929,100,30.799339
304.012463,100,30.951979
360.144486,100,31.097988
413.280877,100,31.244013
349.359902,100,31.405553
358.67814,100,31.564279
380.205189,100,31.738147
413.408039,100,43.74898
368.746573,100,43.898607
276.680101,100,44.048876
334.853792,100,44.194591
331.664208,100,44.376693
355.599178,100,44.610776
318.76738,100,44.781671
419.490092,100,44.97552
355.543183,100,45.131079
371.248915,100,45.299907
440.328902,100,58.560032
387.452353,100,58.743469
383.231996,100,58.964216
382.92321,100,59.15379
411.08274,100,59.337548
333.9218,100,59.54944
362.859203,100,59.744643
301.30593,100,59.942171
327.825879,100,60.152377
387.683445,100,60.395367
327.470805,100,72.105751
371.234615,100,72.291764
299.986493,100,72.469251
327.150813,100,72.691053
403.674233,100,72.971
379.105064,100,73.168269
297.764393,100,73.358568
345.262591,100,73.528498
275.008198,100,73.723382
384.4559,100,73.931897
373.685942,100,85.878837
263.218005,100,86.043543
317.111067,100,86.19899
348.153726,100,86.351515
276.15329,100,86.499
373.591803,100,86.64156
332.998261,100,86.907451
289.856284,100,87.116598
348.548562,100,87.271361
384.132401,100,87.422021
416.927665,100,97.892308
401.885105,100,98.050759
371.52391,100,98.203083
380.390244,100,98.391727
409.594612,100,98.544425
302.394526,100,98.691842
418.569823,100,98.83909
297.29824,100,99.088734
365.187097,100,99.268294
302.309306,100,99.442151
340.930452,100,110.206159
394.751905,100,110.362819
339.330812,100,110.521936
285.594623,100,110.675861
356.209159,100,110.834083
400.730573,100,111.058361
309.273274,100,111.254212
344.889496,100,111.410888
418.843628,100,111.57706
398.52711,100,111.726342
327.1215,100,123.766127
291.455398,100,123.911939
355.573713,100,124.078055
304.054802,100,124.22784
425.790579,100,124.37618
347.101654,100,124.521364
385.791727,100,124.665079
314.619831,100,124.805182
412.470766,100,124.993139
383.963769,100,125.223569
274.093446,100,135.88826
414.99022,100,136.050415
310.202983,100,136.212752
391.633086,100,136.369777
382.1574,100,136.5285
349.530738,100,136.683951
402.172508,100,136.843389
401.513205,100,137.082813
316.77877,100,137.267908
364.079471,100,137.421532
358.298163,100,148.055801
331.932743,100,148.218606
311.028098,100,148.384547
355.313941,100,148.542153
301.783207,100,148.700938
402.218304,100,148.864183
398.676268,100,149.113713
331.816264,100,149.294058
344.24911,100,149.469607
366.487554,100,149.625335
410.464727,100,160.174185
318.014599,100,160.358205
317.298325,100,160.541681
409.829408,100,160.708462
343.555899,100,160.887165
433.787857,100,161.169528
272.458091,100,161.350117
278.20827,100,161.542551
353.435048,100,161.700434
282.226823,100,161.875804
420.666057,100,174.497648
426.492653,100,174.673618
377.514017,100,174.854908
331.651581,100,175.05674
397.882263,100,175.306024
309.875155,100,175.487967
275.435615,100,175.666145
337.327617,100,175.83883
283.48161,100,176.021604
334.156308,100,176.190008
404.372415,100,189.970881
347.981359,100,190.138073
268.970037,100,190.29022
355.988713,100,190.446937
392.618814,100,190.592405
366.141439,100,190.744438
421.498384,100,190.896491
359.549084,100,191.078593
378.053823,100,191.361733
384.366001,100,191.526157
410.87837,100,202.555242
435.338959,100,202.729291
334.615662,100,202.897583
307.980616,100,203.067382
317.605467,100,203.232305
324.143162,100,203.493218
359.869151,100,203.64081
411.399881,100,203.810687
304.805881,100,203.983062
348.225037,100,204.149797
325.852792,100,220.114034
326.956241,100,220.267485
287.346976,100,220.427554
316.027931,100,220.589534
379.38386,100,220.741185
378.572025,100,220.894867
370.033671,100,221.049531
403.931763,100,221.21005
449.29527,100,221.477259
371.660046,100,221.640185
329.438787,100,236.323835
369.226845,100,236.50234
326.631447,100,236.677697
311.472811,100,236.849614
370.227921,100,237.029158
375.459206,100,237.199069
360.425435,100,237.452306
304.948301,100,237.651695
388.445386,100,237.863867
347.798478,100,238.051078
399.23272,100,250.487881
361.103305,100,250.692039
402.99988,100,250.89614
378.533105,100,251.108301
413.759236,100,251.351147
385.534332,100,251.564383
390.395834,100,251.725778
300.442851,100,251.890277
406.526801,100,252.062746
366.78847,100,252.218862
316.79317,100,264.560265
422.588666,100,264.718573
269.766877,100,264.865044
408.110977,100,265.021061
441.476868,100,265.177143
372.197803,100,265.424204
369.912427,100,265.605765
375.435605,100,265.757984
320.558958,100,265.920933
335.894693,100,266.080125
309.304183,100,278.471082
332.630106,100,278.744142
391.182684,100,279.046184
338.490836,100,279.35052
446.937938,100,279.631227
293.573551,100,279.921886
329.711651,100,280.218795
392.982091,100,280.512098
395.903727,100,280.814016
371.643281,100,281.137273
363.597825,100,296.259299
266.309979,100,296.419264
386.796806,100,296.568464
376.008707,100,296.717236
286.481529,100,296.895002
381.797061,100,297.049948
319.90934,100,297.20183
285.730493,100,297.456993
279.003491,100,297.609651
367.231265,100,297.772184
374.051587,100,309.857024
319.478658,100,310.058311
320.410545,100,310.256848
388.925471,100,310.453365
336.633881,100,310.633283
385.745463,100,310.801121
351.850548,100,310.963974
321.125873,100,311.120102
366.98512,100,311.268407
345.221189,100,311.416684
407.223798,100,322.286226
377.088087,100,322.584789
303.980228,100,322.884724
317.574359,100,323.179456
359.702381,100,323.488548
336.199849,100,323.80468
382.845101,100,324.096773
324.411445,100,324.364369
296.380041,100,324.679574
355.824067,100,325.004259
327.156906,100,337.452003
238.852617,100,337.593197
346.616243,100,337.817959
412.632645,100,337.996601
413.962158,100,338.166476
420.951358,100,338.318849
368.876861,100,338.470519
356.695483,100,338.633797
376.380919,100,338.788423
256.671058,100,338.961038
386.455046,100,350.720903
383.928024,100,350.89046
344.094378,100,351.061792
272.380356,100,351.215446
353.870056,100,351.367557
402.836316,100,351.518417
352.307334,100,351.692286
379.868157,100,351.926454
388.527859,100,352.101838
330.72743,100,352.289047
438.01471,100,365.644551
348.590417,100,365.905078
408.227786,100,366.072701
332.607597,100,366.245831
345.287546,100,366.394004
290.16472,100,366.551825
333.989479,100,366.701132
321.184575,100,366.861392
390.193924,100,367.027382
337.030309,100,367.199907
405.504462,100,377.991067
291.313566,100,378.145558
372.701954,100,378.329388
412.808174,100,378.469128
260.177296,100,378.61108
290.010361,100,378.762694
411.361237,100,378.920787
318.994471,100,379.078901
380.343084,100,379.222232
346.473459,100,379.372783
345.438709,100,391.344158
308.491357,100,391.482679
409.75167,100,391.6336
334.359509,100,391.77433
359.286621,100,391.967805
404.669149,100,392.185977
380.455887,100,392.347202
372.897465,100,392.494494
221.390325,100,392.652891
358.832359,100,392.791343
277.725535,100,403.980008
330.804028,100,404.170079
371.348688,100,404.392617
380.18899,100,404.580592
309.724283,100,404.776668
462.558074,100,404.941411
373.742423,100,405.089868
393.251825,100,405.252339
410.216603,100,405.42228
463.706201,100,405.581856
352.65231,100,418.339049
399.319625,100,418.514082
389.61478,100,418.701496
405.938876,100,418.872804
441.313465,100,419.043998
385.888562,100,419.216787
374.465375,100,419.406757
362.167649,100,419.587929
343.405715,100,419.761384
356.435816,100,419.949275
348.755098,100,431.485325
400.388478,100,431.66097
385.845611,100,431.817763
403.960297,100,431.985307
350.266597,100,432.212469
304.230698,100,432.429696
252.382632,100,432.594304
389.363157,100,432.764272
431.377092,100,432.91999
356.390109,100,433.076903
283.092098,100,444.590464
335.464687,100,444.729247
306.730633,100,444.870528
302.339201,100,445.031351
420.226067,100,445.187397
391.572645,100,445.337012
298.006784,100,445.476904
412.428977,100,445.615981
374.118098,100,445.753657
339.564511,100,445.898682
399.007392,100,457.596527
403.291783,100,457.777718
268.7229,100,457.951561
410.489462,100,458.157579
395.555151,100,458.398379
406.279417,100,458.6052
321.519275,100,458.774355
359.430673,100,458.944102
427.805526,100,459.112492
351.515168,100,459.278725
283.285758,100,471.193257
406.633495,100,471.396035
386.189473,100,471.573344
311.993329,100,471.747855
357.41443,100,471.921531
299.77931,100,472.160022
387.0522,100,472.445892
374.717198,100,472.666278
329.888367,100,472.866489
414.458615,100,473.061446
373.889932,100,486.927791
317.266928,100,487.23038
407.889009,100,487.532085
360.663031,100,487.83935
373.709751,100,488.152539
314.770763,100,488.420228
339.943281,100,488.635373
353.828897,100,488.935642
346.944006,100,489.233361
355.739652,100,489.531429
378.250587,100,501.748356
298.49214,100,501.920574
331.599,100,502.111791
357.304574,100,502.294229
412.75023,100,502.525606
350.947115,100,502.74314
371.894447,100,502.943482
374.029146,100,503.132852
335.744753,100,503.309149
369.147036,100,503.489288
329.177285,100,515.679514
373.698381,100,515.839684
335.894243,100,516.006737
374.472223,100,516.179405
321.780357,100,516.350969
438.86087,100,516.602235
386.880559,100,516.794696
395.169447,100,516.971885
362.040245,100,517.12718
386.79575,100,517.270319
391.043736,100,528.95619
362.519226,100,529.10627
397.576053,100,529.247544
394.198084,100,529.397745
339.884299,100,529.547146
295.752491,100,529.708797
413.513418,100,529.869549
375.402629,100,530.044133
338.021046,100,530.196336
337.636779,100,530.338885
338.492875,100,541.475756
398.787932,100,541.623202
324.197757,100,541.807454
334.000625,100,542.020404
235.281091,100,542.246953
385.905371,100,542.44461
370.126823,100,542.686979
398.230514,100,542.863989
274.815303,100,543.069507
312.192078,100,543.252131
366.735199,100,555.243674
320.526473,100,555.378289
361.136983,100,555.514966
335.307718,100,555.650367
382.903077,100,555.793502
285.519098,100,555.953391
308.954457,100,556.098117
365.487936,100,556.237066
418.841728,100,556.387016
311.465397,100,556.530582
324.615746,100,568.519129
381.388979,100,568.795562
364.31925,100,568.984516
424.157446,100,569.187313
321.415298,100,569.355945
434.083564,100,569.527164
315.72995,100,569.697832
420.598692,100,569.886217
385.733633,100,570.03332
360.064855,100,570.190191
430.755322,100,581.447951
388.229566,100,581.594478
403.218192,100,581.742409
367.152926,100,581.909241
333.759713,100,582.093381
363.667567,100,582.256501
280.597562,100,582.407608
392.09629,100,582.566356
332.608107,100,582.710253
365.870602,100,582.874936
375.852947,100,593.5485
302.881426,100,593.697862
348.757362,100,593.855597
282.738981,100,594.01098
359.509788,100,594.167289
324.560791,100,594.318781
361.775654,100,594.463919
386.102153,100,594.60538
320.580837,100,594.746396
318.756787,100,594.887947
369.864217,100,605.74102
334.589657,100,605.890045
420.052601,100,606.036248
362.430301,100,606.19507
359.747762,100,606.335734
423.939161,100,606.474062
404.788655,100,606.615487
295.919993,100,606.768856
378.978861,100,606.933861
375.134844,100,607.19552
389.177617,100,618.469678
371.09228,100,618.63201
357.168753,100,618.824119
349.719954,100,619.054541
322.188523,100,619.282232
368.318825,100,619.470493
365.380163,100,619.637049
251.472707,100,619.811065
400.5977,100,619.991191
422.313808,100,620.173835
361.654922,100,632.36903
359.143024,100,632.526056
383.727994,100,632.674402
384.889473,100,632.823973
355.622108,100,632.975734
298.404197,100,633.131874
366.1482,100,633.281724
398.474273,100,633.475684
431.2022,100,633.696907
357.088316,100,633.856098
376.488958,100,645.91944
340.866301,100,646.092402
410.147205,100,646.24606
366.771784,100,646.400975
442.10561,100,646.535571
263.674463,100,646.683723
392.368379,100,646.837419
321.507519,100,646.992778
362.02443,100,647.151134
367.152095,100,647.296044
377.944417,100,658.22155
347.585586,100,658.364975
287.549347,100,658.504141
407.703968,100,658.651932
306.143521,100,658.833251
399.429377,100,659.022802
275.379019,100,659.210853
337.814031,100,659.392237
422.741178,100,659.616179
415.583072,100,659.847516
410.609456,100,671.350931
367.129002,100,671.646856
336.318797,100,671.9356
337.151647,100,672.169236
387.423403,100,672.329719
418.95769,100,672.468127
379.067645,100,672.614138
387.196722,100,672.755838
318.180358,100,672.900599
263.984266,100,673.044059
388.234345,100,686.003348
378.630577,100,686.204813
358.134635,100,686.39166
391.999845,100,686.558483
370.968663,100,686.741552
297.499159,100,686.948299
322.618275,100,687.147421
337.760617,100,687.344965
419.769798,100,687.539084
380.099461,100,687.818611
362.023002,100,699.37107
280.354266,100,699.62172
356.958858,100,699.851873
366.171164,100,700.08339
320.958659,100,700.295487
315.003101,100,700.508082
437.290682,100,700.715589
363.016574,100,700.913243
370.842754,100,701.132456
317.956851,100,701.321764
297.183549,100,715.314746
398.942646,100,715.618085
432.393053,100,715.917183
436.095976,100,716.238976
325.768968,100,716.503573
335.587399,100,716.785608
334.136009,100,717.098213
379.222947,100,717.402192
382.630727,100,717.708741
390.705853,100,718.014959
365.005151,100,731.178922
369.145431,100,731.464071
372.97091,100,731.74915
289.122509,100,732.065238
358.151789,100,732.360827
364.872664,100,732.575903
330.829437,100,732.867555
338.975641,100,733.163589
306.34689,100,733.455539
418.503753,100,733.748115
344.163481,100,747.527256
388.601745,100,747.66553
281.900552,100,747.799562
347.673219,100,747.937556
348.949045,100,748.083969
336.303364,100,748.223361
305.817199,100,748.419521
355.222265,100,748.625932
401.610705,100,748.778306
268.835162,100,748.939078
336.741668,100,761.265611
338.804782,100,761.418556
312.014793,100,761.584714
380.211262,100,761.736226
402.991847,100,761.890135
419.673647,100,762.050323
319.691177,100,762.207502
367.702298,100,762.369156
328.792393,100,762.522311
420.251573,100,762.69453
344.313056,100,774.835192
400.717454,100,775.074287
396.473832,100,775.352091
400.86211,100,775.619133
391.477221,100,775.893304
348.554603,100,776.185111
312.07591,100,776.460486
342.757051,100,776.726116
290.012551,100,776.990146
418.623573,100,777.235549
331.779045,100,788.261708
365.802658,100,788.436949
376.040834,100,788.602802
396.241014,100,788.88415
305.678851,100,789.082577
371.24996,100,789.275339
277.03809,100,789.456923
348.15814,100,789.625697
275.858254,100,789.805339
425.735619,100,789.981488
367.115367,100,802.119049
411.210859,100,802.505959
339.883289,100,802.858388
354.220338,100,803.157754
348.845271,100,803.477274
314.062337,100,803.810487
338.785711,100,804.17073
307.4163,100,804.542125
422.904213,100,804.952091
359.274603,100,805.288663
391.000233,100,816.912289
269.420104,100,817.085162
385.51777,100,817.269293
417.429944,100,817.426188
388.799097,100,817.56653
310.497545,100,817.720315
414.63156,100,817.870188
373.094236,100,818.037964
328.517039,100,818.221012
339.333545,100,818.373392
393.697593,100,829.786855
352.095595,100,829.93734
392.402982,100,830.104434
329.761463,100,830.266878
282.087866,100,830.430912
343.519638,100,830.587826
382.889402,100,830.818328
369.373789,100,831.017061
343.161523,100,831.196606
310.016138,100,831.348587
347.922084,100,842.02147
405.014969,100,842.199492
281.797066,100,842.372873
417.62217,100,842.546208
345.556534,100,842.757246
368.647078,100,842.996289
351.30095,100,843.190319
362.562695,100,843.372094
387.712386,100,843.550134
322.688248,100,843.732617
357.994687,100,854.328219
397.739651,100,854.473013
374.553988,100,854.6119
268.374587,100,854.860914
327.301628,100,855.117826
375.61215,100,855.409308
387.136649,100,855.718936
321.648664,100,856.033801
318.521133,100,856.345608
312.278942,100,856.66448
396.502745,100,867.763817
335.79591,100,867.909836
299.41309,100,868.067084
424.867498,100,868.209388
282.276164,100,868.352841
433.586584,100,868.495127
371.616326,100,868.642105
367.238918,100,868.796387
317.727291,100,869.029882
350.629665,100,869.201651
410.72669,100,881.456913
333.612161,100,881.608556
359.594686,100,881.767164
385.367412,100,881.933586
342.570001,100,882.107115
345.621455,100,882.258153
354.410567,100,882.413713
360.587906,100,882.561908
344.15797,100,882.715888
351.917194,100,882.884178
374.349686,100,894.59506
362.083546,100,894.76299
387.919943,100,894.922114
297.314972,100,895.193102
429.562394,100,895.358115
296.764785,100,895.52604
317.693816,100,895.668189
301.723627,100,895.818281
321.343091,100,895.974998
352.236836,100,896.13621
331.35136,100,907.777684
361.906968,100,907.938092
386.316545,100,908.111198
418.617089,100,908.2805
394.85597,100,908.423555
416.625532,100,908.572122
406.629945,100,908.724648
369.993001,100,908.894105
337.573595,100,909.145793
348.052918,100,909.306972
321.391764,100,921.531854
312.172919,100,921.675046
411.018114,100,921.825762
359.074503,100,921.98265
382.163699,100,922.146596
329.912859,100,922.301548
438.40348,100,922.456953
324.068696,100,922.617976
293.648852,100,922.766845
404.87296,100,922.92197
393.006311,100,934.803611
323.831928,100,934.96537
375.461662,100,935.221224
407.290663,100,935.374909
344.728897,100,935.541955
356.950206,100,935.683066
355.708368,100,935.827127
376.879636,100,935.975274
400.32098,100,936.130745
319.93506,100,936.436603
387.629179,100,948.641486
333.330864,100,948.795237
287.532984,100,948.962215
368.786836,100,949.222411
346.851567,100,949.370344
346.325077,100,949.541611
334.267789,100,949.688902
372.217775,100,949.839218
418.771477,100,949.98878
354.159578,100,950.153801
358.625969,100,960.805407
372.405256,100,960.992747
368.55528,100,961.240376
384.891172,100,961.388876
397.597355,100,961.552887
348.713568,100,961.694551
329.186701,100,961.85075
404.535658,100,962.03926
312.92413,100,962.239859
412.144114,100,962.404952
361.111873,100,973.619844
404.248415,100,973.782689
421.514888,100,973.95624
349.901174,100,974.121913
388.244761,100,974.288362
406.199206,100,974.465093
389.70858,100,974.633444
394.162366,100,974.802254
350.1988,100,974.99175
346.563543,100,975.218204
364.982422,100,987.876939
337.560168,100,988.057321
383.344144,100,988.223522
324.875756,100,988.400998
285.01737,100,988.553651
346.271229,100,988.698352
334.741371,100,988.857796
355.227757,100,989.084819
380.749609,100,989.274932
369.835825,100,989.455563
330.04292,100,1000.372214
375.907611,100,1000.540835
313.050853,100,1000.699504
396.282904,100,1000.857094
397.598167,100,1001.085931
291.729014,100,1001.282716
382.570826,100,1001.458768
369.079381,100,1001.634861
415.863901,100,1001.807782
394.014579,100,1001.986202
280.73323,100,1013.909196
311.743576,100,1014.068165
426.155327,100,1014.21742
379.585823,100,1014.375585
330.183386,100,1014.533759
383.481141,100,1014.680886
365.433883,100,1014.821087
387.609981,100,1014.978811
350.179692,100,1015.19459
313.820372,100,1015.358436
383.59869,100,1026.343459
421.435206,100,1026.479922
324.601318,100,1026.622919
321.199583,100,1026.771114
396.958305,100,1026.936811
378.401323,100,1027.157796
369.567541,100,1027.381063
410.905262,100,1027.530326
331.549274,100,1027.684658
344.01944,100,1027.854313
357.240306,100,1038.569177
311.954011,100,1038.716965
402.685638,100,1038.868161
324.32548,100,1039.048445
423.910931,100,1039.311897
378.377812,100,1039.470451
303.05277,100,1039.637454
396.982941,100,1039.79458
424.528221,100,1039.956968
450.779841,100,1040.118768
357.843233,100,1051.814702
409.955889,100,1052.001862
389.173675,100,1052.172593
430.968966,100,1052.336009
364.998933,100,1052.475695
302.532785,100,1052.615894
404.438334,100,1052.758453
318.627551,100,1052.918459
342.540357,100,1053.079009
442.505605,100,1053.245077
359.391865,100,1064.083012
399.977718,100,1064.251321
262.472756,100,1064.420443
328.691249,100,1064.570958
337.590739,100,1064.727697
279.729401,100,1064.898475
416.761991,100,1065.058787
378.558125,100,1065.201006
392.914884,100,1065.346042
378.825216,100,1065.496866
257.661419,100,1077.140118
334.616649,100,1077.313984
361.39511,100,1077.485279
281.829596,100,1077.684176
327.979458,100,1077.942237
354.734925,100,1078.146722
320.686125,100,1078.338838
283.20665,100,1078.518446
325.843246,100,1078.702648
377.398582,100,1078.903461
393.043505,100,1090.721022
366.619026,100,1090.893584
368.053062,100,1091.052262
376.565695,100,1091.199242
362.316972,100,1091.357061
341.45862,100,1091.50543
429.330781,100,1091.731601
384.4645,100,1092.060328
381.739856,100,1092.238271
427.236374,100,1092.415124
419.771848,100,1104.154662
356.681937,100,1104.342991
404.837881,100,1104.506323
382.754457,100,1104.658885
335.793871,100,1104.805608
444.00831,100,1104.973888
392.985758,100,1105.153549
421.459945,100,1105.333918
375.684313,100,1105.493501
341.309119,100,1105.645226
371.706542,100,1116.944267
378.788939,100,1117.111568
383.487877,100,1117.274733
401.76471,100,1117.452862
363.804378,100,1117.625947
372.077625,100,1117.794842
356.53977,100,1117.964338
323.616257,100,1118.176191
400.727611,100,1118.398869
359.665083,100,1118.591827
333.81669,100,1131.373328
395.297665,100,1131.54141
296.15393,100,1131.699359
321.426537,100,1131.872422
349.19185,100,1132.108907
415.564918,100,1132.409267
379.068253,100,1132.59145
284.393791,100,1132.773183
300.585814,100,1132.940434
362.843355,100,1133.101349
342.896359,100,1145.212019
329.13723,100,1145.398184
360.121636,100,1145.587584
359.674616,100,1145.761478
325.41636,100,1145.954589
318.095034,100,1146.192975
443.210034,100,1146.40817
355.449196,100,1146.557823
408.795922,100,1146.725801
414.9937,100,1146.88466
432.821231,100,1160.345879
296.118588,100,1160.597493
458.806061,100,1160.877498
436.547126,100,1161.177385
421.195943,100,1161.468759
250.763356,100,1161.763114
344.895509,100,1162.11467
398.504116,100,1162.471849
276.897875,100,1162.731099
396.11759,100,1163.0485
371.859988,100,1174.880185
390.087763,100,1175.042136
328.997427,100,1175.198787
375.304977,100,1175.369145
352.694331,100,1175.531534
369.322472,100,1175.679188
296.659846,100,1175.837782
288.988728,100,1175.999933
424.746652,100,1176.219236
353.350356,100,1176.41761
403.409101,100,1188.599831
377.797991,100,1188.755167
381.93176,100,1188.907512
292.800196,100,1189.080745
399.511262,100,1189.237419
335.723043,100,1189.39774
280.695346,100,1189.568667
365.239836,100,1189.736972
275.755398,100,1189.890254
321.151063,100,1190.055017
359.721387,100,1201.173015
432.387154,100,1201.329546
389.300298,100,1201.481441
412.431926,100,1201.627697
410.022121,100,1201.783507
331.068682,100,1201.9582
353.272741,100,1202.189816
341.913621,100,1202.401473
355.682589,100,1202.57627
348.702542,100,1202.733692
377.874772,100,1215.061673
264.306228,100,1215.231478
309.709615,100,1215.398796
311.997898,100,1215.561155
377.663121,100,1215.714688
259.431296,100,1215.885131
342.486518,100,1216.076131
416.196695,100,1216.345235
319.512177,100,1216.524153
394.363479,100,1216.69839
450.335664,100,1229.234789
414.550127,100,1229.43487
402.291192,100,1229.63198
273.098126,100,1229.820964
359.894444,100,1230.019267
282.623326,100,1230.318287
375.342332,100,1230.499827
379.273611,100,1230.690516
430.477206,100,1230.856134
363.63112,100,1231.02938
372.197043,100,1243.601881
372.338181,100,1243.756852
440.176791,100,1243.929482
322.753295,100,1244.093231
399.589667,100,1244.335337
356.449859,100,1244.481041
386.709211,100,1244.653144
379.346429,100,1244.80644
346.359026,100,1244.957147
361.645193,100,1245.11539
389.261209,100,1257.45184
376.224707,100,1257.774839
415.074184,100,1258.110569
433.277133,100,1258.443904
303.285709,100,1258.718679
380.660727,100,1259.034533
396.289982,100,1259.365213
340.191829,100,1259.691286
364.989535,100,1260.0211
400.782198,100,1260.37741
307.491224,100,1273.576293
434.220389,100,1273.739072
303.921728,100,1273.920887
411.540612,100,1274.092477
312.173685,100,1274.25189
334.688683,100,1274.515523
311.824019,100,1274.676937
400.338456,100,1274.86629
371.44389,100,1275.037179
376.797475,100,1275.200835
404.390556,100,1287.196795
392.972413,100,1287.356168
413.144587,100,1287.520991
439.921154,100,1287.679398
303.174468,100,1287.844706
290.657117,100,1288.007593
346.541209,100,1288.157772
319.128464,100,1288.337263
407.688386,100,1288.577217
327.6598,100,1288.735445
328.3211,100,1301.518868
304.34828,100,1301.681107
320.069439,100,1301.839584
334.96251,100,1302.023918
429.988586,100,1302.202691
417.53185,100,1302.422006
382.973252,100,1302.622426
390.962389,100,1302.768095
390.419501,100,1302.935153
408.1145,100,1303.087073
301.451463,100,1315.242823
420.838589,100,1315.390308
363.394313,100,1315.544563
342.811371,100,1315.727938
422.23091,100,1315.877154
403.247327,100,1316.028584
288.349506,100,1316.174893
434.924592,100,1316.353832
444.057999,100,1316.589296
423.731636,100,1316.730333
361.138198,100,1327.787918
370.330942,100,1327.938215
342.067417,100,1328.086866
406.887568,100,1328.26739
359.430793,100,1328.421775
419.601485,100,1328.60271
349.455837,100,1328.840533
376.321895,100,1329.006014
398.649174,100,1329.170113
383.694478,100,1329.318468
373.522923,100,1344.296896
399.187866,100,1344.435525
437.859468,100,1344.600982
401.782009,100,1344.833857
375.144089,100,1345.009793
446.397716,100,1345.192838
365.543632,100,1345.365978
379.888173,100,1345.536589
366.359617,100,1345.689441
324.693917,100,1345.841472
397.360076,100,1358.149038
409.484036,100,1358.302934
323.057669,100,1358.438311
354.308857,100,1358.579856
355.962155,100,1358.723075
322.54653,100,1358.973905
439.985227,100,1359.1554
412.293135,100,1359.33514
392.232624,100,1359.496034
312.484545,100,1359.641539
254.513483,100,1371.059601
399.342214,100,1371.24553
386.702468,100,1371.440304
317.678599,100,1371.610234
394.185777,100,1371.780771
381.819984,100,1371.984048
409.51175,100,1372.204892
346.103786,100,1372.389099
402.254599,100,1372.597694
370.211926,100,1372.827778
384.001417,100,1385.778399
358.92584,100,1385.95848
304.67068,100,1386.135803
342.629859,100,1386.302032
371.95673,100,1386.466952
312.182717,100,1386.646219
353.140698,100,1386.828161
458.602237,100,1387.092136
388.957335,100,1387.341077
325.91082,100,1387.559833
393.341097,100,1399.85507
356.869706,100,1400.03631
279.849007,100,1400.212054
341.781993,100,1400.386923
304.21653,100,1400.556938
397.931776,100,1400.741277
329.90704,100,1400.926134
366.463626,100,1401.137716
303.019821,100,1401.389232
345.624212,100,1401.530777
327.386809,100,1413.692931
359.713514,100,1413.862568
361.995711,100,1414.02908
359.034678,100,1414.184354
425.340567,100,1414.341125
426.968397,100,1414.492266
289.794956,100,1414.653974
325.069767,100,1414.833479
293.584267,100,1415.005106
429.256634,100,1415.262035
418.33949,100,1428.618061
330.204471,100,1428.778101
394.367939,100,1428.93754
383.435324,100,1429.105945
272.345396,100,1429.267355
387.409697,100,1429.558911
400.062468,100,1429.738017
392.338207,100,1429.922965
337.364166,100,1430.094998
295.259058,100,1430.260862
455.365414,100,1445.492707
456.97806,100,1445.683093
420.347807,100,1445.876309
287.799491,100,1446.055524
326.799299,100,1446.215602
360.853749,100,1446.3813
414.902496,100,1446.540329
368.661196,100,1446.701301
422.956056,100,1446.853808
334.120718,100,1447.048494
424.957935,100,1461.059644
380.348664,100,1461.38754
362.417806,100,1461.692465
396.345141,100,1462.07335
391.200467,100,1462.53456
318.962916,100,1462.909037
419.015901,100,1463.256774
312.423695,100,1463.648923
343.14413,100,1463.959522
395.566533,100,1464.277719
309.082215,100,1483.313816
433.00795,100,1483.50948
386.339985,100,1483.705043
344.850253,100,1484.053333
274.155742,100,1484.24049
437.127072,100,1484.463001
312.855887,100,1484.704076
375.712133,100,1484.902295
298.501276,100,1485.109491
387.87019,100,1485.297143
372.445541,100,1500.002285
391.13434,100,1500.210286
433.532389,100,1500.425746
339.875902,100,1500.621121
425.303426,100,1500.808917
418.076928,100,1501.091225
347.397481,100,1501.261293
281.923064,100,1501.437323
355.435558,100,1501.627746
425.240074,100,1501.80856
402.056398,100,1517.502264
357.535906,100,1517.679558
358.259406,100,1517.857775
286.917256,100,1518.067747
376.370475,100,1518.299162
331.862509,100,1518.465501
393.956577,100,1518.719963
365.175989,100,1518.979414
356.684623,100,1519.294543
366.211882,100,1519.541975
338.766571,100,1532.789423
408.315181,100,1533.028111
349.855338,100,1533.262425
432.657823,100,1533.408094
336.859842,100,1533.595463
373.37458,100,1533.765906
450.630005,100,1533.925438
386.412927,100,1534.102395
353.239555,100,1534.280046
335.081322,100,1534.438474
405.082171,100,1546.237455
387.280053,100,1546.417465
424.178168,100,1546.586203
367.736274,100,1546.774991
357.07821,100,1547.012166
251.310807,100,1547.232822
375.56515,100,1547.414334
430.295562,100,1547.606009
433.940534,100,1547.805265
442.888679,100,1547.994891
322.61768,100,1562.303056
249.713337,100,1562.455889
367.944779,100,1562.632228
376.730101,100,1562.783824
350.312469,100,1562.940489
317.304117,100,1563.201375
417.681178,100,1563.387835
371.748464,100,1563.565604
441.053552,100,1563.723993
425.514076,100,1563.874456
359.527972,100,1577.634265
329.151657,100,1577.798881
342.380883,100,1577.972047
433.097193,100,1578.157383
273.694421,100,1578.342769
399.156081,100,1578.49911
366.835256,100,1578.655976
411.843463,100,1578.823809
421.749049,100,1578.981283
354.050648,100,1579.252496
336.996999,100,1592.630469
398.464002,100,1592.794045
379.643319,100,1592.964499
305.601624,100,1593.171106
356.78793,100,1593.404752
293.607014,100,1593.562988
361.269604,100,1593.746348
353.033757,100,1593.900014
413.137446,100,1594.059278
332.482154,100,1594.212813
442.775149,100,1606.559912
357.540655,100,1606.725927
307.843025,100,1606.873317
377.113396,100,1607.025009
368.161155,100,1607.216273
299.571628,100,1607.434046
349.598253,100,1607.587754
362.62327,100,1607.761912
431.100417,100,1607.914533
349.494678,100,1608.070877
447.2151,100,1620.217731
424.464085,100,1620.402228
414.447331,100,1620.561561
302.165654,100,1620.743722
397.085246,100,1620.917978
391.353874,100,1621.08151
400.162891,100,1621.369206
402.549811,100,1621.564563
302.212425,100,1621.75428
418.743992,100,1621.910184
408.995479,100,1633.727682
296.287006,100,1633.907902
406.439278,100,1634.088128
381.591029,100,1634.25502
316.442038,100,1634.424024
426.165166,100,1634.602428
364.999048,100,1634.79585
321.648207,100,1634.969769
412.411072,100,1635.162077
436.675812,100,1635.390004
406.27251,100,1647.298512
381.462109,100,1647.467475
357.742056,100,1647.614515
365.480656,100,1647.783134
355.899523,100,1647.931481
392.050681,100,1648.090268
399.189999,100,1648.239245
288.87769,100,1648.390049
431.922758,100,1648.533261
396.377143,100,1648.684408
375.555583,100,1659.921354
369.865794,100,1660.078015
389.372767,100,1660.235139
380.128337,100,1660.386803
319.404729,100,1660.548994
335.886278,100,1660.70505
347.33538,100,1660.86519
389.486451,100,1661.02518
354.622212,100,1661.232123
397.105151,100,1661.436855
320.028544,100,1673.028997
423.693698,100,1673.227112
332.930774,100,1673.443016
411.414883,100,1673.587453
431.696214,100,1673.771935
348.656844,100,1673.93091
269.169795,100,1674.070026
402.622314,100,1674.211848
365.321672,100,1674.372992
334.730984,100,1674.513574
353.019619,100,1686.259869
403.276121,100,1686.416667
456.680197,100,1686.569569
401.918223,100,1686.727779
360.151399,100,1686.883576
338.230703,100,1687.032639
314.531652,100,1687.178999
340.048817,100,1687.333075
384.693217,100,1687.499509
347.738981,100,1687.757682
362.789643,100,1699.698047
314.80615,100,1699.893501
441.968874,100,1700.12342
420.983208,100,1700.297725
452.313673,100,1700.481795
356.450007,100,1700.688265
358.302312,100,1700.882942
388.14423,100,1701.06407
397.93618,100,1701.233276
360.250552,100,1701.398238
388.187215,100,1713.027611
362.911577,100,1713.181422
370.82464,100,1713.338588
417.71671,100,1713.498447
278.31865,100,1713.774514
353.309163,100,1713.964856
359.224516,100,1714.149965
327.088092,100,1714.327478
404.331854,100,1714.502505
373.060291,100,1714.674408
356.124695,100,1730.02696
383.742584,100,1730.204802
366.983529,100,1730.384203
460.844764,100,1730.558544
427.394259,100,1730.744019
359.442801,100,1730.919051
374.315246,100,1731.10088
333.844737,100,1731.292238
421.621523,100,1731.476273
346.892158,100,1731.752617
289.789236,100,1.564269
437.436315,100,1.79385
281.421537,100,1.997442
298.163822,100,2.201711
379.002404,100,2.368515
363.991732,100,2.546673
326.35802,100,2.698703
454.629582,100,2.867093
405.251172,100,3.037819
395.207684,100,3.195736
351.020521,100,14.90464
437.223345,100,15.071698
349.936181,100,15.237619
396.856129,100,15.409261
283.383218,100,15.591964
369.495578,100,15.836877
336.042505,100,16.030922
353.406203,100,16.199387
371.365538,100,16.371362
335.643343,100,16.543014
348.944722,100,29.502634
336.015271,100,29.684935
453.313944,100,29.872027
355.134384,100,30.078587
329.123445,100,30.280694
377.371685,100,30.576679
423.278389,100,30.766987
370.708027,100,30.970672
376.35006,100,31.168799
395.803735,100,31.358325
423.814323,100,46.16307
397.816113,100,46.41269
272.726796,100,46.642062
359.251943,100,46.848318
350.068539,100,47.048684
376.990831,100,47.271571
335.319307,100,47.474535
433.302723,100,47.654022
372.881529,100,47.803302
378.504181,100,47.967563
445.602614,100,60.110744
402.029409,100,60.269455
398.768008,100,60.534872
388.789371,100,60.701683
411.762428,100,60.877598
338.526695,100,61.055594
399.810006,100,61.227464
334.225298,100,61.392966
338.836565,100,61.581564
418.480604,100,61.750582
327.797178,100,74.980639
398.818874,100,75.145065
321.731417,100,75.330609
361.122979,100,75.510375
424.96537,100,75.67086
386.692861,100,75.834627
334.741907,100,75.984771
363.176365,100,76.135982
287.731784,100,76.288328
400.949103,100,76.541246
382.88457,100,89.132974
263.695675,100,89.3137
336.257196,100,89.497697
353.2654,100,89.680168
278.697222,100,89.87394
380.002287,100,90.068712
357.617913,100,90.271648
306.238165,100,90.475605
365.220739,100,90.756031
372.556827,100,90.948965
440.304375,100,103.87429
411.853934,100,104.028714
373.152632,100,104.176388
403.457302,100,104.331349
413.745175,100,104.549929
333.620518,100,104.770781
431.244594,100,104.945638
299.494733,100,105.101417
392.00531,100,105.272028
313.63972,100,105.450996
369.28084,100,117.712789
406.464481,100,117.905576
356.21421,100,118.091182
289.047158,100,118.271165
368.879567,100,118.457955
414.174814,100,118.721384
345.275501,100,118.950681
354.970533,100,119.124605
418.92094,100,119.294752
423.366799,100,119.449575
328.941635,100,131.447733
324.417225,100,131.595284
373.580218,100,131.77166
326.706847,100,131.93323
428.754902,100,132.098908
357.940403,100,132.300993
391.960707,100,132.479044
344.836811,100,132.726496
436.738961,100,132.880191
404.337624,100,133.045774
295.978592,100,145.308502
427.518822,100,145.480286
334.788188,100,145.638336
434.845004,100,145.803464
390.890904,100,145.974382
350.046885,100,146.156805
417.57054,100,146.339458
415.575705,100,146.548543
315.949505,100,146.753823
367.03545,100,146.925158
378.065802,100,159.41786
347.610553,100,159.559436
308.90029,100,159.714871
374.007871,100,159.877333
311.512122,100,160.028122
444.73099,100,160.180693
404.008691,100,160.330359
339.841664,100,160.474899
363.591888,100,160.615805
382.031973,100,160.87386
417.815219,100,171.961293
334.276807,100,172.111883
330.980636,100,172.27805
422.182609,100,172.44671
363.47239,100,172.589286
458.732223,100,172.845996
291.028978,100,173.023741
299.773778,100,173.221928
378.470063,100,173.375655
306.593595,100,173.521618
440.754446,100,187.357997
448.812131,100,187.567873
395.800998,100,187.739717
348.538733,100,187.897069
408.267905,100,188.051895
318.590859,100,188.216294
294.884807,100,188.396204
375.167337,100,188.563856
296.885341,100,188.783645
370.823493,100,188.987869
448.109413,100,203.437787
384.617037,100,203.673383
310.536565,100,203.914965
368.209737,100,204.224307
404.501014,100,204.54326
361.754636,100,204.844943
435.29844,100,205.069254
375.379505,100,205.334235
389.318713,100,205.636282
390.917609,100,205.935964
416.388612,100,218.321994
443.470957,100,218.486278
347.42398,100,218.787732
331.411927,100,219.05963
337.699326,100,219.350987
341.45674,100,219.721989
375.89187,100,220.088614
421.422929,100,220.45549
334.018688,100,220.86832
348.400252,100,221.194298
337.859754,100,233.952455
321.280347,100,234.102258
292.196913,100,234.261936
329.403026,100,234.429248
402.305134,100,234.580761
391.588518,100,234.779281
384.698436,100,234.989607
416.531776,100,235.164012
460.460764,100,235.320762
388.17798,100,235.482033
343.3923,100,247.990972
389.009983,100,248.145606
350.254659,100,248.305008
328.956092,100,248.459946
380.111007,100,248.602695
383.307686,100,248.818041
394.260768,100,248.999342
344.157948,100,249.162611
407.25326,100,249.328285
347.705608,100,249.482703
407.254227,100,261.270626
391.292654,100,261.452667
402.174744,100,261.638526
393.514032,100,261.812854
416.248928,100,261.994655
380.469569,100,262.164002
411.765623,100,262.371004
317.419279,100,262.552197
420.769906,100,262.773873
376.42493,100,263.009531
314.204493,100,275.796954
431.545925,100,275.939476
268.264763,100,276.088253
404.182524,100,276.241467
440.945886,100,276.377032
382.651669,100,276.510823
364.675633,100,276.646446
397.786685,100,276.794891
334.975938,100,277.043357
349.525183,100,277.185525
319.939391,100,288.046426
334.85269,100,288.206428
373.949501,100,288.344764
362.320549,100,288.493526
443.990709,100,288.629419
285.532089,100,288.769037
350.07491,100,289.020897
413.678828,100,289.209989
398.282133,100,289.399592
364.276474,100,289.568368
386.23269,100,303.297073
285.989576,100,303.473845
388.848071,100,303.626161
392.823258,100,303.773494
308.72592,100,303.919942
375.11723,100,304.06581
318.425557,100,304.219836
305.374832,100,304.372835
292.56624,100,304.541731
398.204606,100,304.693914
378.756983,100,316.652345
319.283496,100,316.79863
334.416871,100,316.94862
420.525311,100,317.099561
344.423726,100,317.259537
390.740515,100,317.505337
373.54176,100,317.708305
332.148312,100,317.872174
392.169684,100,318.059916
375.476214,100,318.226941
404.195062,100,328.808064
383.268879,100,328.943147
332.123407,100,329.074858
334.877354,100,329.214242
351.290985,100,329.353233
353.623704,100,329.584862
396.015578,100,329.739427
354.7118,100,329.961592
309.39157,100,330.119722
366.919914,100,330.284761
328.908554,100,343.227019
239.031754,100,343.383739
372.554123,100,343.640399
429.502222,100,343.781457
426.20378,100,343.938286
437.169553,100,344.087565
386.974297,100,344.229813
369.672718,100,344.383519
408.437857,100,344.548023
268.274877,100,344.703632
391.723051,100,356.262477
395.405598,100,356.436746
334.82098,100,356.588318
277.09608,100,356.730788
364.811106,100,356.874568
421.990312,100,357.019264
367.471903,100,357.199044
374.345795,100,357.383739
403.658325,100,357.53548
346.858847,100,357.681413
432.80628,100,369.352792
347.840714,100,369.506199
433.083414,100,369.667724
337.123451,100,369.814781
342.9166,100,370.014525
306.381776,100,370.244195
342.322496,100,370.39544
333.17779,100,370.572372
398.683519,100,370.731233
346.309852,100,370.881555
417.114452,100,382.633978
308.358814,100,382.822722
390.215921,100,382.988725
411.451987,100,383.148774
258.818044,100,383.291356
316.116256,100,383.439439
421.490898,100,383.580698
342.922117,100,383.723611
388.983078,100,383.872673
364.35035,100,384.009624
383.248829,100,395.546841
306.954084,100,395.715014
430.249054,100,395.886266
353.843469,100,396.050712
368.362686,100,396.226599
411.678413,100,396.412398
395.260144,100,396.578033
386.548534,100,396.757802
231.62252,100,397.042397
368.817712,100,397.233838
271.182604,100,410.106715
351.396921,100,410.389002
393.393109,100,410.669148
379.13388,100,410.979172
312.983818,100,411.223166
458.741126,100,411.515012
388.720104,100,411.78691
423.478765,100,412.06635
405.06452,100,412.357258
460.329923,100,412.651186
365.629783,100,426.231883
405.240967,100,426.380101
387.670507,100,426.527935
414.039436,100,426.667723
441.441175,100,426.879035
386.730672,100,427.076886
388.96895,100,427.246815
371.732442,100,427.427562
353.784138,100,427.585483
370.141787,100,427.737144
366.083913,100,438.719635
414.991572,100,438.895721
388.249529,100,439.127853
409.598372,100,439.273293
343.446691,100,439.441761
303.102552,100,439.592563
253.595214,100,439.745953
402.095763,100,439.90448
434.63819,100,440.050592
363.759809,100,440.197627
282.467677,100,455.704226
339.937109,100,455.844942
298.999679,100,455.987985
314.430803,100,456.148224
440.773573,100,456.294915
390.724883,100,456.441331
314.906055,100,456.577614
438.411193,100,456.719352
391.148425,100,456.88401
332.178938,100,457.080546
423.775489,100,467.769296
407.820627,100,467.931783
286.439077,100,468.088168
419.719305,100,468.243112
402.348239,100,468.414783
421.276748,100,468.568663
334.570654,100,468.716129
369.503534,100,468.887169
419.321601,100,469.121594
385.943189,100,469.288435
299.654013,100,479.954733
401.617254,100,480.132827
403.617828,100,480.304574
328.848666,100,480.474852
368.517209,100,480.632754
302.221486,100,480.789684
390.806806,100,480.940258
384.731529,100,481.118365
339.595193,100,481.337676
419.075206,100,481.554971
372.498759,100,492.819958
331.7252,100,492.972302
415.091063,100,493.12889
385.649239,100,493.340253
379.599577,100,493.579417
325.280418,100,493.729566
349.446484,100,493.892936
362.687059,100,494.03842
369.49126,100,494.189462
369.336026,100,494.345772
381.396491,100,505.838846
314.110757,100,506.017015
322.686061,100,506.163011
362.848731,100,506.32013
426.364643,100,506.488065
354.018787,100,506.648381
374.395941,100,506.794358
381.190156,100,506.948881
345.366,100,507.108567
391.252087,100,507.326183
328.250508,100,519.080719
372.941847,100,519.325768
359.500747,100,519.545757
380.984678,100,519.763571
342.13817,100,520.000953
440.371625,100,520.172403
396.087004,100,520.351225
400.199102,100,520.509258
375.636494,100,520.655726
390.419397,100,520.799946
406.009911,100,531.884979
369.579022,100,532.045044
406.675098,100,532.218293
404.72847,100,532.40371
356.488027,100,532.569288
296.907016,100,532.738379
414.692229,100,532.904822
373.873005,100,533.071448
352.588042,100,533.236686
342.876359,100,533.498413
338.732371,100,548.850831
428.078203,100,549.000689
335.457627,100,549.156147
354.393161,100,549.358899
245.00834,100,549.565542
389.043618,100,549.726524
378.067172,100,549.891401
414.234046,100,550.046766
285.220873,100,550.211012
326.204068,100,550.366272
359.159397,100,564.916358
337.01844,100,565.072809
360.282072,100,565.22593
360.416917,100,565.478494
387.712447,100,565.633581
288.943105,100,565.788505
328.422465,100,565.95703
363.159472,100,566.108165
426.616384,100,566.268367
315.363694,100,566.432364
325.065834,100,578.173246
392.524458,100,578.32722
355.530862,100,578.481939
436.227075,100,578.627953
321.380122,100,578.77182
446.482444,100,578.917535
328.474822,100,579.06149
423.122189,100,579.213532
367.753226,100,579.463074
385.310638,100,579.617273
424.087725,100,590.938406
404.722024,100,591.070194
421.350445,100,591.211447
363.455144,100,591.460838
316.864616,100,591.644072
370.679838,100,591.809309
284.807996,100,591.958129
394.258615,100,592.097962
336.331089,100,592.275869
384.918936,100,592.445036
379.124212,100,603.487118
308.637587,100,603.730483
371.620501,100,603.967849
291.546018,100,604.27151
371.665935,100,604.568394
333.883047,100,604.86883
363.441873,100,605.15996
407.357708,100,605.467995
298.008458,100,605.708373
328.418542,100,605.970217
370.093733,100,617.717995
352.467922,100,617.891863
410.10919,100,618.026878
369.336187,100,618.171024
367.548951,100,618.314762
424.615874,100,618.46627
405.613251,100,618.619709
302.943086,100,618.76215
381.491171,100,618.899221
401.967219,100,619.037682
399.603221,100,632.551805
358.45726,100,632.708464
366.251816,100,632.860008
360.934769,100,633.024054
332.000282,100,633.181334
373.350409,100,633.350701
372.453324,100,633.515487
263.267589,100,633.69078
405.118593,100,633.911467
429.485789,100,634.075517
378.211806,100,645.63114
380.707891,100,645.926722
392.055818,100,646.166356
392.350742,100,646.370281
355.680683,100,646.536461
303.472046,100,646.706619
385.041434,100,646.918835
397.367622,100,647.084962
437.864067,100,647.273203
360.351073,100,647.47704
369.759338,100,660.56304
342.393699,100,660.715634
425.277988,100,660.876926
359.954668,100,661.042126
442.514454,100,661.198913
278.712002,100,661.348322
382.617106,100,661.512423
348.813249,100,661.691863
372.088057,100,661.952048
388.260977,100,662.108621
404.749728,100,675.784777
373.779466,100,676.128711
319.485644,100,676.432551
395.213173,100,676.667987
328.747492,100,676.897051
399.389615,100,677.126685
271.445597,100,677.291864
331.061167,100,677.549399
423.674147,100,677.741429
434.163059,100,677.93286
429.963805,100,691.626656
378.503509,100,691.777912
341.495708,100,691.945794
344.738443,100,692.215935
402.350827,100,692.378043
425.636511,100,692.557665
367.271577,100,692.712505
388.269529,100,692.872036
328.918376,100,693.033512
283.771348,100,693.214378
400.026399,100,706.713717
366.236061,100,706.932343
350.64057,100,707.125452
394.976021,100,707.327054
371.639463,100,707.50399
311.168875,100,707.681888
336.022895,100,707.851662
332.975877,100,708.089011
437.919961,100,708.328421
390.064764,100,708.531661
348.119747,100,721.647613
301.811869,100,721.821247
355.823318,100,721.968855
358.88427,100,722.126516
317.013291,100,722.363586
333.978112,100,722.572848
441.881618,100,722.763532
375.029913,100,722.945523
379.717577,100,723.098494
319.569619,100,723.301641
305.302104,100,736.451494
421.681096,100,736.620797
438.878376,100,736.817656
437.769233,100,736.986986
342.935019,100,737.155869
341.468413,100,737.364451
327.914946,100,737.584174
390.027915,100,737.766027
378.969858,100,737.941646
393.821823,100,738.107228
386.083203,100,751.946702
386.617188,100,752.2423
376.49129,100,752.523196
293.266147,100,752.762415
355.849351,100,753.031341
379.56038,100,753.33219
327.007662,100,753.637151
356.103069,100,753.939634
313.518535,100,754.240427
420.640451,100,754.581213
323.502552,100,767.608316
396.812891,100,767.759563
290.683361,100,767.933857
346.870881,100,768.086465
376.811263,100,768.256469
347.666945,100,768.494413
314.041859,100,768.672824
363.623979,100,768.829795
395.531763,100,768.994381
265.224724,100,769.223432
357.166576,100,781.253584
340.301698,100,781.415506
304.989915,100,781.580251
387.991205,100,781.721372
404.522294,100,781.871751
424.745472,100,782.012766
327.759897,100,782.153632
384.853801,100,782.394282
333.439362,100,782.561497
439.303492,100,782.730907
338.226997,100,794.504022
401.968777,100,794.659523
427.42889,100,794.828571
404.495222,100,794.973968
393.946835,100,795.127994
357.66318,100,795.28701
305.346754,100,795.450411
363.607682,100,795.623471
317.21977,100,795.771973
408.797741,100,795.930002
328.393482,100,807.057648
384.515151,100,807.219898
370.804627,100,807.411387
396.585388,100,807.589528
306.273031,100,807.744324
379.920428,100,807.900361
286.720771,100,808.042737
352.724555,100,808.187848
283.065909,100,808.447968
441.346346,100,808.607405
375.001114,100,819.99561
427.522338,100,820.131919
360.238746,100,820.344739
378.216535,100,820.56153
366.517916,100,820.744237
322.570391,100,820.920966
356.700278,100,821.088983
329.215344,100,821.279018
422.76624,100,821.461361
343.421515,100,821.624843
403.152498,100,834.937342
272.074024,100,835.081358
393.901201,100,835.230566
424.715063,100,835.38623
398.506536,100,835.546886
299.545997,100,835.702971
421.976868,100,835.877898
375.694277,100,836.047634
334.639128,100,836.211422
341.297989,100,836.42476
391.424267,100,851.517048
355.35551,100,851.673297
414.949136,100,851.824525
301.462264,100,851.979311
290.048718,100,852.136251
352.345547,100,852.3075
384.431309,100,852.567501
364.854382,100,852.741464
345.089264,100,852.906475
334.459341,100,853.052287
341.533202,100,865.149617
403.829504,100,865.31793
274.894151,100,865.493903
428.477522,100,865.663248
343.59667,100,865.835362
390.1479,100,865.994634
367.251051,100,866.150671
367.351411,100,866.304187
404.305755,100,866.574536
320.454289,100,866.723309
375.077436,100,878.452698
410.686806,100,878.830142
395.415106,100,879.191934
284.156403,100,879.420447
329.495109,100,879.573277
377.738655,100,879.727326
384.754411,100,879.878927
323.548181,100,880.03397
313.654286,100,880.182578
333.706256,100,880.343652
405.262413,100,892.381895
325.400811,100,892.541924
312.71308,100,892.887331
426.977799,100,893.075889
276.228125,100,893.27514
430.039314,100,893.435403
376.439182,100,893.603331
365.540625,100,893.765174
305.57854,100,893.956928
368.085179,100,894.132796
403.151651,100,906.330363
335.895245,100,906.495321
375.950681,100,906.65345
379.769552,100,906.934132
352.782698,100,907.113785
348.055908,100,907.3332
351.751644,100,907.564852
339.740444,100,907.759008
363.058974,100,907.955236
369.419597,100,908.136771
363.642825,100,921.936471
359.214323,100,922.12555
380.540313,100,922.341321
295.669917,100,922.54904
434.165513,100,922.76484
280.043025,100,923.01232
331.764979,100,923.201205
311.166829,100,923.388734
344.492834,100,923.5755
357.890987,100,923.740389
349.167791,100,935.365979
368.188098,100,935.518201
403.313107,100,935.661287
431.718899,100,935.810675
402.184512,100,935.960143
417.681793,100,936.10236
410.236158,100,936.263349
373.433401,100,936.43179
331.654221,100,936.583409
345.814322,100,936.76702
333.554968,100,949.883583
333.397351,100,950.049777
412.580674,100,950.221519
348.996993,100,950.395232
411.381007,100,950.556993
328.159217,100,950.712791
437.300641,100,950.976512
316.913094,100,951.168864
297.053018,100,951.381547
402.002904,100,951.540004
397.200474,100,962.56292
343.27844,100,962.708578
388.321529,100,962.905008
421.887513,100,963.121343
343.434893,100,963.297354
378.221416,100,963.464346
365.143348,100,963.613421
369.919881,100,963.771534
419.471636,100,963.924848
323.127044,100,964.075898
408.955478,100,975.79285
339.424711,100,975.956371
281.48582,100,976.113625
374.236593,100,976.277665
350.247221,100,976.433118
331.589573,100,976.588256
342.994015,100,976.740588
396.577465,100,976.896235
420.763345,100,977.168016
390.927992,100,977.353956
373.034463,100,989.663238
371.877208,100,989.839135
381.721477,100,990.007963
362.117089,100,990.187265
397.093401,100,990.363401
347.446532,100,990.529314
338.365533,100,990.684222
410.728565,100,990.841702
326.76086,100,991.074801
406.619054,100,991.281621
356.980503,100,1003.047038
399.919199,100,1003.31338
430.925689,100,1003.527691
339.963855,100,1003.710786
365.412876,100,1003.87534
423.975161,100,1004.04764
403.611811,100,1004.222867
402.668517,100,1004.384902
357.290797,100,1004.552414
346.324623,100,1004.720856
370.339327,100,1015.896921
340.457544,100,1016.04113
384.994613,100,1016.199003
317.845044,100,1016.364573
301.571604,100,1016.525139
345.586957,100,1016.671407
345.125253,100,1016.813587
345.366962,100,1016.960467
380.448394,100,1017.101813
355.294988,100,1017.337935
345.464482,100,1032.635161
375.828729,100,1032.793271
315.958192,100,1032.948476
398.735592,100,1033.12647
396.79567,100,1033.390194
296.596758,100,1033.564643
391.068044,100,1033.748752
370.876413,100,1033.886841
426.719332,100,1034.033463
411.881931,100,1034.176586
278.890987,100,1045.156318
301.308611,100,1045.41793
428.960538,100,1045.574512
371.588849,100,1045.755069
318.968488,100,1045.898363
380.78861,100,1046.038307
367.599591,100,1046.182878
411.162433,100,1046.34431
352.994232,100,1046.508255
308.712039,100,1046.644475
376.830535,100,1058.154789
408.887824,100,1058.302963
334.115819,100,1058.452983
325.696027,100,1058.598035
397.499952,100,1058.744875
358.324531,100,1058.88756
360.699546,100,1059.050038
414.374909,100,1059.238768
327.641299,100,1059.478942
362.055384,100,1059.688944
357.239053,100,1070.949388
301.540497,100,1071.09507
405.669522,100,1071.24585
311.844505,100,1071.44252
418.574171,100,1071.671634
386.036306,100,1071.838801
322.413899,100,1071.99682
390.345988,100,1072.141991
418.80565,100,1072.315406
435.632864,100,1072.475733
347.206835,100,1085.996762
408.702261,100,1086.18449
399.867013,100,1086.369571
444.624991,100,1086.542485
369.866312,100,1086.709437
308.072393,100,1086.869962
404.862564,100,1087.053979
306.582068,100,1087.220408
354.323041,100,1087.475758
452.102787,100,1087.775815
363.569551,100,1102.559353
403.611826,100,1102.714528
280.092099,100,1102.863826
327.733932,100,1103.015255
334.99213,100,1103.169852
269.228789,100,1103.326911
402.408014,100,1103.477443
391.502426,100,1103.629006
386.14826,100,1103.874124
379.231869,100,1104.0441
264.857943,100,1115.331603
322.648248,100,1115.493884
361.47763,100,1115.661311
295.567343,100,1115.928272
333.782533,100,1116.091407
342.66547,100,1116.258504
332.19255,100,1116.421781
282.591201,100,1116.565576
327.735292,100,1116.725216
388.884189,100,1116.881309
393.040338,100,1127.764616
357.146056,100,1127.919048
376.547228,100,1128.128169
364.196925,100,1128.344673
379.98284,100,1128.512318
331.910317,100,1128.681291
428.595958,100,1128.830065
376.267046,100,1128.973959
388.1294,100,1129.121623
446.355766,100,1129.271296
414.387671,100,1141.061509
346.783302,100,1141.222148
413.237308,100,1141.39044
374.215061,100,1141.549039
341.999382,100,1141.707967
443.706815,100,1141.932664
398.047957,100,1142.169219
428.429907,100,1142.41269
387.449074,100,1142.620439
344.504478,100,1142.800994
369.893061,100,1154.7316
376.795297,100,1154.863782
384.851029,100,1155.007628
396.271372,100,1155.157569
353.349718,100,1155.308784
376.520418,100,1155.462408
352.385532,100,1155.604435
316.255969,100,1155.758037
412.614033,100,1155.902337
359.570722,100,1156.074687
341.506662,100,1169.268038
398.607144,100,1169.42254
289.273149,100,1169.55649
338.540663,100,1169.686828
338.826368,100,1169.821383
413.01205,100,1169.975382
378.005855,100,1170.152864
287.232812,100,1170.398638
293.091308,100,1170.545953
397.18258,100,1170.709924
351.555702,100,1181.845761
342.625889,100,1181.985527
361.405564,100,1182.162841
369.438093,100,1182.413145
324.434099,100,1182.567147
314.159252,100,1182.727982
444.438033,100,1182.894403
384.082002,100,1183.033298
432.803998,100,1183.169343
406.468947,100,1183.328843
430.777721,100,1195.868674
308.731284,100,1196.033618
449.19641,100,1196.325984
417.239911,100,1196.509286
413.486187,100,1196.702234
253.706891,100,1196.887182
336.281432,100,1197.053553
380.547015,100,1197.238532
267.298628,100,1197.436838
410.924979,100,1197.618138
375.611251,100,1209.200269
376.168367,100,1209.379622
298.164678,100,1209.557604
373.908684,100,1209.727196
378.648871,100,1209.913135
347.400324,100,1210.080695
291.527924,100,1210.378743
292.415868,100,1210.564828
421.570564,100,1210.764506
338.513538,100,1210.938238
419.430765,100,1223.70535
379.931473,100,1223.869194
376.921114,100,1224.029415
282.202606,100,1224.199382
403.364587,100,1224.415674
338.731434,100,1224.62979
274.740048,100,1224.804804
378.934187,100,1224.987441
281.789702,100,1225.14447
329.508417,100,1225.309218
365.500102,100,1236.912905
434.70224,100,1237.067305
384.632327,100,1237.202642
416.347531,100,1237.356827
414.989245,100,1237.522963
321.300314,100,1237.686592
362.394994,100,1237.831877
350.62146,100,1237.990546
328.568102,100,1238.133265
350.645058,100,1238.280354
386.737903,100,1251.751185
254.663308,100,1251.9063
315.66106,100,1252.055981
299.746172,100,1252.202563
383.208675,100,1252.358448
278.669374,100,1252.51177
320.244495,100,1252.78148
406.742661,100,1252.942558
321.895926,100,1253.119118
396.860053,100,1253.26859
452.054481,100,1265.797383
409.721034,100,1265.968831
407.844667,100,1266.140492
272.39652,100,1266.303976
360.464607,100,1266.469726
277.876495,100,1266.63351
381.818165,100,1266.893247
379.051836,100,1267.071339
429.954411,100,1267.232271
363.816194,100,1267.419065
382.539108,100,1279.223286
362.326564,100,1279.396485
431.918696,100,1279.563294
328.071153,100,1279.735502
379.862075,100,1279.910655
357.618028,100,1280.061814
389.184116,100,1280.21728
384.583388,100,1280.392592
345.843293,100,1280.543911
339.920145,100,1280.703592
404.130308,100,1291.611009
364.7633,100,1291.758716
404.497223,100,1291.909857
424.939958,100,1292.055737
304.776214,100,1292.195009
388.193122,100,1292.342236
396.032801,100,1292.482434
320.27293,100,1292.624722
379.582419,100,1292.841149
386.948297,100,1293.027366
303.592036,100,1303.418475
443.369291,100,1303.565131
289.569811,100,1303.716288
423.624281,100,1303.859414
310.842144,100,1304.018855
342.204909,100,1304.189189
313.302875,100,1304.344166
392.079153,100,1304.515527
386.203415,100,1304.667741
389.495335,100,1304.926492
414.948181,100,1318.754162
398.089126,100,1319.020023
408.51531,100,1319.237005
440.759854,100,1319.428479
299.463312,100,1319.612803
288.360611,100,1319.798733
335.091048,100,1319.985237
334.437997,100,1320.159821
403.347419,100,1320.355928
329.262638,100,1320.54701
344.712883,100,1334.462157
313.276068,100,1334.616781
324.22982,100,1334.852195
329.683262,100,1335.048464
430.716196,100,1335.201067
420.753089,100,1335.372868
391.098165,100,1335.523445
385.937642,100,1335.666481
398.957838,100,1335.809034
407.090107,100,1335.969054
299.923666,100,1348.292579
417.008159,100,1348.444565
353.243512,100,1348.596767
342.250862,100,1348.781455
409.030959,100,1349.001678
414.685459,100,1349.162361
276.452764,100,1349.326994
423.811192,100,1349.473522
439.505523,100,1349.614245
424.076727,100,1349.76565
349.976791,100,1361.537887
370.584678,100,1361.683619
343.092328,100,1361.82184
419.401074,100,1361.971525
336.845042,100,1362.124926
423.024738,100,1362.287448
345.97113,100,1362.439561
383.140456,100,1362.587908
404.040142,100,1362.770006
367.867562,100,1362.990954
372.023927,100,1373.852646
403.908746,100,1374.016991
457.382581,100,1374.189135
435.153934,100,1374.353283
374.157827,100,1374.515672
452.275785,100,1374.677373
363.543879,100,1374.938672
390.278557,100,1375.113671
362.283702,100,1375.302673
328.294277,100,1375.457314
397.763356,100,1387.016625
393.669792,100,1387.172605
325.078697,100,1387.36966
341.590629,100,1387.576043
357.908939,100,1387.757195
331.933972,100,1387.952722
447.839329,100,1388.11263
407.569454,100,1388.269554
406.024002,100,1388.426017
309.258474,100,1388.582378
237.616091,100,1399.822366
394.851442,100,1399.985587
401.613543,100,1400.129558
317.475474,100,1400.274837
377.883359,100,1400.430852
387.829607,100,1400.577341
404.670169,100,1400.727456
337.451516,100,1400.930858
387.79429,100,1401.155051
376.130051,100,1401.307881
396.734933,100,1412.775371
370.274775,100,1412.95146
319.856074,100,1413.177912
340.642937,100,1413.337789
363.402492,100,1413.519746
312.183809,100,1413.684143
375.664794,100,1413.831755
463.729624,100,1413.986932
378.031267,100,1414.137344
308.714752,100,1414.298441
385.132135,100,1427.477345
364.806814,100,1427.667674
283.846597,100,1427.849571
339.004936,100,1428.052534
314.379568,100,1428.249198
393.23342,100,1428.443227
319.958922,100,1428.632327
359.504092,100,1428.806041
302.893254,100,1429.050871
324.970849,100,1429.257976
337.379554,100,1442.976158
361.007804,100,1443.198221
336.003762,100,1443.391772
367.344977,100,1443.547538
447.792661,100,1443.705714
439.344114,100,1443.859919
275.602181,100,1444.017875
338.378513,100,1444.174278
304.370499,100,1444.330184
441.523958,100,1444.479028
409.242826,100,1456.201308
332.975351,100,1456.354754
406.880054,100,1456.507941
383.830808,100,1456.667042
267.990105,100,1456.827583
390.251643,100,1457.056384
388.456099,100,1457.251061
396.480891,100,1457.452586
328.680641,100,1457.635276
299.165181,100,1457.795836
458.541407,100,1470.469351
462.416984,100,1470.616189
394.093826,100,1470.768956
283.871425,100,1470.957919
332.606186,100,1471.185698
350.802255,100,1471.34368
420.789031,100,1471.520165
377.325251,100,1471.690985
421.543309,100,1471.84828
349.086441,100,1472.015904
429.820058,100,1483.551345
382.211931,100,1483.69968
349.895169,100,1483.847179
398.035905,100,1484.008624
384.422067,100,1484.178921
284.35495,100,1484.33997
401.655749,100,1484.495746
321.35841,100,1484.643747
351.977204,100,1484.799057
404.342699,100,1484.994842
317.976374,100,1498.47736
433.080104,100,1498.619848
389.39696,100,1498.76486
350.378297,100,1498.909888
264.555283,100,1499.167603
439.216847,100,1499.319848
337.508596,100,1499.490381
378.631773,100,1499.637441
305.503732,100,1499.784427
394.105866,100,1499.937856
374.881792,100,1512.072344
385.763347,100,1512.26819
436.458792,100,1512.450317
354.763696,100,1512.627925
412.735302,100,1512.804778
424.874188,100,1513.02519
344.433944,100,1513.238717
299.839287,100,1513.431312
342.17978,100,1513.588882
432.189225,100,1513.741591
417.072558,100,1524.851106
352.950837,100,1524.988342
367.91997,100,1525.190429
258.528201,100,1525.396305
392.22094,100,1525.560694
343.035296,100,1525.713527
381.114079,100,1525.853141
366.054006,100,1526.016912
356.395796,100,1526.172783
356.176126,100,1526.335633
302.476673,100,1539.002317
399.947094,100,1539.239398
335.414269,100,1539.441775
423.006561,100,1539.592031
349.820998,100,1539.767269
356.057098,100,1539.935822
436.345281,100,1540.09326
403.823853,100,1540.249046
353.293154,100,1540.415411
352.012385,100,1540.577669
405.904507,100,1551.842141
387.591245,100,1551.995574
417.701817,100,1552.16666
339.546318,100,1552.343725
342.938234,100,1552.510549
252.085529,100,1552.673479
354.239905,100,1552.832544
416.505253,100,1553.001776
430.622998,100,1553.266358
449.581704,100,1553.43282
310.131104,100,1564.393652
250.757289,100,1564.626885
354.103953,100,1564.777331
356.918273,100,1564.946993
348.401532,100,1565.083718
306.714139,100,1565.229527
401.80863,100,1565.370972
366.218217,100,1565.530322
423.651481,100,1565.671209
406.251415,100,1565.813739
358.015552,100,1579.965618
317.518685,100,1580.270262
337.273792,100,1580.579006
425.32506,100,1580.817652
289.099033,100,1581.096503
372.886099,100,1581.40389
369.195619,100,1581.704811
417.043497,100,1581.99966
421.733586,100,1582.307121
351.206355,100,1582.60973
299.168626,100,1596.734872
419.760326,100,1596.905815
371.130474,100,1597.082592
298.446457,100,1597.258401
343.645222,100,1597.445571
290.299485,100,1597.603467
367.733516,100,1597.768287
343.996066,100,1597.936593
408.685812,100,1598.096623
304.972714,100,1598.25034
435.391789,100,1610.313875
336.048899,100,1610.501969
317.665973,100,1610.720455
385.841888,100,1610.868598
362.144568,100,1611.028636
302.815862,100,1611.177377
348.933855,100,1611.327354
369.487645,100,1611.478312
442.722593,100,1611.63904
347.914887,100,1611.786243
451.438914,100,1623.321244
428.980421,100,1623.481308
405.32275,100,1623.649415
300.036545,100,1623.794414
399.096737,100,1623.951876
403.036185,100,1624.091376
398.46414,100,1624.228953
409.550493,100,1624.372709
287.420111,100,1624.62884
416.342339,100,1624.782766
418.625209,100,1636.74898
293.790721,100,1637.172008
425.647702,100,1637.633361
387.853586,100,1637.93102
316.734426,100,1638.18301
412.556439,100,1638.450701
371.037554,100,1638.73112
309.273225,100,1638.963691
415.396177,100,1639.176673
436.750202,100,1639.401495
383.627889,100,1653.35607
363.626843,100,1653.504206
369.977791,100,1653.664744
366.621604,100,1653.80894
345.237695,100,1653.959603
386.132672,100,1654.103965
404.618406,100,1654.253957
290.367694,100,1654.438477
427.058026,100,1654.679519
399.900825,100,1654.847912
384.542739,100,1667.547265
371.296135,100,1667.711023
396.660093,100,1667.880682
371.149162,100,1668.049184
330.355101,100,1668.218426
343.565761,100,1668.395848
329.625417,100,1668.689042
385.764252,100,1668.84603
341.346858,100,1669.012772
388.830266,100,1669.162571
321.257899,100,1684.323856
429.724812,100,1684.483395
313.921406,100,1684.638913
404.236993,100,1684.79239
422.900767,100,1684.932768
346.982494,100,1685.139796
263.344533,100,1685.336398
421.717852,100,1685.506013
349.326921,100,1685.677682
324.718075,100,1685.854427
345.547482,100,1697.113806
408.243667,100,1697.261788
450.730691,100,1697.544376
395.078722,100,1697.715747
362.975838,100,1697.888459
317.214384,100,1698.042552
317.493468,100,1698.197969
354.373881,100,1698.363666
374.976024,100,1698.525501
317.897248,100,1698.681748
338.174957,100,1710.78114
312.781515,100,1710.94754
447.797962,100,1711.122175
430.099467,100,1711.296815
434.158021,100,1711.580062
331.1976,100,1711.766683
344.919831,100,1711.945493
376.434423,100,1712.115685
394.336924,100,1712.286901
347.274428,100,1712.46252
383.291955,100,1724.514291
357.573843,100,1724.672283
373.311253,100,1724.823893
408.853079,100,1724.971791
278.706442,100,1725.115137
336.998634,100,1725.260836
368.991093,100,1725.507402
318.765277,100,1725.675982
407.073942,100,1725.855913
377.619821,100,1726.014498
360.260389,100,1738.369946
384.960074,100,1738.542976
335.288499,100,1738.724183
454.43354,100,1738.909698
431.08207,100,1739.125056
344.325607,100,1739.32501
367.553703,100,1739.56657
311.364333,100,1739.744623
420.576675,100,1739.905844
338.990879,100,1740.064496
