#{"t_start": 1784399297.7306614, "env_id": "None"}
r,l,t
168.810453,100,2.171478
155.01917,100,2.48707
210.563597,100,2.744463
166.755163,100,2.984681
157.638607,100,3.23044
153.220369,100,3.483405
164.682914,100,3.709368
253.23197,100,3.920225
214.534432,100,4.158127
192.981179,100,4.411598
168.261433,100,19.059792
181.862189,100,19.29994
140.252321,100,19.604445
193.971459,100,19.909719
160.387353,100,20.223016
139.162226,100,20.5264
176.648775,100,20.85503
144.39621,100,21.168959
170.626245,100,21.490544
104.534638,100,21.822039
118.206782,100,33.896626
172.559654,100,34.046932
178.14424,100,34.194874
137.254984,100,34.34688
197.169721,100,34.522318
204.551469,100,34.686497
208.069504,100,34.852443
205.270147,100,35.000139
170.440877,100,35.175393
237.812974,100,35.415158
198.027197,100,46.789528
225.444501,100,47.160132
182.696756,100,47.494596
179.839178,100,47.759958
160.859475,100,48.06185
144.092186,100,48.391083
160.356071,100,48.720279
167.130973,100,49.019613
202.620625,100,49.305657
205.313399,100,49.606714
220.478239,100,62.326563
218.109419,100,62.489938
257.587574,100,62.670357
207.480935,100,62.838406
195.831794,100,63.024945
189.848063,100,63.216746
150.841517,100,63.479207
233.31355,100,63.648942
170.791327,100,63.843401
157.259182,100,64.026963
183.401679,100,75.587413
141.409757,100,75.75458
219.260871,100,75.929354
182.593308,100,76.105914
180.462622,100,76.288842
169.802985,100,76.493093
199.945733,100,76.726022
174.069005,100,76.924789
163.366865,100,77.112337
92.439233,100,77.278614
251.691396,100,90.417787
194.3945,100,90.73947
199.355985,100,91.075306
254.273793,100,91.418825
190.885678,100,91.722845
227.950069,100,92.007191
223.915617,100,92.336512
216.520701,100,92.65228
185.158211,100,92.987231
245.138455,100,93.299034
194.763926,100,107.900954
210.902576,100,108.092527
203.986072,100,108.294853
253.150564,100,108.491207
189.552774,100,108.686546
228.040732,100,108.878874
186.318692,100,109.051527
150.406346,100,109.222375
181.887814,100,109.487318
198.680618,100,109.667924
169.846627,100,124.397433
198.980857,100,124.560408
209.959133,100,124.718563
185.684391,100,124.874836
206.952692,100,125.043697
160.195215,100,125.211628
198.511214,100,125.368512
240.850687,100,125.536862
226.359724,100,125.732153
184.687847,100,125.972379
224.192335,100,145.416025
207.529008,100,145.844014
189.220864,100,146.187929
223.29508,100,146.598243
206.5631,100,147.003695
251.020195,100,147.388912
270.869995,100,147.802161
229.305229,100,148.016464
231.81229,100,148.197389
165.707576,100,148.349779
198.812095,100,161.307446
236.001406,100,161.492121
205.109014,100,161.721727
269.820977,100,161.96943
256.5371,100,162.116322
228.638555,100,162.292099
181.972326,100,162.449697
247.824366,100,162.60963
194.185393,100,162.780402
160.0963,100,162.958531
175.057552,100,177.281467
221.234114,100,177.606463
260.261305,100,177.930405
199.899089,100,178.194501
223.631008,100,178.511492
263.010428,100,178.84474
173.697024,100,179.160815
233.410486,100,179.485878
193.714753,100,179.832925
215.368053,100,180.089696
212.359598,100,191.398985
204.476462,100,191.538492
234.238352,100,191.704563
187.286908,100,191.959219
212.506731,100,192.126548
254.117594,100,192.3096
267.293233,100,192.470162
195.559782,100,192.623397
264.791806,100,192.790815
258.449581,100,192.96603
211.721183,100,207.233801
182.468554,100,207.409676
189.387329,100,207.600093
252.322216,100,207.858746
238.020462,100,208.071202
233.298148,100,208.265524
232.016509,100,208.455032
248.119455,100,208.63881
270.162263,100,208.822963
164.051188,100,209.022086
245.608721,100,221.20542
253.186773,100,221.361866
235.778496,100,221.517865
262.820307,100,221.694436
245.575537,100,221.953195
214.257898,100,222.104786
196.747463,100,222.262989
224.044045,100,222.446686
192.43584,100,222.61521
256.624383,100,222.788708
281.19866,100,235.441829
245.589786,100,235.660189
226.179611,100,235.968796
206.172976,100,236.138762
167.607675,100,236.34407
199.651532,100,236.547909
212.351118,100,236.765494
258.96756,100,237.016899
230.502042,100,237.216229
268.711007,100,237.41989
221.186478,100,253.944175
261.560216,100,254.284835
188.689899,100,254.595257
161.377073,100,254.907698
294.695137,100,255.250019
230.684958,100,255.581753
184.577579,100,255.896632
212.921562,100,256.186778
216.179821,100,256.389732
186.626521,100,256.591852
267.750069,100,272.54206
302.142059,100,272.846662
223.801238,100,273.171163
274.566657,100,273.487148
237.09391,100,273.803281
203.163557,100,274.123407
244.478125,100,274.38333
253.418498,100,274.54989
161.507706,100,274.70876
241.462248,100,274.852404
279.631227,100,287.221923
300.626529,100,287.398486
241.280111,100,287.592151
212.282453,100,287.782397
266.014826,100,287.947054
242.816123,100,288.127737
187.888598,100,288.408403
241.613052,100,288.5858
244.997872,100,288.788308
158.448836,100,288.959251
242.072943,100,302.346787
251.7736,100,302.535605
210.30037,100,302.722576
202.436951,100,302.923953
307.225593,100,303.087824
282.359461,100,303.23791
235.7643,100,303.400495
274.017573,100,303.560082
237.137438,100,303.704543
271.408618,100,303.843895
254.990822,100,316.224597
256.378948,100,316.501274
275.683493,100,316.697949
282.866587,100,316.925179
234.69255,100,317.097288
204.076732,100,317.273143
249.075891,100,317.460687
222.866463,100,317.636441
207.401866,100,317.819028
192.034908,100,318.005042
195.402025,100,330.174182
277.747257,100,330.402538
267.516433,100,330.622223
223.885859,100,330.808177
306.00147,100,330.998592
264.845792,100,331.17029
237.513445,100,331.342074
221.510439,100,331.505284
243.043709,100,331.685535
263.057814,100,331.856655
325.521535,100,344.432599
227.295522,100,344.632342
268.149099,100,344.862954
234.088814,100,345.0367
247.880068,100,345.208359
196.64697,100,345.382075
279.081042,100,345.56549
308.795108,100,345.766945
256.900188,100,345.945411
217.04371,100,346.105305
207.986882,100,361.144516
274.193527,100,361.332586
263.635452,100,361.509531
243.497629,100,361.705826
226.040169,100,361.891471
239.095736,100,362.073642
286.546093,100,362.246078
268.136682,100,362.509599
254.835126,100,362.710673
270.847702,100,362.91863
207.075916,100,375.301342
310.762966,100,375.445234
267.755206,100,375.602787
278.215473,100,375.758189
214.039614,100,375.928809
229.374268,100,376.090019
338.525204,100,376.241428
182.144595,100,376.38862
293.730788,100,376.613766
248.095269,100,376.890452
299.061266,100,389.584939
282.435789,100,389.769641
250.562715,100,389.96548
168.685941,100,390.167459
285.638295,100,390.354006
240.60514,100,390.548756
193.372906,100,390.78271
294.413761,100,391.061563
284.039842,100,391.282677
180.903211,100,391.471727
255.23965,100,402.400339
361.524174,100,402.540522
277.766769,100,402.68615
333.868101,100,402.83948
283.58038,100,403.10215
344.251455,100,403.270652
207.253116,100,403.474759
281.377445,100,403.6485
226.916736,100,403.818589
217.839409,100,403.993209
281.719214,100,415.92068
248.854103,100,416.073569
223.881047,100,416.222551
276.193718,100,416.365045
237.799487,100,416.512725
310.623461,100,416.679305
258.465795,100,416.838964
247.413728,100,417.005635
301.001556,100,417.152258
214.840083,100,417.387234
211.567637,100,430.191447
261.338046,100,430.431649
306.208381,100,430.694504
322.729026,100,430.952307
289.011325,100,431.197543
319.408206,100,431.454674
286.346952,100,431.741281
298.269162,100,431.998279
235.560956,100,432.243882
267.259861,100,432.476403
302.980367,100,445.011717
340.961875,100,445.164602
257.682826,100,445.321061
224.272232,100,445.532957
250.009228,100,445.786772
303.187256,100,445.967411
283.528669,100,446.118054
209.295402,100,446.268171
205.237909,100,446.422121
359.511151,100,446.589911
315.375568,100,458.784747
257.976053,100,458.94683
260.476216,100,459.124502
240.000477,100,459.294505
250.590235,100,459.52113
308.179065,100,459.735567
322.586724,100,459.886967
316.91763,100,460.055382
302.87239,100,460.217882
315.526387,100,460.370468
327.431467,100,472.166585
269.967795,100,472.355218
253.588642,100,472.525818
293.497485,100,472.699043
333.054487,100,472.873899
258.233509,100,473.037039
211.585534,100,473.203156
272.541706,100,473.368232
293.047614,100,473.520072
309.352143,100,473.746201
276.206808,100,487.828422
298.677597,100,488.013466
221.487387,100,488.294623
275.388887,100,488.507857
248.779598,100,488.710971
208.533017,100,488.891769
291.503469,100,489.069605
334.539421,100,489.248637
301.367103,100,489.437353
245.279981,100,489.620383
312.130313,100,502.105412
234.396324,100,502.290247
327.400228,100,502.475825
348.973859,100,502.74165
285.707703,100,502.957617
264.411989,100,503.184066
301.577881,100,503.37365
332.649883,100,503.559021
266.685369,100,503.744538
320.029358,100,503.930769
281.195379,100,516.450358
325.926624,100,516.62127
256.086579,100,516.782963
292.498645,100,517.062705
337.862185,100,517.235423
332.050858,100,517.398995
256.142511,100,517.553657
238.097391,100,517.709204
284.422706,100,517.860585
309.410325,100,518.017736
279.869908,100,530.728961
288.712486,100,531.059738
260.060066,100,531.269417
253.539562,100,531.475648
240.808055,100,531.659507
324.379016,100,531.837569
256.075134,100,532.004661
294.303395,100,532.165462
359.554782,100,532.328359
275.900985,100,532.482795
278.212069,100,545.987308
299.431267,100,546.148768
252.011649,100,546.332544
280.271853,100,546.51026
313.892101,100,546.707626
349.76276,100,546.893011
323.132597,100,547.087614
202.323254,100,547.351206
297.227629,100,547.563312
295.231292,100,547.783702
227.665226,100,562.227312
308.242898,100,562.39548
233.713828,100,562.569199
283.291446,100,562.758412
240.814603,100,562.946743
251.462526,100,563.112554
344.841404,100,563.277445
275.189653,100,563.446206
241.951713,100,563.697375
194.713619,100,563.887646
238.534351,100,579.73484
289.57346,100,579.896286
284.937883,100,580.04519
282.910359,100,580.204195
251.426927,100,580.37368
287.759172,100,580.563266
338.751179,100,580.765514
263.418686,100,580.947355
211.966111,100,581.205827
337.239626,100,581.421771
236.083258,100,593.688516
291.07431,100,593.878953
316.742752,100,594.050834
305.125982,100,594.241803
242.385901,100,594.414872
272.737641,100,594.596732
317.818045,100,594.763
233.398834,100,594.911205
357.230505,100,595.071482
274.518798,100,595.235507
297.216845,100,607.266508
348.466009,100,607.418475
292.82108,100,607.604415
364.707112,100,607.802294
294.749051,100,608.081433
273.734334,100,608.254814
312.177973,100,608.440611
378.91991,100,608.614476
182.835108,100,608.797839
301.168118,100,608.981257
281.845232,100,619.738973
287.522162,100,620.032361
221.807037,100,620.213858
324.258827,100,620.411612
313.083526,100,620.596401
315.324572,100,620.804925
285.436418,100,621.023434
268.567545,100,621.220763
245.938512,100,621.407387
267.472842,100,621.598188
290.020599,100,634.289853
263.896291,100,634.485615
333.003364,100,634.688212
278.265126,100,634.896862
267.408439,100,635.087565
336.804498,100,635.254596
270.90512,100,635.41421
322.674845,100,635.596329
381.646363,100,635.814595
206.062983,100,636.070995
207.432093,100,647.540419
301.445961,100,647.701004
264.395012,100,647.970937
265.178084,100,648.129834
290.459636,100,648.305051
284.118619,100,648.469997
294.058292,100,648.62253
301.784091,100,648.779565
273.421644,100,648.932061
329.365213,100,649.107886
288.894809,100,661.312594
357.642947,100,661.466979
216.58965,100,661.628263
294.486061,100,661.82643
378.497332,100,662.052803
344.807803,100,662.206822
213.026167,100,662.390465
291.944203,100,662.557446
285.272451,100,662.727617
301.512323,100,662.893418
304.112134,100,675.522144
313.697992,100,675.839034
289.89578,100,676.090452
274.156624,100,676.27637
260.78829,100,676.451706
301.397592,100,676.621736
241.775251,100,676.777732
303.059561,100,676.930062
264.411659,100,677.104044
285.557951,100,677.250377
347.745796,100,689.752609
225.808718,100,689.946343
300.690911,100,690.25433
279.479462,100,690.47172
321.044552,100,690.687896
305.976974,100,690.95844
339.351931,100,691.168875
272.544188,100,691.364471
325.495148,100,691.536644
348.048204,100,691.716069
274.687096,100,703.480783
306.61889,100,703.668005
374.736776,100,703.863317
275.331888,100,704.089076
258.843462,100,704.348671
200.062764,100,704.562588
346.915577,100,704.766531
312.368718,100,704.936455
221.87452,100,705.119212
233.571614,100,705.302815
267.985361,100,716.646188
326.402168,100,716.791689
375.507843,100,716.932338
258.234324,100,717.071657
254.516594,100,717.216555
316.719419,100,717.369257
333.843681,100,717.524559
315.778659,100,717.678789
298.554329,100,717.830426
243.671955,100,717.972808
306.334723,100,729.46361
264.769964,100,729.666764
233.877925,100,729.861853
275.762332,100,730.069251
286.686982,100,730.366446
338.710507,100,730.570014
335.945013,100,730.784283
285.921402,100,730.999452
304.810412,100,731.180567
327.577015,100,731.385207
327.585581,100,743.841245
268.962744,100,744.153915
306.189887,100,744.470525
358.957757,100,744.745769
252.041917,100,745.053267
319.377294,100,745.368808
233.00654,100,745.680956
299.051749,100,746.005711
400.152278,100,746.31608
377.260075,100,746.600378
255.731936,100,759.762249
277.584586,100,759.900971
351.498023,100,760.037445
311.470896,100,760.176952
396.025312,100,760.315257
320.291991,100,760.577258
304.32598,100,760.775769
223.342235,100,760.943723
228.553798,100,761.106042
298.921699,100,761.259921
326.032468,100,772.486392
318.628701,100,772.720269
233.466737,100,772.910045
259.588345,100,773.079614
298.167264,100,773.263611
277.387252,100,773.45163
353.864082,100,773.628586
281.79823,100,773.822683
366.027306,100,774.006493
353.445268,100,774.175846
344.089373,100,785.298225
266.881423,100,785.438411
344.932738,100,785.590911
270.219751,100,785.765387
266.767563,100,785.925425
305.357172,100,786.083761
294.618984,100,786.224861
250.204282,100,786.359265
265.148002,100,786.502414
277.356559,100,786.735811
382.50032,100,798.405411
320.82608,100,798.652117
362.117902,100,798.898454
345.170437,100,799.130517
367.449308,100,799.323197
291.552865,100,799.512235
216.11561,100,799.721946
293.362204,100,799.902778
291.36334,100,800.088053
271.993734,100,800.266882
270.808322,100,812.195217
303.906011,100,812.359481
338.599182,100,812.52846
334.118558,100,812.79071
337.527842,100,812.932085
293.698924,100,813.082339
346.22006,100,813.259957
359.55044,100,813.414385
214.478948,100,813.573259
291.150988,100,813.759888
336.535995,100,824.527649
211.374016,100,824.766502
348.748623,100,824.945902
279.17228,100,825.107336
346.97474,100,825.25967
284.024785,100,825.398648
249.672706,100,825.549647
353.570158,100,825.70088
292.595029,100,825.849875
301.869417,100,826.012297
274.733235,100,839.35862
356.375028,100,839.547801
309.967975,100,839.726865
364.751055,100,839.889
232.742708,100,840.055079
259.251538,100,840.206569
350.109745,100,840.3534
266.413434,100,840.532169
297.24897,100,840.733801
210.512833,100,840.999794
276.945773,100,851.393881
346.008599,100,851.539607
254.299071,100,851.683224
321.711202,100,851.833668
402.818723,100,851.976287
248.178884,100,852.115937
399.346278,100,852.282878
308.143034,100,852.448537
366.568907,100,852.621289
413.794365,100,852.857536
283.820808,100,867.318206
312.754178,100,867.623754
361.997713,100,867.94277
248.700455,100,868.255331
286.910084,100,868.558779
223.955571,100,868.881579
231.854053,100,869.149671
383.438175,100,869.397365
264.066185,100,869.699343
368.895967,100,870.010116
357.798163,100,882.334702
382.850193,100,882.517467
302.70909,100,882.696555
301.698954,100,882.927579
370.518519,100,883.133768
306.253478,100,883.320658
254.876306,100,883.510755
267.398149,100,883.697926
269.062791,100,883.886254
321.207179,100,884.07176
374.110293,100,895.491253
318.24533,100,895.687954
297.61858,100,895.865029
286.078173,100,896.027364
332.8584,100,896.191253
262.78456,100,896.373142
345.711769,100,896.541286
295.26234,100,896.706257
337.574355,100,896.86946
314.161188,100,897.050269
319.365663,100,910.084155
254.836232,100,910.24802
382.078606,100,910.409273
313.112251,100,910.595871
328.431605,100,910.773309
289.221282,100,910.932506
295.787165,100,911.089726
328.453457,100,911.355815
389.478145,100,911.534229
319.975276,100,911.740546
300.148386,100,924.533939
283.594157,100,924.681339
303.180032,100,924.829086
309.285367,100,924.982862
323.053252,100,925.166771
300.687234,100,925.405578
265.337675,100,925.555769
267.840048,100,925.728388
269.900468,100,925.871734
302.834271,100,926.013462
261.823628,100,938.487587
365.375502,100,938.79459
348.60379,100,939.105856
355.396032,100,939.385194
328.89405,100,939.55018
339.806963,100,939.724099
336.580587,100,939.868455
427.092969,100,940.004847
307.2732,100,940.141943
272.05044,100,940.293021
324.640522,100,952.020571
345.934159,100,952.18351
321.191954,100,952.342416
328.256061,100,952.503992
328.577788,100,952.672148
305.380029,100,952.830376
312.386698,100,952.981569
367.508704,100,953.144705
326.18983,100,953.392565
318.248342,100,953.571617
386.275615,100,967.065856
304.581425,100,967.342885
316.535478,100,967.596822
396.225549,100,967.819696
289.098911,100,968.033847
276.466276,100,968.244973
257.128911,100,968.467921
294.745534,100,968.689326
321.257109,100,968.886629
324.228891,100,969.094858
336.67249,100,982.33541
242.876153,100,982.500674
334.844182,100,982.657657
223.708552,100,982.811397
272.188114,100,982.967225
247.328203,100,983.15307
250.96292,100,983.401195
328.755032,100,983.551979
313.957476,100,983.730069
320.604942,100,983.885086
400.481656,100,994.645907
316.821117,100,994.795015
352.168873,100,994.934058
371.340875,100,995.071686
342.376346,100,995.31986
298.190247,100,995.479352
352.347856,100,995.660678
321.593699,100,995.818385
309.430957,100,995.980134
341.750584,100,996.127156
240.81512,100,1007.660401
345.315435,100,1007.839558
356.860265,100,1008.002247
265.206906,100,1008.161263
251.439916,100,1008.323764
307.230404,100,1008.484191
290.217731,100,1008.638665
330.058339,100,1008.785694
310.244006,100,1008.940686
298.910084,100,1009.090197
274.200395,100,1020.328837
317.845218,100,1020.48229
338.048016,100,1020.623561
343.196753,100,1020.80318
334.586631,100,1020.957364
389.307896,100,1021.100321
302.479331,100,1021.37397
344.9965,100,1021.524827
300.595167,100,1021.700311
271.72648,100,1021.86424
327.750229,100,1034.666726
352.392745,100,1034.855607
313.477418,100,1035.050549
355.237348,100,1035.323943
313.852444,100,1035.526605
324.075551,100,1035.745803
286.393975,100,1035.924181
321.929289,100,1036.119804
315.65607,100,1036.307548
231.117832,100,1036.493909
295.895513,100,1048.030879
332.733383,100,1048.180631
401.787923,100,1048.338478
293.088233,100,1048.493459
251.269917,100,1048.646861
319.354208,100,1048.803436
359.645397,100,1048.979914
362.922461,100,1049.160535
388.604948,100,1049.408708
230.236923,100,1049.570969
242.369047,100,1061.03353
315.470066,100,1061.197621
295.929918,100,1061.471856
336.121088,100,1061.62897
352.74316,100,1061.815986
342.360376,100,1061.973419
311.663437,100,1062.118698
385.643862,100,1062.263901
370.657181,100,1062.424257
281.513867,100,1062.572655
297.103179,100,1074.107279
346.504022,100,1074.261733
364.460389,100,1074.436682
334.780486,100,1074.606214
328.151836,100,1074.771622
308.550373,100,1074.917073
271.078752,100,1075.068074
266.400088,100,1075.222528
315.290263,100,1075.487583
351.957408,100,1075.641703
415.590937,100,1089.866743
359.65109,100,1090.057411
289.077934,100,1090.244157
323.288349,100,1090.441639
366.161112,100,1090.639933
301.48206,100,1090.832827
387.596917,100,1091.034012
279.594643,100,1091.244062
420.291597,100,1091.505703
371.652398,100,1091.68951
358.443132,100,1106.292484
390.048684,100,1106.630264
287.432898,100,1106.970602
245.025749,100,1107.328445
351.984345,100,1107.672182
361.132724,100,1108.031789
360.378424,100,1108.386511
329.563749,100,1108.7632
258.214814,100,1109.148015
284.354316,100,1109.50488
389.615433,100,1122.509365
357.766358,100,1122.68465
245.812124,100,1122.8432
397.008113,100,1123.003268
300.234257,100,1123.160546
342.173707,100,1123.313585
306.915495,100,1123.608296
413.799097,100,1123.884279
313.158231,100,1124.188847
322.131903,100,1124.49925
323.22319,100,1136.312195
402.476437,100,1136.620301
286.557378,100,1136.94053
300.705065,100,1137.245054
345.673511,100,1137.557317
383.081532,100,1137.812919
349.505597,100,1138.111004
345.604498,100,1138.4153
324.575422,100,1138.737677
304.250474,100,1139.054681
313.370017,100,1150.561651
326.794869,100,1150.73829
306.052974,100,1150.915431
290.724244,100,1151.078435
355.929553,100,1151.246991
391.984324,100,1151.48676
322.242038,100,1151.648406
285.073755,100,1151.83055
385.967108,100,1151.988548
327.181937,100,1152.141979
304.192833,100,1163.14045
372.265893,100,1163.287887
401.897713,100,1163.540717
350.729832,100,1163.702048
329.076032,100,1163.878852
331.314611,100,1164.031494
274.712068,100,1164.185402
320.425209,100,1164.331905
295.133399,100,1164.488885
416.712143,100,1164.653898
238.091959,100,1175.293225
331.373665,100,1175.547207
382.940123,100,1175.719267
345.229937,100,1175.89654
327.813577,100,1176.058718
285.948648,100,1176.216268
273.509995,100,1176.384721
302.47712,100,1176.562904
271.636935,100,1176.750151
368.501444,100,1176.919959
362.745534,100,1188.312667
406.722934,100,1188.464015
321.088411,100,1188.645047
287.303296,100,1188.801705
359.387078,100,1188.956308
340.215426,100,1189.107229
372.311193,100,1189.272704
331.998949,100,1189.50856
327.917292,100,1189.678883
400.318681,100,1189.835077
369.667579,100,1201.367464
327.525062,100,1201.664631
269.978115,100,1201.892301
391.668886,100,1202.067731
370.546635,100,1202.242956
408.740145,100,1202.42949
306.447745,100,1202.622351
419.942711,100,1202.803285
232.487722,100,1203.006706
396.289454,100,1203.183157
349.89579,100,1216.81072
313.335637,100,1216.9819
272.460727,100,1217.139255
328.322038,100,1217.30763
350.977795,100,1217.56205
267.235763,100,1217.729268
359.549939,100,1217.907935
329.663073,100,1218.088286
324.287351,100,1218.251376
383.643463,100,1218.416988
309.246087,100,1230.511254
403.216897,100,1230.743749
242.54653,100,1230.943179
354.24653,100,1231.116772
296.506385,100,1231.288657
276.13099,100,1231.578753
314.976619,100,1231.778886
221.335867,100,1231.969094
248.496781,100,1232.111404
371.140913,100,1232.256582
298.441065,100,1242.951674
262.573054,100,1243.099719
302.110657,100,1243.246463
324.846866,100,1243.472496
274.564982,100,1243.650618
340.929462,100,1243.825227
378.868799,100,1243.976383
262.822385,100,1244.126366
266.611153,100,1244.280798
400.021982,100,1244.446449
321.064963,100,1257.933956
317.618627,100,1258.16595
315.449215,100,1258.389043
362.355096,100,1258.619899
413.431072,100,1258.832421
340.604434,100,1259.052301
341.423233,100,1259.279728
286.193725,100,1259.62498
301.905695,100,1259.827314
353.35281,100,1260.032606
282.275453,100,1272.659939
373.461071,100,1273.02332
337.930452,100,1273.40394
389.001797,100,1273.786297
356.359996,100,1274.128197
291.129978,100,1274.350692
315.212831,100,1274.494306
306.046085,100,1274.640275
383.630389,100,1274.803855
287.143225,100,1274.943574
316.14654,100,1286.383056
265.644586,100,1286.548029
266.237896,100,1286.702975
342.553001,100,1286.847498
301.552107,100,1287.003798
403.592894,100,1287.145315
412.941387,100,1287.285586
348.951703,100,1287.490181
395.837993,100,1287.710843
314.944186,100,1287.853235
277.112622,100,1298.676022
271.337058,100,1298.849456
403.63938,100,1299.003399
375.814495,100,1299.152007
257.962865,100,1299.321897
327.146884,100,1299.526736
301.158327,100,1299.755872
306.781797,100,1299.915402
254.159327,100,1300.085969
378.342153,100,1300.235877
349.803244,100,1311.302153
322.059799,100,1311.502725
294.418329,100,1311.755826
394.00745,100,1311.927993
304.005409,100,1312.109701
341.467418,100,1312.274005
392.06016,100,1312.441588
252.510918,100,1312.62058
362.418421,100,1312.797058
314.049254,100,1312.941487
300.488293,100,1328.437542
315.705822,100,1328.612481
261.148064,100,1328.784847
342.931256,100,1328.976413
392.546074,100,1329.136455
312.334963,100,1329.276855
370.646812,100,1329.421443
268.451813,100,1329.567086
343.97011,100,1329.799704
371.189381,100,1329.978156
356.387943,100,1343.874469
341.270211,100,1344.128865
324.238259,100,1344.42809
303.139897,100,1344.714266
298.904497,100,1344.997502
293.450489,100,1345.292183
331.098897,100,1345.573349
390.294832,100,1345.86169
304.438266,100,1346.101239
339.786393,100,1346.374138
325.30047,100,1361.239889
274.355634,100,1361.422199
357.059945,100,1361.621014
266.214172,100,1361.812095
276.076822,100,1361.981841
347.045218,100,1362.146741
395.579295,100,1362.36064
279.149432,100,1362.582757
309.951133,100,1362.79192
317.978574,100,1362.966351
312.051583,100,1375.358459
368.004746,100,1375.516577
358.804101,100,1375.674838
300.67136,100,1375.828057
369.301796,100,1375.971771
324.639635,100,1376.123385
350.952625,100,1376.27514
355.831057,100,1376.524634
293.985837,100,1376.682694
307.471987,100,1376.851524
407.026699,100,1388.102463
297.362926,100,1388.254744
310.746281,100,1388.413934
384.391735,100,1388.684661
282.451072,100,1388.865688
335.009106,100,1389.018678
309.185673,100,1389.191931
361.427044,100,1389.342043
227.735143,100,1389.504933
328.124587,100,1389.68696
301.901128,100,1403.1779
390.660672,100,1403.354525
298.161052,100,1403.520998
312.592983,100,1403.695872
357.668499,100,1403.874288
289.107068,100,1404.059768
312.523622,100,1404.244474
348.394964,100,1404.413859
287.444187,100,1404.691758
397.323965,100,1404.86481
279.037946,100,1416.012638
314.652152,100,1416.154079
284.891166,100,1416.29534
335.654359,100,1416.435642
369.129475,100,1416.58524
391.967707,100,1416.786265
266.02022,100,1417.007051
328.889605,100,1417.161458
394.080146,100,1417.320496
328.833073,100,1417.464533
373.814525,100,1428.880193
418.166506,100,1429.051685
448.305544,100,1429.235919
301.302393,100,1429.390784
251.983098,100,1429.54999
358.572118,100,1429.702918
303.361461,100,1429.864343
330.595985,100,1430.007678
285.693705,100,1430.14994
307.402293,100,1430.293379
297.265966,100,1441.591588
299.643894,100,1441.745569
376.859115,100,1441.902959
349.417794,100,1442.070149
425.139442,100,1442.240648
325.292518,100,1442.392773
416.653078,100,1442.540149
373.703285,100,1442.690567
343.341011,100,1442.94257
411.06038,100,1443.113729
281.936897,100,1454.764138
299.289808,100,1454.99893
342.472214,100,1455.150871
322.368112,100,1455.317247
302.660925,100,1455.457712
379.81365,100,1455.615582
301.508862,100,1455.778502
395.448942,100,1455.937288
324.768504,100,1456.095827
346.055098,100,1456.257556
388.668441,100,1467.712585
284.138114,100,1467.886734
381.375402,100,1468.057544
313.345954,100,1468.213616
331.370433,100,1468.356
315.400332,100,1468.500139
356.072958,100,1468.650629
309.550365,100,1468.914207
290.130249,100,1469.116189
300.557394,100,1469.287223
334.708461,100,1481.870356
261.173498,100,1482.03025
417.833335,100,1482.166357
308.699372,100,1482.307454
386.745914,100,1482.444186
328.542062,100,1482.606245
426.233567,100,1482.811687
333.845871,100,1483.031854
286.310441,100,1483.191507
369.863393,100,1483.370155
363.223018,100,1496.007011
353.298099,100,1496.197751
290.533598,100,1496.390445
409.495495,100,1496.593218
335.368907,100,1496.845289
323.603486,100,1497.108481
381.381471,100,1497.335412
383.370608,100,1497.536005
364.197852,100,1497.74994
354.540644,100,1497.968265
416.788443,100,1511.953349
384.672698,100,1512.137947
349.459656,100,1512.313161
341.64257,100,1512.489581
390.648473,100,1512.668829
393.865337,100,1512.926947
409.758272,100,1513.110369
364.469343,100,1513.311927
395.817485,100,1513.487638
289.553789,100,1513.66005
356.521304,100,1529.891381
371.49204,100,1530.070599
369.09339,100,1530.261415
261.834637,100,1530.474547
294.960712,100,1530.685089
366.079599,100,1530.903402
348.038176,100,1531.194875
313.058469,100,1531.399014
405.507707,100,1531.592001
342.182331,100,1531.785355
382.939337,100,1547.533204
335.116367,100,1547.677758
386.351956,100,1547.833904
364.156753,100,1548.016208
288.649747,100,1548.210031
354.803286,100,1548.381415
355.531609,100,1548.53288
363.385833,100,1548.684126
374.989323,100,1548.844796
341.488921,100,1549.043762
329.85599,100,1560.544232
466.841759,100,1560.71931
358.409793,100,1560.9127
367.294909,100,1561.152416
366.297755,100,1561.359847
312.730545,100,1561.52304
393.560458,100,1561.690808
452.742043,100,1561.855518
335.8552,100,1562.016643
313.800954,100,1562.167828
372.208313,100,1573.324165
377.656162,100,1573.494352
343.04841,100,1573.668435
343.622927,100,1573.818517
356.696703,100,1573.958011
366.74156,100,1574.100557
374.770659,100,1574.25442
393.480693,100,1574.396096
298.828977,100,1574.561636
364.519346,100,1574.709463
393.865535,100,1586.07639
363.350375,100,1586.232719
347.514357,100,1586.403092
391.009527,100,1586.568287
361.701927,100,1586.714005
408.718764,100,1586.864039
297.09206,100,1587.01975
271.972162,100,1587.169596
369.481537,100,1587.328627
311.664023,100,1587.491781
320.239089,100,1602.7605
263.429788,100,1602.946994
347.722923,100,1603.141772
386.628591,100,1603.331073
337.521325,100,1603.520695
396.063383,100,1603.731855
365.398985,100,1603.957472
323.879115,100,1604.287342
359.221238,100,1604.531835
319.251895,100,1604.765912
358.073956,100,1617.144725
297.711617,100,1617.329434
340.51421,100,1617.538752
321.941644,100,1617.734673
269.269361,100,1617.922466
332.996181,100,1618.110574
304.761735,100,1618.38489
356.903654,100,1618.585811
322.649045,100,1618.811811
307.691687,100,1619.019333
286.029461,100,1634.794271
297.721339,100,1635.13878
305.845077,100,1635.53622
345.166453,100,1635.912445
380.504043,100,1636.297618
360.591508,100,1636.696315
446.600247,100,1637.036424
381.867338,100,1637.406756
279.64837,100,1637.747054
286.535641,100,1637.917809
363.15831,100,1649.903375
379.379684,100,1650.06874
354.144616,100,1650.246336
259.831668,100,1650.427201
331.930096,100,1650.687456
388.554557,100,1650.940597
365.998469,100,1651.155063
379.170126,100,1651.340233
380.020245,100,1651.51496
324.472302,100,1651.724014
316.519467,100,1665.368171
341.71264,100,1665.53225
378.326367,100,1665.693603
299.789423,100,1665.860011
393.871585,100,1666.028698
344.199003,100,1666.182351
334.489799,100,1666.341642
347.045711,100,1666.491744
409.647717,100,1666.650138
287.141752,100,1666.803988
357.778875,100,1678.430727
391.47259,100,1678.583865
254.129009,100,1678.743758
374.509808,100,1678.986059
393.497962,100,1679.235351
298.223898,100,1679.447418
383.61369,100,1679.627009
375.243807,100,1679.798429
377.860765,100,1679.96352
304.843963,100,1680.133933
350.324299,100,1691.733263
317.170077,100,1691.897786
363.454521,100,1692.054358
278.279511,100,1692.211935
343.698953,100,1692.37487
419.058609,100,1692.542441
352.251983,100,1692.714608
267.972241,100,1692.945371
384.845524,100,1693.145027
284.025441,100,1693.303765
274.763391,100,1704.385987
365.871518,100,1704.546054
316.666743,100,1704.704617
410.400868,100,1704.898022
369.581286,100,1705.117644
267.825445,100,1705.269261
398.986833,100,1705.440336
404.619905,100,1705.600335
330.544856,100,1705.761437
325.34097,100,1705.913065
258.287781,100,1718.506319
347.838823,100,1718.895171
336.702856,100,1719.14162
317.058311,100,1719.302208
341.736038,100,1719.457497
294.149819,100,1719.610925
315.968631,100,1719.77829
398.176092,100,1719.927699
388.167181,100,1720.093853
349.021355,100,1720.253642
345.845449,100,1731.643978
398.60926,100,1731.792862
354.44202,100,1731.967496
374.284079,100,1732.114167
379.088681,100,1732.268665
376.655054,100,1732.419664
357.577076,100,1732.571191
332.904006,100,1732.731322
395.517245,100,1732.943
392.996153,100,1733.153704
335.981986,100,1745.249147
405.170151,100,1745.424053
390.727462,100,1745.586153
354.25319,100,1745.739595
380.789288,100,1745.899932
351.586203,100,1746.068473
355.925946,100,1746.23139
347.406701,100,1746.378778
330.484907,100,1746.528524
381.706786,100,1746.681279
367.021865,100,1758.747736
369.481886,100,1758.970166
415.800422,100,1759.166095
386.903393,100,1759.319525
307.457634,100,1759.490036
327.794841,100,1759.643742
369.62619,100,1759.789324
353.90538,100,1759.945699
206.241219,100,1760.11038
392.871207,100,1760.25309
255.777846,100,1771.908413
357.06727,100,1772.074598
379.781703,100,1772.229016
339.239339,100,1772.385421
320.02934,100,1772.55159
363.94391,100,1772.708041
296.946285,100,1772.879228
311.578673,100,1773.124883
302.673662,100,1773.272487
458.116122,100,1773.453341
296.007541,100,1786.0099
308.263555,100,1786.186472
363.886241,100,1786.351413
421.003209,100,1786.529926
379.428469,100,1786.725908
286.286177,100,1786.958082
400.102443,100,1787.165907
301.222087,100,1787.358375
372.220036,100,1787.545502
372.210792,100,1787.733948
351.55521,100,1.695754
302.378553,100,1.882557
387.867062,100,2.085763
362.248811,100,2.335222
302.664752,100,2.556901
332.340852,100,2.74764
369.202789,100,2.939249
450.044385,100,3.099324
418.928801,100,3.25854
412.631543,100,3.407464
356.656797,100,15.759424
369.331766,100,15.902938
333.375449,100,16.046465
367.644011,100,16.201312
353.616394,100,16.47144
295.300686,100,16.621708
364.327021,100,16.779926
306.677898,100,16.934682
370.042715,100,17.086362
307.380186,100,17.242992
277.854695,100,30.215738
319.457054,100,30.473368
318.182463,100,30.633888
301.271501,100,30.79891
360.876692,100,30.951543
370.273585,100,31.097536
377.629725,100,31.243571
349.35072,100,31.405222
350.290826,100,31.564043
431.728252,100,31.737752
386.03004,100,43.748525
407.909904,100,43.89819
369.473832,100,44.048705
346.059359,100,44.194265
322.347751,100,44.376402
309.139832,100,44.610487
330.595254,100,44.781301
300.911272,100,44.975157
387.670992,100,45.130662
397.133909,100,45.299467
405.615351,100,58.559577
375.454752,100,58.743028
422.823073,100,58.963908
380.688217,100,59.153338
374.293525,100,59.337297
356.211109,100,59.549184
297.906174,100,59.744373
388.275037,100,59.941726
333.599641,100,60.152254
305.16665,100,60.395129
338.705541,100,72.105415
297.776237,100,72.291361
362.231306,100,72.468959
339.781491,100,72.690773
320.470276,100,72.970618
337.479253,100,73.167843
347.546161,100,73.358206
352.480773,100,73.528084
273.584441,100,73.723121
229.276535,100,73.931594
439.212735,100,85.878387
322.452122,100,86.043219
366.819747,100,86.198548
416.069396,100,86.351115
324.879294,100,86.498544
411.493535,100,86.641229
377.048349,100,86.907285
358.277833,100,87.116322
352.805294,100,87.27091
430.290419,100,87.42156
364.317131,100,97.891881
363.03917,100,98.050323
311.236344,100,98.202625
424.531806,100,98.391317
336.442072,100,98.543994
397.018288,100,98.691401
353.555289,100,98.838645
283.118344,100,99.088489
304.342035,100,99.267843
346.3185,100,99.441944
308.976262,100,110.205711
318.964838,100,110.362458
375.999403,100,110.521474
347.272688,100,110.675412
367.177908,100,110.833627
319.008744,100,111.05832
362.146016,100,111.253762
417.633578,100,111.410522
373.248656,100,111.576625
343.838408,100,111.725914
362.970971,100,123.765692
347.189058,100,123.911504
334.058362,100,124.077653
383.32787,100,124.227408
336.235126,100,124.375724
388.38915,100,124.520929
414.49109,100,124.664731
357.068533,100,124.804742
389.451601,100,124.992919
323.453538,100,125.223246
333.098982,100,135.88781
405.417494,100,136.049955
343.363722,100,136.212495
401.097189,100,136.369359
388.175258,100,136.528214
360.800316,100,136.683502
310.768171,100,136.84304
418.201725,100,137.082429
354.70687,100,137.267616
270.352742,100,137.421249
319.227501,100,148.055395
346.216035,100,148.218263
412.057196,100,148.384207
345.786836,100,148.541733
353.025958,100,148.700482
410.175789,100,148.86377
306.185124,100,149.113568
375.126782,100,149.293627
315.908942,100,149.469287
335.901977,100,149.624901
377.850682,100,160.174025
331.080217,100,160.357766
376.032817,100,160.541251
313.646691,100,160.708026
343.825021,100,160.886877
415.138194,100,161.169307
420.801695,100,161.349684
306.482694,100,161.542207
377.407935,100,161.700016
371.577376,100,161.875354
351.511844,100,174.497237
292.930698,100,174.673264
297.71053,100,174.854465
387.461461,100,175.056523
368.790061,100,175.30588
376.606714,100,175.487822
391.910658,100,175.66582
374.145327,100,175.838406
408.397785,100,176.021569
286.43532,100,176.189559
363.063782,100,189.970527
390.027934,100,190.137614
368.434168,100,190.289856
402.073441,100,190.446481
387.03611,100,190.592012
332.521156,100,190.744025
306.769957,100,190.896322
336.748519,100,191.078324
319.755064,100,191.361311
379.798729,100,191.525712
411.134341,100,202.554808
379.005554,100,202.72887
353.468761,100,202.897308
313.414955,100,203.067113
271.095994,100,203.231875
320.499965,100,203.492781
303.235859,100,203.640377
353.391744,100,203.810261
325.887773,100,203.982682
397.494601,100,204.149361
345.58542,100,220.113621
384.869534,100,220.267342
287.678268,100,220.427281
271.465648,100,220.589342
426.584386,100,220.740741
358.129315,100,220.894432
306.15854,100,221.049392
333.651473,100,221.209619
315.413359,100,221.476834
293.50554,100,221.63976
399.439233,100,236.323432
412.720833,100,236.501909
318.88502,100,236.677242
375.512989,100,236.849191
364.622962,100,237.028718
301.832832,100,237.198617
357.11109,100,237.452166
393.164122,100,237.651459
289.707395,100,237.863428
364.598543,100,238.050835
391.313168,100,250.487575
423.533545,100,250.691732
370.101649,100,250.895848
308.711853,100,251.107926
387.236828,100,251.350889
371.596392,100,251.563949
272.117296,100,251.725353
333.947244,100,251.889839
346.076346,100,252.062305
249.569374,100,252.218424
349.954765,100,264.559807
361.584032,100,264.718163
308.099959,100,264.864585
319.595893,100,265.020597
425.2764,100,265.17982
407.571116,100,265.424086
336.321034,100,265.605345
401.302079,100,265.757544
352.509187,100,265.920605
369.464037,100,266.079733
353.756572,100,278.470902
352.103483,100,278.744014
400.313524,100,279.046008
425.46838,100,279.350391
329.046004,100,279.631037
282.36217,100,279.92177
329.468647,100,280.218601
320.534273,100,280.512011
286.228844,100,280.813905
295.895502,100,281.137137
290.740285,100,296.258881
394.865947,100,296.418824
370.427962,100,296.568082
334.945556,100,296.716872
413.42435,100,296.894552
347.216849,100,297.049512
363.003905,100,297.201413
324.848877,100,297.456776
358.150543,100,297.609217
392.966742,100,297.771773
439.187749,100,309.856869
320.512031,100,310.057877
382.438666,100,310.256469
344.152969,100,310.45303
354.036038,100,310.632828
281.420607,100,310.800687
404.028534,100,310.96353
407.433892,100,311.119663
359.969765,100,311.268015
311.357018,100,311.416268
275.153088,100,322.286072
366.999001,100,322.584632
363.929607,100,322.884625
340.708707,100,323.179382
337.392721,100,323.488459
363.278404,100,323.804588
372.093724,100,324.096627
375.874802,100,324.364336
346.295972,100,324.679458
355.073558,100,325.004199
300.907709,100,337.451564
403.171076,100,337.592749
381.966406,100,337.817786
374.326345,100,337.996351
271.691561,100,338.166209
310.147533,100,338.318505
455.622867,100,338.470092
303.514095,100,338.633375
397.934602,100,338.788098
337.835675,100,338.960615
418.702834,100,350.720475
388.492306,100,350.890113
349.330987,100,351.061393
250.161208,100,351.21504
401.138843,100,351.367214
350.235398,100,351.518023
299.715387,100,351.692084
376.075719,100,351.926164
373.119195,100,352.101395
262.859633,100,352.288591
345.059729,100,365.644205
471.747043,100,365.904639
387.747304,100,366.07251
422.398127,100,366.245416
364.287589,100,366.393553
442.633933,100,366.55139
299.159811,100,366.700669
388.872451,100,366.860965
322.501619,100,367.026943
278.354824,100,367.199457
356.77556,100,377.990621
326.514733,100,378.145273
297.524237,100,378.328928
358.408269,100,378.468675
372.427982,100,378.610714
417.700687,100,378.76227
334.151478,100,378.920459
337.170499,100,379.07846
406.927858,100,379.221802
306.967586,100,379.372334
285.748773,100,391.343722
346.36559,100,391.482255
415.665086,100,391.633184
418.014071,100,391.77389
413.332574,100,391.967539
402.352176,100,392.185536
393.709206,100,392.346791
394.207453,100,392.494258
319.255628,100,392.652443
369.06164,100,392.790885
388.693798,100,403.979554
441.807086,100,404.169874
347.968613,100,404.39232
327.411864,100,404.580377
332.04358,100,404.776309
386.820554,100,404.940952
359.448616,100,405.089441
271.786565,100,405.251923
278.476799,100,405.421837
461.501115,100,405.581406
396.164391,100,418.338598
348.853572,100,418.513808
328.819097,100,418.701154
353.807709,100,418.872423
339.025628,100,419.043542
395.375872,100,419.21636
424.562766,100,419.406305
380.266186,100,419.587494
406.529432,100,419.761153
400.245929,100,419.949136
433.905546,100,431.485048
366.715084,100,431.660516
376.418428,100,431.817345
386.46303,100,431.985013
422.763516,100,432.212165
319.643325,100,432.429411
284.315195,100,432.59385
375.906419,100,432.763811
379.865259,100,432.919536
399.267533,100,433.076453
328.932472,100,444.590064
415.334661,100,444.728805
276.154016,100,444.870123
382.546327,100,445.030916
309.532414,100,445.186951
293.405886,100,445.336575
385.168369,100,445.47646
435.903054,100,445.615766
410.531448,100,445.753217
313.734089,100,445.898263
386.885731,100,457.596231
306.009357,100,457.77736
400.575143,100,457.951145
414.452563,100,458.157442
378.741956,100,458.397921
333.18711,100,458.605225
388.645071,100,458.774028
405.653834,100,458.943644
358.684506,100,459.11214
406.756388,100,459.278296
364.387188,100,471.192822
427.124977,100,471.395602
341.968863,100,471.573078
375.551963,100,471.747733
417.75285,100,471.921148
432.759453,100,472.16002
354.026693,100,472.445444
314.278478,100,472.665853
359.283437,100,472.866138
406.342798,100,473.061014
388.029814,100,486.927689
378.278186,100,487.230278
353.647352,100,487.532006
318.25318,100,487.839258
317.312936,100,488.152455
397.17032,100,488.419914
322.826272,100,488.635093
359.918375,100,488.93547
425.557272,100,489.233164
354.665401,100,489.531533
362.440533,100,501.748077
397.722565,100,501.920229
348.46009,100,502.111353
367.823927,100,502.293846
395.939831,100,502.525423
417.398862,100,502.742686
389.875854,100,502.943115
285.766834,100,503.132575
372.637348,100,503.308692
345.071881,100,503.488846
299.036643,100,515.679103
380.309734,100,515.83928
294.827105,100,516.006573
393.713109,100,516.178966
311.753513,100,516.350551
308.762474,100,516.601893
410.914265,100,516.794278
341.705404,100,516.971738
319.326307,100,517.126731
257.538807,100,517.269866
318.123826,100,528.955756
382.426263,100,529.105838
368.397628,100,529.247138
382.385396,100,529.397327
324.052614,100,529.546695
348.912271,100,529.708593
410.965768,100,529.869197
342.387985,100,530.043676
308.919798,100,530.195896
397.190766,100,530.338426
298.310512,100,541.475313
363.902318,100,541.622742
409.062128,100,541.807233
374.16738,100,542.020252
309.547776,100,542.246683
327.458677,100,542.444412
402.935209,100,542.686529
337.425193,100,542.86354
416.920455,100,543.069149
329.316204,100,543.251698
382.452503,100,555.243269
448.586657,100,555.377862
386.257019,100,555.514674
443.730888,100,555.649925
371.823602,100,555.793237
323.426124,100,555.953001
370.039869,100,556.097665
441.13095,100,556.236612
259.099069,100,556.386579
375.515052,100,556.530222
359.064283,100,568.518812
358.525647,100,568.795353
309.980549,100,568.984087
405.62849,100,569.187055
389.80935,100,569.355516
372.855038,100,569.526875
355.968195,100,569.697533
345.803615,100,569.885773
332.494937,100,570.032873
336.396815,100,570.189749
360.264482,100,581.44751
326.477794,100,581.59406
424.935511,100,581.741989
370.475259,100,581.908801
357.615687,100,582.092928
404.346849,100,582.256141
359.040385,100,582.407234
373.762989,100,582.565913
437.642202,100,582.709815
282.558086,100,582.874692
267.655998,100,593.548187
375.019458,100,593.697441
340.319095,100,593.855259
321.277445,100,594.010542
366.901645,100,594.166836
360.135618,100,594.318355
353.738781,100,594.463461
374.587666,100,594.604961
320.118891,100,594.74595
418.60759,100,594.887488
361.311618,100,605.740576
427.878396,100,605.889757
271.63326,100,606.035783
376.947259,100,606.194764
456.784142,100,606.335312
419.933026,100,606.4736
261.187898,100,606.615089
370.791662,100,606.768476
357.954171,100,606.933439
405.1484,100,607.195253
378.310297,100,618.469269
379.412534,100,618.631692
349.7181,100,618.823833
321.129668,100,619.054445
332.58725,100,619.281779
374.02162,100,619.470135
291.892688,100,619.636787
371.914256,100,619.81074
312.598277,100,619.990751
353.887134,100,620.173476
413.596649,100,632.368586
279.7078,100,632.525752
368.221485,100,632.673964
338.418086,100,632.823522
373.031347,100,632.975313
375.282714,100,633.131523
407.46151,100,633.28131
357.022057,100,633.475437
388.572512,100,633.696472
424.801725,100,633.855674
342.516528,100,645.919267
351.108931,100,646.092032
430.812341,100,646.245612
335.998154,100,646.400539
308.351817,100,646.535176
247.297529,100,646.683305
415.304339,100,646.837008
379.561563,100,646.992341
269.749037,100,647.150681
290.003892,100,647.295595
325.579203,100,658.221184
415.3652,100,658.364534
443.85659,100,658.503686
299.064228,100,658.651491
346.745071,100,658.832806
391.509391,100,659.022398
403.746011,100,659.210409
404.877167,100,659.391775
381.865204,100,659.616169
309.868448,100,659.847147
357.426796,100,671.350834
314.543636,100,671.646693
309.276108,100,671.935517
343.853149,100,672.168794
333.686635,100,672.329326
394.225253,100,672.467682
407.581541,100,672.613799
340.115862,100,672.755499
360.406221,100,672.900229
373.893746,100,673.043605
398.100691,100,686.00291
309.789788,100,686.204499
369.247853,100,686.391358
427.346536,100,686.558209
319.334003,100,686.741124
386.154192,100,686.947862
296.59114,100,687.147126
393.06704,100,687.34472
452.854125,100,687.539134
439.625728,100,687.818465
306.306922,100,699.370737
326.699929,100,699.621599
401.638527,100,699.851533
372.724303,100,700.083065
448.515265,100,700.295312
379.142238,100,700.507812
363.927232,100,700.715263
277.420303,100,700.912796
271.321636,100,701.132098
342.552515,100,701.32145
391.924315,100,715.314651
390.466296,100,715.617936
277.362334,100,715.9171
316.009582,100,716.238777
368.73538,100,716.503416
324.587159,100,716.785492
396.788385,100,717.098058
333.203653,100,717.402081
432.811472,100,717.708646
398.653053,100,718.014794
410.71134,100,731.178477
324.352751,100,731.463949
402.931504,100,731.748886
321.586205,100,732.065294
298.499947,100,732.360543
361.13816,100,732.575713
365.237151,100,732.867465
318.010439,100,733.163472
321.985795,100,733.455451
323.735244,100,733.748043
437.401146,100,747.526821
375.514364,100,747.665118
404.70252,100,747.799134
406.108713,100,747.937222
422.449741,100,748.083518
361.807505,100,748.222923
281.486154,100,748.419344
345.982812,100,748.62549
354.715823,100,748.778167
313.061912,100,748.938624
334.8077,100,761.265282
351.009007,100,761.418233
389.348019,100,761.58432
388.684139,100,761.735791
383.834148,100,761.889694
323.339612,100,762.04987
396.959721,100,762.207158
414.96352,100,762.368698
242.95601,100,762.521866
338.98508,100,762.694408
369.067113,100,774.835051
300.376696,100,775.073952
392.884206,100,775.351996
331.287824,100,775.618814
394.128862,100,775.893152
339.463295,100,776.18491
318.58635,100,776.460328
414.632033,100,776.725877
338.869699,100,776.989856
361.448989,100,777.235291
328.362988,100,788.261302
414.736209,100,788.436512
371.596355,100,788.602361
409.313463,100,788.883701
305.395401,100,789.082161
322.787855,100,789.274908
400.066588,100,789.456464
307.699186,100,789.625259
340.123996,100,789.804896
267.146661,100,789.981092
319.127986,100,802.11891
373.64485,100,802.505838
288.964461,100,802.858232
372.298231,100,803.157753
449.369531,100,803.477034
282.662098,100,803.810334
447.695232,100,804.17062
352.245789,100,804.541972
417.293698,100,804.95177
447.664422,100,805.288535
342.260865,100,816.911862
363.671934,100,817.084713
395.911353,100,817.268867
289.93645,100,817.425765
331.572562,100,817.566145
275.691835,100,817.719868
271.006698,100,817.869748
421.434304,100,818.037546
304.623285,100,818.220566
397.29478,100,818.372928
413.043714,100,829.786496
427.307861,100,829.936903
367.610681,100,830.104117
352.504282,100,830.266463
409.521027,100,830.430583
358.604429,100,830.587411
296.765118,100,830.818233
337.281445,100,831.016871
316.253509,100,831.196291
364.686326,100,831.348198
416.619905,100,842.021148
349.918704,100,842.199169
337.325524,100,842.372703
328.811465,100,842.545822
394.002835,100,842.757041
301.212242,100,842.995832
390.597326,100,843.189867
327.529608,100,843.37168
377.721959,100,843.549699
367.768657,100,843.732309
366.665577,100,854.327785
288.774993,100,854.472574
431.799909,100,854.611446
332.634279,100,854.860728
384.859898,100,855.117505
345.241559,100,855.409339
351.825502,100,855.718809
377.938893,100,856.033693
443.332979,100,856.345553
352.771099,100,856.66441
337.933627,100,867.763381
339.199861,100,867.909403
337.567005,100,868.066733
340.758454,100,868.209008
366.548138,100,868.352421
359.244265,100,868.494681
317.176441,100,868.641678
303.371472,100,868.796055
309.973138,100,869.029452
348.130428,100,869.201214
299.411627,100,881.456499
408.942972,100,881.608172
401.417143,100,881.766733
410.125657,100,881.933175
391.453845,100,882.106664
362.056539,100,882.257706
393.142275,100,882.413373
474.000719,100,882.56146
347.240742,100,882.715458
295.333961,100,882.883734
358.827116,100,894.594691
390.428192,100,894.762545
356.946102,100,894.921685
354.98221,100,895.192673
378.079564,100,895.357664
339.73726,100,895.525591
357.026447,100,895.667754
396.634964,100,895.817884
374.285047,100,895.974564
374.889596,100,896.135762
445.485754,100,907.777286
359.403453,100,907.93764
362.512801,100,908.110826
429.299828,100,908.280165
323.131337,100,908.423143
316.237295,100,908.571697
304.483312,100,908.724191
340.578135,100,908.893656
349.315236,100,909.145638
353.414513,100,909.30652
375.534076,100,921.531464
304.43544,100,921.674693
357.511017,100,921.825348
275.300008,100,921.982243
312.427538,100,922.146264
324.334939,100,922.301219
278.387389,100,922.456519
356.364893,100,922.617523
374.104779,100,922.766542
353.298232,100,922.921648
433.411135,100,934.803231
374.774782,100,934.96747
397.029662,100,935.22078
419.324933,100,935.374505
367.406354,100,935.541525
329.041842,100,935.682624
382.531273,100,935.826695
367.672943,100,935.974821
325.413166,100,936.130523
375.553403,100,936.436748
282.492675,100,948.64119
365.413726,100,948.795209
395.56588,100,948.961995
289.938964,100,949.221989
298.830589,100,949.370085
339.740639,100,949.541202
327.244938,100,949.688457
371.953298,100,949.838778
351.602977,100,949.988363
323.957878,100,950.153371
312.574044,100,960.804986
337.473691,100,960.992555
377.591909,100,961.239939
396.828382,100,961.388425
375.291544,100,961.552457
437.714025,100,961.694182
354.820011,100,961.850338
386.986634,100,962.039041
344.903838,100,962.239414
289.956989,100,962.404492
375.215799,100,973.619411
379.970722,100,973.782267
329.921419,100,973.95581
400.358946,100,974.121473
354.031864,100,974.28795
356.288267,100,974.464658
320.987713,100,974.63324
368.954686,100,974.801945
358.455035,100,974.991522
280.005929,100,975.217768
329.908134,100,987.876515
381.229665,100,988.056877
459.11749,100,988.223134
326.805471,100,988.400558
270.876933,100,988.553248
351.273831,100,988.697913
399.050786,100,988.85736
396.542062,100,989.084617
429.813006,100,989.274563
280.442368,100,989.455475
270.94544,100,1000.371774
356.804997,100,1000.540456
332.12469,100,1000.699102
376.773395,100,1000.856661
394.18068,100,1001.085618
390.11258,100,1001.282289
355.782873,100,1001.458426
421.547642,100,1001.634541
406.835799,100,1001.807392
363.075979,100,1001.986041
340.233475,100,1013.908745
376.269756,100,1014.067724
402.215821,100,1014.216961
378.677437,100,1014.375292
397.617629,100,1014.533339
340.397841,100,1014.680454
310.615077,100,1014.820672
288.151031,100,1014.978625
345.800726,100,1015.194161
393.900793,100,1015.358023
445.404153,100,1026.343045
393.023571,100,1026.479471
329.813023,100,1026.622478
359.187501,100,1026.7707
399.762692,100,1026.936473
339.61985,100,1027.157531
420.8555,100,1027.380622
311.174883,100,1027.529876
453.13074,100,1027.684206
403.533885,100,1027.853893
394.56955,100,1038.56874
410.422729,100,1038.716532
311.175544,100,1038.86774
273.457103,100,1039.048045
402.740751,100,1039.31174
385.749677,100,1039.470094
396.548644,100,1039.637216
367.637963,100,1039.794273
306.975812,100,1039.956545
308.24498,100,1040.118345
435.321659,100,1051.814509
412.131626,100,1052.001438
281.215945,100,1052.172295
425.070652,100,1052.335572
344.679041,100,1052.475258
399.766217,100,1052.615466
354.273337,100,1052.758042
447.403154,100,1052.918044
355.595234,100,1053.078578
367.427862,100,1053.244625
348.638566,100,1064.082564
446.241549,100,1064.250876
334.488733,100,1064.420503
323.674719,100,1064.57052
359.644761,100,1064.72729
422.525627,100,1064.898099
409.128097,100,1065.058352
362.654574,100,1065.200579
352.552266,100,1065.345591
337.794679,100,1065.496424
336.104186,100,1077.139851
364.098903,100,1077.313529
333.800014,100,1077.485084
325.171491,100,1077.684171
390.536493,100,1077.941777
411.543714,100,1078.146719
366.51897,100,1078.338602
300.713139,100,1078.518259
430.669562,100,1078.70238
349.176463,100,1078.903147
331.58498,100,1090.720601
420.697493,100,1090.893166
442.322599,100,1091.051837
374.549724,100,1091.198817
365.143714,100,1091.356606
371.575929,100,1091.505027
313.824889,100,1091.731412
350.011962,100,1092.060078
326.655116,100,1092.237838
436.600042,100,1092.41467
272.373339,100,1104.154245
366.445152,100,1104.342828
420.377669,100,1104.505884
378.32002,100,1104.658468
356.897146,100,1104.805293
298.814306,100,1104.973491
303.937156,100,1105.153256
337.297701,100,1105.333491
305.622418,100,1105.493147
395.871193,100,1105.645232
395.287055,100,1116.943823
439.866495,100,1117.111294
339.665165,100,1117.274296
327.6603,100,1117.452488
396.73774,100,1117.625511
369.553164,100,1117.794451
388.430096,100,1117.964031
350.306315,100,1118.175948
347.58424,100,1118.398458
436.801126,100,1118.591424
394.0788,100,1131.372891
352.141787,100,1131.541084
325.810962,100,1131.698919
428.681133,100,1131.872045
403.587955,100,1132.108644
437.3003,100,1132.408852
323.114745,100,1132.591065
438.711861,100,1132.77295
258.623318,100,1132.940038
430.892072,100,1133.100897
379.417252,100,1145.211566
324.472621,100,1145.397811
300.656104,100,1145.587406
361.201688,100,1145.761049
396.480659,100,1145.954179
292.804315,100,1146.192774
378.595547,100,1146.40773
357.396872,100,1146.557401
357.504357,100,1146.72536
406.674043,100,1146.884242
363.27638,100,1160.345586
413.648018,100,1160.597233
256.965209,100,1160.877408
387.816779,100,1161.177317
316.897245,100,1161.468642
309.667108,100,1161.762991
342.895135,100,1162.11474
262.820885,100,1162.471903
255.875393,100,1162.730898
403.761086,100,1163.048407
334.591525,100,1174.880039
282.032824,100,1175.041824
343.203712,100,1175.19834
344.560133,100,1175.368784
312.463553,100,1175.531113
366.675921,100,1175.678735
415.307522,100,1175.83748
284.206798,100,1175.9995
308.777105,100,1176.219085
419.809749,100,1176.417278
340.158859,100,1188.599466
352.604921,100,1188.754723
346.352551,100,1188.907191
385.004003,100,1189.08035
447.354542,100,1189.237075
357.873495,100,1189.397342
376.225509,100,1189.568534
312.059579,100,1189.736533
336.154769,100,1189.889815
419.046432,100,1190.054559
328.067888,100,1201.172794
396.393515,100,1201.329287
362.658959,100,1201.481022
418.926848,100,1201.627323
398.709284,100,1201.783174
325.25862,100,1201.957753
353.857632,100,1202.189624
352.923989,100,1202.401157
414.431085,100,1202.575816
324.725651,100,1202.733318
339.096844,100,1215.061289
290.998584,100,1215.23111
301.777177,100,1215.398422
375.91316,100,1215.560827
352.932233,100,1215.714268
434.584782,100,1215.884776
442.338834,100,1216.075867
361.708568,100,1216.344788
407.576316,100,1216.523735
339.315812,100,1216.697945
303.124836,100,1229.234482
301.456343,100,1229.434461
431.175164,100,1229.631559
389.983202,100,1229.820516
302.683769,100,1230.018915
368.885312,100,1230.317843
318.171257,100,1230.499402
343.436377,100,1230.690084
272.283021,100,1230.855685
405.623791,100,1231.028969
389.621922,100,1243.601521
367.107836,100,1243.756537
346.032099,100,1243.929091
421.910421,100,1244.093068
334.173755,100,1244.334905
379.029093,100,1244.480588
421.18029,100,1244.652815
273.118573,100,1244.806052
408.389568,100,1244.956781
338.096132,100,1245.114936
317.612122,100,1257.451691
346.597574,100,1257.77474
296.177972,100,1258.110498
366.577157,100,1258.443638
401.309332,100,1258.718531
342.486684,100,1259.034457
410.227269,100,1259.365088
267.936891,100,1259.691184
387.059701,100,1260.021016
395.711299,100,1260.37729
368.845476,100,1273.575856
383.424399,100,1273.738621
348.148632,100,1273.920446
310.804702,100,1274.092164
340.671875,100,1274.251431
301.437641,100,1274.515396
346.738044,100,1274.676481
397.711168,100,1274.865858
319.414104,100,1275.036733
357.618429,100,1275.2004
364.203691,100,1287.196359
297.444007,100,1287.35599
384.716117,100,1287.520561
311.156695,100,1287.67896
287.3515,100,1287.844296
380.316642,100,1288.007459
420.547669,100,1288.157354
328.176859,100,1288.337006
321.237474,100,1288.576802
339.01262,100,1288.73507
341.773909,100,1301.518696
394.844874,100,1301.680665
380.921368,100,1301.839515
338.932813,100,1302.023478
397.420517,100,1302.202275
341.719843,100,1302.421839
368.243918,100,1302.622034
374.5634,100,1302.767836
317.176476,100,1302.934725
327.282005,100,1303.086634
420.119801,100,1315.242396
332.341195,100,1315.389886
325.898567,100,1315.54419
408.015381,100,1315.727516
316.580607,100,1315.876719
359.296608,100,1316.028208
344.48186,100,1316.174446
380.498809,100,1316.353668
248.748971,100,1316.58905
356.811242,100,1316.729903
344.938152,100,1327.787483
416.920718,100,1327.937786
333.608014,100,1328.086517
335.952716,100,1328.267184
379.758977,100,1328.421364
320.519711,100,1328.602525
339.181491,100,1328.840148
383.644505,100,1329.005568
313.707848,100,1329.169673
423.677501,100,1329.318074
316.402574,100,1344.296462
330.028382,100,1344.435124
313.431558,100,1344.600792
350.51754,100,1344.833418
393.651246,100,1345.009363
414.199845,100,1345.192392
314.285457,100,1345.365545
360.14838,100,1345.53618
393.384616,100,1345.689051
344.351578,100,1345.84109
392.714367,100,1358.148682
436.130858,100,1358.30252
470.074787,100,1358.4379
318.52516,100,1358.579539
290.995423,100,1358.722663
353.255897,100,1358.973793
351.634986,100,1359.155061
357.511895,100,1359.334698
325.557847,100,1359.495608
342.83955,100,1359.641185
331.378074,100,1371.059265
342.840235,100,1371.245424
402.519903,100,1371.43986
357.499165,100,1371.609791
434.628108,100,1371.780542
371.026857,100,1371.983591
438.485771,100,1372.204457
386.391538,100,1372.388824
366.983577,100,1372.597437
422.097389,100,1372.827608
301.61888,100,1385.778163
332.469427,100,1385.958316
355.303232,100,1386.135373
363.00581,100,1386.301725
334.79296,100,1386.466533
387.928885,100,1386.645794
313.625677,100,1386.827731
416.736706,100,1387.091951
330.954124,100,1387.340695
372.973524,100,1387.559482
414.444405,100,1399.85463
318.887326,100,1400.035874
394.978098,100,1400.211617
339.315225,100,1400.386482
343.776607,100,1400.556507
364.22573,100,1400.741013
392.576782,100,1400.925683
312.064463,100,1401.137589
301.554903,100,1401.388791
308.696759,100,1401.530357
370.415899,100,1413.692493
289.169144,100,1413.862231
423.921422,100,1414.028637
344.23912,100,1414.183932
417.763246,100,1414.340716
355.51394,100,1414.491821
458.748366,100,1414.653703
352.589681,100,1414.833211
304.265657,100,1415.004689
402.027326,100,1415.261708
379.637981,100,1428.617625
388.747479,100,1428.777714
311.256148,100,1428.937216
437.261608,100,1429.105495
372.19409,100,1429.266935
346.8766,100,1429.55864
413.799124,100,1429.737569
396.979856,100,1429.922521
387.443976,100,1430.094633
376.504365,100,1430.260417
434.861471,100,1445.492501
424.18234,100,1445.682663
382.515869,100,1445.876172
375.020519,100,1446.05521
406.300109,100,1446.215196
406.434767,100,1446.380867
418.96553,100,1446.539907
388.205671,100,1446.700863
423.032131,100,1446.853388
317.422023,100,1447.04812
374.06745,100,1461.059471
391.554611,100,1461.387479
381.233392,100,1461.692194
289.79963,100,1462.07355
312.016154,100,1462.534507
380.696985,100,1462.908907
365.269325,100,1463.256852
325.072631,100,1463.649145
429.996583,100,1463.95931
349.033325,100,1464.277743
383.668262,100,1483.313484
369.980118,100,1483.509231
394.544151,100,1483.704598
390.069081,100,1484.052906
312.999279,100,1484.240113
365.325066,100,1484.462555
352.363901,100,1484.704275
376.189497,100,1484.902092
396.727637,100,1485.109179
353.258026,100,1485.296702
352.101865,100,1500.001843
481.520954,100,1500.210035
378.749346,100,1500.425328
378.897777,100,1500.620676
382.022055,100,1500.808491
336.310764,100,1501.090788
405.803371,100,1501.26087
464.879353,100,1501.437034
360.054958,100,1501.6275
346.624778,100,1501.808814
397.524481,100,1517.502002
407.267601,100,1517.679223
349.284508,100,1517.857353
378.573709,100,1518.067592
373.865458,100,1518.298717
381.051157,100,1518.465088
373.095182,100,1518.719584
419.608021,100,1518.97989
310.431242,100,1519.294197
382.090217,100,1519.541695
414.163708,100,1532.789071
390.034685,100,1533.027936
383.797601,100,1533.262028
405.16407,100,1533.407666
381.331771,100,1533.595212
412.503483,100,1533.765499
330.350967,100,1533.925071
287.377386,100,1534.102071
379.406765,100,1534.279608
332.868159,100,1534.438067
361.231775,100,1546.237142
292.674917,100,1546.417039
370.315902,100,1546.585774
405.920398,100,1546.774617
353.572772,100,1547.012031
408.359535,100,1547.232372
392.125279,100,1547.413887
369.975431,100,1547.605569
363.55002,100,1547.804939
334.846645,100,1547.994442
400.888278,100,1562.302607
324.314383,100,1562.455452
370.363997,100,1562.631779
328.951027,100,1562.783412
303.133201,100,1562.940153
353.658295,100,1563.20119
341.486231,100,1563.387385
375.412367,100,1563.565254
335.201704,100,1563.723595
335.306185,100,1563.874103
313.982382,100,1577.63387
319.886619,100,1577.798483
334.57264,100,1577.971657
364.620225,100,1578.157053
409.810203,100,1578.34235
374.57139,100,1578.49869
462.118203,100,1578.655523
409.992303,100,1578.823386
293.118907,100,1578.980855
308.610271,100,1579.252114
387.412646,100,1592.630211
385.45574,100,1592.793746
369.7924,100,1592.964105
290.036489,100,1593.170897
366.535386,100,1593.40433
415.017233,100,1593.562535
395.181701,100,1593.745901
398.717331,100,1593.899927
400.730159,100,1594.058838
337.040208,100,1594.212388
323.273844,100,1606.559487
378.385315,100,1606.725518
403.326847,100,1606.872902
299.474665,100,1607.024561
422.357231,100,1607.216059
370.678811,100,1607.43362
333.099329,100,1607.587336
348.39321,100,1607.761503
422.135634,100,1607.91464
325.339021,100,1608.070433
341.13019,100,1620.217319
401.251785,100,1620.401778
270.443646,100,1620.561211
407.615417,100,1620.743309
412.31667,100,1620.917536
311.137238,100,1621.081158
398.796543,100,1621.369174
392.881563,100,1621.564162
404.264533,100,1621.753854
318.157715,100,1621.909745
348.872253,100,1633.727396
337.467771,100,1633.90745
384.541777,100,1634.087721
310.478783,100,1634.254569
358.023547,100,1634.423578
424.686294,100,1634.602018
357.83026,100,1634.795435
283.371245,100,1634.969321
387.880886,100,1635.161823
297.977747,100,1635.389589
319.996354,100,1647.298376
383.778661,100,1647.467148
330.01818,100,1647.614183
440.443203,100,1647.782679
379.846837,100,1647.931142
274.851442,100,1648.089854
422.357153,100,1648.238818
419.115181,100,1648.389603
359.946797,100,1648.533051
334.630115,100,1648.68403
277.277584,100,1659.921108
355.467063,100,1660.077559
360.787742,100,1660.234707
344.841268,100,1660.386384
355.901688,100,1660.548546
309.877118,100,1660.704607
363.912733,100,1660.864755
402.94664,100,1661.024755
401.169954,100,1661.231987
373.969865,100,1661.436592
367.476013,100,1673.028583
403.280056,100,1673.227005
363.304671,100,1673.442599
383.697389,100,1673.587015
395.940143,100,1673.771522
400.302921,100,1673.930473
372.729629,100,1674.069588
342.947895,100,1674.211442
422.604817,100,1674.372561
420.495369,100,1674.513163
350.882478,100,1686.259434
431.149162,100,1686.416462
415.325434,100,1686.569173
380.00671,100,1686.727359
398.547783,100,1686.883281
390.685194,100,1687.032209
374.400447,100,1687.178548
357.552456,100,1687.332665
335.69518,100,1687.49938
403.825578,100,1687.757313
404.646288,100,1699.697904
395.512842,100,1699.8931
428.972569,100,1700.123054
390.999394,100,1700.297295
311.026808,100,1700.481432
356.56419,100,1700.688172
399.022722,100,1700.882491
362.835124,100,1701.063623
213.55113,100,1701.232887
416.453854,100,1701.397986
276.337993,100,1713.027329
380.764073,100,1713.181068
390.848423,100,1713.338297
357.553329,100,1713.498151
326.982317,100,1713.774115
388.522319,100,1713.964424
310.708521,100,1714.149623
318.967182,100,1714.327286
330.542716,100,1714.502225
474.965103,100,1714.674129
308.627117,100,1730.026535
337.836919,100,1730.204387
369.177737,100,1730.383848
423.906836,100,1730.558222
397.390598,100,1730.743593
292.11131,100,1730.918604
416.473059,100,1731.100446
316.856344,100,1731.29206
391.261191,100,1731.476033
374.165184,100,1731.75256
380.636327,100,1.563948
328.742824,100,1.793679
429.380904,100,1.997057
379.682052,100,2.201334
317.592575,100,2.368156
364.900467,100,2.546279
377.231446,100,2.69832
459.900554,100,2.866731
431.016398,100,3.037432
424.091237,100,3.195365
379.098469,100,14.904265
380.199599,100,15.071304
365.993668,100,15.237231
374.751892,100,15.408873
353.266523,100,15.591932
305.113093,100,15.836645
384.910252,100,16.03059
319.536432,100,16.19899
392.994593,100,16.370978
334.458582,100,16.542707
295.567852,100,29.502236
315.302088,100,29.684671
334.20633,100,29.871743
319.724441,100,30.0788
399.116667,100,30.280847
378.789613,100,30.576279
393.094972,100,30.766767
359.204387,100,30.970635
380.06909,100,31.168598
448.257531,100,31.357935
410.171347,100,46.162844
414.395187,100,46.412832
360.206207,100,46.641695
357.943154,100,46.847982
340.854586,100,47.048285
338.278253,100,47.271235
350.08484,100,47.474129
323.082152,100,47.653748
398.437412,100,47.80305
396.914954,100,47.967253
417.514029,100,60.110464
401.15403,100,60.269066
448.906533,100,60.534474
401.365277,100,60.701284
373.399409,100,60.877297
378.011579,100,61.055207
325.816015,100,61.227066
393.1605,100,61.392641
365.717306,100,61.581187
323.062564,100,61.750203
357.716926,100,74.980241
310.292005,100,75.144749
380.769519,100,75.330642
347.015345,100,75.509987
331.497758,100,75.670452
349.103803,100,75.834226
366.231709,100,75.984376
363.650228,100,76.135799
288.636055,100,76.287937
268.413471,100,76.540856
453.312227,100,89.132749
333.123092,100,89.313306
374.057489,100,89.497305
433.635368,100,89.679878
337.218517,100,89.873725
437.856795,100,90.068347
405.558641,100,90.271248
364.701332,100,90.475387
369.22196,100,90.755783
434.744567,100,90.948886
371.302692,100,103.873918
372.034216,100,104.028339
342.040658,100,104.176007
443.391438,100,104.330978
353.844212,100,104.549805
414.315025,100,104.770375
362.254013,100,104.945304
288.302886,100,105.101012
318.781128,100,105.271738
338.330944,100,105.450707
324.266809,100,117.712651
323.111626,100,117.905242
388.651243,100,118.090889
364.606495,100,118.270781
371.121487,100,118.457844
333.293175,100,118.721066
357.149386,100,118.950546
441.154843,100,119.124235
374.213777,100,119.294367
359.180842,100,119.449172
385.216388,100,131.447358
358.749303,100,131.594943
341.458872,100,131.771287
408.996211,100,131.932856
344.714637,100,132.098532
414.256131,100,132.300662
427.330523,100,132.479074
379.638601,100,132.72613
399.774501,100,132.879811
360.451366,100,133.045407
345.406099,100,145.308121
414.552017,100,145.480111
364.901118,100,145.637981
401.948279,100,145.803083
393.461123,100,145.973981
372.902905,100,146.156552
326.935349,100,146.339175
434.704542,100,146.548244
362.138836,100,146.753427
277.902088,100,146.924832
342.056403,100,159.417482
376.470965,100,159.559036
422.903279,100,159.714518
356.903982,100,159.877063
376.221642,100,160.027741
427.044413,100,160.1803
327.916057,100,160.329955
388.38812,100,160.474526
334.011042,100,160.615414
358.890287,100,160.873553
394.49063,100,171.960919
338.479666,100,172.111517
386.294878,100,172.277765
329.950837,100,172.446325
360.936101,100,172.588885
432.559876,100,172.845896
435.152772,100,173.023364
312.2601,100,173.22158
379.138587,100,173.37528
402.253424,100,173.521234
352.841193,100,187.357747
303.219984,100,187.56756
310.532081,100,187.73935
393.409836,100,187.896707
389.317452,100,188.05168
410.952647,100,188.215907
395.222517,100,188.395842
379.603996,100,188.563829
430.332015,100,188.78328
293.504,100,188.987496
366.17566,100,203.437677
403.154888,100,203.673096
387.305193,100,203.914893
428.106363,100,204.224297
377.303705,100,204.543159
345.888722,100,204.844726
309.03229,100,205.068991
351.329813,100,205.334156
342.618552,100,205.636186
404.925476,100,205.935927
420.921149,100,218.321702
399.141107,100,218.485906
384.645854,100,218.78772
342.733092,100,219.059506
299.539847,100,219.351088
341.004218,100,219.721955
314.123822,100,220.088753
404.069028,100,220.455557
347.289783,100,220.868051
391.384448,100,221.19444
345.346493,100,233.95213
391.903601,100,234.101905
317.703442,100,234.26168
284.63133,100,234.428863
429.683534,100,234.580541
381.909223,100,234.779166
326.069685,100,234.989484
352.152761,100,235.163715
330.312571,100,235.320369
294.741243,100,235.481693
410.796275,100,247.990949
417.200235,100,248.145327
343.321427,100,248.304707
381.801253,100,248.459611
389.9523,100,248.602306
310.222107,100,248.817863
374.522589,100,248.999201
403.409862,100,249.162218
312.872962,100,249.327909
368.188058,100,249.482305
398.197549,100,261.27038
439.603439,100,261.452333
389.029996,100,261.638123
328.589405,100,261.812593
422.227873,100,261.994257
379.606876,100,262.163625
260.304193,100,262.370746
345.424405,100,262.551914
369.925386,100,262.773656
267.6033,100,263.00916
360.98863,100,275.796687
366.41607,100,275.939097
315.988444,100,276.087885
326.804432,100,276.241083
434.793383,100,276.376678
421.853468,100,276.510448
347.90381,100,276.646056
418.146053,100,276.794538
380.658135,100,277.042956
391.353705,100,277.185156
355.740605,100,288.046032
361.213506,100,288.206041
422.175605,100,288.344436
416.601884,100,288.493129
332.75171,100,288.62904
288.511217,100,288.76868
343.624969,100,289.020857
335.0177,100,289.209628
294.585152,100,289.399258
309.678133,100,289.568026
306.745784,100,303.296713
421.760658,100,303.473611
389.040023,100,303.626024
336.097996,100,303.773103
422.921359,100,303.919583
367.779115,100,304.065428
389.019033,100,304.219457
337.856715,100,304.372643
367.702343,100,304.541378
400.465211,100,304.693707
462.916826,100,316.652011
329.265665,100,316.798257
414.039913,100,316.948232
365.176793,100,317.099185
348.509648,100,317.259135
310.041264,100,317.505224
414.347055,100,317.707919
416.100702,100,317.871918
380.014292,100,318.059635
322.59286,100,318.226859
284.27131,100,328.807719
383.042552,100,328.942763
374.517789,100,329.074547
346.532262,100,329.213884
347.675421,100,329.352863
377.335058,100,329.584478
381.335083,100,329.739036
408.228369,100,329.9612
363.102779,100,330.119398
359.181022,100,330.284372
301.745226,100,343.226729
406.31721,100,343.383435
381.052729,100,343.640026
401.709852,100,343.781071
281.078904,100,343.938122
316.544398,100,344.087164
455.036749,100,344.229428
332.486943,100,344.383142
391.374863,100,344.54797
361.383725,100,344.703238
422.221685,100,356.262197
394.498698,100,356.436633
343.652081,100,356.587924
263.558113,100,356.730393
393.803675,100,356.874211
349.991408,100,357.018884
315.589834,100,357.198837
388.891499,100,357.383366
388.864223,100,357.535121
267.17103,100,357.68101
350.826012,100,369.352466
468.888278,100,369.505834
404.924706,100,369.667426
412.256168,100,369.814386
383.863752,100,370.014389
462.308632,100,370.243881
298.394614,100,370.395041
389.572873,100,370.572001
299.078989,100,370.73086
304.208941,100,370.881181
376.433595,100,382.633911
338.791782,100,382.822391
315.535588,100,382.988322
372.590613,100,383.148392
369.637767,100,383.290956
438.713318,100,383.439043
348.417525,100,383.580322
340.378179,100,383.723228
430.971131,100,383.872299
309.374071,100,384.009221
290.534316,100,395.546449
367.4074,100,395.714638
412.352833,100,395.886018
422.715299,100,396.050348
421.603158,100,396.2262
405.526236,100,396.412006
414.613936,100,396.57768
407.431609,100,396.757756
318.343001,100,397.042034
389.337078,100,397.233896
412.345421,100,410.106594
450.410893,100,410.388923
350.063251,100,410.669084
334.769017,100,410.978958
345.722396,100,411.223092
387.002924,100,411.514863
348.136815,100,411.786781
277.549875,100,412.066233
298.034438,100,412.357138
471.99769,100,412.650953
410.854572,100,426.231537
352.387528,100,426.379745
323.986468,100,426.527675
376.28719,100,426.667323
365.327918,100,426.878977
389.552126,100,427.076506
425.739722,100,427.24661
398.689024,100,427.427678
439.442003,100,427.585143
396.482264,100,427.736758
435.263734,100,438.719267
373.648202,100,438.895597
385.400109,100,439.127748
402.079947,100,439.272918
426.927377,100,439.441371
330.984499,100,439.592183
292.053407,100,439.745679
367.603597,100,439.904101
400.090877,100,440.050201
406.38154,100,440.197238
340.114315,100,455.703833
422.738892,100,455.844592
273.982214,100,455.987717
392.484035,100,456.147843
326.522597,100,456.294622
319.941883,100,456.440947
388.603882,100,456.577228
431.58457,100,456.718962
430.514877,100,456.883884
307.298004,100,457.080163
422.660216,100,467.768904
313.067617,100,467.931381
427.285562,100,468.087816
413.798193,100,468.242919
402.146044,100,468.414422
341.870183,100,468.568341
389.45566,100,468.715777
402.280085,100,468.886959
368.02752,100,469.121206
416.014399,100,469.288044
367.040488,100,479.954369
443.847826,100,480.132586
354.32184,100,480.30418
395.686363,100,480.474674
426.913167,100,480.632366
418.876193,100,480.789296
379.479284,100,480.939881
327.326029,100,481.117994
358.897344,100,481.337438
421.942889,100,481.554596
402.504472,100,492.819706
387.610777,100,492.97198
372.362918,100,493.128577
335.300348,100,493.340107
325.410174,100,493.579069
405.543656,100,493.729167
337.561478,100,493.892583
374.142986,100,494.038033
420.762231,100,494.18906
358.893786,100,494.345375
375.946393,100,505.838532
417.795561,100,506.016673
354.17712,100,506.162734
376.683762,100,506.319752
408.578793,100,506.487717
438.559392,100,506.648002
380.271539,100,506.794118
273.212264,100,506.948483
383.725102,100,507.108197
358.447408,100,507.326056
300.638312,100,519.08062
393.940142,100,519.325766
294.606755,100,519.545577
394.659266,100,519.763194
322.695842,100,520.000629
314.447656,100,520.172054
412.700532,100,520.350851
357.340356,100,520.509191
325.46475,100,520.655398
265.140976,100,520.799656
327.984929,100,531.884783
394.911186,100,532.044741
364.594509,100,532.217921
394.204537,100,532.403317
338.437265,100,532.568938
377.80041,100,532.737988
429.460376,100,532.904506
345.570223,100,533.071179
273.631395,100,533.236317
401.982528,100,533.498037
299.872744,100,548.850461
367.025412,100,549.000297
409.42442,100,549.155778
373.274713,100,549.358809
314.194928,100,549.565159
333.166162,100,549.726204
411.920592,100,549.891018
361.640398,100,550.04638
431.78037,100,550.210662
335.371193,100,550.365881
400.430572,100,564.915978
448.954261,100,565.072583
413.690812,100,565.225597
450.078463,100,565.478094
384.185766,100,565.633457
325.080198,100,565.788112
414.081906,100,565.956773
447.84925,100,566.107796
268.504456,100,566.267981
358.304718,100,566.431999
364.823254,100,578.172859
386.130603,100,578.32687
316.28383,100,578.481664
425.69801,100,578.62765
410.846096,100,578.771418
393.639868,100,578.917189
384.956668,100,579.061081
353.036109,100,579.21313
322.905536,100,579.463002
340.742021,100,579.616996
366.407161,100,590.938011
345.759366,100,591.069812
443.854735,100,591.21107
369.008167,100,591.460832
358.171382,100,591.643717
421.567996,100,591.809107
363.484545,100,591.957782
396.032538,100,592.097663
451.365984,100,592.275728
282.877781,100,592.444748
276.343843,100,603.486917
376.650394,100,603.730211
340.220382,100,603.967806
340.172439,100,604.271422
375.660894,100,604.568277
391.57244,100,604.868757
369.519111,100,605.159883
383.289283,100,605.46787
321.264892,100,605.708317
424.953536,100,605.970368
350.278836,100,617.717647
432.14245,100,617.891474
276.005964,100,618.026543
381.000883,100,618.170743
455.345168,100,618.31438
440.550641,100,618.466168
274.402859,100,618.619321
389.725672,100,618.761756
377.603108,100,618.898843
395.787991,100,619.03735
384.869561,100,632.55162
395.97134,100,632.708079
356.072843,100,632.859759
351.845214,100,633.023854
337.908456,100,633.181242
381.017562,100,633.350303
293.489604,100,633.515102
386.920604,100,633.690563
324.920834,100,633.911082
353.422486,100,634.075126
418.735018,100,645.63077
286.370664,100,645.926582
372.235063,100,646.166208
344.14289,100,646.369893
390.123781,100,646.536068
382.687606,100,646.706327
402.645039,100,646.918454
375.964158,100,647.08469
413.384794,100,647.272832
426.814821,100,647.476772
333.691452,100,660.562689
361.547397,100,660.715249
433.937921,100,660.876567
344.97392,100,661.041748
309.349201,100,661.198554
244.130898,100,661.347943
411.462591,100,661.512022
383.750736,100,661.691704
264.346014,100,661.951696
304.556781,100,662.108423
336.09129,100,675.784381
411.085527,100,676.128561
434.953135,100,676.432185
313.023036,100,676.667701
355.281943,100,676.896709
415.50975,100,677.126302
401.264426,100,677.291553
416.280127,100,677.549018
397.211345,100,677.741055
319.79864,100,677.932458
379.007946,100,691.626292
319.59363,100,691.777554
315.204931,100,691.94542
346.497599,100,692.215883
320.847827,100,692.37769
393.407725,100,692.557311
417.627669,100,692.712129
363.06518,100,692.871692
374.50338,100,693.033125
371.514492,100,693.214011
397.694528,100,706.713337
325.063897,100,706.93198
369.431892,100,707.125226
422.824978,100,707.326791
327.308769,100,707.50372
391.356896,100,707.681571
292.306227,100,707.851314
401.221529,100,708.089017
464.857766,100,708.328117
446.723273,100,708.531266
299.150092,100,721.647229
345.075023,100,721.820863
417.327802,100,721.968471
389.889493,100,722.126128
449.459033,100,722.363595
371.381229,100,722.572536
362.677667,100,722.763454
290.810706,100,722.945133
298.972964,100,723.098103
355.774859,100,723.301314
386.95636,100,736.451113
401.386499,100,736.620445
286.840924,100,736.817265
319.297264,100,736.986803
342.652653,100,737.155579
328.437619,100,737.364059
408.47549,100,737.583941
346.606096,100,737.765654
431.731472,100,737.941429
410.527745,100,738.106896
430.196156,100,751.946706
319.274947,100,752.242186
411.632331,100,752.523093
319.353906,100,752.762138
308.224638,100,753.031252
378.562898,100,753.332109
372.999474,100,753.637063
329.996445,100,753.939608
326.87914,100,754.240208
354.110842,100,754.581432
431.825514,100,767.60792
405.434445,100,767.759205
398.642238,100,767.933506
425.174863,100,768.086071
425.300124,100,768.256325
363.493123,100,768.494181
293.815606,100,768.672423
345.163176,100,768.829427
364.579251,100,768.993994
341.360065,100,769.223305
352.662584,100,781.253223
360.474121,100,781.415122
402.006597,100,781.579853
396.690561,100,781.721009
385.166102,100,781.871351
335.579445,100,782.012383
415.332801,100,782.153249
427.613573,100,782.394185
242.094599,100,782.561126
340.814253,100,782.730592
393.420166,100,794.503686
302.901795,100,794.65913
411.691018,100,794.828166
317.108473,100,794.973691
409.253076,100,795.127754
350.165698,100,795.286732
331.248215,100,795.450022
423.081403,100,795.623091
356.39817,100,795.771667
347.175294,100,795.929747
337.456945,100,807.057271
413.286285,100,807.219745
367.464555,100,807.410992
425.765593,100,807.589128
282.319012,100,807.743942
323.165215,100,807.899967
409.8927,100,808.042465
317.320931,100,808.187457
338.793229,100,808.447799
276.098426,100,808.607019
313.003903,100,819.995252
384.703797,100,820.131734
281.758725,100,820.344609
390.292129,100,820.561136
446.580965,100,820.743872
294.348794,100,820.920713
446.353116,100,821.088726
371.009338,100,821.278835
426.497711,100,821.460969
454.92571,100,821.624465
327.401456,100,834.937222
362.76496,100,835.080976
404.647791,100,835.230172
299.554784,100,835.385871
316.77713,100,835.546497
305.397135,100,835.702601
282.672826,100,835.87772
426.055701,100,836.047261
319.770831,100,836.211034
404.043816,100,836.424453
418.910994,100,851.516797
415.217751,100,851.672937
369.276044,100,851.824161
363.889096,100,851.978917
419.450136,100,852.13587
364.349283,100,852.307147
302.794218,100,852.567101
333.462681,100,852.741257
330.70055,100,852.906129
361.274295,100,853.051895
411.531868,100,865.149237
371.746144,100,865.317583
361.599503,100,865.493615
339.271081,100,865.662872
388.176389,100,865.834977
313.974214,100,865.994246
397.602699,100,866.150289
317.438134,100,866.303839
382.954148,100,866.574149
363.19877,100,866.722939
369.902779,100,878.452811
311.554896,100,878.830213
423.732926,100,879.192071
334.596733,100,879.420057
394.445304,100,879.572901
344.059995,100,879.726958
367.562987,100,879.878577
386.841493,100,880.033695
460.420194,100,880.182198
353.249341,100,880.34328
350.26657,100,892.381632
349.657649,100,892.54157
364.905247,100,892.887254
364.315451,100,893.075607
372.289375,100,893.274809
360.61013,100,893.435393
313.592977,100,893.602965
297.809627,100,893.764818
331.196606,100,893.956559
350.445024,100,894.132397
313.634021,100,906.329991
428.863735,100,906.494925
395.125674,100,906.653057
418.552486,100,906.933826
389.902122,100,907.113536
387.141242,100,907.333042
381.274998,100,907.564654
475.065447,100,907.758653
348.930868,100,907.954868
309.661239,100,908.136598
363.550214,100,921.936087
399.584725,100,922.125156
378.653623,100,922.340957
357.40621,100,922.548848
366.882286,100,922.764758
341.528081,100,923.011948
355.018281,100,923.200862
415.524892,100,923.388522
371.138631,100,923.575404
376.792829,100,923.740028
435.580779,100,935.365703
386.869137,100,935.517836
360.053368,100,935.660921
443.025426,100,935.810277
323.114192,100,935.959778
316.357277,100,936.101991
300.363093,100,936.262989
343.410454,100,936.431383
353.47061,100,936.583004
357.993673,100,936.766886
366.589823,100,949.883198
290.62596,100,950.049418
403.346744,100,950.221129
267.906858,100,950.394947
304.974126,100,950.556733
325.827643,100,950.712432
271.773289,100,950.976289
387.598008,100,951.168511
383.683258,100,951.381157
345.391027,100,951.539665
427.136394,100,962.562577
373.148329,100,962.708223
412.350101,100,962.904751
423.967966,100,963.12098
351.365292,100,963.297065
338.816476,100,963.464111
382.700042,100,963.613035
361.765593,100,963.771205
336.057445,100,963.924629
386.586032,100,964.075564
308.836166,100,975.792749
381.882568,100,975.956014
404.867576,100,976.113263
310.624998,100,976.277288
317.39971,100,976.432733
338.633702,100,976.587872
331.370477,100,976.740194
366.432417,100,976.895872
350.511451,100,977.167737
332.296327,100,977.353649
305.593569,100,989.662881
336.574303,100,989.838793
388.128379,100,990.007641
392.431395,100,990.186882
371.281627,100,990.363141
441.127724,100,990.52892
358.049346,100,990.683868
365.707656,100,990.841305
345.000689,100,991.074412
316.22623,100,991.281451
364.908047,100,1003.047126
397.310219,100,1003.31312
337.47432,100,1003.527395
393.47531,100,1003.710389
369.930813,100,1003.874945
370.022408,100,1004.047365
329.64835,100,1004.222636
356.947067,100,1004.384634
368.154291,100,1004.552021
290.589126,100,1004.720478
352.947746,100,1015.896575
378.443342,100,1016.040787
455.879033,100,1016.198673
333.384873,100,1016.364217
275.138199,100,1016.524803
361.201017,100,1016.671022
411.419266,100,1016.813202
398.589437,100,1016.960094
436.008338,100,1017.10145
289.006995,100,1017.337751
289.001474,100,1032.634856
368.919256,100,1032.792994
329.119126,100,1032.948138
391.88064,100,1033.126079
404.023868,100,1033.390147
397.155618,100,1033.564256
337.429961,100,1033.748504
425.489035,100,1033.886464
413.444533,100,1034.033088
356.822042,100,1034.176199
341.508296,100,1045.15595
390.449244,100,1045.417559
404.639755,100,1045.574131
385.670913,100,1045.754692
399.658522,100,1045.897976
343.351406,100,1046.037937
309.295426,100,1046.182569
278.479643,100,1046.343917
347.101845,100,1046.507884
391.676518,100,1046.644089
442.476372,100,1058.154393
392.621376,100,1058.302619
315.97222,100,1058.452637
387.701264,100,1058.597775
404.748024,100,1058.744528
326.534209,100,1058.887198
430.212588,100,1059.049673
315.646298,100,1059.238585
458.721546,100,1059.478895
426.722671,100,1059.688577
382.514078,100,1070.949005
420.704144,100,1071.094768
276.30145,100,1071.245468
278.634369,100,1071.44232
407.892883,100,1071.671251
384.961176,100,1071.83843
393.679867,100,1071.996449
364.258648,100,1072.141742
288.671645,100,1072.315013
327.684047,100,1072.475335
431.544472,100,1085.996395
400.230376,100,1086.184134
276.495481,100,1086.369267
426.970837,100,1086.542098
343.163959,100,1086.709099
403.993853,100,1086.869692
339.891179,100,1087.053852
455.043292,100,1087.220011
348.184485,100,1087.475688
363.202899,100,1087.775498
341.321173,100,1102.559451
439.74758,100,1102.714151
338.755213,100,1102.863425
331.641354,100,1103.014868
379.149065,100,1103.169462
413.021607,100,1103.32661
410.304211,100,1103.477076
380.849546,100,1103.628664
374.340503,100,1103.873999
341.629298,100,1104.043973
326.71412,100,1115.331224
364.10611,100,1115.49352
338.028198,100,1115.661212
330.63136,100,1115.9279
387.66231,100,1116.09103
418.789958,100,1116.258237
364.292297,100,1116.421413
299.709637,100,1116.565199
430.162281,100,1116.724857
362.698738,100,1116.88098
310.312801,100,1127.764227
421.912427,100,1127.918718
448.48361,100,1128.128085
385.324873,100,1128.344408
372.416608,100,1128.511944
368.220625,100,1128.68093
313.617518,100,1128.829792
342.657253,100,1128.973613
333.26046,100,1129.121232
432.886419,100,1129.270934
265.121362,100,1141.061254
369.445818,100,1141.221777
417.228337,100,1141.390044
383.974944,100,1141.548722
351.213543,100,1141.707666
314.411267,100,1141.932554
310.545316,100,1142.169136
347.512589,100,1142.412321
280.40677,100,1142.620045
383.353574,100,1142.800664
397.456441,100,1154.731219
452.701815,100,1154.863654
338.376303,100,1155.007231
316.411823,100,1155.157193
375.336703,100,1155.308619
353.03312,100,1155.462054
419.627803,100,1155.604055
369.10619,100,1155.757731
362.619425,100,1155.901949
431.058844,100,1156.074562
381.059733,100,1169.267702
346.819581,100,1169.422178
323.714998,100,1169.556111
425.585696,100,1169.686443
402.085395,100,1169.821002
440.866058,100,1169.975021
314.784344,100,1170.152758
444.949154,100,1170.398274
267.30615,100,1170.545668
433.211447,100,1170.70964
385.367747,100,1181.845396
331.666952,100,1181.985148
298.684834,100,1182.162909
354.566897,100,1182.412771
389.039229,100,1182.567042
316.237402,100,1182.727624
384.555884,100,1182.894005
355.761559,100,1183.032917
357.588374,100,1183.168994
410.522915,100,1183.328454
342.901887,100,1195.868301
392.733485,100,1196.033275
275.098717,100,1196.325883
414.901287,100,1196.509095
331.704202,100,1196.701916
316.789791,100,1196.886809
336.981623,100,1197.053331
280.402626,100,1197.238145
257.177376,100,1197.436471
414.576187,100,1197.617945
331.642958,100,1209.200004
301.962744,100,1209.37937
339.164669,100,1209.557225
345.894647,100,1209.726832
313.416529,100,1209.91279
375.80183,100,1210.080322
422.108915,100,1210.378366
278.203295,100,1210.564742
293.33128,100,1210.764112
421.536161,100,1210.938043
361.166105,100,1223.704978
349.93382,100,1223.868824
335.26042,100,1224.029024
387.429152,100,1224.199004
447.376074,100,1224.415448
356.792607,100,1224.629555
363.447254,100,1224.804427
313.197853,100,1224.987103
328.467986,100,1225.14408
412.649897,100,1225.308884
334.40038,100,1236.91254
372.819927,100,1237.06705
350.619601,100,1237.202271
420.856751,100,1237.356449
408.89763,100,1237.522619
321.624516,100,1237.686208
358.592147,100,1237.831557
361.790893,100,1237.99017
411.53955,100,1238.132887
324.274463,100,1238.279987
339.28344,100,1251.750962
286.60188,100,1251.90624
303.786853,100,1252.055706
381.382955,100,1252.202183
338.221366,100,1252.35805
426.422329,100,1252.5114
433.534678,100,1252.781174
355.591308,100,1252.942196
411.678193,100,1253.118743
345.808039,100,1253.26821
286.019685,100,1265.79703
292.737856,100,1265.968433
444.754798,100,1266.140112
394.864024,100,1266.303637
281.501069,100,1266.469353
361.576568,100,1266.633122
302.762258,100,1266.893083
355.870705,100,1267.070943
262.736574,100,1267.232144
403.919127,100,1267.418714
378.884227,100,1279.222895
370.962693,100,1279.396101
347.488697,100,1279.562914
419.098621,100,1279.735101
329.408151,100,1279.910276
380.201794,100,1280.061463
415.592235,100,1280.216897
279.939764,100,1280.392203
408.641381,100,1280.54356
336.850507,100,1280.703525
314.485761,100,1291.610756
340.056151,100,1291.758326
302.896292,100,1291.909583
364.98756,100,1292.055336
404.488652,100,1292.194722
353.658824,100,1292.341867
408.878575,100,1292.482039
281.53397,100,1292.624324
397.802179,100,1292.840997
396.958148,100,1293.026988
375.24452,100,1303.418089
375.435763,100,1303.564801
363.79402,100,1303.715907
312.570222,100,1303.859041
339.284958,100,1304.018592
293.784358,100,1304.188853
351.01951,100,1304.343811
426.987172,100,1304.515134
338.136753,100,1304.667371
387.461536,100,1304.926169
352.918468,100,1318.754081
283.840858,100,1319.01975
370.640249,100,1319.236891
302.142364,100,1319.428088
292.132041,100,1319.612453
378.414709,100,1319.798345
410.070139,100,1319.984877
334.409307,100,1320.159433
289.803602,100,1320.355839
340.192747,100,1320.546869
349.324562,100,1334.461832
400.363924,100,1334.616395
365.296943,100,1334.85209
328.752662,100,1335.048082
402.722245,100,1335.200819
344.435156,100,1335.372512
393.132956,100,1335.523047
380.653577,100,1335.666077
324.82502,100,1335.808674
332.792937,100,1335.968738
423.950282,100,1348.292183
330.541044,100,1348.444183
344.424806,100,1348.596394
395.513069,100,1348.781226
301.625345,100,1349.001296
327.251536,100,1349.162426
324.807211,100,1349.326648
390.979046,100,1349.473139
231.196266,100,1349.614014
351.593988,100,1349.765271
343.972875,100,1361.537607
409.917489,100,1361.683242
309.035398,100,1361.821533
339.693433,100,1361.971144
380.413427,100,1362.124656
323.427942,100,1362.287062
320.647859,100,1362.439177
388.728537,100,1362.58755
312.750021,100,1362.769877
426.663219,100,1362.990666
297.888642,100,1373.852281
332.897452,100,1374.016651
304.89406,100,1374.188829
348.734934,100,1374.352902
394.217334,100,1374.515309
417.584693,100,1374.676988
313.520374,100,1374.938344
349.781776,100,1375.113291
394.993537,100,1375.302276
357.112588,100,1375.456937
394.343177,100,1387.016242
456.035736,100,1387.172411
474.159315,100,1387.369275
330.462628,100,1387.575703
298.896411,100,1387.756922
364.586177,100,1387.952425
340.110892,100,1388.112262
343.651194,100,1388.269168
318.304045,100,1388.425672
329.822855,100,1388.581987
332.004139,100,1399.821996
322.205656,100,1399.985222
394.329354,100,1400.129172
345.325872,100,1400.274469
429.756383,100,1400.430474
360.44663,100,1400.57697
436.601516,100,1400.727078
372.582865,100,1400.931152
371.460072,100,1401.154718
416.890738,100,1401.307713
279.603776,100,1412.774988
326.815491,100,1412.951294
347.995899,100,1413.177631
350.816268,100,1413.337721
312.016034,100,1413.519365
396.481359,100,1413.683779
317.750257,100,1413.831389
424.075232,100,1413.98661
334.246917,100,1414.136968
368.543087,100,1414.298047
420.4712,100,1427.476959
307.1119,100,1427.667321
393.940453,100,1427.849187
341.475992,100,1428.052314
340.2401,100,1428.248836
360.011107,100,1428.442858
386.877274,100,1428.63201
316.016547,100,1428.805744
303.072948,100,1429.050878
332.466423,100,1429.257673
359.999924,100,1442.976032
268.705783,100,1443.197841
426.159677,100,1443.391385
335.992617,100,1443.547178
418.027409,100,1443.705339
342.045063,100,1443.859554
452.526886,100,1444.017519
353.863813,100,1444.173899
306.468268,100,1444.329821
395.56062,100,1444.47876
377.001447,100,1456.200935
375.203382,100,1456.354363
310.810647,100,1456.507581
431.147237,100,1456.666894
362.009481,100,1456.827209
340.614662,100,1457.0564
402.689066,100,1457.250728
394.632667,100,1457.452214
396.646761,100,1457.634884
366.860966,100,1457.795459
439.965588,100,1470.46897
430.623228,100,1470.615797
379.687783,100,1470.768706
374.741887,100,1470.957863
405.169464,100,1471.185327
407.058638,100,1471.343287
402.168029,100,1471.519902
363.581905,100,1471.690747
427.144856,100,1471.84793
317.720709,100,1472.015625
364.488584,100,1483.550962
360.207876,100,1483.699304
343.922348,100,1483.846817
273.25869,100,1484.008226
308.238607,100,1484.178621
384.503151,100,1484.339737
365.882302,100,1484.495385
331.382908,100,1484.643359
413.081878,100,1484.798917
341.646265,100,1484.994672
395.800193,100,1498.477239
368.532344,100,1498.619473
398.440627,100,1498.764462
381.502586,100,1498.909786
302.230344,100,1499.167218
358.756871,100,1499.319456
345.162628,100,1499.490006
377.436405,100,1499.63713
374.467466,100,1499.784118
371.317259,100,1499.937469
334.754258,100,1512.072108
476.433568,100,1512.26785
358.808875,100,1512.449945
386.20707,100,1512.627903
350.680541,100,1512.804387
327.773583,100,1513.025192
397.424435,100,1513.238392
471.593972,100,1513.430932
352.04821,100,1513.588664
337.716793,100,1513.741201
383.186502,100,1524.850838
410.846582,100,1524.987992
346.841715,100,1525.190352
386.653087,100,1525.395936
383.768184,100,1525.560667
381.762,100,1525.713129
365.930004,100,1525.852833
403.480725,100,1526.016757
303.136096,100,1526.172417
378.630901,100,1526.335267
410.263701,100,1539.001982
381.82323,100,1539.239228
382.28269,100,1539.441394
424.051336,100,1539.591785
372.217077,100,1539.766882
411.560156,100,1539.935531
332.558695,100,1540.092907
280.915611,100,1540.248775
382.246124,100,1540.415298
323.567124,100,1540.577291
327.918058,100,1551.841811
310.775853,100,1551.995285
361.900143,100,1552.166274
395.63977,100,1552.343339
353.35532,100,1552.510162
380.138272,100,1552.673162
396.279468,100,1552.832159
365.556332,100,1553.001388
374.760863,100,1553.266264
345.224631,100,1553.432468
401.197827,100,1564.39345
319.596775,100,1564.626549
379.244023,100,1564.776972
327.636116,100,1564.94671
294.574171,100,1565.083345
347.761177,100,1565.229152
329.610833,100,1565.370618
380.356406,100,1565.529958
325.98025,100,1565.670842
346.21348,100,1565.813377
312.941232,100,1579.965587
304.505057,100,1580.270189
332.769997,100,1580.578923
346.079505,100,1580.817603
410.435137,100,1581.096432
357.177898,100,1581.403825
452.435539,100,1581.704642
401.455206,100,1581.999603
290.285162,100,1582.307097
314.25051,100,1582.609665
366.118741,100,1596.734535
396.174138,100,1596.905422
382.484926,100,1597.082274
289.730423,100,1597.258016
362.095851,100,1597.445186
407.992504,100,1597.603081
389.739077,100,1597.767906
379.985599,100,1597.936203
399.475067,100,1598.096224
338.267317,100,1598.249958
310.011844,100,1610.31352
366.458924,100,1610.501861
391.514238,100,1610.720065
296.081683,100,1610.868427
415.201664,100,1611.028243
369.978988,100,1611.176993
331.920713,100,1611.326979
334.945609,100,1611.477914
426.036392,100,1611.638705
308.222305,100,1611.78587
349.033546,100,1623.32089
381.590221,100,1623.480941
288.204162,100,1623.649243
395.457304,100,1623.794034
400.648605,100,1623.95153
328.872004,100,1624.090986
380.687791,100,1624.228584
389.879642,100,1624.372311
400.565074,100,1624.628841
311.679098,100,1624.782391
359.666561,100,1636.749282
325.515283,100,1637.172118
393.951795,100,1637.63329
300.286963,100,1637.930997
356.975113,100,1638.182766
429.621511,100,1638.45064
356.028796,100,1638.731026
272.569383,100,1638.96331
392.081184,100,1639.176428
305.002658,100,1639.401176
297.248536,100,1653.355718
360.142312,100,1653.503872
323.996915,100,1653.664367
450.409177,100,1653.808663
379.616129,100,1653.959224
273.832703,100,1654.103696
417.720186,100,1654.253654
392.076043,100,1654.4383
345.811253,100,1654.679128
327.375066,100,1654.847553
288.219772,100,1667.547057
355.349399,100,1667.710742
345.139335,100,1667.880289
324.078639,100,1668.048878
354.207208,100,1668.218043
316.789783,100,1668.395481
354.354108,100,1668.68875
386.186097,100,1668.845673
403.862081,100,1669.012572
382.634812,100,1669.162189
338.541262,100,1684.323469
395.347857,100,1684.482996
360.582012,100,1684.638629
371.061362,100,1684.79202
406.027332,100,1684.932405
378.990641,100,1685.140131
383.514018,100,1685.336028
362.240257,100,1685.505709
418.943797,100,1685.677307
408.518675,100,1685.85417
338.224886,100,1697.11344
427.637776,100,1697.26141
422.681776,100,1697.544053
386.455133,100,1697.715439
393.57459,100,1697.888069
407.956943,100,1698.042212
360.561731,100,1698.197706
341.569676,100,1698.363297
330.392739,100,1698.525122
408.159976,100,1698.68137
396.763813,100,1710.78081
370.301752,100,1710.947183
434.970167,100,1711.121876
397.218522,100,1711.296769
318.471927,100,1711.57977
344.552229,100,1711.766315
395.014363,100,1711.945171
358.883437,100,1712.115343
227.643295,100,1712.286542
418.252916,100,1712.462219
272.057958,100,1724.513932
385.650802,100,1724.671922
384.164024,100,1724.823596
354.72983,100,1724.971412
327.997232,100,1725.11478
392.258645,100,1725.260556
306.830326,100,1725.507326
343.353743,100,1725.675715
322.377097,100,1725.855632
477.636707,100,1726.014109
318.76538,100,1738.369594
346.44937,100,1738.542698
354.613982,100,1738.723861
415.819971,100,1738.909302
401.467619,100,1739.124918
286.437586,100,1739.324691
428.494573,100,1739.566415
312.753695,100,1739.744405
380.251693,100,1739.905539
386.870947,100,1740.064281
