#{"t_start": 1784399297.731418, "env_id": "None"}
r,l,t
187.393132,100,2.170915
212.618759,100,2.486424
141.929543,100,2.743892
209.701614,100,2.984225
161.431664,100,3.229958
210.338632,100,3.482799
157.780534,100,3.70885
165.766032,100,3.919698
147.804633,100,4.157638
141.677277,100,4.410936
133.418021,100,19.05926
215.235985,100,19.299443
242.321781,100,19.603917
189.809096,100,19.909208
161.630384,100,20.222531
196.407015,100,20.525906
174.943425,100,20.854598
240.925013,100,21.168542
204.364711,100,21.490047
171.16891,100,21.821584
180.160818,100,33.895961
148.46536,100,34.046279
192.639606,100,34.194213
243.892253,100,34.346222
243.157544,100,34.521654
151.094583,100,34.685837
153.139339,100,34.851783
154.615622,100,34.999515
211.135041,100,35.174861
182.538674,100,35.414506
224.049591,100,46.789057
217.20023,100,47.159651
150.374751,100,47.494086
164.644249,100,47.759372
199.751554,100,48.061562
116.426906,100,48.390619
165.697257,100,48.719779
195.487761,100,49.019093
197.118109,100,49.305133
200.362516,100,49.606244
167.23679,100,62.325966
200.025221,100,62.489333
203.218302,100,62.669699
193.578451,100,62.837769
246.111647,100,63.024279
216.471912,100,63.216117
195.274929,100,63.478651
223.674287,100,63.64828
148.388374,100,63.842739
175.323895,100,64.026409
153.347064,100,75.586754
213.950608,100,75.753917
164.68786,100,75.928703
149.754164,100,76.105266
233.13639,100,76.288187
224.586793,100,76.492482
146.211783,100,76.725464
177.797321,100,76.924131
137.379416,100,77.111678
147.433734,100,77.278034
203.929052,100,90.417202
187.827004,100,90.738988
194.246485,100,91.074812
211.591177,100,91.4184
172.686429,100,91.722441
223.622881,100,92.00671
142.341086,100,92.335859
231.007311,100,92.651719
230.86156,100,92.986678
247.015261,100,93.298555
237.592889,100,107.900445
122.782684,100,108.091864
209.354409,100,108.294194
171.801802,100,108.490598
173.535788,100,108.685882
142.484964,100,108.87828
178.951378,100,109.050865
187.68088,100,109.22176
168.382013,100,109.486769
182.561431,100,109.66726
196.182187,100,124.396774
241.196547,100,124.559749
179.965123,100,124.717903
161.109615,100,124.874175
159.060245,100,125.043035
194.821135,100,125.210979
237.659755,100,125.36785
185.127725,100,125.536195
157.225164,100,125.731586
168.401444,100,125.971725
255.054108,100,145.415582
291.057666,100,145.843665
206.373431,100,146.187608
266.404038,100,146.597876
248.027188,100,147.003195
208.954709,100,147.388629
274.63929,100,147.801651
232.85884,100,148.015798
232.428496,100,148.196745
206.237903,100,148.349114
212.920245,100,161.306821
176.327942,100,161.491476
213.621518,100,161.721153
201.092574,100,161.968765
255.171984,100,162.115674
193.924077,100,162.291456
245.255882,100,162.449044
156.064872,100,162.60897
271.610384,100,162.779741
228.613099,100,162.957872
213.791814,100,177.28093
245.902786,100,177.605986
237.962059,100,177.92983
247.101348,100,178.193892
240.138294,100,178.510987
217.157438,100,178.844245
218.263672,100,179.160373
267.421861,100,179.485387
149.868096,100,179.83242
179.971098,100,180.089117
195.304429,100,191.398321
224.522012,100,191.537824
188.218686,100,191.704023
182.0147,100,191.958592
283.753303,100,192.125882
245.26513,100,192.308943
217.984315,100,192.469503
228.221138,100,192.622734
207.210155,100,192.790173
267.539361,100,192.965399
221.202302,100,207.233138
245.989289,100,207.409015
218.496359,100,207.599539
301.832728,100,207.858206
240.618125,100,208.070635
209.419195,100,208.26496
202.30401,100,208.454463
258.798923,100,208.638279
251.327644,100,208.822438
205.163719,100,209.021516
284.890099,100,221.204772
207.917572,100,221.361201
163.563167,100,221.517198
191.940062,100,221.69392
328.212765,100,221.952537
164.811988,100,222.104128
212.570026,100,222.262496
201.778061,100,222.446121
252.618306,100,222.614581
251.075638,100,222.78805
263.383437,100,235.441172
322.432491,100,235.65968
171.878011,100,235.96821
164.011426,100,236.13811
276.191266,100,236.343485
236.311783,100,236.547271
230.660493,100,236.764832
176.192552,100,237.016237
240.525103,100,237.215586
202.331092,100,237.41923
267.700417,100,253.943642
221.62572,100,254.284228
232.69812,100,254.594751
278.338207,100,254.907809
194.640115,100,255.249584
228.739801,100,255.581274
221.785855,100,255.896106
234.922744,100,256.186143
227.161113,100,256.38907
239.153963,100,256.591195
176.781052,100,272.541593
222.031631,100,272.846155
283.385474,100,273.170685
209.368456,100,273.486833
204.417349,100,273.802802
258.625029,100,274.122902
213.939699,100,274.382669
184.997721,100,274.549258
179.454711,100,274.708095
280.937099,100,274.851747
229.554102,100,287.221266
219.223478,100,287.397823
234.950359,100,287.591498
290.880488,100,287.781738
293.127478,100,287.946593
283.047752,100,288.127089
328.235476,100,288.407741
293.547284,100,288.585148
192.635317,100,288.78772
304.692513,100,288.958618
279.472849,100,302.346135
226.619079,100,302.534956
243.118806,100,302.721966
276.027421,100,302.923296
256.066349,100,303.087161
224.458285,100,303.237248
289.667535,100,303.399832
262.362351,100,303.55945
298.953859,100,303.703882
233.789162,100,303.843231
272.962347,100,316.223952
276.552827,100,316.500625
228.056072,100,316.697316
158.44387,100,316.924535
232.516023,100,317.09664
284.423865,100,317.27251
273.716842,100,317.460055
246.206126,100,317.635779
220.979844,100,317.81851
224.427019,100,318.00442
253.045149,100,330.173524
266.713847,100,330.401961
224.496184,100,330.621599
292.908117,100,330.807669
238.333089,100,330.997936
259.640581,100,331.169688
249.108158,100,331.341524
298.51856,100,331.504625
288.235176,100,331.684878
213.510611,100,331.855993
212.40642,100,344.432028
251.109735,100,344.631747
259.386786,100,344.862291
287.121525,100,345.03605
252.168057,100,345.207701
294.119567,100,345.381442
201.147627,100,345.564835
213.946978,100,345.766285
310.547489,100,345.944748
204.060281,100,346.104649
224.291195,100,361.143967
227.277474,100,361.331926
239.525751,100,361.508877
224.208683,100,361.705166
302.505506,100,361.890813
265.657743,100,362.07298
248.519828,100,362.245513
242.627556,100,362.508932
255.100384,100,362.710021
315.148568,100,362.917972
230.555955,100,375.3007
303.735077,100,375.444597
284.992321,100,375.602126
205.450552,100,375.757547
261.850257,100,375.928185
370.310432,100,376.089384
283.732004,100,376.240767
246.790398,100,376.38796
294.742605,100,376.613249
270.986235,100,376.889801
206.378001,100,389.584279
223.806911,100,389.768982
271.687657,100,389.964853
290.284391,100,390.166798
224.465509,100,390.353385
183.881961,100,390.548118
297.161889,100,390.782161
275.515568,100,391.061037
194.036902,100,391.282022
250.237915,100,391.471082
270.994465,100,402.399685
349.100602,100,402.53986
295.965791,100,402.685503
253.099588,100,402.83885
203.694054,100,403.101649
177.351743,100,403.27001
263.756812,100,403.474211
315.812766,100,403.647845
279.950119,100,403.817971
238.894982,100,403.992606
244.881244,100,415.920015
254.288484,100,416.072906
235.28839,100,416.221887
224.802522,100,416.364477
281.889435,100,416.512062
248.967015,100,416.678645
217.8312,100,416.838312
271.058594,100,417.004989
271.004602,100,417.151686
292.763613,100,417.386727
273.262979,100,430.190875
220.375001,100,430.431149
292.299855,100,430.693987
238.999645,100,430.951773
269.936055,100,431.196889
266.302482,100,431.454125
226.734701,100,431.740791
317.582167,100,431.997633
243.144169,100,432.24334
283.771352,100,432.475875
302.884079,100,445.011054
298.012284,100,445.163942
332.888405,100,445.320499
285.741107,100,445.532406
337.103962,100,445.786121
308.747645,100,445.966748
259.622626,100,446.117428
279.502064,100,446.267527
252.895054,100,446.421546
236.501662,100,446.589255
311.477974,100,458.784084
213.62512,100,458.94618
332.989852,100,459.123842
221.646152,100,459.293849
240.268242,100,459.520646
310.425492,100,459.734907
257.099681,100,459.886327
303.177374,100,460.05473
245.039871,100,460.217233
287.792531,100,460.369873
220.25052,100,472.165922
252.284853,100,472.354556
290.465228,100,472.525157
299.905801,100,472.698406
230.618354,100,472.87334
268.192451,100,473.036551
328.510699,100,473.202517
269.895151,100,473.367585
210.84774,100,473.519439
295.045062,100,473.745622
304.577717,100,487.827814
330.42211,100,488.012969
304.483602,100,488.294094
200.2665,100,488.507236
290.461621,100,488.710311
295.440486,100,488.891111
269.41068,100,489.068968
216.360578,100,489.247974
208.726427,100,489.436711
286.567009,100,489.619746
307.48451,100,502.104751
297.075543,100,502.289584
229.649677,100,502.475171
269.27414,100,502.741001
283.15219,100,502.956965
254.583048,100,503.183557
303.263411,100,503.373051
251.245018,100,503.55838
303.723642,100,503.743878
274.148156,100,503.93018
304.451409,100,516.449707
233.093261,100,516.620624
340.119419,100,516.782305
205.480778,100,517.062047
265.090494,100,517.234766
279.185776,100,517.398334
284.999122,100,517.553005
290.234869,100,517.708734
329.744611,100,517.859928
291.494957,100,518.017074
221.439931,100,530.728305
322.962727,100,531.059206
306.484488,100,531.268992
292.07992,100,531.474987
270.999115,100,531.658844
343.321557,100,531.836911
312.700109,100,532.004074
329.642359,100,532.164802
349.9829,100,532.327716
258.174383,100,532.482142
287.889243,100,545.986651
329.496189,100,546.14811
196.911189,100,546.331955
243.514245,100,546.50966
239.014026,100,546.706966
243.126866,100,546.892425
315.485401,100,547.087104
346.437387,100,547.350557
273.133988,100,547.562667
281.25388,100,547.783042
313.567935,100,562.226701
343.084841,100,562.394822
294.413216,100,562.568585
266.200344,100,562.757755
314.021467,100,562.946102
228.753403,100,563.111892
337.324566,100,563.276782
266.531334,100,563.445577
264.562916,100,563.696854
266.953755,100,563.886986
251.453126,100,579.734299
269.944217,100,579.89563
287.425662,100,580.044541
218.670781,100,580.203673
277.230521,100,580.373021
316.750735,100,580.562683
226.096179,100,580.764857
238.196365,100,580.946699
195.289463,100,581.205255
282.269698,100,581.421125
263.717698,100,593.687856
298.081629,100,593.878454
262.952288,100,594.05019
325.660669,100,594.241184
286.162843,100,594.414216
248.621693,100,594.596118
282.74707,100,594.762337
339.430332,100,594.910631
338.964942,100,595.070864
293.140626,100,595.234846
296.082661,100,607.265852
269.003337,100,607.417823
266.571331,100,607.603754
300.377124,100,607.801797
363.70822,100,608.080771
218.246121,100,608.254168
343.43343,100,608.439962
324.57929,100,608.613849
251.536563,100,608.797209
347.191208,100,608.980599
339.459503,100,619.738475
376.017526,100,620.031824
299.32435,100,620.213291
332.322084,100,620.410951
285.511792,100,620.595743
190.221788,100,620.804264
215.8517,100,621.022778
355.955064,100,621.220163
335.922466,100,621.406731
288.231805,100,621.597557
311.120062,100,634.289325
318.769564,100,634.484954
275.671916,100,634.687599
286.840471,100,634.896214
271.116243,100,635.086902
249.744666,100,635.253934
345.829516,100,635.41357
355.546915,100,635.595685
258.233173,100,635.814052
322.99056,100,636.070332
344.701836,100,647.539763
256.604459,100,647.700428
272.899077,100,647.970292
298.518751,100,648.129171
293.191137,100,648.304478
241.421917,100,648.46941
209.879988,100,648.621866
300.808199,100,648.778915
336.12766,100,648.931427
335.222609,100,649.107297
290.076835,100,661.311936
324.727784,100,661.466317
273.652932,100,661.627615
271.178245,100,661.825907
253.356269,100,662.05214
356.965291,100,662.206164
288.878954,100,662.389805
293.053648,100,662.556786
308.004522,100,662.726956
291.799224,100,662.892757
312.460343,100,675.521659
344.077487,100,675.838683
322.269525,100,676.089792
269.097201,100,676.275804
254.88342,100,676.451122
348.381502,100,676.621107
238.932516,100,676.777081
322.793329,100,676.929435
304.234777,100,677.103407
265.56892,100,677.249729
263.358978,100,689.75215
346.606625,100,689.945757
196.873869,100,690.253815
344.970333,100,690.471064
375.546021,100,690.687872
306.033309,100,690.957847
314.42067,100,691.16822
378.530653,100,691.363806
303.147228,100,691.535982
274.4587,100,691.715565
259.904427,100,703.480302
287.71864,100,703.667372
258.912334,100,703.862792
246.535239,100,704.088504
362.225519,100,704.348015
312.027832,100,704.561955
352.751377,100,704.765878
259.037614,100,704.935794
306.953325,100,705.118569
304.907207,100,705.302154
249.198995,100,716.645538
288.236178,100,716.791027
326.915057,100,716.931678
234.748865,100,717.070997
312.578981,100,717.215891
268.367152,100,717.368616
317.937898,100,717.523898
344.015394,100,717.678137
330.518803,100,717.829782
305.105914,100,717.972158
244.254799,100,729.46296
316.450064,100,729.666105
286.207487,100,729.86121
341.787406,100,730.068731
324.463764,100,730.365782
416.70908,100,730.569426
246.425359,100,730.783801
369.821507,100,730.998813
269.212038,100,731.179974
211.252506,100,731.384592
316.17525,100,743.840724
324.95892,100,744.153418
278.78422,100,744.470033
321.930377,100,744.745285
217.980367,100,745.052779
274.031535,100,745.368283
307.272828,100,745.680479
272.201975,100,746.005212
269.892483,100,746.315634
233.618406,100,746.599799
304.28703,100,759.7616
310.901262,100,759.900309
297.306155,100,760.036785
250.482308,100,760.176291
314.695842,100,760.314777
259.166066,100,760.576619
324.711561,100,760.775113
333.846655,100,760.943197
339.54929,100,761.105471
233.955315,100,761.25926
315.721122,100,772.485732
298.906389,100,772.71976
294.103553,100,772.909475
330.359007,100,773.078989
305.511264,100,773.263025
247.169451,100,773.45097
281.642344,100,773.627927
273.743493,100,773.822052
321.059002,100,774.005829
317.039357,100,774.175215
248.240667,100,785.297582
340.158488,100,785.437749
270.259836,100,785.590254
299.042421,100,785.764722
258.099311,100,785.924764
279.845321,100,786.083102
357.859053,100,786.224209
261.605548,100,786.358603
215.798104,100,786.501758
360.499004,100,786.735241
395.955983,100,798.404752
283.003737,100,798.651567
308.42377,100,798.897792
326.682305,100,799.129859
316.05469,100,799.322551
266.953067,100,799.511959
299.292233,100,799.721283
348.918282,100,799.90232
312.985273,100,800.087415
280.60715,100,800.266241
323.056674,100,812.194578
267.105219,100,812.358823
344.862401,100,812.527802
311.312126,100,812.790045
221.762843,100,812.93146
361.230657,100,813.081679
310.995207,100,813.259326
272.842943,100,813.413723
194.825405,100,813.572612
315.992582,100,813.759226
261.53028,100,824.52699
300.409205,100,824.765837
287.871987,100,824.945244
275.813278,100,825.106676
280.137467,100,825.259011
295.847745,100,825.397985
244.514775,100,825.54899
266.294593,100,825.700222
358.060817,100,825.849231
235.670181,100,826.011649
256.590543,100,839.357969
312.860771,100,839.547158
290.786315,100,839.726222
225.935428,100,839.888393
380.4512,100,840.054448
270.426844,100,840.205907
372.334445,100,840.352741
296.930386,100,840.531546
341.435578,100,840.733263
311.410366,100,840.999137
286.811629,100,851.393279
314.704101,100,851.538942
249.837748,100,851.682567
365.184212,100,851.833017
315.155501,100,851.975625
289.860207,100,852.115299
291.105888,100,852.282281
352.894449,100,852.447878
276.410056,100,852.620629
288.383284,100,852.856972
376.813841,100,867.317695
301.359821,100,867.623235
294.740874,100,867.942274
311.692109,100,868.254823
246.648842,100,868.558277
352.218036,100,868.881089
296.263507,100,869.149069
366.759742,100,869.39686
274.633593,100,869.698843
360.130158,100,870.009594
272.636988,100,882.334045
378.735111,100,882.516811
378.869775,100,882.695894
268.696931,100,882.927088
276.358655,100,883.133232
359.129477,100,883.320166
297.637528,100,883.510094
327.781407,100,883.697319
332.768254,100,883.885622
283.900982,100,884.071112
354.053531,100,895.490592
239.990303,100,895.687599
257.81096,100,895.864396
262.703515,100,896.026707
392.776192,100,896.190749
325.290293,100,896.372629
402.746085,100,896.540628
322.111475,100,896.705603
318.683706,100,896.868799
337.982837,100,897.049619
323.350059,100,910.083513
315.540448,100,910.247414
305.416384,100,910.40862
289.412502,100,910.595206
261.864478,100,910.772659
377.019416,100,910.931844
343.948267,100,911.08906
280.119272,100,911.355159
368.014061,100,911.533588
325.367286,100,911.739883
241.660444,100,924.533278
310.55419,100,924.680686
358.369686,100,924.828537
279.491898,100,924.982202
372.73923,100,925.166241
355.625388,100,925.404921
317.033956,100,925.555113
321.962644,100,925.727725
271.035641,100,925.871194
376.321816,100,926.012915
374.215985,100,938.487095
370.499524,100,938.794105
291.449642,100,939.10539
295.677958,100,939.384643
297.322059,100,939.549583
344.53193,100,939.723458
351.323628,100,939.86779
314.369623,100,940.004183
309.342017,100,940.141275
263.226782,100,940.292393
345.603461,100,952.019989
303.401377,100,952.182849
294.488839,100,952.341824
385.327933,100,952.503335
353.539086,100,952.671488
249.333447,100,952.829714
271.523331,100,952.980907
314.307132,100,953.144172
296.834664,100,953.391906
396.573125,100,953.570954
287.349773,100,967.065252
228.212309,100,967.342376
370.108764,100,967.596169
300.065462,100,967.819264
329.435646,100,968.033272
307.194558,100,968.244319
364.35565,100,968.467268
292.635207,100,968.688684
378.261294,100,968.886046
327.139329,100,969.094213
327.526871,100,982.334764
350.877735,100,982.500015
330.468792,100,982.657009
247.902053,100,982.810735
318.012941,100,982.966591
215.572835,100,983.152581
363.322191,100,983.400581
239.298532,100,983.551321
323.58812,100,983.729492
325.566577,100,983.88452
294.098485,100,994.645246
266.226448,100,994.794394
358.790545,100,994.93342
318.143305,100,995.071023
348.837964,100,995.319314
332.157775,100,995.478705
324.749436,100,995.660029
311.918304,100,995.817726
253.624555,100,995.979492
321.353834,100,996.126508
345.90215,100,1007.659748
358.419294,100,1007.838904
339.094625,100,1008.001593
283.499137,100,1008.16062
379.502426,100,1008.323231
364.532277,100,1008.483536
286.607899,100,1008.638002
270.08708,100,1008.785029
320.026617,100,1008.940027
351.154696,100,1009.089556
329.739177,100,1020.328187
293.01638,100,1020.481634
392.509225,100,1020.622897
286.935068,100,1020.802533
335.743581,100,1020.95671
369.824994,100,1021.09968
250.89957,100,1021.37331
262.044239,100,1021.524179
272.380355,100,1021.699679
317.984305,100,1021.863585
405.96064,100,1034.666188
308.865869,100,1034.855012
351.167199,100,1035.050008
362.387477,100,1035.323282
381.599249,100,1035.525957
279.682989,100,1035.745146
364.045837,100,1035.923665
350.59479,100,1036.119158
263.480832,100,1036.306949
279.592627,100,1036.49325
346.884628,100,1048.030217
301.417041,100,1048.179966
321.659283,100,1048.337817
341.587086,100,1048.492835
382.011021,100,1048.646212
336.029048,100,1048.802782
347.138418,100,1048.979255
300.381184,100,1049.159972
308.771848,100,1049.408044
347.543358,100,1049.57031
309.425971,100,1061.032871
370.199135,100,1061.197063
305.270641,100,1061.4712
381.463925,100,1061.6285
388.058823,100,1061.815438
325.217454,100,1061.972774
347.165503,100,1062.118035
345.67403,100,1062.263244
322.135223,100,1062.423711
223.090098,100,1062.572004
275.232708,100,1074.106624
274.489167,100,1074.261072
266.460075,100,1074.436088
293.57869,100,1074.60556
295.019329,100,1074.770962
327.540186,100,1074.916432
299.400389,100,1075.06746
394.624773,100,1075.22199
280.113609,100,1075.486926
394.472558,100,1075.641043
306.134291,100,1089.86612
304.08596,100,1090.05678
321.346398,100,1090.243512
274.169449,100,1090.440978
309.809659,100,1090.639276
328.18487,100,1090.83217
313.393375,100,1091.033419
354.361114,100,1091.243529
253.92528,100,1091.505066
314.045158,100,1091.688848
297.786571,100,1106.292017
392.744434,100,1106.629735
378.913821,100,1106.970083
267.520006,100,1107.327975
365.97893,100,1107.671788
377.132177,100,1108.03137
385.608128,100,1108.385996
368.103285,100,1108.762665
315.167531,100,1109.147601
349.326854,100,1109.5045
320.110157,100,1122.508708
368.980015,100,1122.683989
353.556566,100,1122.842554
359.886491,100,1123.002615
304.674117,100,1123.159883
363.617037,100,1123.313208
266.733312,100,1123.607768
323.94697,100,1123.883773
376.001413,100,1124.188357
401.520685,100,1124.498778
332.554006,100,1136.311693
394.749945,100,1136.619727
299.10812,100,1136.94003
347.017515,100,1137.244564
338.295813,100,1137.556753
317.204469,100,1137.812415
313.362975,100,1138.11052
305.116668,100,1138.414814
294.287824,100,1138.737174
379.446672,100,1139.054188
297.289597,100,1150.561121
368.561193,100,1150.737682
306.272965,100,1150.914789
356.905035,100,1151.077776
288.128437,100,1151.24633
348.958343,100,1151.486245
335.696119,100,1151.647799
320.413724,100,1151.829889
344.913587,100,1151.987889
369.174529,100,1152.141317
348.155399,100,1163.139791
361.324261,100,1163.287225
362.105689,100,1163.540059
348.615192,100,1163.701411
395.863362,100,1163.878192
367.128152,100,1164.030834
400.236585,100,1164.184739
316.368255,100,1164.33124
344.179822,100,1164.488233
358.159523,100,1164.65324
394.36546,100,1175.2926
295.932401,100,1175.546564
318.868643,100,1175.718646
266.443362,100,1175.895882
311.144544,100,1176.058056
282.33347,100,1176.215624
324.4467,100,1176.384064
367.704553,100,1176.562247
257.710362,100,1176.749543
360.774224,100,1176.919297
336.015936,100,1188.312004
366.786029,100,1188.463376
371.135976,100,1188.644487
373.983868,100,1188.801045
341.616136,100,1188.955657
346.573937,100,1189.106606
335.814268,100,1189.272046
337.186537,100,1189.507993
253.317351,100,1189.678221
288.903322,100,1189.834634
359.377774,100,1201.36696
252.22108,100,1201.663973
307.683017,100,1201.891688
284.088956,100,1202.067074
308.753572,100,1202.242298
304.783459,100,1202.428864
317.800902,100,1202.621703
311.213665,100,1202.802628
356.850908,100,1203.006044
350.109357,100,1203.182599
380.496261,100,1216.810087
360.045151,100,1216.981257
391.474632,100,1217.138636
326.057834,100,1217.306994
283.445001,100,1217.561471
319.32756,100,1217.728633
339.012901,100,1217.907444
237.895095,100,1218.087633
297.424837,100,1218.250721
286.304642,100,1218.416396
316.54082,100,1230.510831
301.872659,100,1230.743093
329.055582,100,1230.942547
294.168628,100,1231.116117
322.216247,100,1231.288012
291.32706,100,1231.57812
307.002853,100,1231.778235
414.336474,100,1231.968525
409.766028,100,1232.110742
301.212173,100,1232.255919
335.888746,100,1242.951036
302.680829,100,1243.099056
378.991468,100,1243.245802
382.124257,100,1243.471991
297.702184,100,1243.649958
406.707609,100,1243.824584
359.217437,100,1243.975738
332.691323,100,1244.12571
271.701341,100,1244.280151
391.201169,100,1244.445787
387.843212,100,1257.933324
354.662183,100,1258.165321
294.074311,100,1258.388515
337.385482,100,1258.61953
415.200749,100,1258.83177
247.303509,100,1259.051655
406.522565,100,1259.279088
270.322813,100,1259.62432
370.26237,100,1259.826706
341.654737,100,1260.032067
294.282815,100,1272.659509
272.935018,100,1273.022693
345.598642,100,1273.403458
374.89977,100,1273.785776
276.604789,100,1274.127734
309.243023,100,1274.350031
388.005617,100,1274.493646
253.211198,100,1274.639692
259.888606,100,1274.803192
352.51548,100,1274.942912
365.885846,100,1286.382483
363.796992,100,1286.547478
350.473418,100,1286.702317
299.237672,100,1286.846842
335.038391,100,1287.003137
307.237025,100,1287.144666
309.312367,100,1287.284972
416.840403,100,1287.489639
313.884312,100,1287.71031
386.943892,100,1287.852606
381.433916,100,1298.67538
340.821412,100,1298.848805
349.607695,100,1299.002747
350.509312,100,1299.151369
301.309356,100,1299.321244
318.647598,100,1299.526202
283.323866,100,1299.755216
330.82533,100,1299.914747
325.713179,100,1300.085316
334.445106,100,1300.235223
305.771031,100,1311.301507
388.951295,100,1311.502131
375.54782,100,1311.755173
342.882962,100,1311.927506
413.833624,100,1312.109061
332.920528,100,1312.273431
299.228344,100,1312.440931
296.587206,100,1312.619919
354.715243,100,1312.796424
385.22916,100,1312.940825
292.064706,100,1328.436884
370.507115,100,1328.611856
274.872564,100,1328.784201
349.97449,100,1328.975785
314.113792,100,1329.135827
325.292852,100,1329.276206
383.302992,100,1329.420782
412.238743,100,1329.566513
256.720236,100,1329.799155
332.072194,100,1329.977499
327.814441,100,1343.873907
283.692481,100,1344.128355
413.580033,100,1344.427524
328.027169,100,1344.71374
364.485101,100,1344.996956
334.8489,100,1345.291659
325.765425,100,1345.572855
363.871346,100,1345.86117
415.133148,100,1346.10074
296.788633,100,1346.373671
357.956127,100,1361.239232
424.215402,100,1361.42158
296.26048,100,1361.620389
332.611707,100,1361.811579
340.520906,100,1361.981185
348.358957,100,1362.146219
379.996882,100,1362.360134
372.274539,100,1362.582095
325.456301,100,1362.7913
311.641831,100,1362.965696
409.195057,100,1375.3578
348.651392,100,1375.515923
337.036775,100,1375.674181
275.570291,100,1375.827443
291.01118,100,1375.971114
389.760237,100,1376.122723
335.664591,100,1376.274498
395.749689,100,1376.523986
290.395065,100,1376.682029
417.513735,100,1376.850888
390.762122,100,1388.101801
361.988465,100,1388.254089
263.8961,100,1388.413289
316.093948,100,1388.684159
359.472333,100,1388.865036
392.565539,100,1389.018153
343.374294,100,1389.19127
362.556023,100,1389.341409
404.646792,100,1389.504292
324.061445,100,1389.686299
368.031776,100,1403.177239
347.351833,100,1403.35388
302.532101,100,1403.52037
324.784536,100,1403.695215
359.034332,100,1403.873631
371.493635,100,1404.059133
366.001767,100,1404.243816
410.008288,100,1404.413196
330.941889,100,1404.691102
328.295087,100,1404.864153
302.873204,100,1416.011978
363.256433,100,1416.153459
345.731977,100,1416.294684
298.752832,100,1416.434983
360.459049,100,1416.584603
355.51213,100,1416.785656
307.362176,100,1417.006409
324.678598,100,1417.160806
331.688504,100,1417.319851
356.416169,100,1417.463875
318.885945,100,1428.879637
308.759224,100,1429.051029
395.410041,100,1429.235256
284.8635,100,1429.390126
393.035261,100,1429.549354
387.538116,100,1429.702256
424.166497,100,1429.863698
290.313881,100,1430.007016
352.130098,100,1430.149279
397.446873,100,1430.292728
276.034941,100,1441.590928
376.814315,100,1441.744918
394.976358,100,1441.902295
399.795142,100,1442.069635
378.929909,100,1442.240088
328.637865,100,1442.392137
427.964077,100,1442.539492
430.127122,100,1442.690038
391.561956,100,1442.941916
385.472654,100,1443.113073
320.866511,100,1454.763604
295.82614,100,1454.998451
310.023873,100,1455.150211
333.766532,100,1455.316586
303.098292,100,1455.457054
354.945633,100,1455.614926
403.846501,100,1455.77784
396.792975,100,1455.936732
255.232562,100,1456.09518
332.453222,100,1456.25703
281.592116,100,1467.71193
319.501804,100,1467.886081
283.779297,100,1468.056914
340.009367,100,1468.212973
371.977529,100,1468.355337
404.910889,100,1468.499487
302.255533,100,1468.649969
340.60318,100,1468.913702
323.331721,100,1469.11555
324.516641,100,1469.286575
363.151572,100,1481.869735
367.127393,100,1482.029606
350.001872,100,1482.165697
365.471868,100,1482.306815
372.700607,100,1482.44354
371.935669,100,1482.605622
235.73428,100,1482.81114
392.868453,100,1483.031195
254.413329,100,1483.190979
408.552829,100,1483.369518
374.921284,100,1496.006418
299.079812,100,1496.197098
376.221812,100,1496.389827
272.339223,100,1496.592573
412.563227,100,1496.844816
323.935026,100,1497.107937
410.532922,100,1497.334771
280.460381,100,1497.535368
449.580706,100,1497.749282
272.268963,100,1497.967622
366.647868,100,1511.952701
287.999491,100,1512.137291
295.959103,100,1512.312504
404.498949,100,1512.488935
341.852513,100,1512.668171
400.050292,100,1512.926288
379.273964,100,1513.109706
407.088457,100,1513.3113
273.171167,100,1513.486984
299.478297,100,1513.659497
334.892342,100,1529.890723
365.279686,100,1530.069939
303.740547,100,1530.260756
371.714125,100,1530.473888
273.870741,100,1530.68452
447.239296,100,1530.902779
333.068518,100,1531.19456
327.922089,100,1531.398412
259.683592,100,1531.591462
311.880017,100,1531.784736
346.696986,100,1547.532554
277.675159,100,1547.677122
264.023199,100,1547.833243
291.699845,100,1548.015559
355.907005,100,1548.209477
268.690231,100,1548.380758
347.633321,100,1548.532219
339.973464,100,1548.683481
341.361914,100,1548.844147
331.699887,100,1549.043232
322.584144,100,1560.543601
334.443344,100,1560.718668
353.931992,100,1560.912046
423.507198,100,1561.15187
311.587978,100,1561.359191
365.121124,100,1561.522452
391.014504,100,1561.690158
377.457397,100,1561.854994
365.127782,100,1562.015978
419.11144,100,1562.167174
302.240181,100,1573.323522
442.188533,100,1573.493706
398.527498,100,1573.667772
337.188469,100,1573.817859
454.885955,100,1573.957389
267.279323,100,1574.099905
293.492261,100,1574.253763
296.417256,100,1574.395476
339.211749,100,1574.560976
345.732215,100,1574.70881
335.448167,100,1586.075806
266.825062,100,1586.232059
401.413512,100,1586.402537
327.790467,100,1586.567644
318.575544,100,1586.713342
301.167537,100,1586.8634
426.50116,100,1587.019118
355.854993,100,1587.168935
361.515432,100,1587.327978
328.319774,100,1587.491127
370.43522,100,1602.759848
362.077748,100,1602.946398
400.581264,100,1603.141161
358.436223,100,1603.330506
363.665865,100,1603.520038
367.080713,100,1603.73121
391.393207,100,1603.957235
400.066459,100,1604.286712
375.569926,100,1604.531185
320.992342,100,1604.765257
352.335862,100,1617.144084
274.465544,100,1617.32885
346.629872,100,1617.538125
404.358941,100,1617.73422
300.969228,100,1617.921946
309.966213,100,1618.109927
395.108954,100,1618.384234
413.446699,100,1618.585156
382.082266,100,1618.811288
388.416206,100,1619.018685
333.628886,100,1634.793808
313.491217,100,1635.138469
353.182078,100,1635.535729
376.515182,100,1635.911942
342.199621,100,1636.297122
394.156357,100,1636.695844
367.596887,100,1637.036103
322.385243,100,1637.406369
352.129439,100,1637.746544
308.20265,100,1637.917158
351.311876,100,1649.902722
303.828033,100,1650.068083
337.191209,100,1650.245677
362.083311,100,1650.426565
358.466265,100,1650.686925
410.296445,100,1650.939941
403.742599,100,1651.154503
392.669631,100,1651.339587
359.969873,100,1651.514406
271.035459,100,1651.723521
369.062618,100,1665.367535
373.793843,100,1665.53162
394.953443,100,1665.692946
398.63575,100,1665.85938
379.364589,100,1666.028038
349.717622,100,1666.181703
362.30691,100,1666.340979
309.634892,100,1666.491098
295.556057,100,1666.649478
390.342276,100,1666.803441
426.376909,100,1678.430071
380.853766,100,1678.58321
360.638486,100,1678.743101
397.71214,100,1678.98557
417.29537,100,1679.234892
292.157222,100,1679.446882
309.013787,100,1679.626384
332.834933,100,1679.79777
354.213017,100,1679.962862
282.510394,100,1680.13338
330.056733,100,1691.73261
329.409587,100,1691.897127
324.027207,100,1692.053704
324.181787,100,1692.211323
320.030771,100,1692.374437
295.394297,100,1692.541811
267.317523,100,1692.71395
415.276476,100,1692.944765
354.085618,100,1693.144387
289.037167,100,1693.303114
331.86251,100,1704.385325
406.856587,100,1704.545418
418.372188,100,1704.703955
441.132709,100,1704.897529
368.976084,100,1705.11698
420.861882,100,1705.268607
351.341053,100,1705.439674
345.007426,100,1705.599691
397.620979,100,1705.760782
315.688227,100,1705.91252
333.307179,100,1718.505958
402.945304,100,1718.895301
426.613015,100,1719.140965
292.829544,100,1719.301564
331.656374,100,1719.45684
426.407391,100,1719.610266
325.339656,100,1719.777639
317.268289,100,1719.927042
386.504628,100,1720.093207
432.585445,100,1720.252981
336.617627,100,1731.643318
425.92777,100,1731.792203
346.994461,100,1731.966834
378.917039,100,1732.113611
301.375522,100,1732.268007
404.758284,100,1732.419011
285.965097,100,1732.57053
396.701883,100,1732.73066
340.283182,100,1732.942503
340.423674,100,1733.153046
417.840193,100,1745.248533
327.501242,100,1745.423462
353.81216,100,1745.58551
298.99547,100,1745.739092
329.025657,100,1745.899308
282.26746,100,1746.067818
304.839955,100,1746.230725
328.428648,100,1746.378119
324.840359,100,1746.527869
337.915137,100,1746.680674
400.697548,100,1758.747092
302.176873,100,1758.969867
289.045246,100,1759.165471
378.152568,100,1759.318864
278.463472,100,1759.489401
340.611415,100,1759.643084
332.207775,100,1759.788696
428.397086,100,1759.945037
397.303591,100,1760.109716
336.798901,100,1760.252464
370.41661,100,1771.907768
338.859413,100,1772.073945
363.306733,100,1772.228415
346.909855,100,1772.384762
367.191146,100,1772.550929
319.517678,100,1772.707468
327.07217,100,1772.878689
383.773814,100,1773.124219
260.69998,100,1773.271927
353.387724,100,1773.452728
323.749615,100,1786.009244
349.465038,100,1786.18594
342.074651,100,1786.35083
388.796478,100,1786.529263
310.423753,100,1786.725293
373.048743,100,1786.957584
310.048598,100,1787.165429
263.318378,100,1787.357712
439.99838,100,1787.544839
333.539596,100,1787.733292
376.640653,100,1.695616
413.347082,100,1.88238
291.48517,100,2.08556
436.666601,100,2.335155
350.160932,100,2.556788
429.006588,100,2.74744
335.502384,100,2.939055
349.553455,100,3.099122
320.510455,100,3.258339
314.935044,100,3.407257
320.82159,100,15.759273
383.716449,100,15.902758
443.266407,100,16.046262
368.759877,100,16.201131
329.174298,100,16.47136
371.639244,100,16.621509
307.86169,100,16.779809
419.81343,100,16.934489
371.725572,100,17.086169
399.277934,100,17.242792
351.708943,100,30.215534
332.999765,100,30.473167
401.545937,100,30.633804
453.136883,100,30.7988
423.996769,100,30.951338
311.897207,100,31.097339
340.088942,100,31.243391
315.841834,100,31.405032
429.9768,100,31.563929
364.535003,100,31.737559
391.699453,100,43.748333
400.041038,100,43.89802
269.668419,100,44.04862
315.620377,100,44.194063
332.274709,100,44.376306
295.213478,100,44.610412
348.379887,100,44.781106
391.995719,100,44.97497
414.719649,100,45.130477
345.304096,100,45.299265
327.003269,100,58.559393
381.178981,100,58.742835
391.603333,100,58.963731
365.631846,100,59.153138
441.070464,100,59.3371
409.243553,100,59.549023
386.455396,100,59.744176
400.249982,100,59.94153
302.068331,100,60.152106
373.68098,100,60.39513
293.727088,100,72.105318
382.095074,100,72.291161
343.988834,100,72.468873
330.064568,100,72.690694
426.096954,100,72.970422
393.776348,100,73.167713
293.200578,100,73.358004
355.11989,100,73.527887
299.71544,100,73.722933
274.294946,100,73.931433
346.987352,100,85.878188
346.911546,100,86.043021
330.852619,100,86.198348
370.355608,100,86.350913
318.659413,100,86.498344
384.536935,100,86.641034
305.563383,100,86.907198
389.119788,100,87.116126
389.494161,100,87.270811
423.015978,100,87.421356
401.777857,100,97.891757
272.125577,100,98.050118
382.399623,100,98.20242
319.249603,100,98.391114
322.73785,100,98.543799
284.351046,100,98.691196
315.110148,100,98.838454
326.739343,100,99.088362
302.957039,100,99.267641
318.524885,100,99.441857
355.079524,100,110.205516
364.980305,100,110.362266
329.193643,100,110.521345
294.088166,100,110.675213
315.746582,100,110.833427
327.047028,100,111.058242
390.091799,100,111.253566
343.787418,100,111.410322
329.635644,100,111.57643
286.179341,100,111.725805
415.110691,100,123.765563
449.536716,100,123.911312
361.949857,100,124.077456
430.464368,100,124.227206
410.802606,100,124.375522
323.261806,100,124.520761
431.847496,100,124.664529
368.29392,100,124.804543
369.278101,100,124.99286
359.489728,100,125.223045
363.364202,100,135.887611
304.907684,100,136.049865
339.863766,100,136.212398
328.931608,100,136.36916
391.325737,100,136.528104
326.27999,100,136.683306
401.984645,100,136.84286
302.124588,100,137.082229
432.125291,100,137.267462
360.395115,100,137.421059
327.495733,100,148.055202
398.307279,100,148.218063
384.537678,100,148.384039
387.696505,100,148.541542
391.604009,100,148.700282
344.961485,100,148.86358
348.948746,100,149.113489
409.598114,100,149.293444
272.716183,100,149.469088
326.107968,100,149.62472
288.496789,100,160.173939
393.21615,100,160.357569
295.083421,100,160.541049
297.324682,100,160.707846
415.937843,100,160.886736
372.962142,100,161.169118
381.334692,100,161.349491
376.287177,100,161.542019
358.605956,100,161.699826
406.495234,100,161.875153
354.976436,100,174.497046
371.159318,100,174.673164
330.408119,100,174.854267
445.196629,100,175.056431
387.407179,100,175.305889
340.722459,100,175.487835
321.816549,100,175.665627
364.792954,100,175.838218
365.440857,100,176.021394
347.968195,100,176.189366
400.092768,100,189.970344
334.619909,100,190.137417
284.998394,100,190.289707
332.829,100,190.446284
456.650304,100,190.591859
245.044484,100,190.743883
336.027394,100,190.896162
326.289767,100,191.078173
398.137595,100,191.361116
385.14511,100,191.525509
383.688421,100,202.554611
450.749643,100,202.728848
293.973542,100,202.897119
282.761153,100,203.066933
405.169253,100,203.231873
360.711507,100,203.492579
378.691501,100,203.640177
297.842245,100,203.810063
390.217698,100,203.982503
301.247993,100,204.149163
394.431162,100,220.113429
344.620615,100,220.267298
350.497938,100,220.427157
409.398381,100,220.589191
313.093861,100,220.740541
355.241215,100,220.894237
327.367876,100,221.049219
356.474926,100,221.209426
359.257194,100,221.476635
372.654764,100,221.639562
285.031962,100,236.32323
333.691891,100,236.501745
397.747646,100,236.677059
307.781013,100,236.848989
296.192214,100,237.02852
420.632322,100,237.198415
343.392152,100,237.452132
304.681428,100,237.651346
316.294435,100,237.863225
415.397136,100,238.050711
321.270014,100,250.487473
327.817453,100,250.691535
352.236206,100,250.895661
400.873892,100,251.107829
401.681007,100,251.350816
401.630264,100,251.563774
444.380861,100,251.725152
412.759773,100,251.889641
342.657762,100,252.062108
419.567884,100,252.218241
405.455572,100,264.559602
339.415083,100,264.717976
367.50537,100,264.864392
400.157927,100,265.020404
374.868957,100,265.179981
340.234044,100,265.424055
409.174069,100,265.605144
357.239565,100,265.757344
403.637018,100,265.920482
359.091743,100,266.079553
376.133795,100,278.470869
374.101089,100,278.743966
332.516046,100,279.045949
276.064496,100,279.350348
338.060294,100,279.630925
398.372757,100,279.921772
379.712231,100,280.21857
331.351982,100,280.511961
333.869862,100,280.813937
321.829854,100,281.137136
385.392976,100,296.258699
380.870516,100,296.418623
345.598487,100,296.5679
411.244442,100,296.716695
355.030851,100,296.894356
392.340576,100,297.049311
346.838629,100,297.201226
398.117895,100,297.456766
413.142223,100,297.609017
325.370244,100,297.771661
299.172807,100,309.856845
358.358347,100,310.057708
379.283649,100,310.25628
388.310617,100,310.452857
332.0863,100,310.632624
404.973302,100,310.800508
293.548241,100,310.96333
322.835731,100,311.119463
422.237344,100,311.267875
342.640195,100,311.416074
317.749014,100,322.286043
319.630952,100,322.584597
335.739403,100,322.88461
326.056509,100,323.179357
407.970523,100,323.488401
388.136846,100,323.804554
352.557801,100,324.096581
381.926624,100,324.364252
362.272347,100,324.679435
418.781811,100,325.004173
333.266428,100,337.451368
413.204634,100,337.592545
385.558312,100,337.817741
316.297519,100,337.996225
340.391926,100,338.166082
480.160418,100,338.31832
380.719885,100,338.469894
358.030747,100,338.633175
401.450133,100,338.787994
356.103658,100,338.960423
281.504022,100,350.720281
340.371022,100,350.890156
375.231123,100,351.061211
400.257126,100,351.214854
309.395479,100,351.36702
267.640992,100,351.517887
390.778557,100,351.692042
353.010352,100,351.926015
274.278775,100,352.101193
353.512846,100,352.288396
375.697715,100,365.64401
456.293529,100,365.904485
389.902081,100,366.072434
354.324769,100,366.245212
309.526446,100,366.393351
277.839031,100,366.551191
359.87509,100,366.700468
423.087764,100,366.860792
353.1773,100,367.026827
310.107179,100,367.199258
350.121825,100,377.990424
339.791841,100,378.145091
327.149808,100,378.328804
340.844006,100,378.46848
361.756871,100,378.610526
353.543354,100,378.762088
302.731033,100,378.920261
370.685247,100,379.078261
366.054905,100,379.221609
379.628586,100,379.372137
364.758555,100,391.343518
303.615477,100,391.482064
397.586316,100,391.632982
322.252428,100,391.773726
362.509199,100,391.967448
348.733066,100,392.185344
328.80256,100,392.346595
382.800298,100,392.494199
314.002797,100,392.652241
390.502506,100,392.790704
391.468878,100,403.979353
400.736328,100,404.169789
438.906197,100,404.392124
392.101123,100,404.580186
432.396346,100,404.776238
397.47914,100,404.940775
324.738506,100,405.089249
343.168162,100,405.251812
327.677128,100,405.421636
321.672924,100,405.581207
393.982251,100,418.338544
259.94083,100,418.513868
430.894589,100,418.700956
292.18893,100,418.87231
315.177499,100,419.043409
387.766836,100,419.216157
357.758,100,419.406105
383.967213,100,419.587295
330.260694,100,419.760996
368.908782,100,419.948957
271.406273,100,431.484932
343.861334,100,431.660432
378.001136,100,431.817155
378.358475,100,431.984869
303.438503,100,432.212085
355.389904,100,432.429233
406.369127,100,432.593746
347.690443,100,432.763777
299.454011,100,432.919335
380.277996,100,433.076336
400.562931,100,444.589864
407.946003,100,444.728613
378.11021,100,444.869936
257.204933,100,445.030737
382.464766,100,445.186793
393.01173,100,445.336372
313.356897,100,445.476261
291.322765,100,445.615721
319.032135,100,445.753016
369.04283,100,445.898064
399.204886,100,457.59604
359.196287,100,457.77716
304.386151,100,457.950945
329.512692,100,458.157294
362.635265,100,458.397817
338.299396,100,458.605167
381.15315,100,458.773839
347.041875,100,458.943443
402.684216,100,459.111948
343.178686,100,459.278099
390.344436,100,471.192618
328.071848,100,471.395414
416.135662,100,471.573094
300.77286,100,471.747534
340.188576,100,471.920965
357.171539,100,472.159916
382.408467,100,472.445246
374.501682,100,472.66591
423.065691,100,472.865965
369.620706,100,473.060905
293.182766,100,486.927702
407.695939,100,487.230243
401.827922,100,487.532
384.997676,100,487.839223
358.159964,100,488.152413
409.780255,100,488.419816
396.734635,100,488.635183
410.088967,100,488.935421
443.288898,100,489.233042
331.78826,100,489.531502
369.628629,100,501.747919
408.138053,100,501.920032
268.136149,100,502.111156
318.318607,100,502.293728
319.376158,100,502.525324
303.914693,100,502.742483
388.817958,100,502.942938
438.207847,100,503.132377
357.395023,100,503.308497
373.114948,100,503.488647
413.2688,100,515.678908
425.586213,100,515.839077
353.577374,100,516.006435
372.898928,100,516.178794
404.360294,100,516.350354
322.395425,100,516.601832
426.455017,100,516.794083
341.781679,100,516.971723
335.442803,100,517.126528
351.598348,100,517.269666
337.761589,100,528.955564
347.015977,100,529.105636
356.176115,100,529.246937
274.190834,100,529.397196
357.341595,100,529.546502
393.479359,100,529.708447
319.810587,100,529.869004
319.339759,100,530.043488
252.710224,100,530.195785
349.124034,100,530.338227
350.014938,100,541.475113
364.678836,100,541.622548
342.234541,100,541.807038
375.609235,100,542.020078
365.46049,100,542.2465
340.344379,100,542.444386
356.684885,100,542.686327
408.162902,100,542.863351
407.774672,100,543.068949
380.963577,100,543.2515
368.040308,100,555.243081
349.813817,100,555.37766
347.844044,100,555.514481
377.55701,100,555.649745
435.716773,100,555.793169
276.673029,100,555.952816
402.791499,100,556.097468
393.062279,100,556.236415
327.027091,100,556.386389
449.802878,100,556.530021
414.808823,100,568.518658
460.803345,100,568.795224
390.431641,100,568.983892
409.227727,100,569.186859
340.284257,100,569.355317
259.689691,100,569.526799
297.020771,100,569.697465
389.645286,100,569.88557
385.446492,100,570.03267
350.583766,100,570.18955
406.69463,100,581.447309
400.766531,100,581.593865
322.199792,100,581.74179
362.370548,100,581.908602
345.136068,100,582.092845
335.998629,100,582.255945
419.750772,100,582.407038
424.64845,100,582.565815
359.082108,100,582.709624
383.757063,100,582.874583
413.435986,100,593.548001
322.194591,100,593.697269
322.7472,100,593.855061
349.263283,100,594.010344
372.235852,100,594.166636
302.291086,100,594.318164
257.224873,100,594.463259
370.3584,100,594.604861
410.414502,100,594.745845
401.586691,100,594.887288
359.195164,100,605.740376
399.553993,100,605.889592
359.738701,100,606.035583
353.020803,100,606.19463
334.28937,100,606.335117
434.774056,100,606.473404
344.453549,100,606.614893
349.894421,100,606.768289
393.856325,100,606.933251
359.231558,100,607.195073
375.733645,100,618.469072
425.20076,100,618.631495
379.258736,100,618.823766
336.331346,100,619.054402
333.216663,100,619.28177
431.6206,100,619.469955
296.126989,100,619.636603
396.306457,100,619.810548
373.74505,100,619.990553
344.269106,100,620.173346
340.245464,100,632.368391
419.797895,100,632.525568
264.678691,100,632.673867
413.687377,100,632.823326
439.858861,100,632.975112
368.092546,100,633.131339
367.614929,100,633.281112
444.467343,100,633.475335
378.360672,100,633.696277
333.518728,100,633.855473
345.24281,100,645.919182
370.042614,100,646.091881
307.103852,100,646.245421
324.727498,100,646.400342
431.672617,100,646.534984
391.57082,100,646.683113
426.851283,100,646.836818
303.345087,100,646.992149
383.521143,100,647.150498
367.975156,100,647.295394
317.718701,100,658.220992
343.05779,100,658.364339
385.443667,100,658.503485
315.582888,100,658.651286
377.695628,100,658.832607
316.445298,100,659.022205
407.658788,100,659.210209
419.51555,100,659.391575
401.405458,100,659.616088
376.833514,100,659.846965
325.541753,100,671.350798
386.048781,100,671.646627
358.175776,100,671.935483
415.25482,100,672.168595
376.35913,100,672.329197
457.818062,100,672.46748
302.795768,100,672.613608
432.698924,100,672.755322
345.569905,100,672.900032
253.843545,100,673.043413
387.506365,100,686.002878
356.762542,100,686.204334
317.805171,100,686.391182
374.38089,100,686.558016
281.406743,100,686.740947
331.065727,100,686.947713
370.494276,100,687.146939
305.67785,100,687.344581
317.064924,100,687.539071
271.667078,100,687.818482
347.11607,100,699.37054
367.648898,100,699.621556
347.576372,100,699.851396
309.573668,100,700.083007
367.021915,100,700.295139
311.917005,100,700.507748
377.872824,100,700.715139
396.112084,100,700.912709
404.066865,100,701.131911
303.030412,100,701.321311
370.91029,100,715.314609
370.351322,100,715.617941
366.318359,100,715.917059
398.04265,100,716.238693
348.073721,100,716.503361
301.726591,100,716.785486
328.351381,100,717.098151
325.064505,100,717.402098
383.875644,100,717.70861
378.061278,100,718.014644
325.566716,100,731.17844
406.053509,100,731.463947
357.396297,100,731.748761
349.947625,100,732.065312
328.468269,100,732.360448
319.872644,100,732.575652
429.405455,100,732.867423
315.735407,100,733.163442
292.217823,100,733.455314
408.940777,100,733.748057
432.740669,100,747.526626
346.374211,100,747.664924
348.932692,100,747.798947
384.286328,100,747.937026
368.237927,100,748.083319
312.704214,100,748.222741
359.666346,100,748.419251
411.456538,100,748.625292
383.269108,100,748.77812
315.150917,100,748.938428
378.559287,100,761.265091
336.12126,100,761.418041
397.761788,100,761.584141
362.158448,100,761.735589
279.462647,100,761.889498
390.351871,100,762.049667
375.010366,100,762.206977
319.16063,100,762.368502
257.757071,100,762.521662
377.598836,100,762.694338
330.239829,100,774.835011
343.304855,100,775.073847
313.771323,100,775.351963
336.319803,100,775.618792
332.265906,100,775.893065
358.604588,100,776.184879
314.088163,100,776.460211
334.925821,100,776.725861
399.482261,100,776.989768
304.861258,100,777.235106
286.684194,100,788.261107
362.856795,100,788.436312
363.678067,100,788.602164
276.700058,100,788.883512
429.558444,100,789.082065
317.533768,100,789.274731
428.233514,100,789.456264
342.394751,100,789.625061
384.942724,100,789.804718
352.275899,100,789.980911
333.766973,100,802.119079
366.153827,100,802.506068
284.761688,100,802.858125
399.165251,100,803.157688
356.646027,100,803.476877
346.522847,100,803.810301
339.417941,100,804.170772
401.783625,100,804.542335
323.476446,100,804.951634
344.682818,100,805.288631
419.142919,100,816.911662
339.391227,100,817.084542
357.027145,100,817.268744
373.544154,100,817.425575
325.863832,100,817.565947
384.768749,100,817.719754
333.302481,100,817.869548
400.324224,100,818.037354
301.155299,100,818.220371
412.215454,100,818.372813
341.513532,100,829.786484
431.389378,100,829.936736
444.6264,100,830.103951
295.240494,100,830.266384
313.191397,100,830.430405
439.614715,100,830.58721
350.10001,100,830.818195
371.434154,100,831.016825
380.236942,100,831.196093
324.095768,100,831.348004
394.189062,100,842.020964
285.364888,100,842.199066
300.727832,100,842.372539
330.86159,100,842.545634
441.724081,100,842.757013
381.385463,100,842.995635
438.120266,100,843.189735
371.548879,100,843.371635
355.315897,100,843.549515
383.117337,100,843.732114
389.711365,100,854.327589
346.247624,100,854.472377
362.690751,100,854.611244
331.115127,100,854.860706
309.206551,100,855.117413
413.121123,100,855.409321
379.47402,100,855.718789
306.306491,100,856.033694
412.760521,100,856.345525
375.125908,100,856.664381
280.647351,100,867.763182
366.977058,100,867.9092
407.906036,100,868.066535
329.596614,100,868.208827
410.846596,100,868.352226
396.31429,100,868.49448
368.125604,100,868.64148
353.278348,100,868.795941
313.071573,100,869.029253
415.051198,100,869.20102
424.727443,100,881.456314
416.087283,100,881.607997
334.056539,100,881.766548
328.406014,100,881.932998
335.415343,100,882.106464
387.265936,100,882.257509
401.151649,100,882.413177
370.785267,100,882.561258
351.634459,100,882.715261
308.148802,100,882.883552
397.347451,100,894.594508
366.234412,100,894.76235
371.557613,100,894.921495
436.051017,100,895.192784
401.629407,100,895.357469
278.876451,100,895.525395
313.97146,100,895.667564
351.756611,100,895.817794
316.805414,100,895.974367
435.219847,100,896.135564
350.963279,100,907.777089
279.984168,100,907.937457
420.372508,100,908.110635
336.529432,100,908.27997
391.13682,100,908.42294
376.821325,100,908.571505
395.873895,100,908.723989
330.533679,100,908.893464
424.099756,100,909.145568
377.729735,100,909.30632
357.625129,100,921.531312
390.807174,100,921.674501
391.042344,100,921.825226
284.493632,100,921.982044
353.069446,100,922.146071
223.263308,100,922.301041
398.652709,100,922.45632
300.212493,100,922.617322
369.953612,100,922.76635
361.791416,100,922.921487
334.010148,100,934.803035
303.978773,100,934.967414
385.592046,100,935.220578
355.229543,100,935.3743
390.793297,100,935.541328
371.144065,100,935.68242
354.772196,100,935.826498
338.671099,100,935.974623
304.37508,100,936.130342
382.670992,100,936.43676
388.242174,100,948.641007
393.38394,100,948.795052
365.536623,100,948.961929
324.393576,100,949.221799
401.487934,100,949.369965
399.835659,100,949.541009
331.381852,100,949.68826
303.208497,100,949.838575
341.676203,100,949.988164
393.135361,100,950.153171
379.350445,100,960.804804
332.286914,100,960.992522
422.352862,100,961.239864
342.631018,100,961.388223
382.958353,100,961.552256
423.650621,100,961.693998
291.023758,100,961.850144
304.974509,100,962.039047
309.536048,100,962.239219
377.170166,100,962.404364
437.801218,100,973.619214
331.106733,100,973.782075
381.994425,100,973.955614
422.343069,100,974.121274
438.324083,100,974.287976
304.715493,100,974.464463
399.263425,100,974.63315
391.578568,100,974.801832
299.034831,100,974.991622
319.952723,100,975.217573
383.966377,100,987.876314
323.893377,100,988.056715
363.359167,100,988.222951
391.812799,100,988.400361
419.704074,100,988.553051
372.864938,100,988.697738
392.98648,100,988.857159
334.666218,100,989.084536
340.738064,100,989.274377
384.922982,100,989.455432
365.584653,100,1000.371601
422.635735,100,1000.540269
332.746517,100,1000.698906
423.964134,100,1000.856539
437.034031,100,1001.085487
376.180718,100,1001.282089
389.46775,100,1001.45825
376.006502,100,1001.634356
352.815909,100,1001.807231
256.354694,100,1001.986102
325.089208,100,1013.908562
308.768645,100,1014.067523
322.209058,100,1014.216796
319.807488,100,1014.375103
350.42857,100,1014.533148
366.358766,100,1014.680254
303.971152,100,1014.820478
428.29293,100,1014.978578
314.954542,100,1015.193959
411.971976,100,1015.357828
335.352307,100,1026.34287
348.296587,100,1026.47927
350.874655,100,1026.622279
301.471316,100,1026.770504
339.787493,100,1026.936296
367.015247,100,1027.1574
338.877288,100,1027.380422
401.754179,100,1027.529737
275.888164,100,1027.684028
326.302137,100,1027.853743
374.817444,100,1038.56855
421.44781,100,1038.716345
395.202238,100,1038.867585
297.314189,100,1039.047868
391.211312,100,1039.311693
405.620639,100,1039.46992
424.625452,100,1039.637207
383.253398,100,1039.79408
361.640223,100,1039.956351
378.954197,100,1040.118147
339.638223,100,1051.814464
405.440761,100,1052.00124
411.476518,100,1052.172104
392.71337,100,1052.335369
325.636087,100,1052.475066
395.760613,100,1052.615265
327.40332,100,1052.757849
367.61617,100,1052.917856
415.524929,100,1053.078388
440.054729,100,1053.244428
376.652888,100,1064.082364
421.648062,100,1064.2507
322.238563,100,1064.420349
379.339787,100,1064.570327
364.938264,100,1064.727095
340.22053,100,1064.897922
331.951643,100,1065.058156
335.004511,100,1065.200387
308.253261,100,1065.345393
424.028202,100,1065.496227
346.677777,100,1077.139736
404.363402,100,1077.313326
340.204183,100,1077.484907
395.886909,100,1077.684138
325.248052,100,1077.941574
378.499315,100,1078.146688
379.431635,100,1078.338463
340.435245,100,1078.518068
381.536059,100,1078.702311
399.750652,100,1078.902978
385.252075,100,1090.720415
405.349173,100,1090.89298
386.555455,100,1091.051649
383.214094,100,1091.19862
429.30333,100,1091.356411
395.11643,100,1091.504877
429.902894,100,1091.731369
359.865928,100,1092.059992
379.583118,100,1092.237639
404.419065,100,1092.414488
431.373337,100,1104.154053
322.302819,100,1104.342775
353.992959,100,1104.505706
296.233924,100,1104.658274
343.04662,100,1104.805099
322.504005,100,1104.9733
361.548404,100,1105.153126
389.8221,100,1105.333338
306.994696,100,1105.492956
386.263762,100,1105.645188
364.171137,100,1116.943626
423.46786,100,1117.111151
400.653143,100,1117.2741
402.56314,100,1117.452295
370.036095,100,1117.625319
376.692954,100,1117.794257
375.196924,100,1117.963841
385.945617,100,1118.175905
265.741326,100,1118.398257
310.92125,100,1118.591227
381.902858,100,1131.372719
263.302506,100,1131.540919
351.732005,100,1131.698748
310.20189,100,1131.871884
330.162445,100,1132.108691
332.91044,100,1132.408688
351.906434,100,1132.590919
351.564548,100,1132.772825
399.147304,100,1132.939865
384.351086,100,1133.100729
397.995822,100,1145.211369
373.167381,100,1145.397625
421.893994,100,1145.587334
358.189388,100,1145.76087
350.915072,100,1145.953989
351.080484,100,1146.192658
374.530905,100,1146.407536
292.417572,100,1146.557207
332.559116,100,1146.725162
305.769058,100,1146.884058
336.675312,100,1160.345459
331.677571,100,1160.597094
359.757145,100,1160.877357
316.279499,100,1161.177307
365.090777,100,1161.468611
307.263486,100,1161.76296
322.774405,100,1162.115164
439.463999,100,1162.4719
447.241745,100,1162.730885
311.273543,100,1163.048365
368.522765,100,1174.87999
325.785667,100,1175.041634
419.22756,100,1175.19814
416.748267,100,1175.368597
332.771501,100,1175.530918
428.660745,100,1175.678533
389.545321,100,1175.837415
344.485007,100,1175.999302
313.14891,100,1176.219239
412.475437,100,1176.417095
422.781296,100,1188.599267
385.62925,100,1188.754538
299.668273,100,1188.906999
372.219884,100,1189.080163
439.414977,100,1189.236898
286.326602,100,1189.397151
428.161445,100,1189.568334
294.227092,100,1189.736334
406.081475,100,1189.889618
372.527476,100,1190.054363
321.297207,100,1201.172615
291.887629,100,1201.329197
383.577269,100,1201.48083
406.983852,100,1201.627121
308.239194,100,1201.782983
336.245171,100,1201.957562
408.329874,100,1202.189566
298.665524,100,1202.401101
286.060771,100,1202.575622
387.751086,100,1202.733124
405.441616,100,1215.061157
392.745319,100,1215.231047
388.389101,100,1215.39823
332.884767,100,1215.560629
353.856621,100,1215.714072
345.374443,100,1215.884588
360.304314,100,1216.075727
456.386977,100,1216.344591
336.263278,100,1216.523535
418.751024,100,1216.697836
421.115535,100,1229.234322
359.536681,100,1229.434269
365.944659,100,1229.631362
385.175074,100,1229.82032
337.930382,100,1230.01881
355.443812,100,1230.317647
339.084759,100,1230.499331
358.567682,100,1230.689893
346.008686,100,1230.855497
389.802399,100,1231.028796
339.202915,100,1243.601401
427.338737,100,1243.756407
388.049624,100,1243.928911
385.648376,100,1244.093022
438.961968,100,1244.334762
363.933318,100,1244.480399
337.806309,100,1244.652621
333.895757,100,1244.805947
397.937358,100,1244.956592
408.069273,100,1245.114803
304.414219,100,1257.451647
400.612039,100,1257.77474
294.27531,100,1258.110461
383.892253,100,1258.44352
341.717611,100,1258.71848
341.729792,100,1259.034406
420.640628,100,1259.3651
446.674064,100,1259.691168
271.007668,100,1260.020995
354.980536,100,1260.377282
348.589842,100,1273.575728
336.121915,100,1273.738425
442.865635,100,1273.920259
341.982425,100,1274.091978
387.010573,100,1274.251237
358.694233,100,1274.515336
348.464159,100,1274.676299
372.390349,100,1274.86566
435.186503,100,1275.036535
329.972157,100,1275.200205
380.112673,100,1287.196202
448.652025,100,1287.355928
321.979172,100,1287.520385
361.565208,100,1287.678797
374.88217,100,1287.8441
366.405311,100,1288.007305
405.326377,100,1288.157156
399.320984,100,1288.336966
335.393951,100,1288.576612
351.512661,100,1288.734911
417.866795,100,1301.518638
370.345769,100,1301.680468
361.475876,100,1301.839371
293.196167,100,1302.023279
319.998858,100,1302.20208
418.749634,100,1302.421654
357.78707,100,1302.621844
418.548337,100,1302.767798
302.483251,100,1302.934543
434.149659,100,1303.086447
404.684102,100,1315.242199
398.855335,100,1315.389759
289.16159,100,1315.543992
362.46894,100,1315.727329
391.164226,100,1315.876524
415.746475,100,1316.02802
377.776043,100,1316.174248
388.24902,100,1316.353615
430.980781,100,1316.588903
362.105163,100,1316.729726
410.372936,100,1327.787289
350.547839,100,1327.93759
314.611713,100,1328.0865
343.78517,100,1328.267102
387.621599,100,1328.421172
386.126351,100,1328.602459
397.295407,100,1328.839962
433.298999,100,1329.005379
366.010019,100,1329.16948
373.206944,100,1329.317883
326.668298,100,1344.296268
406.673166,100,1344.434939
356.467411,100,1344.600779
336.984015,100,1344.833219
390.865066,100,1345.009165
379.908453,100,1345.192192
342.75461,100,1345.365365
337.483234,100,1345.535981
344.194857,100,1345.688888
378.051439,100,1345.840909
344.928602,100,1358.148513
340.984723,100,1358.302328
427.747905,100,1358.43772
306.652717,100,1358.579344
403.947218,100,1358.722471
397.995633,100,1358.973757
447.558608,100,1359.154872
311.59851,100,1359.334501
392.865268,100,1359.495404
404.11671,100,1359.640996
295.766162,100,1371.05907
396.446899,100,1371.245232
423.64908,100,1371.439663
421.455314,100,1371.609589
406.05254,100,1371.780363
340.727057,100,1371.983587
448.460818,100,1372.204259
453.527059,100,1372.388629
419.577226,100,1372.597244
409.935977,100,1372.827535
351.239219,100,1385.778003
312.910684,100,1385.958262
328.708905,100,1386.135173
362.010373,100,1386.301533
327.713054,100,1386.466467
389.076794,100,1386.645596
424.709159,100,1386.827544
398.641969,100,1387.091944
276.760881,100,1387.340507
339.161252,100,1387.559432
295.912855,100,1399.854442
346.521324,100,1400.035747
312.717635,100,1400.211435
373.59126,100,1400.386287
396.842703,100,1400.556307
426.341878,100,1400.740898
321.512116,100,1400.925486
378.385609,100,1401.137528
345.605719,100,1401.388596
348.992664,100,1401.530156
398.686926,100,1413.692293
405.916203,100,1413.862036
374.941338,100,1414.028446
396.258667,100,1414.183823
410.848225,100,1414.34055
404.506631,100,1414.49162
258.881996,100,1414.653589
421.519577,100,1414.833033
273.721104,100,1415.004501
422.330199,100,1415.261522
387.651441,100,1428.617431
339.067157,100,1428.77753
400.48447,100,1428.937024
277.292239,100,1429.105294
446.760395,100,1429.266776
360.962273,100,1429.558461
423.231701,100,1429.73738
301.909405,100,1429.92232
480.521829,100,1430.094456
312.931602,100,1430.260218
394.918397,100,1445.492431
306.525779,100,1445.682467
306.728598,100,1445.876062
414.69641,100,1446.055068
365.482882,100,1446.214996
423.21641,100,1446.380667
398.006056,100,1446.539734
422.644879,100,1446.700687
276.633465,100,1446.853191
326.371024,100,1447.047935
343.755311,100,1461.059417
387.022487,100,1461.387447
308.448332,100,1461.692066
392.574897,100,1462.073539
285.122534,100,1462.534452
468.505247,100,1462.908881
375.088978,100,1463.256904
346.10912,100,1463.649148
284.980144,100,1463.959193
354.43694,100,1464.277871
348.822247,100,1483.313294
299.592141,100,1483.509111
298.597591,100,1483.704424
314.682552,100,1484.052743
382.013008,100,1484.23992
282.055766,100,1484.462357
361.490024,100,1484.704137
353.375488,100,1484.90192
356.30122,100,1485.109009
349.283636,100,1485.296534
335.901667,100,1500.001651
341.374027,100,1500.209952
374.985825,100,1500.425138
458.123271,100,1500.620497
332.642337,100,1500.808297
394.033596,100,1501.090591
410.952131,100,1501.26067
399.438445,100,1501.436952
385.765379,100,1501.627367
438.856349,100,1501.808643
337.426434,100,1517.501846
444.366139,100,1517.679027
424.724756,100,1517.85716
359.963401,100,1518.06741
474.266756,100,1518.298534
294.394067,100,1518.464898
306.792376,100,1518.719409
337.534379,100,1518.979921
367.77068,100,1519.294006
355.52761,100,1519.541599
338.678353,100,1532.78891
300.138849,100,1533.027908
417.470074,100,1533.261844
347.069647,100,1533.407465
336.578291,100,1533.595115
318.804155,100,1533.765306
444.853605,100,1533.924908
408.07457,100,1534.10192
375.452712,100,1534.279409
359.267287,100,1534.437875
379.772866,100,1546.237039
365.702607,100,1546.416848
418.795693,100,1546.585577
379.471012,100,1546.774427
383.244296,100,1547.011966
391.278772,100,1547.232177
407.644738,100,1547.413771
419.867893,100,1547.605374
402.169924,100,1547.804879
364.459261,100,1547.994254
349.099888,100,1562.302409
312.386036,100,1562.455255
379.239457,100,1562.63158
410.713662,100,1562.783226
314.3071,100,1562.939992
324.079737,100,1563.201056
401.498147,100,1563.387186
436.576705,100,1563.565055
388.367688,100,1563.723397
407.56152,100,1563.873926
354.001217,100,1577.633708
322.949447,100,1577.798301
371.847653,100,1577.971471
383.866772,100,1578.157094
369.192113,100,1578.342157
401.181652,100,1578.498502
404.026054,100,1578.655393
335.414613,100,1578.823191
369.516107,100,1578.980662
332.201622,100,1579.25192
369.412474,100,1592.630023
332.227954,100,1592.793572
369.338052,100,1592.963932
372.469771,100,1593.171156
377.991369,100,1593.404163
424.604308,100,1593.562332
409.377648,100,1593.745724
404.973892,100,1593.899834
384.704169,100,1594.058652
302.274955,100,1594.212204
374.902218,100,1606.559288
388.134057,100,1606.725322
415.812932,100,1606.872788
416.629539,100,1607.024362
397.699884,100,1607.215988
369.252524,100,1607.43342
377.77936,100,1607.587143
345.407516,100,1607.761317
326.254335,100,1607.91449
401.88952,100,1608.070238
442.136925,100,1620.217121
400.03707,100,1620.401578
376.669668,100,1620.561032
409.487153,100,1620.743116
422.911276,100,1620.917402
302.300217,100,1621.081032
325.943627,100,1621.369232
349.271914,100,1621.563965
362.704783,100,1621.75366
282.358088,100,1621.909551
353.230295,100,1633.727219
352.520247,100,1633.907253
341.290361,100,1634.087537
342.010879,100,1634.254374
343.535949,100,1634.423389
319.558439,100,1634.601841
277.29834,100,1634.795356
431.734928,100,1634.969121
358.386515,100,1635.161754
285.05031,100,1635.389399
345.676755,100,1647.29837
409.828396,100,1647.466951
448.891235,100,1647.613988
460.754806,100,1647.782478
394.975215,100,1647.930955
448.036956,100,1648.089681
366.117756,100,1648.238617
359.028731,100,1648.389404
402.719559,100,1648.532894
322.479115,100,1648.683877
352.778168,100,1659.920933
406.356631,100,1660.077359
445.299607,100,1660.234514
312.36987,100,1660.386193
350.442622,100,1660.54835
433.998754,100,1660.704413
338.712332,100,1660.864559
323.430442,100,1661.024553
401.101618,100,1661.232087
443.853992,100,1661.436393
350.140861,100,1673.02839
436.108264,100,1673.226954
346.626785,100,1673.442404
377.300423,100,1673.586818
312.750137,100,1673.77139
410.772503,100,1673.930271
304.658013,100,1674.069397
406.611865,100,1674.211283
358.933343,100,1674.372365
361.294079,100,1674.51298
427.193029,100,1686.259238
336.081755,100,1686.416381
373.936833,100,1686.568973
304.10742,100,1686.727162
336.361708,100,1686.883087
295.86826,100,1687.032027
330.207699,100,1687.178348
345.024412,100,1687.332469
327.484359,100,1687.499381
366.603268,100,1687.75712
413.234913,100,1699.697895
319.226787,100,1699.892909
325.404676,100,1700.122927
410.094244,100,1700.297216
294.242388,100,1700.481244
357.946145,100,1700.688109
354.913571,100,1700.882293
433.391042,100,1701.06343
404.265114,100,1701.232854
359.842619,100,1701.3978
383.647695,100,1713.027186
341.751862,100,1713.180899
372.672658,100,1713.338107
358.328475,100,1713.497985
385.413062,100,1713.773916
332.395468,100,1713.964227
337.462459,100,1714.149438
399.750062,100,1714.32714
268.431218,100,1714.502122
381.871879,100,1714.674137
313.078834,100,1730.026344
356.86869,100,1730.204192
361.490663,100,1730.383703
399.480117,100,1730.558029
312.8707,100,1730.743411
379.544084,100,1730.918414
331.425087,100,1731.100264
264.575696,100,1731.291887
453.804676,100,1731.47588
351.436529,100,1731.752537
399.123196,100,1.563877
438.596584,100,1.793692
304.597909,100,1.996939
461.918966,100,2.201217
359.418161,100,2.368044
432.74701,100,2.546168
355.191697,100,2.698205
379.421997,100,2.866629
320.074329,100,3.037358
326.517968,100,3.195265
357.946723,100,14.904163
411.760686,100,15.071193
456.253473,100,15.237179
381.598599,100,15.408761
327.075746,100,15.591863
387.71304,100,15.836656
312.332002,100,16.030507
431.287727,100,16.198877
396.212036,100,16.370881
408.870781,100,16.542603
377.838402,100,29.502122
356.480667,100,29.684579
408.174984,100,29.871637
463.102039,100,30.078771
434.719857,100,30.280925
328.487311,100,30.576177
365.733111,100,30.766684
344.725259,100,30.970541
439.960668,100,31.1685
390.350122,100,31.357824
404.108209,100,46.162742
417.403121,100,46.412831
294.690469,100,46.641586
331.138378,100,46.847872
353.475586,100,47.048172
314.027807,100,47.271158
365.594869,100,47.474025
415.046909,100,47.653637
433.795263,100,47.803026
366.045612,100,47.967189
347.292316,100,60.110451
389.203584,100,60.268959
395.939934,100,60.534442
376.436849,100,60.701172
454.974687,100,60.877312
407.8316,100,61.055208
399.653772,100,61.226954
416.474654,100,61.392548
317.262101,100,61.581169
370.213744,100,61.750103
302.052819,100,74.980135
398.054028,100,75.144652
363.497647,100,75.330741
358.543503,100,75.509876
431.329231,100,75.670413
399.950568,100,75.834115
332.638055,100,75.984303
375.325435,100,76.135852
324.819231,100,76.287831
278.6193,100,76.540745
356.005679,100,89.13264
363.673267,100,89.313202
337.783159,100,89.497189
386.236047,100,89.67977
323.223495,100,89.873631
391.44427,100,90.068236
304.630855,100,90.271152
413.098772,100,90.475476
396.571964,100,90.755688
440.759423,100,90.948875
428.642655,100,103.873814
313.083222,100,104.028224
392.053186,100,104.175891
333.137969,100,104.330873
342.915998,100,104.549797
287.828916,100,104.770266
334.444075,100,104.945204
327.138717,100,105.100902
324.178287,100,105.271631
325.357447,100,105.45061
362.863859,100,117.712578
386.683583,100,117.90523
344.732027,100,118.090853
313.050423,100,118.270671
336.990857,100,118.457861
339.065364,100,118.721129
419.368673,100,118.950596
370.405811,100,119.124148
336.028954,100,119.294257
299.857383,100,119.449056
433.715369,100,131.447396
463.820259,100,131.594836
371.635282,100,131.771346
443.636643,100,131.932742
437.960366,100,132.098422
337.509958,100,132.300561
439.589225,100,132.479066
406.860452,100,132.726025
384.07053,100,132.879698
380.444989,100,133.045329
378.121274,100,145.308006
322.680433,100,145.480004
364.439628,100,145.637866
350.81733,100,145.802973
416.155151,100,145.973872
350.603355,100,146.156505
426.618855,100,146.33907
295.86715,100,146.548194
439.290656,100,146.753337
371.876055,100,146.924722
335.800929,100,159.417418
413.966898,100,159.558924
384.726334,100,159.714496
397.694472,100,159.876957
397.614748,100,160.027639
351.381805,100,160.180189
367.364135,100,160.329839
427.207956,100,160.47442
315.505006,100,160.615325
334.700566,100,160.87347
299.324675,100,171.960812
393.016703,100,172.111413
303.527344,100,172.277656
315.375415,100,172.446213
448.93106,100,172.588774
383.783253,100,172.845893
405.440586,100,173.023264
394.859018,100,173.221485
359.964549,100,173.37517
427.607583,100,173.521128
361.416054,100,187.357676
378.07404,100,187.567472
363.949547,100,187.739237
445.625395,100,187.896602
391.82468,100,188.051576
362.717917,100,188.215873
358.349525,100,188.395755
395.974591,100,188.563748
379.0247,100,188.78317
364.142722,100,188.987402
416.494424,100,203.437714
349.763611,100,203.67311
314.339096,100,203.914913
364.821723,100,204.224362
480.758369,100,204.543203
250.48276,100,204.844697
344.289038,100,205.068926
338.36873,100,205.334218
420.122706,100,205.636235
390.765802,100,205.935973
399.604804,100,218.321593
467.527817,100,218.485801
309.871106,100,218.787754
319.113588,100,219.059566
416.169282,100,219.351146
374.408966,100,219.721996
395.018615,100,220.088818
311.347812,100,220.455641
400.280234,100,220.868012
302.611059,100,221.194681
398.966128,100,233.952076
355.58024,100,234.101928
353.879764,100,234.261591
417.791766,100,234.428794
330.5834,100,234.580593
370.214917,100,234.779169
353.357356,100,234.98949
365.199744,100,235.16361
376.757919,100,235.320256
387.470426,100,235.481587
301.889839,100,247.990855
335.870341,100,248.145217
418.69046,100,248.3046
318.510083,100,248.45951
296.225258,100,248.602193
428.111551,100,248.817847
362.075813,100,248.999166
314.893114,100,249.162118
336.018774,100,249.327799
414.819275,100,249.48219
356.803966,100,261.270332
343.067446,100,261.452228
384.956772,100,261.638011
408.388589,100,261.812722
411.434071,100,261.994152
411.87375,100,262.163646
463.132159,100,262.370639
416.861102,100,262.551845
355.795975,100,262.773779
419.442852,100,263.009052
422.884705,100,275.79659
348.127533,100,275.938986
389.73582,100,276.087775
417.397024,100,276.240979
378.342417,100,276.376577
367.546454,100,276.510361
412.391779,100,276.645942
358.558796,100,276.794432
432.968063,100,277.042856
362.438592,100,277.185065
397.054865,100,288.045923
373.634935,100,288.205927
328.551634,100,288.344349
309.650786,100,288.493014
355.721565,100,288.628926
421.759792,100,288.768564
389.134222,100,289.020889
364.75496,100,289.209531
330.512036,100,289.399152
322.123298,100,289.567922
393.996099,100,303.296606
378.00081,100,303.473586
352.065679,100,303.625962
418.672744,100,303.772992
358.749101,100,303.91947
400.759031,100,304.06534
346.209948,100,304.219365
392.902264,100,304.372583
430.130512,100,304.541265
350.730794,100,304.693603
311.046716,100,316.651921
359.48206,100,316.798144
382.643967,100,316.948117
387.093076,100,317.099072
339.03539,100,317.259017
396.42781,100,317.505252
294.461058,100,317.707808
341.757978,100,317.871877
432.159595,100,318.059547
360.248243,100,318.226776
331.82019,100,328.807606
350.611269,100,328.942653
354.176252,100,329.074448
327.687903,100,329.213786
427.439271,100,329.352814
410.59576,100,329.584501
369.400723,100,329.738973
378.75672,100,329.96109
358.534828,100,330.11938
439.350935,100,330.284256
343.167223,100,343.226617
431.190768,100,343.383408
404.121194,100,343.63991
325.504984,100,343.780969
349.478858,100,343.938126
484.543584,100,344.087054
380.648456,100,344.229375
361.755025,100,344.383028
416.970342,100,344.547942
364.375485,100,344.703121
313.395919,100,356.262097
337.098108,100,356.436651
398.981655,100,356.587816
417.443799,100,356.730303
323.109758,100,356.8741
277.818892,100,357.01877
391.085583,100,357.198747
346.322267,100,357.383306
283.122225,100,357.535027
362.815126,100,357.680898
395.558,100,369.352445
464.642047,100,369.50572
402.122269,100,369.667407
366.310801,100,369.814321
308.346823,100,370.014425
290.596283,100,370.24378
355.54949,100,370.394928
440.071842,100,370.571892
372.533447,100,370.730748
309.040765,100,370.881078
351.281525,100,382.634017
365.974753,100,382.822308
347.064779,100,382.98821
345.505944,100,383.148298
368.693143,100,383.290843
365.478096,100,383.438936
303.01383,100,383.580212
382.487254,100,383.723115
369.167464,100,383.872185
380.53871,100,384.009107
387.943089,100,395.546467
320.902853,100,395.714558
383.466247,100,395.885928
325.781364,100,396.05024
381.709364,100,396.226087
356.307313,100,396.411899
332.65235,100,396.577577
385.507443,100,396.757777
305.289065,100,397.041942
396.40797,100,397.233903
409.432599,100,410.10657
402.599762,100,410.388965
450.282219,100,410.669131
402.967456,100,410.978916
425.588032,100,411.223104
402.819118,100,411.514869
331.533748,100,411.786821
367.262578,100,412.06622
331.646392,100,412.357183
327.512977,100,412.65091
407.021942,100,426.231434
258.651456,100,426.379644
441.72273,100,426.527568
306.105198,100,426.667211
313.699161,100,426.879038
388.536854,100,427.076395
374.416021,100,427.246517
392.115815,100,427.427624
348.617449,100,427.58504
375.45927,100,427.736647
294.386344,100,438.71916
365.658611,100,438.89561
372.869599,100,439.127747
385.800408,100,439.272839
322.209147,100,439.441258
373.179804,100,439.592074
428.85493,100,439.745576
351.371611,100,439.903997
307.110684,100,440.050085
393.468447,100,440.197135
412.895468,100,455.703729
393.281994,100,455.844661
384.716402,100,455.98761
277.076049,100,456.14773
404.696706,100,456.294528
413.966402,100,456.440834
307.303682,100,456.577114
291.611337,100,456.718852
330.831819,100,456.883835
373.367373,100,457.080051
415.734631,100,467.768843
393.771988,100,467.931266
304.234307,100,468.087703
335.515886,100,468.242811
389.616206,100,468.414414
363.019984,100,468.568258
389.201101,100,468.71568
342.160115,100,468.886956
433.447612,100,469.121093
351.109503,100,469.287939
394.001394,100,479.954293
348.306085,100,480.1325
425.142911,100,480.304069
317.203039,100,480.474689
358.590691,100,480.632254
365.9578,100,480.789182
392.663915,100,480.93977
387.762249,100,481.117894
438.460439,100,481.337445
390.729405,100,481.554486
309.76025,100,492.819608
408.837266,100,492.971871
410.264319,100,493.128506
404.191055,100,493.340125
368.088012,100,493.57896
421.895652,100,493.729057
408.453462,100,493.892471
418.779506,100,494.03792
434.278582,100,494.188942
357.704795,100,494.345262
361.395512,100,505.838423
440.356991,100,506.016565
276.934695,100,506.162632
337.452369,100,506.319639
318.234095,100,506.487614
292.052603,100,506.647895
383.145847,100,506.794016
442.01628,100,506.948393
363.2947,100,507.10809
375.368899,100,507.326089
431.282134,100,519.080634
449.049993,100,519.325782
353.335028,100,519.545577
381.128871,100,519.763092
399.986019,100,520.000529
329.902842,100,520.17195
432.109256,100,520.350741
345.883161,100,520.509133
357.135338,100,520.655348
360.880845,100,520.79956
335.15266,100,531.884689
370.583771,100,532.044654
380.938882,100,532.217813
296.751832,100,532.403219
356.603701,100,532.568826
416.338257,100,532.737938
327.066965,100,532.904409
336.528168,100,533.07108
274.513743,100,533.236204
350.342673,100,533.49806
341.375353,100,548.850389
397.662551,100,549.000179
342.404972,100,549.155667
389.877089,100,549.358799
377.245294,100,549.565051
368.188149,100,549.72617
362.052507,100,549.890903
419.255829,100,550.046312
427.353346,100,550.210561
370.682425,100,550.365769
354.405735,100,564.91587
357.431091,100,565.072486
369.395561,100,565.225495
401.316967,100,565.478007
454.717098,100,565.633523
286.045203,100,565.788002
396.860802,100,565.956665
401.728303,100,566.107687
342.600387,100,566.267866
458.698591,100,566.431889
420.526737,100,578.172749
455.138243,100,578.326755
396.031405,100,578.481576
407.96524,100,578.627556
338.571822,100,578.771325
256.94677,100,578.917075
294.887366,100,579.060972
396.209015,100,579.213017
390.71889,100,579.463039
366.118625,100,579.616905
409.659662,100,590.937903
425.895098,100,591.069706
333.744386,100,591.210971
366.577305,100,591.460864
347.07544,100,591.643608
320.843792,100,591.809113
450.145032,100,591.95769
429.883918,100,592.097555
358.391244,100,592.275783
408.71844,100,592.44464
422.558489,100,603.486873
326.785863,100,603.730169
334.102164,100,603.96785
368.249563,100,604.271472
369.959913,100,604.568335
305.95115,100,604.868795
271.452191,100,605.159891
373.039478,100,605.467905
428.414748,100,605.708363
395.908906,100,605.970465
350.923527,100,617.717534
417.017933,100,617.891398
367.628119,100,618.026439
359.808898,100,618.170649
332.748362,100,618.314264
453.567935,100,618.466197
342.628972,100,618.61921
362.196728,100,618.761644
398.662006,100,618.898731
387.314046,100,619.037254
380.330087,100,632.551523
439.032997,100,632.707965
391.23372,100,632.859651
342.641035,100,633.023808
345.812721,100,633.1812
442.42707,100,633.350194
308.252687,100,633.515001
407.967818,100,633.690569
385.752666,100,633.910975
354.164572,100,634.075019
345.519503,100,645.630675
437.174343,100,645.926892
271.794845,100,646.166128
414.135809,100,646.36978
445.699532,100,646.535965
372.375961,100,646.706236
381.075955,100,646.918435
455.120974,100,647.084585
373.577719,100,647.272727
338.882218,100,647.476665
349.048538,100,660.56259
373.882078,100,660.715155
335.077221,100,660.876461
320.31364,100,661.041915
426.990597,100,661.198448
415.065347,100,661.347834
451.675033,100,661.511911
320.948926,100,661.691719
382.906335,100,661.951599
379.245313,100,662.108406
329.974608,100,675.784316
355.711824,100,676.128558
396.740098,100,676.432092
320.00427,100,676.667597
372.444749,100,676.896626
325.485558,100,677.126192
397.615317,100,677.291511
422.02888,100,677.548921
397.65674,100,677.740959
381.656,100,677.932369
322.735761,100,691.626194
406.973378,100,691.777446
365.077401,100,691.945331
431.299813,100,692.215891
378.360595,100,692.377577
459.291761,100,692.557213
314.594684,100,692.712015
422.201706,100,692.871593
359.59127,100,693.033015
251.206747,100,693.213907
385.377372,100,706.713228
381.894568,100,706.931885
327.589722,100,707.125129
376.457105,100,707.32669
279.533772,100,707.503654
340.002637,100,707.681469
394.3185,100,707.851204
305.520723,100,708.089045
340.589148,100,708.328017
278.928214,100,708.531164
354.263869,100,721.647149
387.488548,100,721.820752
363.242213,100,721.968386
318.006116,100,722.126021
369.134938,100,722.363658
322.008428,100,722.572439
395.168396,100,722.763495
381.88514,100,722.945039
417.801798,100,723.097995
317.963075,100,723.301235
377.813095,100,736.451005
379.72091,100,736.620505
361.528098,100,736.817156
394.94684,100,736.986763
351.361496,100,737.155612
311.417367,100,737.363956
335.102197,100,737.583831
325.888056,100,737.765546
393.177581,100,737.941365
357.960699,100,738.106798
322.246152,100,751.946712
406.059053,100,752.24226
354.727305,100,752.523128
353.822682,100,752.762089
325.952968,100,753.031301
339.760366,100,753.332179
436.807323,100,753.637102
335.502291,100,753.939723
299.476153,100,754.240441
417.94719,100,754.581531
447.413372,100,767.607809
343.852879,100,767.7591
352.892846,100,767.933422
398.658167,100,768.085965
379.471972,100,768.256349
310.246,100,768.49412
371.434914,100,768.672407
409.736577,100,768.829413
402.309678,100,768.99388
339.902091,100,769.223376
383.466484,100,781.253111
341.811394,100,781.415014
409.542817,100,781.579742
393.263864,100,781.720897
278.246604,100,781.87124
402.387154,100,782.012299
393.999644,100,782.153146
317.459689,100,782.394176
259.286305,100,782.561021
371.075617,100,782.730571
330.226474,100,794.503581
343.517558,100,794.659027
339.753237,100,794.828053
340.813824,100,794.973592
341.494413,100,795.127655
378.964938,100,795.286627
311.413042,100,795.449919
335.587139,100,795.622981
404.524629,100,795.771574
305.729148,100,795.929653
292.048934,100,807.05716
365.560096,100,807.219722
374.52305,100,807.410887
290.72777,100,807.58902
428.604834,100,807.743836
321.501524,100,807.899855
424.1209,100,808.042447
346.834705,100,808.187423
397.003533,100,808.447829
376.196077,100,808.606918
333.193325,100,819.99514
379.287912,100,820.131626
279.382346,100,820.344643
401.656737,100,820.561074
359.324729,100,820.743762
341.655075,100,820.920613
359.739374,100,821.088691
433.437539,100,821.278826
319.640772,100,821.460855
337.936679,100,821.624435
422.841898,100,834.937221
351.598585,100,835.080861
380.742925,100,835.23008
372.740292,100,835.385761
313.5399,100,835.546497
393.828815,100,835.702491
345.631234,100,835.877613
417.844382,100,836.047151
300.611951,100,836.210925
405.404128,100,836.424535
341.239518,100,851.516693
441.414628,100,851.672825
449.207894,100,851.824053
289.568663,100,851.978879
318.468181,100,852.135764
437.185876,100,852.307079
355.496424,100,852.566991
374.532844,100,852.741296
377.929659,100,852.90602
326.989515,100,853.051782
398.934849,100,865.149123
290.263026,100,865.317496
314.568554,100,865.493938
334.388154,100,865.66276
436.821962,100,865.834877
386.229547,100,865.994132
438.153042,100,866.15018
393.319364,100,866.303735
358.210206,100,866.57404
408.985759,100,866.722862
395.708203,100,878.452862
332.521345,100,878.830253
367.112093,100,879.192133
338.938086,100,879.41995
312.057175,100,879.572884
428.07858,100,879.726852
386.227404,100,879.878485
302.14047,100,880.033595
420.8741,100,880.182111
369.748869,100,880.343168
293.364912,100,892.381561
372.03451,100,892.541475
404.673035,100,892.887364
334.688527,100,893.075525
422.191587,100,893.274707
388.861148,100,893.435381
356.166258,100,893.602853
370.11085,100,893.764711
289.186723,100,893.956449
415.803383,100,894.132348
424.877301,100,906.329883
435.650302,100,906.494816
333.116694,100,906.652951
325.179306,100,906.933715
331.127227,100,907.113488
386.925342,100,907.333081
410.380883,100,907.564561
372.347067,100,907.758623
353.246849,100,907.95476
305.731654,100,908.136617
403.347952,100,921.935981
378.384141,100,922.125087
365.091729,100,922.340849
431.125455,100,922.548823
390.302311,100,922.764784
287.638485,100,923.011842
306.8634,100,923.200752
365.216057,100,923.388474
326.263701,100,923.575415
437.957365,100,923.740037
347.237571,100,935.365596
267.138926,100,935.517729
410.805976,100,935.66081
342.776937,100,935.810163
371.010791,100,935.959667
384.468281,100,936.101879
408.021113,100,936.262887
336.925055,100,936.431322
451.530602,100,936.582897
389.842829,100,936.766872
373.780027,100,949.883096
409.80291,100,950.049406
383.692878,100,950.221031
282.230318,100,950.394853
346.822081,100,950.55663
236.455397,100,950.712429
390.528893,100,950.976247
284.239571,100,951.168413
385.721159,100,951.381066
374.97492,100,951.539569
341.981984,100,962.562486
302.109319,100,962.708124
380.664182,100,962.904703
338.656422,100,963.120865
377.049587,100,963.296967
356.947324,100,963.464043
353.093907,100,963.612929
341.968216,100,963.771112
287.49401,100,963.92454
393.616829,100,964.075473
398.584725,100,975.792762
395.051629,100,975.955909
389.247318,100,976.113154
312.353318,100,976.277183
399.443189,100,976.432634
401.75971,100,976.587764
321.908407,100,976.740081
304.585366,100,976.895761
346.565556,100,977.167643
401.416666,100,977.353561
374.356203,100,989.662783
335.638847,100,989.838685
428.879061,100,990.007541
347.705742,100,990.18677
375.29976,100,990.363101
430.446477,100,990.528811
281.982674,100,990.683761
303.670501,100,990.841193
326.783551,100,991.074581
364.071693,100,991.281427
444.919525,100,1003.047147
345.636697,100,1003.313066
401.581259,100,1003.527356
418.795812,100,1003.710339
444.890815,100,1003.874831
323.350602,100,1004.047301
415.526457,100,1004.222531
378.912397,100,1004.384535
304.575723,100,1004.551941
323.300329,100,1004.720448
406.106333,100,1015.896461
332.095031,100,1016.040679
341.270334,100,1016.198571
404.05975,100,1016.364115
416.465212,100,1016.524699
364.032044,100,1016.670912
401.044481,100,1016.813093
335.291565,100,1016.95999
350.307997,100,1017.101439
411.015452,100,1017.337722
341.102222,100,1032.634747
414.071134,100,1032.792911
332.19217,100,1032.948056
428.870277,100,1033.125966
446.362875,100,1033.390182
409.98488,100,1033.564144
393.334339,100,1033.748405
387.211999,100,1033.886378
348.897272,100,1034.032994
254.618463,100,1034.176087
328.685818,100,1045.155838
312.983007,100,1045.417456
305.840088,100,1045.574027
333.323447,100,1045.75458
354.732846,100,1045.897862
382.397822,100,1046.037872
321.195197,100,1046.182481
419.830305,100,1046.343824
325.685477,100,1046.507773
415.736747,100,1046.643985
342.863167,100,1058.154372
335.209798,100,1058.302521
350.385956,100,1058.452524
300.032759,100,1058.597666
348.382516,100,1058.744419
387.566339,100,1058.887101
364.618698,100,1059.049575
390.149423,100,1059.238519
272.088401,100,1059.47919
326.927555,100,1059.688468
354.824492,100,1070.9489
429.872655,100,1071.094661
406.280088,100,1071.245462
286.811023,100,1071.442599
383.551516,100,1071.671145
401.269748,100,1071.838417
425.138039,100,1071.996366
387.087599,100,1072.141637
366.322937,100,1072.314906
389.646987,100,1072.475224
347.625533,100,1085.996343
414.891305,100,1086.184062
407.819861,100,1086.369175
384.456954,100,1086.541985
333.442522,100,1086.709007
401.107304,100,1086.86959
319.037268,100,1087.053761
384.170659,100,1087.219906
425.108102,100,1087.475779
440.050051,100,1087.775403
385.89812,100,1102.559507
407.582804,100,1102.714051
335.252908,100,1102.863343
382.461083,100,1103.014755
370.904282,100,1103.16946
355.649536,100,1103.326518
336.807856,100,1103.476965
339.70162,100,1103.628563
295.702749,100,1103.874032
410.548837,100,1104.043991
343.337726,100,1115.331116
396.620588,100,1115.493411
334.158457,100,1115.661244
395.240215,100,1115.927791
318.298007,100,1116.09093
376.146116,100,1116.258295
372.747248,100,1116.421324
343.175798,100,1116.565102
383.884965,100,1116.724752
390.717696,100,1116.880887
395.618252,100,1127.764221
413.221712,100,1127.918612
389.570608,100,1128.128123
381.635864,100,1128.344372
434.305333,100,1128.511837
399.359767,100,1128.680821
428.836576,100,1128.829687
352.891187,100,1128.973512
362.077304,100,1129.121123
401.016461,100,1129.270824
434.835795,100,1141.061216
320.968875,100,1141.221664
358.549574,100,1141.389937
296.594431,100,1141.54862
322.915319,100,1141.707572
322.493157,100,1141.932595
363.144343,100,1142.169174
391.424566,100,1142.412215
302.317312,100,1142.619939
385.184428,100,1142.80056
361.633175,100,1154.731106
422.67248,100,1154.863628
407.541028,100,1155.007123
410.578568,100,1155.157088
363.492068,100,1155.308603
382.452252,100,1155.461944
341.078537,100,1155.603956
400.623792,100,1155.757631
280.06334,100,1155.901835
316.622176,100,1156.074574
391.204861,100,1169.2676
261.182602,100,1169.422067
357.024607,100,1169.555999
321.097918,100,1169.686357
341.569301,100,1169.820889
341.829427,100,1169.974908
336.914461,100,1170.152803
357.886229,100,1170.398162
390.832615,100,1170.545568
392.101057,100,1170.709901
379.917097,100,1181.845319
397.953158,100,1181.985035
406.859791,100,1182.162914
353.712275,100,1182.41267
328.601368,100,1182.566932
339.274274,100,1182.727516
366.357866,100,1182.893891
293.591871,100,1183.032803
349.189139,100,1183.168887
305.037068,100,1183.328368
337.345619,100,1195.868191
339.990605,100,1196.033171
364.303707,100,1196.326043
332.540832,100,1196.509106
362.398415,100,1196.701805
294.45092,100,1196.886702
328.606416,100,1197.053224
444.082806,100,1197.238035
444.593265,100,1197.436477
320.149636,100,1197.617849
369.682698,100,1209.199914
342.757587,100,1209.379383
413.938587,100,1209.557118
433.269644,100,1209.726726
315.403026,100,1209.912684
437.143795,100,1210.080227
392.424271,100,1210.378256
361.84642,100,1210.564644
298.476636,100,1210.764009
417.606645,100,1210.937939
416.359348,100,1223.704873
382.498895,100,1223.868715
286.448291,100,1224.028914
390.375812,100,1224.198897
449.37122,100,1224.41548
282.101311,100,1224.629496
438.801094,100,1224.804467
294.568102,100,1224.987072
412.565747,100,1225.143969
378.505888,100,1225.308782
327.50295,100,1236.912433
295.57449,100,1237.066948
370.531612,100,1237.202154
407.876827,100,1237.356378
303.913324,100,1237.522538
330.832104,100,1237.686099
422.124257,100,1237.831469
261.879276,100,1237.990063
275.062631,100,1238.132784
391.872941,100,1238.279882
397.072862,100,1251.750883
388.874993,100,1251.906152
397.981907,100,1252.055599
331.980747,100,1252.202072
361.871006,100,1252.357942
346.730364,100,1252.511414
355.583651,100,1252.78107
461.29372,100,1252.942093
330.497943,100,1253.118632
431.166416,100,1253.268097
390.486149,100,1265.796924
382.901012,100,1265.968401
363.205814,100,1266.140005
406.034114,100,1266.303534
312.603348,100,1266.469241
366.795646,100,1266.633012
346.163383,100,1266.89309
351.82719,100,1267.070939
352.244306,100,1267.232169
389.860649,100,1267.418613
342.944951,100,1279.222787
421.236896,100,1279.39599
384.773412,100,1279.562802
399.243298,100,1279.735
436.547535,100,1279.910167
357.575388,100,1280.061386
314.85575,100,1280.216786
329.610297,100,1280.392095
391.822634,100,1280.543468
412.314668,100,1280.70355
318.45631,100,1291.610669
394.44068,100,1291.758215
294.768462,100,1291.909521
368.133315,100,1292.055226
343.102981,100,1292.194652
325.119231,100,1292.341755
405.189976,100,1292.481928
442.282448,100,1292.624214
256.622679,100,1292.841001
349.965817,100,1293.026872
342.72265,100,1303.41799
329.902557,100,1303.564703
444.120833,100,1303.715799
341.313006,100,1303.858933
365.508978,100,1304.018502
344.191242,100,1304.188743
346.95052,100,1304.343706
396.517762,100,1304.515026
432.108512,100,1304.667259
321.268031,100,1304.926185
376.194905,100,1318.754117
443.990099,100,1319.019656
313.813868,100,1319.236812
351.225724,100,1319.427983
366.564424,100,1319.612408
348.005506,100,1319.798266
417.164372,100,1319.984765
394.397954,100,1320.159396
348.63985,100,1320.355881
344.1711,100,1320.546776
429.563314,100,1334.461731
362.115226,100,1334.616365
353.807553,100,1334.852113
281.484396,100,1335.047976
324.083229,100,1335.200722
413.033343,100,1335.372412
376.252077,100,1335.522934
415.644917,100,1335.665965
305.235016,100,1335.80857
441.172128,100,1335.968632
416.073522,100,1348.292073
391.66421,100,1348.444072
271.911431,100,1348.596342
354.778617,100,1348.781198
386.752132,100,1349.001188
404.539761,100,1349.162509
376.77294,100,1349.326543
398.633232,100,1349.473027
440.73696,100,1349.613919
352.219167,100,1349.765161
401.38118,100,1361.537522
360.916289,100,1361.683146
334.556985,100,1361.821481
349.300013,100,1361.971033
392.401469,100,1362.124586
388.402502,100,1362.28696
390.694445,100,1362.439066
441.677587,100,1362.587457
367.045722,100,1362.769872
367.625597,100,1362.99058
306.528756,100,1373.852175
422.237905,100,1374.016549
369.515714,100,1374.188799
328.824529,100,1374.352795
390.830973,100,1374.515201
379.154207,100,1374.676876
333.024874,100,1374.938244
343.725849,100,1375.113193
345.795133,100,1375.30217
363.188065,100,1375.456822
361.341094,100,1387.016132
336.457724,100,1387.17247
422.982719,100,1387.369175
311.486164,100,1387.575599
413.397936,100,1387.756878
402.459225,100,1387.952388
435.339395,100,1388.112182
333.865829,100,1388.269061
380.907724,100,1388.425569
414.565489,100,1388.581884
290.851843,100,1399.821896
399.53947,100,1399.985112
421.214218,100,1400.129064
391.665393,100,1400.274383
388.120345,100,1400.430396
351.017645,100,1400.57686
445.449348,100,1400.726978
419.950987,100,1400.931394
427.000103,100,1401.15461
406.245981,100,1401.307628
344.741632,100,1412.774883
344.480859,100,1412.951318
337.819562,100,1413.177567
354.259897,100,1413.33775
329.961005,100,1413.519253
377.886556,100,1413.683667
424.240492,100,1413.831386
406.063724,100,1413.986516
279.375531,100,1414.136859
325.122568,100,1414.297939
299.667736,100,1427.476984
341.277925,100,1427.667214
307.268785,100,1427.849082
385.140604,100,1428.052211
387.87772,100,1428.24878
420.56456,100,1428.442751
346.409522,100,1428.631969
360.953144,100,1428.805637
341.296507,100,1429.050895
342.439569,100,1429.257567
378.27368,100,1442.976061
380.822622,100,1443.197729
396.61615,100,1443.391325
404.690143,100,1443.54707
407.027761,100,1443.705226
421.480431,100,1443.859448
265.305103,100,1444.017424
421.962312,100,1444.17379
283.67875,100,1444.329724
412.892108,100,1444.478664
407.893797,100,1456.20084
325.669358,100,1456.354257
405.045703,100,1456.507469
285.803906,100,1456.666805
440.567305,100,1456.827102
368.799068,100,1457.056492
421.848745,100,1457.250617
303.099096,100,1457.452109
482.612691,100,1457.634771
308.785915,100,1457.795381
398.760208,100,1470.468865
330.529294,100,1470.615701
304.098577,100,1470.768613
408.349488,100,1470.957896
383.220577,100,1471.185219
421.858352,100,1471.343173
406.307919,100,1471.519819
427.585446,100,1471.690661
294.821658,100,1471.847818
330.277921,100,1472.015549
345.201769,100,1483.550929
400.372507,100,1483.699191
307.202988,100,1483.846706
378.120864,100,1484.008117
289.230044,100,1484.178528
472.593345,100,1484.339644
342.056986,100,1484.495326
340.657619,100,1484.643246
285.929431,100,1484.798865
354.689203,100,1484.994655
370.320261,100,1498.477177
281.81441,100,1498.619384
292.743611,100,1498.764391
314.350411,100,1498.909793
375.420829,100,1499.167115
281.847021,100,1499.319441
338.070902,100,1499.489894
354.31869,100,1499.637041
366.584599,100,1499.784106
348.84638,100,1499.937449
349.900995,100,1512.072009
365.278741,100,1512.267893
369.683364,100,1512.449837
456.926565,100,1512.627798
341.644458,100,1512.804367
389.446204,100,1513.025241
404.420479,100,1513.238325
401.800638,100,1513.430902
369.512042,100,1513.588565
428.87553,100,1513.741094
357.820654,100,1524.850755
446.154812,100,1524.987889
415.667637,100,1525.190422
353.820813,100,1525.395826
470.900377,100,1525.560709
295.438791,100,1525.713022
313.735512,100,1525.852724
303.707985,100,1526.016695
367.975375,100,1526.172411
343.897935,100,1526.335198
320.098263,100,1539.001882
307.181027,100,1539.239236
391.985794,100,1539.441304
332.48801,100,1539.59169
325.602682,100,1539.76677
313.368583,100,1539.935498
442.001674,100,1540.092794
405.106423,100,1540.248681
378.692678,100,1540.415349
337.342894,100,1540.577178
361.217625,100,1551.841701
374.018208,100,1551.995178
427.540921,100,1552.166229
384.147306,100,1552.343232
403.125877,100,1552.510048
387.743717,100,1552.673076
402.425065,100,1552.832044
428.190067,100,1553.001331
406.833914,100,1553.266328
359.813421,100,1553.432444
340.140204,100,1564.393447
328.054974,100,1564.626514
370.150017,100,1564.776863
416.484436,100,1564.94661
313.246621,100,1565.08323
324.9989,100,1565.229042
393.884104,100,1565.370513
440.191728,100,1565.529845
382.940062,100,1565.670728
412.199312,100,1565.813264
359.789974,100,1579.965647
303.12169,100,1580.270236
354.516449,100,1580.57896
388.349334,100,1580.817666
367.199836,100,1581.096518
412.097619,100,1581.403853
394.483068,100,1581.704687
340.24455,100,1581.999659
337.490247,100,1582.307178
321.380573,100,1582.60971
346.05998,100,1596.734494
311.769751,100,1596.905405
361.088658,100,1597.082217
359.338969,100,1597.257906
359.605199,100,1597.445084
431.847476,100,1597.602966
402.167175,100,1597.767799
409.597472,100,1597.936098
357.209375,100,1598.096125
278.678901,100,1598.249852
387.171088,100,1610.313421
390.892606,100,1610.50191
407.031176,100,1610.719953
427.604604,100,1610.86848
390.313916,100,1611.028131
359.959436,100,1611.176879
357.8137,100,1611.326873
334.648112,100,1611.477806
312.275455,100,1611.638616
410.39505,100,1611.785833
432.021236,100,1623.32078
382.971331,100,1623.480833
393.317737,100,1623.649252
401.804874,100,1623.793924
438.028513,100,1623.951494
317.644803,100,1624.090874
320.275377,100,1624.228479
350.839578,100,1624.372203
350.388609,100,1624.628912
278.73124,100,1624.782311
335.532795,100,1636.749499
328.961604,100,1637.172373
309.971287,100,1637.633362
326.480136,100,1637.931022
338.640015,100,1638.182702
322.081154,100,1638.450706
266.572702,100,1638.730982
444.545111,100,1638.963233
365.573041,100,1639.176472
294.95441,100,1639.401183
338.428917,100,1653.355628
423.151472,100,1653.503778
435.114599,100,1653.664259
456.111771,100,1653.808573
394.457473,100,1653.95911
437.075989,100,1654.1036
367.315052,100,1654.253561
364.78469,100,1654.438357
390.857963,100,1654.679022
323.029366,100,1654.847443
353.415759,100,1667.54714
402.072335,100,1667.710633
445.694374,100,1667.880179
304.217217,100,1668.048842
348.250808,100,1668.217941
427.449292,100,1668.395401
337.746542,100,1668.688644
335.167843,100,1668.845561
394.763106,100,1669.012561
456.148722,100,1669.16208
329.848137,100,1684.323468
443.650577,100,1684.48289
350.408387,100,1684.63854
387.706722,100,1684.791908
322.468571,100,1684.932361
415.578034,100,1685.140209
314.839442,100,1685.335935
396.484994,100,1685.505602
354.235076,100,1685.677197
363.732827,100,1685.8541
412.581932,100,1697.113358
336.480794,100,1697.261363
383.571955,100,1697.543947
293.02142,100,1697.715432
347.091379,100,1697.887964
284.952144,100,1698.042111
329.881989,100,1698.197614
357.340467,100,1698.36321
308.170855,100,1698.525012
359.964941,100,1698.68126
425.489041,100,1710.780721
313.299504,100,1710.947075
301.509379,100,1711.121849
406.861522,100,1711.296819
276.211969,100,1711.579663
333.76708,100,1711.766208
352.500747,100,1711.945081
435.407334,100,1712.115242
417.725068,100,1712.286455
310.190017,100,1712.462137
392.207799,100,1724.513821
356.354199,100,1724.671814
400.337834,100,1724.823525
364.334635,100,1724.971324
378.987618,100,1725.114687
329.606675,100,1725.260543
348.061453,100,1725.507375
369.211283,100,1725.675621
277.327619,100,1725.855694
388.1892,100,1726.013997
310.353286,100,1738.369568
324.896336,100,1738.542651
332.386732,100,1738.723751
403.566641,100,1738.909195
306.304253,100,1739.124871
384.107176,100,1739.324606
324.95032,100,1739.566438
285.833239,100,1739.744399
459.59868,100,1739.905524
320.828769,100,1740.064193
