#{"t_start": 1784397825.78294, "env_id": "None"}
r,l,t
199.530216,100,1.4155
165.701158,100,1.561719
138.695949,100,1.672793
174.497165,100,1.769971
209.921569,100,1.885267
151.493305,100,1.980032
196.200369,100,2.075169
141.276276,100,2.173783
150.927498,100,2.268785
193.592304,100,2.36785
262.488758,100,3.894331
194.894558,100,4.005913
182.995458,100,4.108108
185.046866,100,4.207188
157.784211,100,4.315295
194.223484,100,4.42151
135.832002,100,4.523853
148.777922,100,4.630112
173.692546,100,4.743092
179.777589,100,4.844372
218.20049,100,6.419212
121.170143,100,6.531558
215.474775,100,6.651743
221.291404,100,6.768712
191.828153,100,6.880508
201.366079,100,6.999719
200.85746,100,7.104008
203.104302,100,7.210368
125.230384,100,7.334094
165.391273,100,7.542693
172.686342,100,8.847445
129.76126,100,8.947671
158.334026,100,9.05374
162.530541,100,9.158507
216.680398,100,9.256777
177.32935,100,9.39135
195.926311,100,9.550539
226.669994,100,9.656929
145.192325,100,9.759511
187.337452,100,9.881365
239.849007,100,11.859658
176.877525,100,11.974081
150.376319,100,12.07949
179.206733,100,12.178717
224.370087,100,12.281779
196.828641,100,12.380895
188.995442,100,12.480336
160.086178,100,12.584976
214.758078,100,12.703522
190.455308,100,12.842317
144.95668,100,15.799134
193.66621,100,15.923431
172.987521,100,16.027392
169.934519,100,16.141223
168.923777,100,16.250566
198.708514,100,16.353279
170.099966,100,16.458105
186.847778,100,16.564709
159.282974,100,16.677155
161.579318,100,16.795441
183.213414,100,18.796343
166.754347,100,18.908233
143.861666,100,19.031452
198.513302,100,19.153158
187.950812,100,19.274887
140.13961,100,19.435686
144.612951,100,19.603674
172.61772,100,19.721938
171.026105,100,19.84546
204.066111,100,19.967259
130.873844,100,21.828798
159.450294,100,21.971626
158.854801,100,22.096138
110.614071,100,22.222321
164.874033,100,22.333502
185.028227,100,22.442113
153.841026,100,22.557319
115.64329,100,22.671605
159.169032,100,22.816773
165.33487,100,22.972692
240.328235,100,24.720333
186.211282,100,24.843671
172.710218,100,24.963199
144.382686,100,25.079443
152.09168,100,25.20759
174.75431,100,25.363808
117.062826,100,25.558354
217.85306,100,25.665397
175.237624,100,25.7897
173.099378,100,25.934012
231.239859,100,27.154092
188.766678,100,27.249462
155.04078,100,27.367738
149.991268,100,27.526329
198.226104,100,27.623165
206.185292,100,27.738299
159.382308,100,27.849633
172.706461,100,27.951977
156.96543,100,28.051586
181.263682,100,28.152673
192.701034,100,29.910202
163.920251,100,30.025711
209.201769,100,30.147525
128.506367,100,30.263142
186.646846,100,30.376113
180.725208,100,30.494267
198.670264,100,30.608876
187.574233,100,30.718131
135.218345,100,30.839392
217.211566,100,30.952086
194.84395,100,32.614692
178.148562,100,32.756901
205.528251,100,32.903188
179.533842,100,33.023675
241.087164,100,33.149808
218.412684,100,33.298549
196.386787,100,33.517775
230.915052,100,33.667067
202.024948,100,33.809044
114.699562,100,33.941744
167.652712,100,35.851141
223.095912,100,35.984835
141.958145,100,36.100529
147.614085,100,36.219551
182.894262,100,36.331742
149.593402,100,36.444843
239.303648,100,36.565383
177.55268,100,36.683613
176.0318,100,36.799259
198.561825,100,36.915393
232.143959,100,38.579588
213.813744,100,38.689062
252.903146,100,38.804557
239.311732,100,38.921706
171.672011,100,39.034026
152.711613,100,39.145275
196.712152,100,39.257517
175.894651,100,39.406325
195.287398,100,39.603034
220.370608,100,39.734735
132.343102,100,41.166988
131.045879,100,41.287165
193.969163,100,41.451614
252.089812,100,41.599229
213.260179,100,41.719796
164.941514,100,41.842919
136.962291,100,41.963729
139.175435,100,42.071048
110.903223,100,42.193046
207.730133,100,42.307806
245.664283,100,44.033379
170.422858,100,44.129081
202.591134,100,44.243222
178.359191,100,44.35196
224.340003,100,44.460648
191.062473,100,44.570467
208.908302,100,44.679523
196.510306,100,44.784139
143.67662,100,44.899574
133.635404,100,45.024494
166.61627,100,46.520294
241.498764,100,46.624366
191.759605,100,46.730183
210.004867,100,46.837466
186.694894,100,46.945762
268.691143,100,47.044456
166.07962,100,47.14572
157.580967,100,47.248259
213.504129,100,47.357553
200.138249,100,47.470636
171.884776,100,48.969615
196.565568,100,49.071008
114.454925,100,49.175678
225.978239,100,49.279454
148.550109,100,49.381751
214.957589,100,49.502073
152.08227,100,49.668479
178.825745,100,49.788864
222.795962,100,49.89448
185.129841,100,50.005723
189.343745,100,51.357662
217.801506,100,51.462222
188.628514,100,51.663085
224.493483,100,51.773685
184.351888,100,51.872194
239.561031,100,51.982933
244.048377,100,52.088537
206.516654,100,52.18794
193.826241,100,52.288185
208.836907,100,52.388451
149.467483,100,54.019559
164.160406,100,54.140976
156.532627,100,54.243649
217.630518,100,54.346354
165.290871,100,54.451643
136.830544,100,54.570242
226.215318,100,54.673289
253.272046,100,54.778932
201.710576,100,54.880745
132.681937,100,54.986655
221.042529,100,56.533141
160.323406,100,56.629004
202.993936,100,56.72796
236.130237,100,56.827996
189.947078,100,56.925517
282.909251,100,57.025081
190.245079,100,57.12972
199.846108,100,57.226161
219.789304,100,57.322714
192.238351,100,57.420885
193.294785,100,58.872596
239.621816,100,58.971636
243.788291,100,59.070136
224.410005,100,59.167347
191.849365,100,59.260634
189.417636,100,59.360741
224.520918,100,59.459998
240.653414,100,59.641775
283.75929,100,59.768873
205.375643,100,59.880109
218.664795,100,61.134519
211.538056,100,61.225333
258.278752,100,61.315583
207.403348,100,61.407673
199.534738,100,61.533258
237.094449,100,61.688176
278.081868,100,61.787748
237.980034,100,61.889614
206.016797,100,61.996292
154.06909,100,62.10658
236.735712,100,63.38464
166.078619,100,63.512944
201.040424,100,63.69108
259.402665,100,63.805259
229.575796,100,63.918778
251.311492,100,64.01179
205.956574,100,64.129484
222.610659,100,64.224699
288.629102,100,64.328506
178.629817,100,64.428654
202.925227,100,66.202168
237.458799,100,66.307923
265.489012,100,66.412423
182.716642,100,66.51438
183.971084,100,66.612976
158.011726,100,66.715794
170.459975,100,66.825984
207.631074,100,66.928497
229.402993,100,67.034647
230.428147,100,67.129116
201.104411,100,68.686913
245.238746,100,68.790117
179.334311,100,68.882242
202.125521,100,68.984581
206.740051,100,69.078452
189.793483,100,69.17071
247.223312,100,69.262984
265.047949,100,69.356397
211.143935,100,69.450314
195.130259,100,69.621308
186.922154,100,71.015176
217.002562,100,71.116424
192.827266,100,71.221424
251.733138,100,71.336685
238.383053,100,71.445042
245.290816,100,71.604241
219.453188,100,71.745378
186.450568,100,71.855571
244.842805,100,71.955161
287.290998,100,72.073817
282.689896,100,73.309035
213.71769,100,73.407267
206.747913,100,73.542175
242.030008,100,73.695695
211.103389,100,73.79408
214.322475,100,73.890996
147.481568,100,74.007518
228.321339,100,74.103371
222.011275,100,74.194175
137.439458,100,74.292382
190.078028,100,75.614393
252.210637,100,75.75327
252.029061,100,75.85251
255.648011,100,75.972416
205.127836,100,76.070363
232.830529,100,76.171452
207.240509,100,76.284431
270.107634,100,76.38087
287.28008,100,76.485792
212.573494,100,76.600537
224.537434,100,78.228803
277.908361,100,78.368003
128.462111,100,78.495578
187.275834,100,78.621925
245.290083,100,78.751092
231.470549,100,78.896641
242.734964,100,79.014193
187.85931,100,79.131477
156.394572,100,79.249607
219.070056,100,79.365127
219.407355,100,80.892902
216.130626,100,80.990177
260.158498,100,81.089409
245.04185,100,81.191752
259.623502,100,81.28723
224.949736,100,81.385401
261.811356,100,81.485986
213.336013,100,81.585857
212.28978,100,81.687372
193.043778,100,81.832375
238.362175,100,83.270751
213.082366,100,83.364699
207.698112,100,83.460323
201.226684,100,83.555043
216.506854,100,83.651024
251.032845,100,83.769945
205.601584,100,83.939456
136.120823,100,84.059097
196.036064,100,84.170709
253.504458,100,84.289144
235.785684,100,85.565559
167.453315,100,85.670143
202.21908,100,85.804727
245.03104,100,85.973273
234.461038,100,86.078403
200.252162,100,86.186609
209.333085,100,86.288128
234.887887,100,86.383915
181.657838,100,86.4847
285.198051,100,86.585997
248.471724,100,87.932685
241.963444,100,88.042281
263.232105,100,88.140492
215.931466,100,88.256969
195.90499,100,88.358616
219.991847,100,88.463101
237.165249,100,88.572375
231.552577,100,88.677531
200.152355,100,88.786132
262.491578,100,88.890002
253.592576,100,90.595573
260.359947,100,90.701687
240.559407,100,90.814631
254.957384,100,90.9316
216.871942,100,91.047661
178.271621,100,91.169734
228.067883,100,91.281152
228.24548,100,91.395524
226.167185,100,91.514272
176.670277,100,91.623916
196.335414,100,93.459449
202.638347,100,93.582045
256.727347,100,93.709543
223.639736,100,93.861385
220.34469,100,94.02721
225.349699,100,94.145216
193.855545,100,94.288418
250.102429,100,94.418282
218.541086,100,94.551183
228.808881,100,94.687578
246.339492,100,96.556242
265.726869,100,96.695141
259.242829,100,96.823649
211.504076,100,96.946725
290.478028,100,97.074784
203.311861,100,97.204264
180.959919,100,97.345684
235.754087,100,97.485516
249.764902,100,97.627285
239.165858,100,97.769086
284.361253,100,99.486471
232.30881,100,99.593781
211.927092,100,99.701552
244.606701,100,99.857669
224.684606,100,99.997659
239.530545,100,100.098684
259.494092,100,100.209086
167.229014,100,100.31377
293.326776,100,100.417742
232.6966,100,100.528298
199.045044,100,101.800316
204.817866,100,101.961565
208.2357,100,102.068087
206.337387,100,102.173517
258.805043,100,102.28672
312.590786,100,102.385355
192.19351,100,102.489152
185.532876,100,102.591743
236.370608,100,102.693573
208.508333,100,102.80554
204.410718,100,104.310571
183.915971,100,104.425512
188.471681,100,104.533729
237.125931,100,104.635341
221.835458,100,104.734365
222.594198,100,104.836721
261.822614,100,104.942408
153.242976,100,105.057294
247.275663,100,105.160589
220.652807,100,105.264561
251.777011,100,106.813404
241.871076,100,106.928325
201.801909,100,107.056734
213.412272,100,107.182497
297.214971,100,107.305868
225.491683,100,107.425447
236.093217,100,107.541279
240.179179,100,107.654647
288.00808,100,107.781898
278.852019,100,107.942351
210.793402,100,109.397936
181.237069,100,109.513705
222.19797,100,109.628087
288.795773,100,109.756983
286.366872,100,109.946679
357.618221,100,110.073766
246.446654,100,110.186346
225.887608,100,110.325106
221.258754,100,110.444609
215.18881,100,110.556312
188.91782,100,112.116024
219.95654,100,112.228264
259.225622,100,112.352112
292.423274,100,112.473663
327.53452,100,112.60139
257.522472,100,112.731249
255.420454,100,112.845954
272.310688,100,112.965475
248.415176,100,113.0908
231.458238,100,113.203983
181.48932,100,115.494487
234.502976,100,115.676666
304.215049,100,115.844685
268.587662,100,116.025569
192.234971,100,116.216321
290.511568,100,116.360198
193.408549,100,116.49721
241.391396,100,116.656064
188.834875,100,116.837474
240.963865,100,117.021555
257.83918,100,119.102489
214.985039,100,119.220061
252.557135,100,119.339279
280.451477,100,119.458052
193.478051,100,119.569286
182.912823,100,119.685735
218.855065,100,119.801779
243.449207,100,119.921987
236.709675,100,120.046955
191.333081,100,120.25009
287.835863,100,121.601205
270.575748,100,121.693921
226.539175,100,121.788719
286.722387,100,121.883015
270.906778,100,121.981407
192.908975,100,122.114656
198.190806,100,122.267018
281.149386,100,122.36927
219.41564,100,122.478541
273.523545,100,122.597641
239.528922,100,123.866803
239.673756,100,123.977607
205.860102,100,124.10784
197.441949,100,124.255503
242.621426,100,124.370062
300.68624,100,124.481894
271.058422,100,124.586315
292.517637,100,124.706783
172.094098,100,124.81244
162.130183,100,124.918496
208.11195,100,126.58771
283.930269,100,126.703957
242.959766,100,126.801167
204.890091,100,126.902687
282.920934,100,127.011806
235.968329,100,127.121557
185.033771,100,127.233985
219.995439,100,127.334763
214.724684,100,127.447325
258.97314,100,127.554631
213.054355,100,129.178719
325.503721,100,129.279559
225.798029,100,129.378145
237.0031,100,129.47527
283.424511,100,129.607732
201.255318,100,129.716285
281.739493,100,129.824721
257.296241,100,129.927308
262.096046,100,130.030333
228.837547,100,130.191214
276.394011,100,131.539234
191.734206,100,131.633015
179.250785,100,131.728031
231.218374,100,131.821087
244.376553,100,131.917513
259.724472,100,132.014846
269.44661,100,132.166677
173.739515,100,132.299642
187.619281,100,132.403247
223.38134,100,132.519701
193.611945,100,133.878384
290.59743,100,133.972596
248.693172,100,134.091747
253.938638,100,134.246701
264.48001,100,134.363443
243.257608,100,134.472421
295.928144,100,134.583166
247.401489,100,134.680406
267.29652,100,134.780392
264.652285,100,134.877942
232.7223,100,136.403401
291.194971,100,136.513926
202.94974,100,136.636015
219.752677,100,136.739923
223.634383,100,136.844491
236.860466,100,136.948488
223.581425,100,137.05693
222.918696,100,137.172961
191.213941,100,137.281752
242.087877,100,137.386771
211.629455,100,139.343186
193.084418,100,139.44453
192.506516,100,139.545854
259.774982,100,139.656547
272.19094,100,139.757097
280.889966,100,139.855183
239.282394,100,139.954371
196.649287,100,140.079101
184.299426,100,140.267058
292.499305,100,140.375695
279.97042,100,141.756667
248.544666,100,141.855281
273.5026,100,141.952323
221.700372,100,142.078266
289.473124,100,142.263637
235.388702,100,142.373832
266.859798,100,142.495622
310.746063,100,142.621792
159.056235,100,142.730494
272.610755,100,142.854375
181.518415,100,144.371207
213.300902,100,144.476491
266.469779,100,144.588147
262.309946,100,144.699345
240.395437,100,144.811296
256.393394,100,144.912613
239.575633,100,145.027766
313.872057,100,145.15073
257.779252,100,145.261501
299.656621,100,145.388714
268.851159,100,147.072961
223.962513,100,147.181922
305.530126,100,147.279755
277.969258,100,147.383022
232.34665,100,147.496455
206.372111,100,147.611524
277.228498,100,147.716672
248.992247,100,147.815712
256.30815,100,147.919568
245.358822,100,148.026084
225.18385,100,149.627764
281.747336,100,149.731899
254.516105,100,149.827272
229.615482,100,149.936777
198.487668,100,150.0434
263.281104,100,150.197967
313.561558,100,150.311116
275.463187,100,150.421463
232.79364,100,150.516865
254.114598,100,150.620127
204.908295,100,151.808497
261.920062,100,151.912357
170.817669,100,152.017259
281.206444,100,152.163522
226.269071,100,152.279629
243.135186,100,152.387643
284.30911,100,152.50057
208.847679,100,152.600172
242.055935,100,152.708389
175.779526,100,152.807554
183.621522,100,154.692128
238.058501,100,154.802086
244.392545,100,154.90489
211.495456,100,155.011258
197.745463,100,155.113518
210.167475,100,155.228883
234.260528,100,155.346009
201.471142,100,155.461897
178.136035,100,155.563324
253.690812,100,155.660557
162.555021,100,157.628269
214.633286,100,157.740561
295.519562,100,157.847043
242.732382,100,157.947958
273.262686,100,158.053144
225.593042,100,158.227786
328.44046,100,158.356971
289.69178,100,158.468137
260.748812,100,158.591676
299.499296,100,158.706879
258.071028,100,160.104941
224.483619,100,160.28101
171.590027,100,160.383196
280.03659,100,160.486285
198.051759,100,160.591686
303.396862,100,160.703959
247.8379,100,160.811314
167.758523,100,160.908747
331.463871,100,161.012638
197.192573,100,161.123273
265.285514,100,162.639373
197.144206,100,162.760393
203.297347,100,162.877373
258.148662,100,162.988593
242.140534,100,163.109145
248.818159,100,163.226483
268.570961,100,163.332873
165.822654,100,163.438483
293.527754,100,163.541176
213.114556,100,163.638859
275.762865,100,165.169597
231.700766,100,165.269461
221.911691,100,165.379676
307.100298,100,165.492741
224.582746,100,165.593433
194.644242,100,165.696176
185.513799,100,165.796603
238.829389,100,165.895173
211.050493,100,165.999628
260.753578,100,166.150477
248.51106,100,168.128253
221.610226,100,168.294331
218.30545,100,168.41621
211.629727,100,168.586679
280.766722,100,168.772638
205.602386,100,168.962843
276.081246,100,169.137936
197.251743,100,169.318352
251.156718,100,169.497221
297.264811,100,169.687061
287.646782,100,172.54804
253.294656,100,172.764187
235.523433,100,172.979651
269.498415,100,173.20081
195.393863,100,173.41886
275.148235,100,173.644483
246.256461,100,173.859152
211.39357,100,174.044937
280.675542,100,174.23197
191.78372,100,174.372714
297.209416,100,176.860584
182.550155,100,176.967717
175.188487,100,177.075613
242.453933,100,177.189234
254.751408,100,177.301666
215.97199,100,177.426739
251.496864,100,177.551344
252.167323,100,177.677049
203.096731,100,177.798777
263.520321,100,177.91462
222.309583,100,179.88132
319.069551,100,180.062253
207.639028,100,180.26942
236.812865,100,180.401002
269.362366,100,180.531806
285.724568,100,180.705793
244.588367,100,180.89292
282.364284,100,181.090327
288.92663,100,181.285227
267.04144,100,181.468412
296.681582,100,183.381404
271.472215,100,183.497964
309.463865,100,183.615275
256.442217,100,183.730614
236.620854,100,183.843909
242.45306,100,183.948776
260.367098,100,184.06655
305.147903,100,184.21935
278.45119,100,184.350676
189.514889,100,184.467711
238.004148,100,186.724534
278.379983,100,186.850928
271.583868,100,186.969298
249.618058,100,187.084381
221.262723,100,187.221984
249.922834,100,187.342477
157.035701,100,187.470683
272.242798,100,187.602865
235.000825,100,187.712089
261.999895,100,187.814367
298.204822,100,189.435142
179.372637,100,189.555975
229.392214,100,189.674937
314.409445,100,189.787036
268.632797,100,189.903568
194.409368,100,190.017171
299.875643,100,190.176557
269.706146,100,190.308809
224.382021,100,190.432184
228.711461,100,190.55776
297.455745,100,192.790686
280.636451,100,192.957178
282.195203,100,193.125957
235.793985,100,193.293773
168.686998,100,193.46888
246.002935,100,193.648401
255.446034,100,193.839079
289.391508,100,194.015506
221.572772,100,194.188317
247.064635,100,194.336714
260.351639,100,196.784702
281.147096,100,196.902782
215.117063,100,197.008479
260.177133,100,197.110381
276.160973,100,197.225422
155.474758,100,197.331918
185.442427,100,197.429181
252.310089,100,197.541435
302.511391,100,197.639523
248.645393,100,197.739642
345.926831,100,199.476563
215.553887,100,199.570308
234.15318,100,199.674446
245.180514,100,199.785611
233.891978,100,199.895221
176.203966,100,199.988702
181.873534,100,200.152618
250.130408,100,200.294347
291.453403,100,200.389
236.150406,100,200.507321
262.986649,100,202.653709
235.910143,100,202.75451
224.813235,100,202.857277
267.825429,100,202.963464
293.536318,100,203.064802
259.082364,100,203.169863
240.700881,100,203.271466
210.469133,100,203.381369
197.205672,100,203.478483
265.204351,100,203.5781
240.127416,100,205.283099
266.499863,100,205.385539
309.487975,100,205.483339
254.585442,100,205.586301
290.069003,100,205.68673
266.474953,100,205.786381
251.775967,100,205.888201
295.233435,100,205.983097
332.865064,100,206.136428
285.765924,100,206.29112
327.00128,100,207.545318
258.845502,100,207.650515
184.984861,100,207.750081
233.033001,100,207.853313
266.786346,100,207.955063
260.916352,100,208.072624
218.418485,100,208.247376
294.955663,100,208.358028
282.46146,100,208.470278
209.278694,100,208.586578
169.059403,100,209.855436
211.13447,100,209.962511
232.205882,100,210.088737
234.525887,100,210.251724
298.68613,100,210.353083
249.050098,100,210.469204
217.508924,100,210.576187
239.652653,100,210.683941
297.231166,100,210.789904
188.547733,100,210.901554
292.839393,100,212.269085
295.134708,100,212.372152
262.88745,100,212.478602
236.168433,100,212.609703
237.776012,100,212.74622
191.6796,100,212.859999
265.661832,100,212.974397
270.535898,100,213.087137
263.308897,100,213.190758
314.360855,100,213.310983
218.750004,100,215.567326
253.155289,100,215.684445
271.570914,100,215.78659
247.132123,100,215.890229
328.485709,100,215.997886
205.587144,100,216.140293
291.329125,100,216.313796
186.350878,100,216.420207
340.886632,100,216.522934
250.162696,100,216.651256
178.703755,100,218.083918
305.365869,100,218.263102
266.537642,100,218.412671
281.311087,100,218.534234
263.755382,100,218.676296
225.268429,100,218.797936
279.553984,100,218.914776
231.423079,100,219.022765
272.623497,100,219.127429
297.741789,100,219.232942
306.988131,100,221.051929
260.670764,100,221.192165
357.314462,100,221.328534
344.778481,100,221.468462
219.800117,100,221.608733
298.502977,100,221.72976
248.38023,100,221.848499
257.872711,100,221.947435
237.537624,100,222.056805
219.739722,100,222.256892
252.112939,100,223.79944
333.004688,100,223.89688
262.967245,100,223.991965
287.665718,100,224.09408
207.603357,100,224.269763
257.479921,100,224.398899
306.070151,100,224.499088
244.232434,100,224.627331
191.156384,100,224.747542
241.976587,100,224.864665
310.457652,100,226.503697
282.951678,100,226.623505
280.283246,100,226.743027
234.408306,100,226.855205
269.590522,100,226.960953
289.573708,100,227.058971
215.419871,100,227.177732
312.351868,100,227.289972
221.851427,100,227.406188
350.128607,100,227.530093
233.86273,100,229.457484
280.443366,100,229.57847
337.51225,100,229.706264
264.924754,100,229.822947
260.817638,100,229.950168
263.195045,100,230.070497
291.549993,100,230.239412
250.108992,100,230.411321
234.565923,100,230.559141
329.257891,100,230.713356
271.658765,100,232.92694
225.842985,100,233.05625
267.039525,100,233.177251
265.068298,100,233.28858
310.910249,100,233.402647
326.103031,100,233.519326
223.282459,100,233.642624
315.232736,100,233.779172
300.50349,100,233.890591
347.524601,100,233.996899
251.243683,100,235.855535
269.245956,100,235.973921
302.519276,100,236.093339
274.663534,100,236.289402
265.591451,100,236.418133
252.487894,100,236.526427
344.454639,100,236.641651
257.048336,100,236.754321
312.937064,100,236.858206
311.958728,100,236.960463
201.151918,100,238.35946
240.522849,100,238.455213
263.812173,100,238.568628
243.749839,100,238.670586
273.395842,100,238.784196
303.459786,100,238.886768
248.488986,100,238.985728
314.737688,100,239.086957
239.954323,100,239.189368
294.757498,100,239.295179
262.899831,100,240.875902
271.145122,100,240.982715
328.044461,100,241.087375
265.004372,100,241.187514
243.483415,100,241.290159
225.190196,100,241.390812
271.335634,100,241.494247
333.05863,100,241.604174
341.059802,100,241.700651
250.696328,100,241.796174
328.113686,100,243.724785
205.406764,100,243.856203
324.695407,100,243.969478
218.842327,100,244.072497
201.36204,100,244.248065
247.141914,100,244.396939
257.584481,100,244.522678
276.411664,100,244.642477
242.902426,100,244.762425
275.310676,100,244.872704
279.967784,100,246.555596
180.79798,100,246.683607
364.1908,100,246.80505
185.031348,100,246.930685
297.273489,100,247.048986
245.775129,100,247.159344
251.813618,100,247.27484
269.307744,100,247.390521
263.069771,100,247.503903
242.538859,100,247.61748
265.761268,100,249.43913
258.102447,100,249.604668
281.964581,100,249.71978
263.450218,100,249.848217
194.913011,100,249.96733
333.647277,100,250.110116
250.683735,100,250.313613
275.344423,100,250.464439
278.360405,100,250.597524
233.761371,100,250.752662
306.186047,100,252.647534
272.799678,100,252.813696
269.825857,100,252.950483
302.123075,100,253.077986
279.072783,100,253.2196
213.973682,100,253.344529
251.48746,100,253.464035
218.551286,100,253.587365
181.907921,100,253.706156
239.564682,100,253.829084
263.108888,100,255.545388
193.135803,100,255.664067
289.893872,100,255.781106
322.285322,100,255.900502
225.957433,100,256.027463
210.581361,100,256.208887
272.884014,100,256.37934
332.733508,100,256.535543
277.635148,100,256.679028
231.832543,100,256.81343
318.581889,100,258.671416
332.967579,100,258.7986
234.871089,100,258.919877
223.172,100,259.043451
236.433943,100,259.164189
306.060423,100,259.30797
237.91012,100,259.435308
200.180716,100,259.564468
308.927,100,259.687804
314.357746,100,259.804106
336.438235,100,261.559398
240.307654,100,261.671384
228.313326,100,261.782671
301.291705,100,261.895552
303.154701,100,262.004644
232.51934,100,262.138227
334.144277,100,262.306569
245.553501,100,262.429281
270.026297,100,262.564117
308.16889,100,262.73053
295.589543,100,264.299762
284.755353,100,264.428709
271.863799,100,264.537432
219.022637,100,264.666577
247.961244,100,264.786651
255.489846,100,264.894587
245.045503,100,265.006241
313.4635,100,265.112664
287.793693,100,265.219869
250.838617,100,265.339716
288.639995,100,266.980108
250.340756,100,267.084164
283.642835,100,267.18378
258.213362,100,267.288516
261.734702,100,267.391869
283.953268,100,267.504668
335.059808,100,267.609459
284.816305,100,267.712486
262.111326,100,267.817799
306.020463,100,267.937237
243.108886,100,269.505274
291.325551,100,269.608162
185.054135,100,269.710476
305.060094,100,269.81223
324.476649,100,269.921014
247.643962,100,270.02537
278.415387,100,270.156987
247.587247,100,270.315652
222.036765,100,270.439215
224.418925,100,270.546505
272.830205,100,272.003334
272.336831,100,272.134314
284.376891,100,272.302322
234.212114,100,272.421588
310.618116,100,272.543159
212.002016,100,272.691394
236.57226,100,272.841903
222.187676,100,272.981859
257.656286,100,273.10692
261.919489,100,273.225896
307.35628,100,275.177238
271.288846,100,275.300484
310.536506,100,275.426269
244.151983,100,275.543104
271.334067,100,275.655501
254.76621,100,275.770645
298.89599,100,275.872703
274.343425,100,275.972466
240.057908,100,276.066633
333.632657,100,276.210495
324.758841,100,277.561512
306.731319,100,277.66011
251.633998,100,277.755689
266.636093,100,277.851291
230.859428,100,277.947955
322.422108,100,278.047168
275.971469,100,278.182873
262.37597,100,278.323074
264.036745,100,278.469712
275.697791,100,278.616695
240.809108,100,279.972895
346.529774,100,280.079652
235.703095,100,280.274276
238.717285,100,280.399645
306.06824,100,280.497407
327.949768,100,280.597398
347.297787,100,280.718655
275.1659,100,280.839213
221.697937,100,280.948864
356.730159,100,281.056513
264.612854,100,282.544351
301.221417,100,282.646756
211.275602,100,282.772111
314.007911,100,282.883257
239.552071,100,282.998059
232.261302,100,283.105651
306.182457,100,283.210722
265.451414,100,283.319523
304.321678,100,283.428643
227.181615,100,283.532632
271.532551,100,285.117394
233.755462,100,285.236176
259.727541,100,285.356424
261.884675,100,285.494719
216.982861,100,285.624446
234.576904,100,285.746281
337.198459,100,285.868342
244.606996,100,285.990769
306.716287,100,286.121481
292.563219,100,286.314065
247.132603,100,287.721108
338.389783,100,287.812723
319.217469,100,287.903619
368.25044,100,287.998853
254.787147,100,288.097405
317.5513,100,288.253739
338.534449,100,288.381392
370.296338,100,288.486481
304.679103,100,288.607462
293.860483,100,288.7189
263.949173,100,289.981325
335.177625,100,290.077865
246.955179,100,290.246319
325.896898,100,290.369701
247.561669,100,290.470451
236.800044,100,290.58165
252.210662,100,290.694345
285.955871,100,290.797497
261.681864,100,290.896748
289.549974,100,290.994853
274.576048,100,292.451097
296.329706,100,292.546379
242.371478,100,292.676206
226.312237,100,292.783674
291.224592,100,292.892211
203.445383,100,292.993502
303.406697,100,293.093416
261.083599,100,293.196675
244.541123,100,293.302541
248.156027,100,293.408405
236.683326,100,295.551419
345.497746,100,295.652657
331.944161,100,295.761528
374.824816,100,295.861199
254.681221,100,295.964303
228.923976,100,296.062582
382.357404,100,296.206208
347.22171,100,296.361301
313.348133,100,296.460647
289.552271,100,296.568748
277.70813,100,298.193346
282.459717,100,298.369115
260.693916,100,298.500278
287.574724,100,298.639863
285.281711,100,298.813175
262.205604,100,298.991956
250.376014,100,299.167063
259.151223,100,299.340354
302.004482,100,299.517555
261.857463,100,299.700068
313.202094,100,301.893424
230.551014,100,301.992304
219.110676,100,302.091491
328.543552,100,302.252137
224.229655,100,302.39429
291.879269,100,302.503806
303.362654,100,302.628892
271.379055,100,302.743174
258.467454,100,302.859343
233.872315,100,302.964284
303.565384,100,304.617249
287.547616,100,304.742077
236.596094,100,304.844418
316.196587,100,304.951172
264.420695,100,305.072259
248.379681,100,305.178061
315.604358,100,305.279602
300.324625,100,305.395783
326.461813,100,305.506964
297.415661,100,305.615662
279.953882,100,307.210665
337.544776,100,307.31044
324.582939,100,307.415344
295.130563,100,307.527025
292.76958,100,307.632016
371.513271,100,307.730548
336.636596,100,307.829779
245.598881,100,307.928302
329.075253,100,308.027121
228.479026,100,308.151259
305.546874,100,309.590883
221.845284,100,309.690908
232.255521,100,309.790195
325.734084,100,309.889039
318.895244,100,309.991481
259.003346,100,310.090798
365.809473,100,310.257707
299.434062,100,310.38271
295.834634,100,310.486096
278.505243,100,310.588997
355.385728,100,311.862696
239.733067,100,311.955754
295.157234,100,312.049461
286.614887,100,312.183499
283.575824,100,312.33595
188.029707,100,312.439685
259.157657,100,312.540728
312.130751,100,312.663663
279.231389,100,312.768178
312.563327,100,312.871345
294.834834,100,314.255414
236.557762,100,314.365563
358.175457,100,314.482742
258.838361,100,314.587342
240.562105,100,314.699135
288.555947,100,314.798783
334.393179,100,314.904289
202.19402,100,315.003301
256.829682,100,315.10058
248.102601,100,315.203473
323.435674,100,316.756552
253.237003,100,316.873479
293.804864,100,316.982922
337.86882,100,317.090405
298.613125,100,317.200003
289.777985,100,317.307386
302.77099,100,317.423261
292.108646,100,317.52367
232.408535,100,317.623526
348.600687,100,317.720594
263.299752,100,319.879603
274.459502,100,320.062567
346.126826,100,320.258095
297.214888,100,320.422856
323.988012,100,320.572741
313.860506,100,320.719627
278.596797,100,320.902761
259.927845,100,321.088467
348.08053,100,321.278009
360.043338,100,321.472889
276.980578,100,323.090429
273.063037,100,323.194597
286.703203,100,323.299323
362.685243,100,323.402002
302.631689,100,323.508376
285.607983,100,323.616427
351.146328,100,323.724358
236.822319,100,323.832251
313.230205,100,323.937146
262.116265,100,324.039608
363.093803,100,325.772733
209.040964,100,325.885312
300.742649,100,325.995848
251.103633,100,326.106848
305.900463,100,326.287398
273.458622,100,326.403
316.295707,100,326.515517
239.643433,100,326.616629
271.613563,100,326.729011
310.206007,100,326.824405
234.909938,100,328.578366
370.21517,100,328.728624
319.180469,100,328.86267
322.000229,100,328.994956
332.658758,100,329.12375
241.363497,100,329.239767
242.121176,100,329.357764
259.818784,100,329.486682
253.08673,100,329.602158
288.681403,100,329.714653
331.986133,100,331.473086
307.164907,100,331.608289
336.467097,100,331.736995
276.69718,100,331.86201
307.59491,100,331.979481
250.569963,100,332.115177
275.813247,100,332.319458
305.420857,100,332.432043
361.564886,100,332.552692
301.525203,100,332.706677
290.385872,100,334.079582
321.085496,100,334.252952
254.45592,100,334.383703
360.817402,100,334.479262
293.956203,100,334.591683
281.522993,100,334.689292
330.091944,100,334.786468
254.886393,100,334.885228
316.472093,100,334.986634
340.398108,100,335.088992
305.260603,100,336.602408
240.44039,100,336.724527
293.26336,100,336.819089
340.560624,100,336.912768
295.346164,100,337.004646
276.79173,100,337.0995
326.515419,100,337.195326
311.704808,100,337.302262
304.987971,100,337.400762
352.545581,100,337.50765
330.835906,100,339.24541
274.998771,100,339.419419
274.609101,100,339.59697
284.56603,100,339.765251
272.358176,100,339.920085
261.747057,100,340.072451
329.673332,100,340.263256
253.461588,100,340.393618
242.247318,100,340.533126
320.384753,100,340.703768
226.395429,100,342.749961
335.888571,100,342.953931
268.993197,100,343.094334
327.13726,100,343.270423
320.126175,100,343.452235
323.775404,100,343.640265
287.86785,100,343.823674
288.996843,100,343.993182
274.185572,100,344.194384
282.671759,100,344.363018
287.720371,100,346.734019
328.293064,100,346.889389
287.807127,100,347.06932
247.103105,100,347.248767
290.031512,100,347.428397
347.962222,100,347.606992
363.898331,100,347.804255
226.868054,100,347.98629
254.282262,100,348.165202
334.967876,100,348.40887
315.768851,100,350.061333
293.027837,100,350.177307
330.446817,100,350.348498
367.970146,100,350.504888
344.695172,100,350.62388
232.710653,100,350.752131
374.057019,100,350.870052
353.263657,100,350.979385
334.464706,100,351.087362
206.748156,100,351.194601
303.61723,100,352.838327
244.429397,100,352.977229
320.658716,100,353.096652
315.748858,100,353.218262
329.772382,100,353.34264
258.72117,100,353.470776
230.687683,100,353.596799
347.366155,100,353.72004
293.759392,100,353.839627
228.412838,100,353.968288
229.676586,100,355.862565
275.402736,100,355.98155
318.995813,100,356.097374
277.458455,100,356.221283
262.858099,100,356.443674
233.432821,100,356.561659
336.842734,100,356.683983
307.104737,100,356.811378
336.548149,100,356.943611
263.634033,100,357.064965
373.350134,100,358.473905
289.695108,100,358.568035
343.374617,100,358.679147
262.819379,100,358.795929
297.459892,100,358.889381
323.26751,100,358.988706
337.316456,100,359.087217
230.400291,100,359.191286
303.015156,100,359.299172
292.172769,100,359.39939
338.390226,100,361.964421
292.861817,100,362.202678
294.57266,100,362.44697
230.38673,100,362.554569
273.530181,100,362.667237
334.393595,100,362.793163
369.197501,100,362.90737
245.52301,100,363.010534
264.883049,100,363.119488
277.764741,100,363.226122
292.723275,100,364.904997
256.051989,100,365.016941
242.780442,100,365.126017
317.84389,100,365.233372
321.120571,100,365.346211
338.570462,100,365.46988
326.11649,100,365.575941
297.220058,100,365.67944
189.445249,100,365.777142
258.096241,100,365.873048
375.976426,100,367.346274
258.347052,100,367.447034
270.987654,100,367.552903
257.258172,100,367.660012
319.390879,100,367.758601
234.696857,100,367.853982
275.73282,100,367.953371
247.147125,100,368.047141
244.033953,100,368.145053
297.2245,100,368.271971
277.202893,100,369.752008
289.899927,100,369.844716
275.882785,100,369.939111
346.768839,100,370.03133
303.207255,100,370.123276
370.509452,100,370.215384
328.972735,100,370.376836
307.060437,100,370.545587
269.640584,100,370.691723
279.879925,100,370.800724
305.102093,100,372.226284
268.698125,100,372.408434
298.630066,100,372.546411
295.083094,100,372.665893
339.881212,100,372.811356
237.176681,100,372.929864
334.372725,100,373.028558
325.276389,100,373.126285
287.265546,100,373.23074
426.733683,100,373.328289
350.868458,100,374.853955
322.223458,100,374.956211
348.377874,100,375.054939
254.588361,100,375.157121
225.690751,100,375.257507
335.584528,100,375.366283
267.570331,100,375.470859
351.398545,100,375.585968
216.777144,100,375.684506
376.168283,100,375.789601
228.298336,100,377.28863
312.002767,100,377.399266
297.946592,100,377.508645
324.604069,100,377.604911
335.564154,100,377.71122
317.033015,100,377.825048
255.736019,100,377.932038
309.724878,100,378.036584
283.892146,100,378.138425
296.125161,100,378.251393
275.298457,100,379.879386
286.620156,100,379.989583
318.162019,100,380.101769
257.49441,100,380.216401
259.611741,100,380.372517
284.904203,100,380.518619
357.459736,100,380.629545
285.247655,100,380.760186
243.532139,100,380.871046
335.547725,100,380.983719
321.025387,100,382.23243
339.251199,100,382.393218
309.104441,100,382.527178
265.664424,100,382.623623
327.501482,100,382.736254
303.519809,100,382.860343
340.963477,100,382.957919
246.226837,100,383.064619
339.944901,100,383.182487
281.029657,100,383.290076
385.818518,100,385.412971
357.444948,100,385.617656
338.25906,100,385.810552
324.333681,100,386.012243
283.784878,100,386.199869
280.065803,100,386.397753
307.041659,100,386.579388
281.217794,100,386.72895
285.050147,100,386.879726
296.413847,100,387.077691
269.562051,100,389.2386
335.858614,100,389.361665
253.94003,100,389.492414
240.869581,100,389.611184
253.920026,100,389.737723
233.282339,100,389.854301
335.422433,100,389.977498
291.991788,100,390.100619
343.546692,100,390.231851
269.347831,100,390.448394
335.54351,100,391.970953
342.261471,100,392.083182
424.966164,100,392.192604
298.571529,100,392.342152
320.70698,100,392.522199
393.208978,100,392.641979
363.97791,100,392.769953
297.228546,100,392.903475
255.691143,100,393.021604
301.520955,100,393.139488
263.577055,100,394.989442
231.52064,100,395.126106
301.583596,100,395.254502
356.663844,100,395.386373
355.823062,100,395.51827
367.583256,100,395.63577
374.382237,100,395.752767
352.116353,100,395.878296
307.748026,100,396.015292
292.577652,100,396.134904
283.020712,100,398.110046
275.32184,100,398.28615
236.051068,100,398.476499
309.484966,100,398.575453
285.907226,100,398.678503
369.708124,100,398.80171
277.434578,100,398.904658
327.727486,100,399.006276
398.389074,100,399.104156
366.829147,100,399.19935
281.310679,100,400.717785
230.385225,100,400.853027
353.170169,100,400.977885
283.984202,100,401.098494
300.010026,100,401.216545
287.004802,100,401.344699
292.019683,100,401.475517
247.001134,100,401.601399
317.919868,100,401.721689
264.279906,100,401.840648
339.434483,100,403.467922
292.374397,100,403.572211
319.629692,100,403.672528
346.223048,100,403.76806
246.640593,100,403.864023
362.396373,100,403.957494
261.599053,100,404.050141
276.418907,100,404.143806
277.54149,100,404.238178
218.146582,100,404.414466
381.158603,100,405.958901
305.462301,100,406.063454
336.36846,100,406.170645
280.969781,100,406.296676
354.884702,100,406.455571
212.481539,100,406.569362
325.598106,100,406.675287
317.839893,100,406.794948
336.630234,100,406.90027
280.334649,100,406.997303
334.794269,100,408.352716
328.911289,100,408.514279
348.837642,100,408.612868
296.826566,100,408.715552
339.13847,100,408.852
326.59543,100,408.976132
325.932841,100,409.09702
347.485199,100,409.203529
343.871172,100,409.310028
345.000276,100,409.411742
274.397564,100,410.880389
247.853325,100,410.991597
355.565885,100,411.097483
259.912157,100,411.204021
312.109848,100,411.305137
360.956479,100,411.414797
294.040665,100,411.515611
290.77318,100,411.622592
265.907602,100,411.722548
257.059491,100,411.820312
340.322116,100,413.417919
312.249449,100,413.526471
269.517399,100,413.628808
352.429503,100,413.733255
375.051002,100,413.841001
253.04344,100,413.940796
248.490999,100,414.036544
252.431991,100,414.130243
290.343001,100,414.228332
290.808885,100,414.381444
291.280618,100,416.417327
343.069521,100,416.560996
346.552336,100,416.677655
264.613992,100,416.806364
324.872845,100,416.924003
363.725948,100,417.042359
342.729585,100,417.159481
397.478602,100,417.269902
278.738436,100,417.372268
314.128184,100,417.486293
323.089375,100,418.988707
252.449283,100,419.088775
277.813224,100,419.184721
358.899881,100,419.283673
347.851224,100,419.379697
337.956601,100,419.485292
367.81375,100,419.595736
292.863724,100,419.696664
371.527696,100,419.806455
334.801698,100,419.903409
288.174181,100,421.419807
345.819062,100,421.534445
348.380048,100,421.63674
320.943931,100,421.733912
360.057309,100,421.830227
271.138656,100,421.924193
334.772854,100,422.020089
399.202524,100,422.116095
253.26261,100,422.214571
319.343436,100,422.35954
364.687472,100,423.821251
262.671108,100,423.922237
362.905563,100,424.023589
280.382676,100,424.128039
287.607453,100,424.230237
361.372109,100,424.407771
276.518419,100,424.54344
287.943376,100,424.643691
301.877109,100,424.742375
312.79411,100,424.861473
286.941448,100,426.083094
323.530116,100,426.191665
299.439893,100,426.328955
268.773794,100,426.497489
338.763066,100,426.601242
276.181883,100,426.71967
273.191163,100,426.831289
346.167671,100,426.936486
240.863454,100,427.034396
237.686415,100,427.132532
236.745653,100,428.694565
212.493572,100,428.811986
308.855819,100,428.925434
294.552256,100,429.026537
264.870658,100,429.123523
277.362431,100,429.225886
338.986083,100,429.32917
357.275562,100,429.431007
319.760265,100,429.538575
229.497024,100,429.642131
341.042519,100,431.574983
284.753794,100,431.756068
343.252586,100,431.926696
393.101192,100,432.101865
364.319473,100,432.281714
295.932955,100,432.466091
261.609954,100,432.640582
411.667438,100,432.808356
324.677469,100,432.969163
309.669834,100,433.149472
325.532077,100,434.927664
356.961295,100,435.028581
357.34602,100,435.127085
369.675429,100,435.223627
269.905028,100,435.324318
287.010157,100,435.432795
335.036902,100,435.545373
383.619723,100,435.65155
286.780329,100,435.754956
330.689176,100,435.857555
285.915177,100,437.697138
423.332547,100,437.869518
295.173412,100,438.044712
381.75097,100,438.222529
404.140887,100,438.414402
332.561145,100,438.569487
359.989319,100,438.702106
323.543969,100,438.856395
315.708734,100,439.025308
360.801212,100,439.189721
382.831852,100,441.615665
356.181121,100,441.811943
367.389244,100,441.988021
311.934194,100,442.15806
310.16579,100,442.328312
301.326214,100,442.512479
269.628357,100,442.723497
276.924666,100,442.921145
255.872041,100,443.092159
309.041275,100,443.281292
195.596074,100,445.383735
329.836274,100,445.482771
388.827729,100,445.587001
328.540949,100,445.704016
295.881291,100,445.815742
282.325452,100,445.919375
246.282309,100,446.021513
320.231956,100,446.124544
340.784409,100,446.227809
290.179241,100,446.323754
310.737962,100,447.800163
288.370205,100,447.900672
399.708727,100,447.996693
341.166149,100,448.092869
325.666543,100,448.186122
352.08663,100,448.281159
339.829323,100,448.37418
296.594455,100,448.487221
276.884212,100,448.654998
308.401027,100,448.764428
293.428632,100,450.005577
330.924499,100,450.112427
398.832816,100,450.219383
341.487989,100,450.324543
352.343629,100,450.433203
285.831962,100,450.596074
364.850854,100,450.740448
341.422702,100,450.83636
274.892794,100,450.935571
250.199258,100,451.054982
273.380902,100,452.317242
298.136617,100,452.411976
327.771464,100,452.566861
260.845467,100,452.750446
299.029477,100,452.855928
293.858696,100,452.974801
350.701559,100,453.086532
272.937523,100,453.189501
289.370906,100,453.290124
259.933456,100,453.385501
287.484582,100,454.948758
241.190426,100,455.058151
387.921005,100,455.175391
329.39443,100,455.275221
294.266559,100,455.380024
295.213764,100,455.487344
371.015522,100,455.584948
296.157416,100,455.695395
284.935009,100,455.797631
285.444827,100,455.901909
321.506909,100,457.38029
316.943092,100,457.478542
337.736904,100,457.594969
323.116367,100,457.714173
308.377629,100,457.817227
398.863286,100,457.9132
285.935255,100,458.009471
303.927925,100,458.119176
237.137636,100,458.230147
283.362778,100,458.345702
244.832163,100,460.125993
260.065777,100,460.248885
352.297757,100,460.363325
317.724714,100,460.502496
255.3683,100,460.699094
333.934915,100,460.839674
326.206362,100,460.971319
323.905525,100,461.094995
355.894991,100,461.214044
302.524703,100,461.329485
344.782561,100,463.148559
334.649759,100,463.323474
323.016007,100,463.493508
228.406213,100,463.690464
253.975805,100,463.875331
248.255393,100,464.043464
269.063759,100,464.219718
340.500845,100,464.382394
390.237277,100,464.56857
389.600049,100,464.737845
294.155795,100,466.544262
309.561328,100,466.706325
270.591323,100,466.842187
214.488326,100,466.987722
323.475485,100,467.128448
339.276871,100,467.268932
329.621132,100,467.403675
284.761827,100,467.551607
299.104946,100,467.72395
359.184551,100,467.869102
328.057651,100,469.927248
371.263937,100,470.060319
368.82378,100,470.177474
329.864008,100,470.304035
404.795575,100,470.433428
359.56835,100,470.624996
309.775727,100,470.804662
277.694284,100,470.932225
337.957789,100,471.069268
352.992949,100,471.187792
228.828526,100,472.424969
318.500717,100,472.553503
298.916379,100,472.736882
305.820084,100,472.852279
325.228607,100,472.952474
291.045872,100,473.046972
268.1684,100,473.159595
287.881053,100,473.257489
354.081632,100,473.357725
288.831401,100,473.462806
375.278277,100,475.156235
362.497767,100,475.254798
295.097771,100,475.366986
341.373847,100,475.474944
307.749198,100,475.583438
298.640709,100,475.695276
343.844666,100,475.82395
393.701765,100,475.930457
343.34222,100,476.030633
334.942377,100,476.133361
348.596689,100,477.654981
311.011866,100,477.755803
334.924666,100,477.86594
226.931438,100,477.965976
233.54652,100,478.062919
390.155832,100,478.162808
316.49361,100,478.260959
324.701226,100,478.359914
272.316826,100,478.455301
352.239327,100,478.593149
228.391107,100,479.994232
291.346836,100,480.1016
345.752064,100,480.209251
293.909014,100,480.309355
307.453123,100,480.407939
338.052309,100,480.518801
310.416518,100,480.700771
309.076256,100,480.825381
281.406976,100,480.938433
351.760085,100,481.053303
317.200547,100,482.288722
284.166132,100,482.393318
365.71012,100,482.498629
372.667108,100,482.681017
432.103993,100,482.82362
376.096143,100,482.921666
334.391045,100,483.025866
345.052722,100,483.136479
371.20578,100,483.252665
349.931896,100,483.358652
311.675805,100,484.839645
325.938872,100,484.943242
331.690604,100,485.06571
267.473432,100,485.167932
280.601367,100,485.26794
364.370419,100,485.365343
394.388301,100,485.470181
311.831682,100,485.576177
360.885697,100,485.687034
310.105873,100,485.793842
280.59878,100,487.295248
362.94397,100,487.394912
287.622439,100,487.496918
358.332452,100,487.616713
344.769932,100,487.733999
355.655541,100,487.85033
256.939965,100,487.951794
275.422252,100,488.052319
370.488901,100,488.163111
379.470241,100,488.263882
391.396566,100,490.437889
295.158009,100,490.623948
354.251994,100,490.819178
375.118418,100,490.964781
317.721303,100,491.129135
263.647881,100,491.305211
335.006647,100,491.478567
341.874188,100,491.655237
323.830319,100,491.839947
276.915012,100,492.015248
320.099883,100,493.879363
307.233673,100,493.973703
306.734597,100,494.068641
377.831084,100,494.166802
342.210627,100,494.262408
246.687482,100,494.361869
377.632304,100,494.459256
322.824954,100,494.59014
229.712471,100,494.757108
369.00489,100,494.895355
321.222571,100,496.284308
267.165928,100,496.379334
299.102453,100,496.477126
349.897496,100,496.605399
328.058021,100,496.785444
355.39402,100,496.889966
341.997839,100,496.994566
300.729547,100,497.111461
389.843698,100,497.226089
318.974903,100,497.328472
278.395468,100,498.976522
292.206742,100,499.123435
324.024716,100,499.296704
319.343362,100,499.475741
331.733148,100,499.664595
259.40644,100,499.854196
335.511498,100,500.043217
339.159519,100,500.223043
326.974201,100,500.391859
294.714078,100,500.571764
243.989488,100,502.157385
271.529907,100,502.262489
395.255182,100,502.365505
256.498768,100,502.471307
381.251064,100,502.621231
310.810511,100,502.795261
298.875677,100,502.895632
300.810492,100,502.992235
258.004029,100,503.111494
332.710707,100,503.217368
395.839687,100,504.945693
366.026303,100,505.063609
362.741858,100,505.169388
322.678145,100,505.281275
298.875827,100,505.391555
344.409446,100,505.496944
326.942032,100,505.597217
383.107272,100,505.710773
328.942016,100,505.820655
348.566876,100,505.933224
335.059326,100,507.645136
357.793185,100,507.785465
214.526815,100,507.915695
266.779412,100,508.056157
317.718451,100,508.170488
333.461962,100,508.276593
295.927469,100,508.383905
222.504352,100,508.500499
353.905413,100,508.671533
352.854174,100,508.844966
315.023011,100,510.50898
386.929916,100,510.728419
355.36515,100,510.90488
309.857117,100,511.049671
322.044494,100,511.20087
295.207,100,511.350487
310.607462,100,511.490069
281.829111,100,511.636178
295.313893,100,511.793078
288.385513,100,511.928156
313.487783,100,513.742145
258.481337,100,513.879805
245.85694,100,514.009681
358.798741,100,514.133996
354.969066,100,514.259053
293.527859,100,514.383995
413.519403,100,514.508971
279.957572,100,514.669947
313.677096,100,514.833488
342.361341,100,514.972763
291.297399,100,516.549311
342.8701,100,516.777618
317.073562,100,516.887059
323.953841,100,517.017588
318.283433,100,517.141011
288.339324,100,517.260498
268.435311,100,517.379128
376.48214,100,517.496238
354.570287,100,517.630276
362.525508,100,517.772265
346.760743,100,519.418702
309.59109,100,519.543758
321.394084,100,519.667445
347.982847,100,519.781169
335.155234,100,519.894351
258.282038,100,520.012304
358.228274,100,520.127811
299.379959,100,520.254712
296.020898,100,520.374422
318.538623,100,520.486704
380.106173,100,522.154025
315.918312,100,522.266156
403.187036,100,522.377307
355.001754,100,522.48457
320.405776,100,522.632724
348.573804,100,522.798016
315.918264,100,522.902073
349.220421,100,523.00508
371.541575,100,523.118483
330.404562,100,523.230067
364.485535,100,524.534928
350.529811,100,524.698755
327.957004,100,524.826204
389.441042,100,524.924026
283.897664,100,525.034396
296.91354,100,525.14623
331.894389,100,525.246728
314.378655,100,525.356312
434.008833,100,525.460585
331.573014,100,525.563998
315.884467,100,527.263622
286.757222,100,527.370597
405.208835,100,527.473921
314.236792,100,527.579725
428.562902,100,527.68425
343.093177,100,527.793977
240.505738,100,527.906624
303.301105,100,528.017438
318.00644,100,528.128716
371.300402,100,528.230486
325.675133,100,530.113964
348.505865,100,530.242966
318.305121,100,530.362755
296.022402,100,530.476684
329.714108,100,530.629031
347.58236,100,530.808521
282.206668,100,530.936808
342.747961,100,531.048321
361.257384,100,531.195199
299.921325,100,531.327019
295.901371,100,533.105815
342.768607,100,533.229342
400.786454,100,533.340043
297.673506,100,533.450522
265.377162,100,533.563608
335.073499,100,533.680328
296.691899,100,533.796788
292.103282,100,533.909948
389.807884,100,534.024031
364.558359,100,534.143053
308.969062,100,536.043444
301.405909,100,536.162521
245.726985,100,536.28955
322.278135,100,536.404419
320.051054,100,536.5306
311.926186,100,536.75648
368.318771,100,536.892363
357.613196,100,537.024598
294.322447,100,537.158633
383.823766,100,537.269063
367.247584,100,538.691983
360.235301,100,538.835373
305.360143,100,538.951856
289.050858,100,539.070319
266.377428,100,539.197702
326.382222,100,539.311809
312.829344,100,539.429439
379.385391,100,539.543119
271.502538,100,539.659125
381.899107,100,539.783257
330.142167,100,541.363965
268.598295,100,541.464497
338.408788,100,541.563552
331.379155,100,541.669489
346.781209,100,541.769327
351.225132,100,541.881
350.426917,100,541.981931
331.64956,100,542.079266
265.939966,100,542.177455
270.982345,100,542.277087
314.187865,100,543.936957
244.734112,100,544.038719
314.031143,100,544.141081
399.075676,100,544.250026
356.075079,100,544.353904
265.529575,100,544.457951
320.789996,100,544.574966
291.324947,100,544.77534
357.503129,100,544.915636
366.068402,100,545.043907
297.828094,100,546.551787
305.308563,100,546.739264
319.565158,100,546.871334
293.741289,100,546.996328
280.131043,100,547.130322
367.39552,100,547.248938
340.819421,100,547.362632
297.971371,100,547.480195
288.174095,100,547.608374
326.266386,100,547.730731
297.780347,100,549.581708
312.481136,100,549.71
289.090242,100,549.835675
351.778901,100,549.944674
370.453236,100,550.05149
392.071397,100,550.159241
357.492346,100,550.271229
322.723518,100,550.372683
300.608506,100,550.468148
305.113539,100,550.599949
353.29423,100,552.061332
386.66276,100,552.167553
374.877686,100,552.267777
328.095259,100,552.372522
342.317834,100,552.490435
351.579339,100,552.635534
201.842991,100,552.804311
346.538907,100,552.902486
304.314139,100,552.999476
401.129696,100,553.116738
254.074253,100,554.606282
343.278712,100,554.79668
349.071524,100,554.918877
287.838087,100,555.05206
346.095118,100,555.182945
276.501393,100,555.296885
387.459164,100,555.411915
300.803899,100,555.533812
289.557175,100,555.666903
290.569033,100,555.795511
307.729957,100,557.462739
354.397427,100,557.565622
321.724863,100,557.670101
322.274549,100,557.774227
333.359421,100,557.881487
263.807711,100,557.999424
263.729195,100,558.112402
342.928579,100,558.236297
333.915585,100,558.348434
279.766025,100,558.458953
314.468607,100,560.233855
341.019547,100,560.345346
323.548987,100,560.476085
427.164458,100,560.644495
318.353455,100,560.830798
357.317933,100,560.975304
373.325798,100,561.121819
338.045243,100,561.239136
375.891353,100,561.357084
348.799558,100,561.473997
217.624856,100,563.278805
350.84822,100,563.397596
319.41946,100,563.537694
383.398665,100,563.674301
350.429888,100,563.804393
303.491633,100,563.911877
355.666594,100,564.022211
331.860596,100,564.135455
313.111102,100,564.248912
306.168103,100,564.36336
280.07179,100,566.01923
356.395742,100,566.121369
257.764706,100,566.225392
323.487228,100,566.324109
348.78111,100,566.420779
319.622739,100,566.515521
258.681329,100,566.661582
298.888723,100,566.800504
297.962916,100,566.894431
293.750316,100,567.015419
354.501085,100,569.142991
312.449822,100,569.316744
295.591642,100,569.497426
353.783352,100,569.680866
307.216016,100,569.862089
294.213361,100,570.046923
274.145683,100,570.227225
321.461349,100,570.410009
369.747404,100,570.58414
288.956432,100,570.779918
316.167195,100,572.062055
339.209896,100,572.158369
286.085319,100,572.250312
301.096857,100,572.345
360.768673,100,572.439637
380.146337,100,572.534398
342.851382,100,572.730363
338.738667,100,572.868517
246.94707,100,572.98951
307.61672,100,573.116556
333.349063,100,574.457158
371.32321,100,574.568681
355.332487,100,574.743065
327.496635,100,574.860646
332.945909,100,574.969706
254.751456,100,575.070958
308.463271,100,575.188184
274.424487,100,575.29411
378.375237,100,575.407851
324.560672,100,575.516324
352.39668,100,576.93039
405.876125,100,577.038333
343.80856,100,577.13446
340.153284,100,577.248138
348.357322,100,577.346952
351.140383,100,577.448568
348.760143,100,577.550005
328.306762,100,577.649511
240.608373,100,577.745092
358.485346,100,577.851986
309.623545,100,579.324522
345.775934,100,579.417348
324.142023,100,579.510315
310.908527,100,579.608308
343.780516,100,579.710601
402.848229,100,579.81171
282.270309,100,579.917019
343.530804,100,580.022654
340.045902,100,580.124335
230.983231,100,580.224587
213.529011,100,581.694591
300.353224,100,581.810759
317.925408,100,581.921224
366.426993,100,582.023203
361.504971,100,582.123642
364.985197,100,582.222276
347.409907,100,582.32207
287.926482,100,582.419338
349.505653,100,582.520547
308.72335,100,582.680746
295.101447,100,584.039637
317.165626,100,584.129479
324.741244,100,584.221446
359.264905,100,584.311382
325.009112,100,584.401556
372.108077,100,584.493495
409.478616,100,584.615204
289.977276,100,584.762727
311.997428,100,584.869727
291.807429,100,584.975471
290.44408,100,586.270459
372.94988,100,586.366446
385.682082,100,586.462241
371.675673,100,586.564968
315.096644,100,586.732047
326.780015,100,586.84804
364.96412,100,586.940789
315.005859,100,587.048561
306.488051,100,587.153302
222.169671,100,587.252389
259.675841,100,588.512309
305.570175,100,588.67139
358.452272,100,588.815579
331.354361,100,588.930097
319.982072,100,589.036751
307.123153,100,589.151166
240.408657,100,589.254352
303.264482,100,589.353156
373.39774,100,589.452221
308.944348,100,589.553753
279.714388,100,591.117578
340.485066,100,591.245323
294.044039,100,591.396787
338.094796,100,591.50569
358.137456,100,591.617913
274.506698,100,591.73021
290.358981,100,591.827159
294.276004,100,591.924448
342.073149,100,592.032685
295.752935,100,592.139394
335.877046,100,593.892771
241.54421,100,594.033097
368.741338,100,594.155226
273.675483,100,594.299319
311.504871,100,594.439018
339.146973,100,594.597603
341.509334,100,594.791089
281.866594,100,594.9066
255.545021,100,595.047086
323.237691,100,595.18027
373.663506,100,596.503177
365.365136,100,596.644925
363.04259,100,596.787161
276.543293,100,596.908588
361.1225,100,597.011813
274.331596,100,597.121496
319.030793,100,597.232426
305.054436,100,597.32997
385.591861,100,597.430274
265.895823,100,597.545876
276.979996,100,599.410711
311.695627,100,599.615802
325.364344,100,599.822365
366.130263,100,600.032172
296.0177,100,600.255473
314.056768,100,600.481462
278.021628,100,600.728775
294.061109,100,600.94147
330.995027,100,601.122761
356.321472,100,601.339832
346.455132,100,604.304319
318.504361,100,604.490241
371.638191,100,604.685524
340.616223,100,604.912029
298.505542,100,605.062132
384.362496,100,605.192871
275.276268,100,605.354533
328.094861,100,605.548165
348.866312,100,605.750938
344.360604,100,605.932996
306.144171,100,608.015278
361.744686,100,608.150734
315.669355,100,608.274719
276.198077,100,608.394638
369.772503,100,608.529932
412.96269,100,608.652897
325.561434,100,608.825223
365.124756,100,608.98259
322.159161,100,609.094077
295.264871,100,609.22033
380.560539,100,610.619015
260.691582,100,610.757313
292.017729,100,610.933165
296.514205,100,611.046767
309.630249,100,611.172062
364.606571,100,611.296562
359.342373,100,611.411531
354.729073,100,611.530096
336.448086,100,611.648593
271.855066,100,611.76369
358.601856,100,613.512441
379.641391,100,613.632349
438.955426,100,613.759164
278.33941,100,613.875503
361.232068,100,613.998153
243.544887,100,614.126735
346.109967,100,614.256491
358.805451,100,614.380625
299.41695,100,614.511683
349.340638,100,614.645261
338.471267,100,616.209229
352.540994,100,616.312352
326.157044,100,616.412524
402.428719,100,616.519353
350.123522,100,616.622896
303.852374,100,616.775852
344.813102,100,616.956734
336.073989,100,617.055434
316.955879,100,617.158878
285.694564,100,617.274007
334.992497,100,618.554088
364.711795,100,618.678905
310.63184,100,618.847308
383.58114,100,619.005643
314.77184,100,619.102053
277.064294,100,619.206171
348.86543,100,619.316674
351.989598,100,619.433728
323.7937,100,619.538737
326.225429,100,619.64614
324.595575,100,621.240003
407.792964,100,621.359477
307.911361,100,621.470529
304.040085,100,621.584425
302.272606,100,621.684632
264.829063,100,621.780375
348.823762,100,621.884976
385.167194,100,621.99037
316.340656,100,622.098413
409.622642,100,622.19577
277.136474,100,623.963009
259.160668,100,624.07956
282.009603,100,624.187421
384.315713,100,624.295652
300.953663,100,624.398334
316.132768,100,624.506415
331.879109,100,624.609475
337.295349,100,624.745142
368.125165,100,624.929121
345.977184,100,625.041556
321.47694,100,626.3997
329.450209,100,626.497568
278.078917,100,626.593879
279.96089,100,626.694707
359.161294,100,626.866922
386.756514,100,627.004257
352.264338,100,627.10364
285.812827,100,627.208291
371.174817,100,627.327314
329.772442,100,627.435376
366.116099,100,628.816142
364.987413,100,628.967085
301.307035,100,629.068997
361.367228,100,629.175646
220.813653,100,629.305072
360.573631,100,629.427445
351.607767,100,629.532265
384.407362,100,629.635499
314.356677,100,629.731425
233.86618,100,629.825708
325.078392,100,631.451277
322.125807,100,631.549294
321.964866,100,631.650975
354.293488,100,631.757146
317.696046,100,631.852978
282.044799,100,631.953396
292.887849,100,632.057989
397.965138,100,632.162971
361.166309,100,632.271882
359.82848,100,632.378672
289.549082,100,633.958984
326.33282,100,634.057522
240.590523,100,634.161444
417.469941,100,634.263735
332.626237,100,634.368341
373.663648,100,634.463313
309.562519,100,634.561322
321.5028,100,634.665011
320.104034,100,634.797722
340.99197,100,634.956289
275.051304,100,636.22317
316.557282,100,636.315419
320.425022,100,636.417053
262.219577,100,636.521725
293.95232,100,636.633354
256.225277,100,636.76729
342.308702,100,636.937783
335.927274,100,637.042464
344.974697,100,637.149972
340.740497,100,637.267884
315.968875,100,638.499512
289.313705,100,638.597489
358.907574,100,638.696994
363.290627,100,638.863363
276.47113,100,638.985683
329.810751,100,639.076595
460.417675,100,639.172437
320.850583,100,639.282926
347.191051,100,639.392093
311.488541,100,639.49452
393.934751,100,640.937506
350.896491,100,641.033367
307.725897,100,641.1322
330.297445,100,641.244614
383.24314,100,641.347191
304.94316,100,641.444716
363.768449,100,641.538021
359.113594,100,641.637155
364.44476,100,641.739749
372.072372,100,641.833911
312.499357,100,643.434896
420.221577,100,643.533234
257.725733,100,643.629303
296.891715,100,643.730096
353.547723,100,643.824967
328.881141,100,643.929799
384.061044,100,644.024229
265.163299,100,644.126467
280.549699,100,644.22151
358.229301,100,644.314868
297.639056,100,645.909559
274.368074,100,646.023996
279.382712,100,646.125476
264.292332,100,646.218277
379.701584,100,646.313115
369.190961,100,646.40708
409.236675,100,646.50497
286.831084,100,646.60541
360.033883,100,646.70371
321.03705,100,646.889786
351.339261,100,649.586348
388.733078,100,649.792429
386.397819,100,649.99816
354.924607,100,650.192461
311.004133,100,650.382747
338.568699,100,650.574594
315.932679,100,650.773484
350.017952,100,650.966704
390.156774,100,651.125329
310.654315,100,651.275736
330.00481,100,653.486909
312.537657,100,653.675585
287.850965,100,653.854634
350.474532,100,654.031036
356.744575,100,654.208639
318.845239,100,654.40395
415.04089,100,654.596021
306.239805,100,654.789661
333.074797,100,654.995145
420.799306,100,655.169133
419.898169,100,657.647441
408.979578,100,657.833542
321.435874,100,658.018903
329.577869,100,658.197312
384.762765,100,658.37429
322.397196,100,658.561835
369.66008,100,658.749557
347.062684,100,658.930255
332.380943,100,659.14303
379.884832,100,659.299761
429.018965,100,661.773757
405.239012,100,661.933162
375.515457,100,662.107309
340.30083,100,662.281108
279.584563,100,662.467726
377.657723,100,662.656061
376.04032,100,662.855574
329.402544,100,663.043328
311.6842,100,663.250609
396.455208,100,663.47816
420.877998,100,664.993717
386.538194,100,665.11129
380.021207,100,665.229453
331.605731,100,665.384043
251.228627,100,665.543979
295.062134,100,665.669774
348.029669,100,665.810997
383.97137,100,665.93231
290.996342,100,666.048957
370.344077,100,666.166308
404.787842,100,668.029761
297.639339,100,668.146584
311.520389,100,668.263467
297.369625,100,668.379246
371.507946,100,668.507769
327.585862,100,668.641296
266.232044,100,668.759344
390.770275,100,668.882347
320.697221,100,669.004319
380.099456,100,669.126765
380.806942,100,671.49203
315.043339,100,671.684419
257.674307,100,671.783303
401.032534,100,671.901273
413.355024,100,672.006895
345.103772,100,672.104949
283.546373,100,672.204984
417.145157,100,672.29859
353.725924,100,672.396799
278.138918,100,672.502681
297.34752,100,674.109471
340.130358,100,674.205566
300.589931,100,674.308258
369.413517,100,674.408525
305.379845,100,674.514086
374.567779,100,674.621029
323.036657,100,674.727816
372.479142,100,674.824597
273.421651,100,674.922949
308.298191,100,675.025857
319.121525,100,676.835206
299.03764,100,676.93433
368.768343,100,677.032388
374.609944,100,677.127926
292.228477,100,677.231978
359.028301,100,677.327696
278.318123,100,677.482285
383.580509,100,677.668369
326.290411,100,677.764849
341.37136,100,677.861111
362.935241,100,679.240364
323.098506,100,679.335989
346.279111,100,679.481772
263.585816,100,679.636668
386.220965,100,679.740079
359.656263,100,679.839571
300.618592,100,679.95328
327.986583,100,680.069486
318.007659,100,680.189798
293.944512,100,680.302771
441.527667,100,681.92334
383.176067,100,682.019646
312.297998,100,682.135294
375.527723,100,682.236935
353.921392,100,682.340484
284.520041,100,682.445078
312.135426,100,682.546849
410.397281,100,682.664993
300.669266,100,682.779417
383.406908,100,682.907549
398.260691,100,684.428204
303.684008,100,684.537451
370.717778,100,684.642727
415.753962,100,684.757335
350.764824,100,684.862756
344.616659,100,684.968476
350.415752,100,685.069443
323.839041,100,685.180492
337.749737,100,685.288499
404.260857,100,685.395268
337.266936,100,687.003845
334.790256,100,687.097505
387.914923,100,687.200262
324.780494,100,687.29333
386.631716,100,687.396461
299.233597,100,687.504246
375.653554,100,687.671101
393.711905,100,687.845367
219.187423,100,687.951746
265.05237,100,688.061403
301.877305,100,689.475628
397.337481,100,689.60964
314.631588,100,689.810625
283.540559,100,689.97876
341.48625,100,690.093182
311.903039,100,690.230088
432.550282,100,690.356579
320.725661,100,690.497424
333.632001,100,690.624031
258.876382,100,690.74822
391.824258,100,692.528047
334.259358,100,692.669326
328.176725,100,692.81088
411.706781,100,692.94605
287.109463,100,693.070218
257.454767,100,693.193752
413.651359,100,693.322331
296.188851,100,693.447267
291.482007,100,693.622398
245.838795,100,693.846035
338.939941,100,695.338572
315.026503,100,695.456302
296.932111,100,695.574078
391.264368,100,695.767306
375.342278,100,695.884515
353.950523,100,696.014378
457.129651,100,696.154917
366.37255,100,696.275741
320.876735,100,696.394847
394.419265,100,696.523169
329.228527,100,698.759944
282.744972,100,698.935106
258.838056,100,699.104716
341.512447,100,699.286228
354.807192,100,699.474688
337.334053,100,699.683083
344.564608,100,699.861731
352.620212,100,700.017596
357.55787,100,700.189554
285.61474,100,700.379323
327.768463,100,702.50229
313.916456,100,702.636918
317.027581,100,702.764613
346.295704,100,702.888758
271.40215,100,703.001893
368.553166,100,703.11032
296.277224,100,703.227191
307.564979,100,703.348847
382.627446,100,703.466395
331.383111,100,703.602958
310.883163,100,705.188519
309.009401,100,705.291224
313.774782,100,705.394716
340.368213,100,705.506629
313.474633,100,705.660671
421.847361,100,705.808916
352.574215,100,705.91954
306.833992,100,706.022963
371.649859,100,706.12912
324.778962,100,706.228975
353.635377,100,708.361861
368.323982,100,708.538073
422.22384,100,708.729616
380.975816,100,708.934669
331.753786,100,709.115382
370.771885,100,709.299398
377.532125,100,709.481622
356.498079,100,709.692151
346.225706,100,709.865134
372.424712,100,710.025647
440.371562,100,712.193204
366.274544,100,712.290005
293.839769,100,712.391459
296.319769,100,712.499804
341.257698,100,712.612266
294.969177,100,712.727627
281.767792,100,712.880411
389.509669,100,713.030049
406.458842,100,713.137605
344.519073,100,713.253903
419.450918,100,715.072083
312.159006,100,715.173025
347.371698,100,715.282382
425.085095,100,715.385495
354.356628,100,715.485523
291.899137,100,715.642952
415.907811,100,715.82204
264.739662,100,715.927068
301.195722,100,716.044597
379.992524,100,716.145595
357.841214,100,717.455943
340.797596,100,717.606244
302.341986,100,717.771227
388.191727,100,717.883305
309.721226,100,717.993253
326.742305,100,718.108621
388.703009,100,718.209142
382.894814,100,718.313506
312.684403,100,718.413658
357.726389,100,718.514985
283.984241,100,720.157927
348.092629,100,720.26829
277.24675,100,720.368793
403.798568,100,720.47012
384.442152,100,720.574168
359.994299,100,720.689994
376.531976,100,720.814793
357.779881,100,720.934532
372.366101,100,721.044063
284.536946,100,721.15146
373.714156,100,722.741501
382.168023,100,722.869323
354.503365,100,722.97345
357.427625,100,723.075404
427.453467,100,723.18937
398.047118,100,723.311345
337.128977,100,723.419727
352.012161,100,723.527657
322.383095,100,723.718362
371.448286,100,723.879869
267.947405,100,725.573591
367.571517,100,725.853702
274.65237,100,726.048505
338.244674,100,726.274934
393.131571,100,726.484588
329.868963,100,726.698884
392.59071,100,726.904488
350.044811,100,727.12352
284.879327,100,727.322198
353.160533,100,727.537565
284.392033,100,729.743193
305.356281,100,729.91732
321.212872,100,730.05056
285.255937,100,730.180868
414.888595,100,730.35542
398.592899,100,730.519649
374.736951,100,730.693408
363.881273,100,730.858566
344.829053,100,731.017275
297.574799,100,731.195375
368.057034,100,733.342057
332.173197,100,733.442526
355.683701,100,733.54019
358.059102,100,733.637403
416.417698,100,733.76933
389.767849,100,733.933664
347.945014,100,734.053947
331.548151,100,734.183096
326.887925,100,734.304585
328.233565,100,734.418462
353.933275,100,736.180711
306.164205,100,736.305322
225.110786,100,736.41774
321.284753,100,736.521766
407.79123,100,736.628248
250.413631,100,736.727779
341.24188,100,736.82857
365.407779,100,736.93042
366.737992,100,737.038955
266.797216,100,737.13717
305.759593,100,738.817343
403.209235,100,738.953191
361.439349,100,739.086012
384.332163,100,739.216749
341.761209,100,739.342984
263.703256,100,739.469933
303.265272,100,739.597666
425.707343,100,739.789443
421.349067,100,739.988318
342.74226,100,740.117089
279.089521,100,741.839805
372.763091,100,741.997379
301.42527,100,742.120612
399.275953,100,742.265176
353.227265,100,742.390557
435.330805,100,742.517486
424.015078,100,742.646761
325.353313,100,742.802451
318.588112,100,742.961156
386.398767,100,743.081897
352.615921,100,745.182299
372.608652,100,745.332545
370.736159,100,745.463709
357.471099,100,745.610037
380.889703,100,745.834621
346.626654,100,746.006952
405.0682,100,746.144894
359.573886,100,746.283157
297.847838,100,746.403752
370.794602,100,746.530955
347.314826,100,748.283646
464.444141,100,748.415418
323.95928,100,748.538374
380.021614,100,748.645921
342.685546,100,748.754041
254.697617,100,748.877806
285.173784,100,748.975699
276.345918,100,749.08094
312.10172,100,749.183965
386.082286,100,749.286454
289.611201,100,750.960328
379.240639,100,751.083938
376.804323,100,751.19839
271.979912,100,751.314954
252.898399,100,751.424268
372.947252,100,751.549129
251.866766,100,751.664018
266.756408,100,751.842868
411.330487,100,751.984412
303.332056,100,752.096499
414.756691,100,753.633643
360.746299,100,753.834496
370.343202,100,753.9927
391.634195,100,754.127677
356.747986,100,754.299059
317.210059,100,754.463657
369.258195,100,754.623713
308.54749,100,754.77653
290.496252,100,754.953807
356.427417,100,755.126581
332.493861,100,756.754774
304.179918,100,756.858503
396.360027,100,756.959201
441.700889,100,757.055531
294.145298,100,757.152475
323.663143,100,757.244498
302.668002,100,757.337452
376.156481,100,757.43537
299.661465,100,757.534874
359.637228,100,757.631846
436.504554,100,759.185452
354.628926,100,759.278805
256.600917,100,759.372718
395.325091,100,759.471789
396.860221,100,759.580109
333.138137,100,759.693006
342.982966,100,759.865128
381.483425,100,759.990988
279.565302,100,760.085935
313.997212,100,760.198139
411.591724,100,761.556514
386.45217,100,761.662931
304.950211,100,761.816664
298.60479,100,761.955521
266.59103,100,762.05736
279.933626,100,762.1841
270.487707,100,762.285439
339.111289,100,762.395485
282.551892,100,762.50048
292.214475,100,762.607496
401.25435,100,764.077192
326.072514,100,764.182403
297.328014,100,764.295371
282.490777,100,764.394628
291.087411,100,764.501891
409.569952,100,764.609324
262.656697,100,764.70523
344.892567,100,764.809191
411.239582,100,764.904899
391.45713,100,765.009062
369.499008,100,766.458588
349.176609,100,766.567927
385.886781,100,766.677409
290.550488,100,766.794613
320.929201,100,766.914263
357.589651,100,767.029414
355.421085,100,767.140448
291.84787,100,767.249172
349.441106,100,767.361042
351.156729,100,767.473048
321.413552,100,769.286808
346.920895,100,769.41434
336.55415,100,769.542022
381.519992,100,769.671626
248.57312,100,769.872378
399.046428,100,769.996663
339.05008,100,770.116005
279.127042,100,770.249965
327.080807,100,770.360724
351.850395,100,770.471373
399.993038,100,772.14711
313.050079,100,772.271731
330.849371,100,772.376254
363.554688,100,772.485216
334.268171,100,772.586067
309.600242,100,772.703116
327.307637,100,772.818356
379.20973,100,772.944458
327.976506,100,773.051456
361.125707,100,773.163533
312.923701,100,774.843451
427.564223,100,774.954633
372.337276,100,775.056568
374.686777,100,775.167578
395.43149,100,775.279614
397.421972,100,775.387048
275.835521,100,775.49403
297.945639,100,775.602646
290.562454,100,775.741912
380.708618,100,775.893994
360.876321,100,777.172711
306.003431,100,777.270154
303.065118,100,777.373542
267.89948,100,777.472796
361.642164,100,777.575245
413.813189,100,777.677415
297.346605,100,777.856041
358.609989,100,777.981678
316.249591,100,778.080519
276.701397,100,778.191766
324.929535,100,779.525411
354.267964,100,779.630736
437.658356,100,779.766006
383.321826,100,779.943908
325.275096,100,780.043264
274.343952,100,780.144333
340.334351,100,780.251449
460.889339,100,780.360268
371.543858,100,780.467598
339.293497,100,780.574124
372.281185,100,782.294239
350.844162,100,782.389896
293.729731,100,782.488539
408.636481,100,782.601942
413.712416,100,782.714159
278.438706,100,782.826552
326.983482,100,782.937878
328.194186,100,783.03496
330.519801,100,783.141013
333.520875,100,783.240463
290.646345,100,784.935583
359.801076,100,785.050518
384.926038,100,785.155315
313.30693,100,785.255424
401.634218,100,785.355305
349.926595,100,785.458884
362.524308,100,785.562943
344.588879,100,785.662705
414.049061,100,785.809782
353.116252,100,785.958104
311.260284,100,788.180792
304.614564,100,788.290514
388.451381,100,788.389781
277.263676,100,788.499987
434.088384,100,788.617652
250.567905,100,788.7216
290.855913,100,788.825889
404.174988,100,788.924982
307.415039,100,789.039316
378.442459,100,789.138374
346.375806,100,790.68127
334.046194,100,790.798551
336.053317,100,790.912797
282.982098,100,791.02817
290.300617,100,791.13687
443.271622,100,791.243273
319.818379,100,791.360922
311.153198,100,791.46568
424.189203,100,791.563439
408.406242,100,791.672982
312.072337,100,793.152095
298.625773,100,793.254889
383.326769,100,793.349482
294.802851,100,793.441921
264.066192,100,793.535235
323.302075,100,793.63493
358.055364,100,793.759145
393.115754,100,793.906883
318.301205,100,794.005581
334.4082,100,794.098737
302.282039,100,795.357318
388.189895,100,795.463717
323.706774,100,795.567502
356.0982,100,795.671648
409.245829,100,795.81324
398.939587,100,795.958028
322.613156,100,796.052259
285.448808,100,796.169232
407.212162,100,796.277106
296.603562,100,796.37879
349.728668,100,797.605942
288.778645,100,797.699874
361.546415,100,797.859552
403.064771,100,797.983382
348.124991,100,798.076729
421.334924,100,798.187916
311.640986,100,798.297336
363.235955,100,798.404
404.540656,100,798.515424
365.645296,100,798.621875
306.07349,100,800.368165
391.936367,100,800.466857
442.081491,100,800.561749
302.242696,100,800.666501
360.619973,100,800.766794
332.418164,100,800.862265
290.645619,100,800.958519
356.1851,100,801.058771
378.58744,100,801.152402
343.872712,100,801.246268
268.404555,100,802.769989
370.409175,100,802.925852
321.021974,100,803.043779
293.119223,100,803.162463
385.857155,100,803.274769
341.349719,100,803.385872
364.571447,100,803.497342
405.061305,100,803.612194
361.975156,100,803.740731
325.041144,100,803.899683
370.694342,100,805.362492
280.007741,100,805.479442
303.136204,100,805.593404
420.049715,100,805.722768
324.291109,100,805.924594
333.620479,100,806.033661
374.769399,100,806.167966
341.348945,100,806.297953
345.591214,100,806.418632
352.56358,100,806.528863
231.741474,100,808.274193
435.65634,100,808.397005
324.496147,100,808.518241
338.698715,100,808.637268
346.522931,100,808.762114
392.745747,100,808.890417
383.035663,100,809.006152
289.889587,100,809.113502
303.527279,100,809.223952
380.665159,100,809.339332
390.137077,100,811.084693
345.081039,100,811.197213
401.813544,100,811.306689
320.689158,100,811.418662
373.006212,100,811.529052
397.146851,100,811.647237
330.598783,100,811.782081
351.613835,100,811.943064
353.688112,100,812.057878
374.245177,100,812.197104
385.949311,100,813.66819
299.668337,100,813.84639
351.431957,100,814.013997
330.686798,100,814.134052
328.548496,100,814.269391
385.7561,100,814.38134
441.394951,100,814.484794
374.619996,100,814.586369
360.237737,100,814.689743
474.013421,100,814.794559
300.595552,100,816.347037
430.12206,100,816.456766
340.00942,100,816.558696
351.095999,100,816.662672
443.993574,100,816.758802
380.539004,100,816.86186
299.532863,100,816.960427
356.896751,100,817.065561
320.646238,100,817.171517
252.397301,100,817.276242
289.199529,100,818.802953
444.692355,100,818.91418
308.426221,100,819.021627
352.433276,100,819.127418
436.496874,100,819.236968
374.321479,100,819.342123
334.114764,100,819.445728
306.689113,100,819.556611
449.480887,100,819.660972
278.988021,100,819.814021
302.424414,100,821.159127
372.841559,100,821.271398
379.513096,100,821.385583
426.149649,100,821.500667
360.367206,100,821.609967
289.130664,100,821.736408
419.469521,100,821.890553
382.969386,100,822.008888
387.621145,100,822.123689
433.388918,100,822.248182
274.145338,100,823.743851
323.643563,100,823.914448
363.645488,100,824.018381
328.05197,100,824.118683
407.017202,100,824.23085
270.58474,100,824.345425
330.675782,100,824.45759
292.034857,100,824.557299
378.441506,100,824.662761
295.151409,100,824.769211
466.231773,100,826.374502
340.820586,100,826.488754
319.81413,100,826.612227
408.844273,100,826.731127
365.54381,100,826.856475
336.03737,100,826.976318
361.780717,100,827.103624
372.819022,100,827.226186
391.0675,100,827.339342
323.42629,100,827.455942
449.044411,100,829.100946
316.980207,100,829.209392
287.161647,100,829.317365
392.186335,100,829.423163
293.546171,100,829.536768
319.666942,100,829.660315
321.462103,100,829.841377
369.700949,100,830.011928
328.29747,100,830.1233
291.522954,100,830.261765
248.181197,100,832.232919
230.45693,100,832.436869
440.551094,100,832.675164
309.042358,100,832.910512
247.295219,100,833.12827
421.977623,100,833.359929
424.451589,100,833.590714
353.964856,100,833.792047
400.794955,100,833.951497
252.771924,100,834.050484
406.49542,100,835.828894
348.294746,100,835.971782
338.384389,100,836.089598
318.378112,100,836.231412
387.923165,100,836.365741
295.526483,100,836.502705
294.596055,100,836.657127
386.743038,100,836.816013
382.61377,100,836.955179
368.820874,100,837.103264
456.10449,100,839.004465
352.251799,100,839.129221
349.59552,100,839.249717
336.363783,100,839.377465
410.236998,100,839.502187
412.657557,100,839.631877
416.575718,100,839.819715
422.100047,100,839.98972
350.219986,100,840.115428
383.842992,100,840.247575
331.481041,100,842.159628
342.090274,100,842.306952
273.171337,100,842.444321
319.734781,100,842.600753
335.290149,100,842.743045
335.555296,100,842.878356
243.162645,100,843.008623
242.636124,100,843.127651
234.842275,100,843.238551
404.311264,100,843.338981
449.804757,100,845.121193
380.338205,100,845.22177
375.414682,100,845.321468
398.071954,100,845.419643
395.074858,100,845.531411
382.035277,100,845.644908
339.154554,100,845.79057
426.970595,100,845.965596
337.476276,100,846.083765
459.801997,100,846.202263
335.973426,100,847.675307
355.437891,100,847.83181
306.878978,100,847.981794
297.40922,100,848.092385
332.782238,100,848.209069
333.583461,100,848.329937
364.450601,100,848.443399
308.274825,100,848.569578
281.435885,100,848.685438
318.783035,100,848.804192
297.63905,100,850.571074
368.587533,100,850.703518
329.803691,100,850.832218
413.337742,100,850.960817
413.864337,100,851.084616
360.103138,100,851.200389
354.215333,100,851.319622
396.558774,100,851.432716
395.762794,100,851.552776
329.062213,100,851.671542
336.130588,100,854.057554
311.343288,100,854.20985
350.184612,100,854.376862
382.988245,100,854.556893
342.380123,100,854.736979
357.199999,100,854.92645
349.734539,100,855.114841
295.800319,100,855.307622
273.644498,100,855.521649
389.931706,100,855.722906
283.480062,100,858.082665
307.857845,100,858.209486
352.791742,100,858.371486
331.900701,100,858.561383
282.311372,100,858.759005
442.620335,100,858.976158
330.040518,100,859.163267
358.608599,100,859.359681
471.649035,100,859.550714
328.262398,100,859.747376
321.706016,100,861.401806
327.539383,100,861.51922
310.200423,100,861.637156
460.191314,100,861.806113
356.813198,100,861.975605
352.841599,100,862.100609
326.32862,100,862.222656
343.564836,100,862.341665
350.900669,100,862.455547
366.277334,100,862.564403
363.954856,100,864.215226
379.460035,100,864.312392
480.364174,100,864.432887
327.062326,100,864.533511
410.278732,100,864.644266
412.196031,100,864.766419
405.276831,100,864.88189
347.263835,100,864.987391
317.784266,100,865.096534
374.681934,100,865.201018
272.191711,100,866.840238
424.526368,100,866.937721
332.962814,100,867.037114
304.26339,100,867.137658
376.286751,100,867.236813
417.629481,100,867.340541
316.102265,100,867.443331
285.098301,100,867.542454
286.983057,100,867.647082
303.314965,100,867.786613
290.115497,100,869.242424
273.189882,100,869.340284
335.318592,100,869.442936
358.720118,100,869.552211
371.070186,100,869.670363
358.246184,100,869.835974
310.254009,100,869.992658
292.390704,100,870.100361
346.974094,100,870.19771
331.420958,100,870.308924
429.738638,100,871.76969
422.228707,100,871.935424
289.623017,100,872.035902
373.122064,100,872.158384
370.065597,100,872.264797
392.059503,100,872.379114
374.46612,100,872.50152
392.727048,100,872.645686
386.243226,100,872.880016
416.13872,100,873.103549
374.029007,100,874.754517
416.066313,100,874.901581
377.565069,100,875.040269
292.92012,100,875.157081
378.682628,100,875.283877
450.58428,100,875.394432
310.408445,100,875.503025
344.700111,100,875.614691
446.053446,100,875.740201
431.788878,100,875.938414
318.636308,100,877.324369
352.261727,100,877.417438
447.097922,100,877.51867
387.966822,100,877.624736
287.325737,100,877.739147
345.804663,100,877.923084
403.656357,100,878.036886
469.998205,100,878.138495
330.900316,100,878.248546
312.767976,100,878.3627
413.130425,100,879.673133
324.743502,100,879.811744
414.755167,100,879.969096
311.170232,100,880.07015
456.015329,100,880.174143
297.157669,100,880.292664
353.291628,100,880.407843
349.219577,100,880.504365
345.047021,100,880.60025
405.137873,100,880.697644
345.781148,100,882.315572
321.43757,100,882.42591
378.427682,100,882.532544
367.567498,100,882.637395
383.642724,100,882.749217
321.606059,100,882.860109
353.39943,100,882.969512
353.33706,100,883.06987
322.646574,100,883.164629
377.897934,100,883.259625
404.010838,100,884.763207
310.272309,100,884.869412
323.731498,100,884.975721
356.945112,100,885.07669
299.080304,100,885.191081
291.798144,100,885.293065
328.811466,100,885.391356
433.188203,100,885.490693
359.744737,100,885.596334
314.113626,100,885.696387
451.419539,100,887.26417
443.790043,100,887.369486
404.344543,100,887.474616
319.132477,100,887.57794
293.97867,100,887.681951
420.06435,100,887.842179
306.309643,100,887.982263
374.169127,100,888.08471
450.005898,100,888.201505
327.739471,100,888.30348
348.304531,100,889.653741
354.288761,100,889.802468
326.61911,100,889.979636
332.727173,100,890.094572
406.914147,100,890.200959
437.342578,100,890.317572
367.774111,100,890.415565
326.936591,100,890.512069
409.959787,100,890.608435
315.034547,100,890.72567
406.511086,100,893.122662
256.500597,100,893.222715
342.860897,100,893.322334
323.206669,100,893.438844
290.547844,100,893.541967
291.351779,100,893.641713
296.142938,100,893.78348
221.716347,100,893.942101
314.888814,100,894.044914
433.690034,100,894.138425
424.553203,100,895.648215
253.921261,100,895.788263
377.33513,100,895.967592
403.265273,100,896.081144
475.917112,100,896.192429
387.14534,100,896.297506
377.2276,100,896.414756
418.824267,100,896.506713
404.17429,100,896.605475
303.375433,100,896.703185
330.548428,100,898.138277
251.299093,100,898.232533
424.349269,100,898.32638
373.432227,100,898.44611
304.309157,100,898.588786
433.618251,100,898.709499
358.746389,100,898.820508
364.082359,100,898.92011
359.84814,100,899.020761
320.212024,100,899.122506
391.404856,100,900.614626
383.557175,100,900.7182
370.273336,100,900.836993
455.555999,100,900.946327
372.427256,100,901.067085
390.529015,100,901.172517
297.256458,100,901.282153
300.950546,100,901.38348
382.028172,100,901.486122
291.151387,100,901.588683
349.059026,100,903.182755
402.604732,100,903.286232
317.116957,100,903.385861
382.865867,100,903.486541
428.426687,100,903.585224
436.710382,100,903.684536
401.317465,100,903.826051
299.349052,100,903.967105
363.250836,100,904.075462
396.243899,100,904.181957
372.79792,100,905.575728
412.089521,100,905.694045
332.24358,100,905.863491
243.55519,100,906.005692
284.495855,100,906.121064
363.050326,100,906.242586
307.816093,100,906.367284
340.846539,100,906.490488
393.797847,100,906.610539
292.338608,100,906.727063
454.915622,100,908.462642
368.144455,100,908.581981
226.789893,100,908.706254
415.713965,100,908.814956
333.230404,100,908.920242
415.994546,100,909.027348
399.201832,100,909.1373
390.046861,100,909.239199
425.285991,100,909.341474
352.551645,100,909.446711
359.298563,100,911.024679
388.957557,100,911.14237
309.574374,100,911.246557
384.715763,100,911.348934
326.725189,100,911.459152
324.130022,100,911.563276
376.4515,100,911.668809
446.483179,100,911.768196
364.960388,100,911.875073
304.656865,100,911.984525
330.473277,100,913.624631
465.755366,100,913.743466
297.276562,100,913.852565
342.079423,100,913.964099
359.838044,100,914.145408
434.477631,100,914.273225
429.688385,100,914.381933
339.301143,100,914.487771
357.423092,100,914.617008
476.637607,100,914.725471
270.01044,100,916.036611
329.342165,100,916.209728
409.250504,100,916.325464
443.345088,100,916.4608
300.150897,100,916.598655
347.632233,100,916.711306
344.553526,100,916.827421
330.215372,100,916.944116
325.754176,100,917.060039
409.091291,100,917.171225
399.934265,100,918.745781
387.396216,100,918.853821
438.050198,100,918.959017
333.161994,100,919.061542
397.232412,100,919.157721
439.200869,100,919.257657
371.302987,100,919.36346
388.554734,100,919.462055
452.707781,100,919.559241
420.970803,100,919.663554
376.29129,100,921.218965
289.889581,100,921.318205
347.049825,100,921.415865
468.438408,100,921.525656
327.952252,100,921.629749
296.485501,100,921.741504
435.351558,100,921.847237
457.875189,100,921.955873
399.408408,100,922.063362
320.251682,100,922.210436
260.541277,100,923.753473
316.404214,100,923.853663
399.118664,100,923.95426
340.556432,100,924.053349
429.603152,100,924.203742
348.556908,100,924.346375
396.187265,100,924.443883
391.782713,100,924.552237
381.607806,100,924.669619
347.390721,100,924.773297
234.648425,100,926.053157
374.867598,100,926.16032
355.988338,100,926.28828
405.075938,100,926.452457
375.831034,100,926.562304
376.275509,100,926.660602
387.332301,100,926.780051
313.849847,100,926.884709
302.558162,100,926.98344
306.434109,100,927.084151
291.450618,100,928.64336
444.7024,100,928.758911
361.462586,100,928.88752
379.50163,100,929.000944
331.768821,100,929.123134
268.811445,100,929.229965
425.727342,100,929.34716
428.384236,100,929.471801
335.239398,100,929.584516
313.998927,100,929.700465
428.655929,100,931.340984
415.429691,100,931.455227
308.60862,100,931.561573
341.841244,100,931.669465
292.55602,100,931.773468
381.515451,100,931.879292
402.697915,100,931.988122
339.996291,100,932.095234
368.065118,100,932.208941
301.458436,100,932.379719
460.664871,100,933.76596
320.450088,100,933.875002
371.010157,100,933.982651
405.881237,100,934.094456
328.395418,100,934.205533
336.00878,100,934.366195
456.28541,100,934.517254
381.803987,100,934.626993
396.418484,100,934.744684
369.246912,100,934.870027
352.378259,100,936.309298
300.009653,100,936.455839
436.621117,100,936.554003
377.673131,100,936.646894
318.120281,100,936.774139
335.65891,100,936.869824
326.567399,100,936.967593
311.540178,100,937.062706
320.924229,100,937.160616
421.569219,100,937.252573
388.066196,100,938.77766
325.491169,100,938.875164
341.362516,100,938.972289
276.498919,100,939.070925
410.787277,100,939.164452
407.067678,100,939.262526
344.746647,100,939.360279
444.766067,100,939.46333
460.27549,100,939.570014
289.80354,100,939.670551
400.256699,100,941.295801
415.881826,100,941.417149
344.461617,100,941.544898
348.339183,100,941.666178
371.875936,100,941.778963
411.117561,100,941.888616
422.795425,100,941.996237
344.60224,100,942.109807
442.422638,100,942.238742
383.025132,100,942.447007
350.125237,100,943.907344
354.34203,100,944.016073
419.281247,100,944.127869
411.974403,100,944.27256
307.490754,100,944.444324
343.760912,100,944.565708
310.476984,100,944.681827
355.260265,100,944.802725
298.995088,100,944.920415
439.77226,100,945.030928
332.514088,100,946.733078
400.615597,100,946.844564
396.779418,100,946.966103
359.739588,100,947.080493
332.326652,100,947.21963
360.846243,100,947.342265
342.010038,100,947.468678
381.742997,100,947.583405
362.277704,100,947.703442
330.30835,100,947.827991
410.75714,100,949.59787
349.852174,100,949.719594
376.703884,100,949.826793
388.761444,100,949.936858
342.689319,100,950.050782
348.332153,100,950.167359
342.264983,100,950.338277
450.58911,100,950.492557
372.98999,100,950.612523
396.782871,100,950.730085
420.745954,100,952.352332
451.907126,100,952.492161
366.059157,100,952.598599
338.629138,100,952.716076
288.269958,100,952.835034
302.635163,100,952.942675
432.768448,100,953.046652
320.849608,100,953.148984
397.203464,100,953.243545
362.336204,100,953.350954
412.415655,100,954.977192
378.555873,100,955.091693
429.591557,100,955.209175
300.066307,100,955.328613
249.57244,100,955.456566
322.436335,100,955.578577
321.885304,100,955.699363
445.126208,100,955.818042
307.521323,100,955.934757
362.684686,100,956.057564
265.701213,100,957.800014
362.405606,100,957.89525
301.376326,100,957.991726
333.62451,100,958.086541
343.929544,100,958.183419
427.422069,100,958.33954
326.813856,100,958.472279
398.43434,100,958.602509
343.171314,100,958.705084
324.032138,100,958.810994
393.209817,100,960.323814
320.355565,100,960.460337
330.774495,100,960.57958
428.333586,100,960.735466
404.011478,100,960.905728
387.85559,100,961.054565
433.049131,100,961.187504
317.435817,100,961.326623
371.197261,100,961.46009
320.099949,100,961.600679
334.414838,100,963.581569
386.676148,100,963.715686
392.328673,100,963.842971
317.590876,100,963.956196
337.65179,100,964.077394
463.580985,100,964.189131
422.074786,100,964.349358
265.711228,100,964.49587
331.016574,100,964.591909
393.846839,100,964.697714
374.215936,100,966.15152
261.994023,100,966.258373
403.31225,100,966.4228
293.555934,100,966.561518
334.069487,100,966.678121
456.7326,100,966.809612
414.7335,100,966.93701
384.046523,100,967.049323
426.299141,100,967.163792
311.862039,100,967.275534
443.772969,100,969.050525
361.538223,100,969.167285
387.506423,100,969.28843
365.817398,100,969.407397
309.127378,100,969.557458
292.869379,100,969.679728
386.254445,100,969.804059
293.500552,100,969.926616
317.654161,100,970.050328
401.069303,100,970.169099
371.908171,100,971.945428
393.199595,100,972.057099
343.983776,100,972.170133
422.593409,100,972.29934
399.133401,100,972.476567
420.155711,100,972.618901
312.132604,100,972.741687
253.512603,100,972.87269
376.808166,100,972.992841
356.708399,100,973.10613
334.506131,100,974.73706
387.377546,100,974.861628
389.123259,100,974.980364
305.603217,100,975.100739
251.278188,100,975.223209
389.246437,100,975.338584
339.948314,100,975.472685
343.996368,100,975.599762
392.2738,100,975.721797
270.413362,100,975.840485
404.867732,100,977.622279
379.24623,100,977.740618
460.716324,100,977.87166
341.0305,100,977.994482
347.626615,100,978.116667
321.279349,100,978.246446
303.548857,100,978.452241
297.456571,100,978.605345
364.415579,100,978.750832
297.750141,100,978.875875
394.889485,100,980.510157
375.376706,100,980.635667
277.488118,100,980.773185
420.711886,100,980.882886
398.337659,100,981.014623
487.798762,100,981.138137
399.414324,100,981.260073
340.846659,100,981.373865
393.334287,100,981.504736
331.50312,100,981.620106
385.244505,100,983.425862
378.268925,100,983.556091
361.963786,100,983.701375
386.463637,100,983.827932
318.090287,100,983.948302
345.364511,100,984.062178
292.060415,100,984.180583
346.327323,100,984.344458
383.795658,100,984.512313
382.47474,100,984.632631
270.670093,100,986.130943
417.377466,100,986.24025
330.514259,100,986.406681
299.790635,100,986.563192
279.042965,100,986.685122
385.330517,100,986.81459
416.206916,100,986.931482
414.908038,100,987.049945
365.197314,100,987.168454
377.23696,100,987.278276
317.159313,100,989.037612
342.4237,100,989.156532
379.788822,100,989.270726
408.626561,100,989.388225
413.175725,100,989.512208
308.044313,100,989.647311
324.625063,100,989.771766
415.768205,100,989.892965
390.448398,100,990.016649
360.089906,100,990.131534
248.311145,100,991.923055
375.158875,100,992.030141
457.548433,100,992.137219
386.113514,100,992.242342
383.697969,100,992.465601
411.298704,100,992.592521
440.715259,100,992.722337
367.771871,100,992.886629
389.264728,100,993.006639
454.901226,100,993.121885
437.771694,100,994.791088
407.080249,100,994.922419
374.844083,100,995.051039
403.390438,100,995.182671
418.702431,100,995.309232
317.183803,100,995.432518
353.530613,100,995.564143
458.759034,100,995.687644
277.736382,100,995.805731
381.892877,100,995.927245
388.114176,100,997.675467
403.078342,100,997.781188
387.236875,100,997.892679
390.988868,100,998.001876
389.979792,100,998.110793
371.96431,100,998.226469
443.375843,100,998.3732
403.766302,100,998.511486
314.479309,100,998.603011
330.257525,100,998.713228
347.758535,100,1000.111611
327.862172,100,1000.211995
342.81383,100,1000.352011
291.719692,100,1000.504804
269.521318,100,1000.60975
410.86932,100,1000.714709
297.354663,100,1000.836533
317.137838,100,1000.95831
391.567884,100,1001.057739
379.869754,100,1001.169691
288.483055,100,1002.774955
376.677269,100,1002.96706
301.825467,100,1003.152432
364.727266,100,1003.328786
386.504495,100,1003.514417
350.028684,100,1003.693018
418.870451,100,1003.890124
329.617274,100,1004.081393
346.581731,100,1004.261872
425.922519,100,1004.465339
391.586827,100,1005.836076
315.586667,100,1005.934902
443.793496,100,1006.0382
384.661835,100,1006.13669
304.03065,100,1006.23698
379.528953,100,1006.38587
353.24364,100,1006.548741
340.071077,100,1006.650022
383.784988,100,1006.75001
359.150829,100,1006.854238
332.938584,100,1008.640228
333.142672,100,1008.740367
444.285937,100,1008.849675
304.00156,100,1008.971322
411.826577,100,1009.07476
301.675551,100,1009.184525
352.991337,100,1009.287563
359.621229,100,1009.394332
368.067369,100,1009.504076
355.31837,100,1009.608056
360.424121,100,1011.131376
325.409729,100,1011.230896
303.994387,100,1011.332994
376.987111,100,1011.437737
312.921327,100,1011.545677
385.706598,100,1011.649275
412.19153,100,1011.755481
406.493075,100,1011.865774
418.119847,100,1011.965758
309.468458,100,1012.064276
400.937105,100,1013.617237
460.072882,100,1013.71686
355.277048,100,1013.824262
350.664947,100,1013.916117
333.920534,100,1014.012176
442.693332,100,1014.106002
325.640761,100,1014.197493
405.33608,100,1014.320371
248.23864,100,1014.503946
292.32587,100,1014.624458
328.020216,100,1016.676412
446.492873,100,1016.802885
410.780239,100,1016.935102
434.663693,100,1017.043667
349.429041,100,1017.147416
385.183999,100,1017.250901
249.929712,100,1017.357131
397.399119,100,1017.472026
373.423234,100,1017.594283
308.560728,100,1017.711121
265.918407,100,1019.920965
368.556339,100,1020.106239
298.955755,100,1020.299279
329.082372,100,1020.502559
286.766974,100,1020.656546
261.217716,100,1020.811575
379.700757,100,1021.006007
336.963079,100,1021.195142
362.142496,100,1021.37494
315.211507,100,1021.565673
377.455575,100,1023.751059
339.539853,100,1023.863189
328.329507,100,1023.991693
408.044308,100,1024.105439
358.952664,100,1024.219784
422.75216,100,1024.394956
292.864333,100,1024.573556
333.552469,100,1024.684892
306.777537,100,1024.793591
337.700355,100,1024.915959
450.870151,100,1026.190486
373.704402,100,1026.300971
352.463456,100,1026.46839
374.301186,100,1026.591564
435.31193,100,1026.690351
300.493879,100,1026.790679
303.161215,100,1026.909257
331.452832,100,1027.009783
328.740745,100,1027.108883
346.949889,100,1027.21094
356.340636,100,1028.472735
434.687792,100,1028.639192
410.547345,100,1028.797341
321.266702,100,1028.899737
256.301193,100,1029.002218
407.167911,100,1029.120606
311.241236,100,1029.225849
383.949979,100,1029.328742
392.267418,100,1029.429936
410.532314,100,1029.549097
352.890245,100,1031.219885
342.273573,100,1031.343608
348.920616,100,1031.461281
273.599351,100,1031.593572
468.324943,100,1031.702623
396.171522,100,1031.81053
386.110868,100,1031.916222
347.226155,100,1032.02864
364.64081,100,1032.130526
389.565139,100,1032.233634
302.559095,100,1033.718034
435.061585,100,1033.82555
343.738182,100,1033.931333
373.837528,100,1034.027716
360.166619,100,1034.122853
380.369886,100,1034.225271
390.065095,100,1034.332147
368.615161,100,1034.437447
369.789812,100,1034.568442
348.151534,100,1034.742231
441.97441,100,1036.09902
280.317922,100,1036.194616
288.355169,100,1036.287135
322.887334,100,1036.383321
348.812439,100,1036.48462
414.1358,100,1036.646776
471.037364,100,1036.786395
390.16286,100,1036.901466
350.847886,100,1037.016451
362.020479,100,1037.130668
463.844447,100,1038.377914
404.480271,100,1038.475089
387.852883,100,1038.632847
348.727528,100,1038.795024
331.805215,100,1038.893885
398.314336,100,1039.01702
457.191655,100,1039.11169
386.805154,100,1039.212669
358.437307,100,1039.309449
384.571807,100,1039.402614
299.676336,100,1041.044738
452.562308,100,1041.160018
441.040305,100,1041.264576
420.02257,100,1041.380612
385.848425,100,1041.494698
359.915438,100,1041.602393
367.252283,100,1041.711102
293.331446,100,1041.825109
419.098368,100,1041.928187
350.328711,100,1042.029305
284.259174,100,1043.647344
365.244676,100,1043.760344
345.750551,100,1043.865246
421.111656,100,1043.961687
439.913093,100,1044.056947
291.845476,100,1044.153077
442.568887,100,1044.253615
383.633822,100,1044.354068
419.474258,100,1044.452058
358.487287,100,1044.5883
407.661818,100,1046.075575
408.192296,100,1046.176203
394.793544,100,1046.27452
416.964917,100,1046.37248
310.396232,100,1046.473607
386.422991,100,1046.63889
313.419138,100,1046.793269
450.595404,100,1046.900785
393.62143,100,1047.009195
358.782684,100,1047.135278
329.904134,100,1048.386339
362.54181,100,1048.487408
404.551058,100,1048.6526
398.382525,100,1048.801496
442.098643,100,1048.906806
361.902144,100,1049.026483
294.357361,100,1049.139002
335.234127,100,1049.254918
463.950316,100,1049.366686
467.792171,100,1049.485186
338.828174,100,1051.074163
389.90481,100,1051.179594
377.164781,100,1051.296573
263.163771,100,1051.401321
371.47522,100,1051.506461
327.386576,100,1051.612159
275.839082,100,1051.709748
394.76092,100,1051.810722
405.551673,100,1051.913464
357.668391,100,1052.019532
317.668882,100,1053.672202
323.648522,100,1053.786386
371.669825,100,1053.895953
415.624145,100,1053.997782
406.901746,100,1054.107669
369.91866,100,1054.216665
320.081293,100,1054.324131
413.881024,100,1054.427024
378.268134,100,1054.558002
339.502992,100,1054.740972
394.291117,100,1056.078161
454.926678,100,1056.181687
358.256752,100,1056.28114
404.139384,100,1056.382895
375.809616,100,1056.491497
354.518966,100,1056.661332
424.666973,100,1056.794339
430.647933,100,1056.892589
436.104305,100,1056.998688
304.786251,100,1057.123148
334.286756,100,1059.193449
450.350376,100,1059.289372
284.399603,100,1059.396808
335.940927,100,1059.50407
416.109438,100,1059.626306
370.714402,100,1059.734868
358.351908,100,1059.848062
390.636862,100,1059.956008
403.079671,100,1060.068558
351.276279,100,1060.17756
428.733275,100,1062.492519
464.235497,100,1062.695563
342.673154,100,1062.866073
376.441227,100,1063.046573
349.328384,100,1063.236212
331.138098,100,1063.418044
312.873862,100,1063.607449
313.882361,100,1063.790462
349.092833,100,1063.975008
411.221842,100,1064.17025
427.50823,100,1066.555369
431.75061,100,1066.762568
433.022197,100,1066.920463
366.261637,100,1067.070333
378.788188,100,1067.217973
307.944129,100,1067.331923
404.435762,100,1067.437469
402.588553,100,1067.540652
339.252333,100,1067.648781
358.11931,100,1067.756657
382.358223,100,1069.363536
416.163219,100,1069.462368
418.935464,100,1069.561158
404.08251,100,1069.663975
359.384372,100,1069.770484
361.660014,100,1069.879779
390.59709,100,1069.993783
365.867559,100,1070.099534
407.642431,100,1070.207137
371.821345,100,1070.309348
437.015515,100,1071.867341
348.794911,100,1071.96744
380.269931,100,1072.063241
347.283324,100,1072.167897
391.147949,100,1072.280353
262.284183,100,1072.377182
438.04328,100,1072.473442
399.863327,100,1072.582237
363.094138,100,1072.726205
306.949974,100,1072.940772
333.062915,100,1074.30229
363.33658,100,1074.409995
194.373409,100,1074.514673
375.76876,100,1074.616806
331.187123,100,1074.752846
291.73844,100,1074.920607
443.446418,100,1075.028172
407.966002,100,1075.133471
394.4147,100,1075.256495
406.142077,100,1075.363208
261.608427,100,1077.31499
348.405793,100,1077.415355
341.853756,100,1077.517941
370.796126,100,1077.623938
308.029586,100,1077.72838
388.982395,100,1077.830567
407.11383,100,1077.934198
271.211005,100,1078.038997
282.92637,100,1078.14411
357.327714,100,1078.258
404.357485,100,1079.821347
370.639359,100,1079.924092
354.354801,100,1080.032945
387.51332,100,1080.130511
445.461587,100,1080.228172
405.134306,100,1080.323026
429.678516,100,1080.419928
459.166481,100,1080.519368
293.02728,100,1080.617523
349.114115,100,1080.761049
358.648441,100,1083.374521
342.221286,100,1083.483878
323.312359,100,1083.593429
281.430931,100,1083.711671
304.57295,100,1083.823048
306.14306,100,1083.935611
372.433757,100,1084.055639
357.537542,100,1084.152075
397.017991,100,1084.250897
400.116876,100,1084.362627
335.332682,100,1085.910141
359.062619,100,1086.008451
371.346333,100,1086.105416
339.893154,100,1086.213211
425.023507,100,1086.315977
418.95365,100,1086.422553
412.246279,100,1086.551722
299.974702,100,1086.653188
359.822086,100,1086.817072
368.303298,100,1086.930684
453.180499,100,1089.236188
305.131998,100,1089.374537
406.259051,100,1089.485982
349.285022,100,1089.59172
323.906207,100,1089.691451
319.871685,100,1089.787215
317.418849,100,1089.888941
338.572206,100,1089.987725
348.054034,100,1090.097797
378.032111,100,1090.210668
453.416358,100,1091.769466
273.011097,100,1091.86342
296.475057,100,1091.959973
457.967056,100,1092.065213
402.622524,100,1092.175955
393.257015,100,1092.273857
358.604139,100,1092.385311
402.96763,100,1092.492061
403.264116,100,1092.598904
416.187907,100,1092.75423
419.826494,100,1094.208573
254.776932,100,1094.307943
367.774543,100,1094.42528
320.297705,100,1094.540758
421.547593,100,1094.659087
334.310481,100,1094.828417
432.607554,100,1094.956024
258.109622,100,1095.083758
239.331211,100,1095.187675
392.18676,100,1095.291708
387.011175,100,1097.429126
449.259952,100,1097.530128
413.089598,100,1097.635067
368.761965,100,1097.741806
296.69083,100,1097.844963
309.005424,100,1097.946377
327.038748,100,1098.069477
348.511461,100,1098.170109
368.999901,100,1098.284941
381.767045,100,1098.391986
436.015781,100,1100.185021
355.871583,100,1100.312654
336.579881,100,1100.437581
416.480044,100,1100.559371
412.703609,100,1100.680983
369.329365,100,1100.905071
351.99462,100,1101.038126
325.911997,100,1101.167466
418.152841,100,1101.293634
346.46623,100,1101.418434
438.025968,100,1103.130701
421.973924,100,1103.257488
443.520755,100,1103.371639
323.944996,100,1103.482246
410.935137,100,1103.597027
418.642955,100,1103.713477
263.360553,100,1103.827982
403.644731,100,1103.950033
324.2135,100,1104.067453
327.798288,100,1104.187225
371.22651,100,1105.928981
332.330234,100,1106.064816
465.600947,100,1106.197922
426.218788,100,1106.309186
292.133742,100,1106.430691
397.417472,100,1106.545593
328.479847,100,1106.662224
390.552131,100,1106.820561
438.758619,100,1106.978883
270.983671,100,1107.096692
367.01953,100,1108.936978
320.0859,100,1109.068088
302.469232,100,1109.214574
386.11324,100,1109.397707
309.869883,100,1109.584667
371.657096,100,1109.780833
361.993639,100,1109.969456
357.99787,100,1110.164934
424.165535,100,1110.362343
321.699512,100,1110.552368
332.006126,100,1113.118565
337.078824,100,1113.265911
445.118874,100,1113.456954
437.808495,100,1113.649621
326.831873,100,1113.836716
354.557807,100,1114.041249
286.204105,100,1114.242957
323.412773,100,1114.449701
409.658623,100,1114.639613
362.235267,100,1114.843284
335.783219,100,1116.496171
370.562801,100,1116.602348
458.984515,100,1116.70534
390.466564,100,1116.808333
302.157102,100,1116.914382
388.065193,100,1117.042926
347.727424,100,1117.237756
426.236983,100,1117.356294
351.405809,100,1117.465452
397.09163,100,1117.588756
384.77181,100,1118.926299
331.484873,100,1119.019574
318.204499,100,1119.159781
380.05825,100,1119.330767
328.871743,100,1119.44504
376.870358,100,1119.580651
353.005385,100,1119.707688
452.901034,100,1119.808294
350.431099,100,1119.920793
378.208084,100,1120.025971
318.297944,100,1121.866596
417.703022,100,1121.981527
354.448489,100,1122.110399
331.215221,100,1122.227103
440.802452,100,1122.3369
346.361763,100,1122.450485
330.356341,100,1122.573189
286.681979,100,1122.692932
334.286092,100,1122.81701
446.368351,100,1122.926733
295.336462,100,1124.679842
413.483949,100,1124.797028
363.92111,100,1124.914452
392.241821,100,1125.016347
355.091797,100,1125.126225
335.498664,100,1125.281036
319.864124,100,1125.478595
372.026957,100,1125.601338
388.100522,100,1125.738932
243.894273,100,1125.922113
469.966402,100,1127.334463
311.374542,100,1127.469982
322.909373,100,1127.589429
326.255647,100,1127.694516
274.768031,100,1127.802818
357.514185,100,1127.915097
401.474272,100,1128.016306
287.896973,100,1128.120307
452.511666,100,1128.22855
329.495215,100,1128.33334
353.594326,100,1130.0169
309.364566,100,1130.119323
350.505807,100,1130.232738
421.821997,100,1130.336841
304.707144,100,1130.446959
348.448082,100,1130.550542
449.450112,100,1130.656591
282.334446,100,1130.769289
352.539297,100,1130.863679
384.496902,100,1130.965124
316.044562,100,1132.46759
359.650486,100,1132.581488
360.777045,100,1132.700539
416.250078,100,1132.816417
263.764545,100,1132.931995
450.602264,100,1133.040364
308.30571,100,1133.154383
369.239654,100,1133.312747
378.727272,100,1133.472913
393.743925,100,1133.584179
425.679741,100,1134.891581
372.419351,100,1134.999856
324.995184,100,1135.103718
336.362928,100,1135.210071
360.979298,100,1135.406301
325.942144,100,1135.539334
446.484083,100,1135.650512
327.594806,100,1135.759272
282.44155,100,1135.885131
348.677715,100,1136.002645
385.406293,100,1137.675323
367.196025,100,1137.80097
349.502404,100,1137.912477
419.155412,100,1138.029198
420.784554,100,1138.148764
325.62233,100,1138.267097
309.157012,100,1138.388226
429.723537,100,1138.52512
380.989156,100,1138.655151
360.641374,100,1138.77122
453.810988,100,1140.525801
371.409763,100,1140.651757
425.072829,100,1140.780392
350.936746,100,1140.897215
340.513015,100,1141.01449
428.575591,100,1141.137363
315.701586,100,1141.292977
446.452654,100,1141.466764
349.116452,100,1141.585033
407.968536,100,1141.726945
380.173766,100,1143.9228
317.603289,100,1144.027578
269.160046,100,1144.138747
347.838954,100,1144.255787
327.379439,100,1144.375678
352.240169,100,1144.513473
411.121017,100,1144.63821
342.301288,100,1144.761736
315.408815,100,1144.883105
425.693921,100,1145.001319
400.198922,100,1147.695399
395.622952,100,1147.847297
507.000958,100,1148.02793
317.358964,100,1148.203905
398.129329,100,1148.382868
404.286061,100,1148.587744
338.104824,100,1148.766552
384.081304,100,1148.960205
394.089747,100,1149.131274
305.114911,100,1149.32782
388.6393,100,1151.082163
294.318494,100,1151.190213
314.58613,100,1151.368637
342.107261,100,1151.521168
346.087829,100,1151.624842
290.960718,100,1151.750668
324.787006,100,1151.865753
305.382472,100,1151.987309
434.362473,100,1152.099675
367.670349,100,1152.223444
373.695763,100,1154.210742
383.589706,100,1154.335666
366.368465,100,1154.454062
307.073981,100,1154.620743
398.17804,100,1154.763141
384.421058,100,1154.889302
338.807262,100,1155.010145
406.274039,100,1155.130198
425.223017,100,1155.273678
336.822306,100,1155.46501
367.139115,100,1157.026779
470.50202,100,1157.137419
343.841299,100,1157.277751
345.429874,100,1157.454061
290.025828,100,1157.557614
290.226259,100,1157.673793
319.094866,100,1157.793426
430.707983,100,1157.901346
336.129971,100,1158.004969
358.741961,100,1158.118868
282.364503,100,1159.781277
319.043794,100,1159.889474
418.097649,100,1160.003116
361.776429,100,1160.122644
365.933146,100,1160.231112
334.632485,100,1160.343431
391.980943,100,1160.452045
406.358749,100,1160.56014
333.332709,100,1160.674484
304.471328,100,1160.789453
372.665836,100,1162.319523
465.72301,100,1162.436976
374.087833,100,1162.552048
302.681967,100,1162.672328
341.592031,100,1162.793483
365.926871,100,1162.904893
286.499014,100,1163.008597
392.737127,100,1163.111698
338.640866,100,1163.237903
343.611179,100,1163.425316
309.26118,100,1164.729131
374.242295,100,1164.831512
372.59756,100,1164.92769
386.511052,100,1165.026449
315.26508,100,1165.124511
384.608822,100,1165.246153
296.206876,100,1165.414169
411.871973,100,1165.530541
381.327596,100,1165.63241
338.588231,100,1165.749046
369.496263,100,1167.062515
355.998782,100,1167.163242
401.374622,100,1167.310615
447.724831,100,1167.460044
330.696219,100,1167.582472
426.321533,100,1167.684492
258.057018,100,1167.802401
386.942357,100,1167.902952
398.493109,100,1168.004596
323.223267,100,1168.108972
398.935491,100,1169.598605
356.224215,100,1169.701528
326.895659,100,1169.808595
264.300419,100,1169.914454
310.613465,100,1170.019548
368.062116,100,1170.132331
318.354373,100,1170.239768
421.646377,100,1170.346141
391.236014,100,1170.446779
318.361926,100,1170.55618
384.674961,100,1172.1538
295.254146,100,1172.260772
227.498319,100,1172.356743
426.548546,100,1172.46671
341.335294,100,1172.573776
335.180341,100,1172.693104
364.526554,100,1172.810281
356.007582,100,1172.923775
376.440319,100,1173.024242
279.002973,100,1173.123188
280.011829,100,1174.959748
410.081606,100,1175.082512
395.350497,100,1175.252324
402.495869,100,1175.471561
440.061896,100,1175.589557
303.632813,100,1175.743721
306.063852,100,1175.858912
452.634342,100,1175.976461
323.393585,100,1176.088057
309.33677,100,1176.207717
