#{"t_start": 1784399297.7320316, "env_id": "None"}
r,l,t
131.644423,100,2.170637
191.977427,100,2.485916
235.398246,100,2.743562
165.398612,100,2.983929
151.609682,100,3.229453
216.630022,100,3.482289
177.172799,100,3.708375
138.289496,100,3.919205
97.999651,100,4.157258
135.504862,100,4.41041
180.800313,100,19.058907
195.551613,100,19.299034
117.407201,100,19.603545
138.465343,100,19.908866
170.604602,100,20.222157
167.126439,100,20.525537
174.498517,100,20.854258
266.828786,100,21.168179
161.208242,100,21.489678
221.115095,100,21.821224
170.972737,100,33.89545
264.192296,100,34.045791
210.423247,100,34.193688
222.184204,100,34.345701
259.348609,100,34.521129
212.859643,100,34.685317
159.69244,100,34.85126
231.806668,100,34.999001
201.746071,100,35.174456
162.378013,100,35.413984
204.529355,100,46.788683
177.262421,100,47.159281
252.666203,100,47.493698
125.30402,100,47.758927
156.877677,100,48.06122
189.136682,100,48.390256
219.630713,100,48.719391
273.018488,100,49.018758
193.14656,100,49.304764
128.349406,100,49.606023
230.611665,100,62.325859
189.063229,100,62.488889
203.948317,100,62.669181
194.10493,100,62.837278
147.401475,100,63.023778
154.277684,100,63.215604
227.16529,100,63.478244
166.87075,100,63.647794
213.331594,100,63.842216
168.773809,100,64.025924
184.863445,100,75.586233
182.544825,100,75.753403
195.038081,100,75.928181
180.821462,100,76.104845
157.841581,100,76.287666
160.528562,100,76.492048
151.494234,100,76.725016
213.615563,100,76.923643
194.974132,100,77.11116
225.760948,100,77.277636
173.398867,100,90.416707
179.70739,100,90.738653
211.557078,100,91.074445
195.814369,100,91.418056
110.961931,100,91.722051
212.862541,100,92.00635
206.330365,100,92.335425
210.91986,100,92.651278
237.219708,100,92.986302
241.696599,100,93.298183
227.810855,100,107.900045
210.922832,100,108.091345
194.561074,100,108.293673
130.287381,100,108.490091
222.022761,100,108.68536
244.047706,100,108.877876
150.076655,100,109.050343
162.691244,100,109.221255
249.409634,100,109.486377
184.002168,100,109.666811
193.941001,100,124.396257
246.696351,100,124.55923
202.756356,100,124.717382
189.865029,100,124.873657
188.603554,100,125.042531
168.802879,100,125.210462
221.896118,100,125.367326
266.963803,100,125.535675
212.050933,100,125.731278
230.510812,100,125.97121
213.350488,100,145.415251
222.124611,100,145.843307
192.224058,100,146.187289
206.869935,100,146.597528
145.973942,100,147.002867
141.337567,100,147.388306
238.700392,100,147.801277
161.244667,100,148.015276
212.008421,100,148.196229
195.169354,100,148.348594
253.852925,100,161.306309
256.84212,100,161.490973
264.692027,100,161.720709
200.340357,100,161.968241
209.420195,100,162.115153
212.080476,100,162.290943
246.605677,100,162.448526
222.371015,100,162.608447
178.550227,100,162.779221
226.497703,100,162.957349
183.782353,100,177.28058
191.782241,100,177.60564
169.988269,100,177.929382
233.359715,100,178.193422
182.624714,100,178.510611
199.075231,100,178.843901
225.424935,100,179.160033
196.816598,100,179.485049
172.375537,100,179.832047
160.044451,100,180.088685
166.415911,100,191.397825
200.39237,100,191.5373
217.706943,100,191.703603
197.230282,100,191.958077
261.768476,100,192.12536
238.718486,100,192.308425
247.217839,100,192.468985
247.883432,100,192.622213
225.285642,100,192.789654
212.835071,100,192.964882
216.294867,100,207.232641
239.553742,100,207.408493
218.505492,100,207.599033
264.194686,100,207.85781
225.23907,100,208.07022
216.741416,100,208.264473
289.418124,100,208.453972
268.38044,100,208.637881
229.436145,100,208.821954
186.242545,100,209.021004
320.12463,100,221.204267
203.018357,100,221.360683
184.347653,100,221.516676
293.356352,100,221.693563
259.960807,100,221.952016
235.148333,100,222.10362
245.116095,100,222.262075
243.189895,100,222.445667
201.451432,100,222.614066
267.534887,100,222.787537
198.835172,100,235.440801
256.388368,100,235.659183
209.618389,100,235.96771
136.154999,100,236.137595
292.252741,100,236.342972
225.222959,100,236.546791
228.932756,100,236.76431
208.74324,100,237.01574
319.520782,100,237.21507
291.493381,100,237.418707
226.819042,100,253.943268
186.654297,100,254.283815
244.833853,100,254.594374
209.989796,100,254.907627
281.611737,100,255.24926
236.051561,100,255.580955
182.210211,100,255.895688
219.59719,100,256.185629
247.692664,100,256.388554
245.905446,100,256.590682
305.674483,100,272.541221
278.691502,100,272.845826
192.404921,100,273.170312
208.899302,100,273.486448
212.913123,100,273.802422
261.451038,100,274.12255
203.797347,100,274.382147
218.78851,100,274.548824
264.830074,100,274.707655
241.982939,100,274.851229
199.847487,100,287.220766
218.936919,100,287.397301
169.798624,100,287.590987
196.378028,100,287.781269
267.240614,100,287.946125
238.394205,100,288.126568
281.596669,100,288.407216
309.234928,100,288.584704
270.003464,100,288.787227
219.545794,100,288.958097
204.216922,100,302.345617
302.666743,100,302.534451
261.088406,100,302.721482
290.120501,100,302.92287
169.961202,100,303.08664
194.761784,100,303.236726
214.720113,100,303.399312
269.342133,100,303.558935
212.368232,100,303.703362
248.864549,100,303.842709
306.669335,100,316.223515
235.220985,100,316.500108
258.84568,100,316.696931
194.597268,100,316.924014
213.970761,100,317.096209
247.054171,100,317.272023
313.253181,100,317.459538
248.105065,100,317.635262
184.198924,100,317.818125
213.387197,100,318.003907
299.585045,100,330.173018
212.962274,100,330.401517
302.074841,100,330.621102
218.796189,100,330.807275
183.119975,100,330.997427
260.449349,100,331.169184
173.869043,100,331.341023
249.28862,100,331.504111
236.238457,100,331.68436
224.892745,100,331.855486
169.571988,100,344.431627
226.365004,100,344.631254
147.227876,100,344.861792
199.472024,100,345.035539
299.017347,100,345.207179
186.698153,100,345.380933
257.282333,100,345.564442
311.555273,100,345.765798
223.897443,100,345.944231
246.250202,100,346.104131
185.560918,100,361.143463
237.492609,100,361.331411
282.21538,100,361.508362
302.820507,100,361.704648
243.902091,100,361.890295
315.455776,100,362.07246
188.974207,100,362.245023
251.366992,100,362.508411
295.909464,100,362.709519
251.631826,100,362.917456
280.533738,100,375.300188
280.134135,100,375.444077
300.230906,100,375.601615
264.159276,100,375.757026
283.542814,100,375.92767
264.632643,100,376.088871
243.361608,100,376.240249
332.574657,100,376.387439
248.567505,100,376.612895
276.479321,100,376.889282
286.242624,100,389.583846
283.175227,100,389.768552
257.119569,100,389.964344
272.58776,100,390.166278
249.522623,100,390.352897
269.018136,100,390.547603
283.476066,100,390.781664
284.175416,100,391.060589
213.722948,100,391.281589
333.49184,100,391.470562
331.697657,100,402.399165
341.555085,100,402.539341
318.080018,100,402.684988
313.993949,100,402.838334
206.240777,100,403.101272
287.837595,100,403.2695
269.946517,100,403.473816
212.639653,100,403.647323
273.282641,100,403.817568
274.90224,100,403.992095
331.550774,100,415.919505
271.699217,100,416.072384
260.61264,100,416.221362
231.545482,100,416.363985
236.758158,100,416.511538
218.755849,100,416.678123
246.205662,100,416.837824
203.016954,100,417.00447
280.38638,100,417.151289
316.116178,100,417.386304
303.651209,100,430.190502
282.698209,100,430.430722
297.857731,100,430.693526
263.433778,100,430.9514
336.905954,100,431.196377
194.979884,100,431.453783
263.706668,100,431.740427
343.466385,100,431.997263
263.553326,100,432.24297
265.501705,100,432.475503
290.862348,100,445.01054
248.959395,100,445.163419
195.335284,100,445.320203
295.296557,100,445.532
298.079774,100,445.785606
300.654917,100,445.966225
267.153188,100,446.116927
319.033039,100,446.267005
240.024887,100,446.421032
286.133516,100,446.588806
311.438734,100,458.783564
313.947253,100,458.945664
267.271285,100,459.123322
258.067964,100,459.293341
264.878399,100,459.52041
280.429826,100,459.734385
274.1387,100,459.885898
268.761634,100,460.054211
253.179602,100,460.216719
234.954531,100,460.369402
227.80438,100,472.16541
264.705617,100,472.354037
316.365845,100,472.524637
231.159943,100,472.697889
329.066637,100,472.872965
278.408442,100,473.036088
256.536635,100,473.202015
267.688685,100,473.367079
261.78463,100,473.518919
217.314003,100,473.74517
289.820874,100,487.827296
265.168696,100,488.012606
205.636222,100,488.293687
286.386276,100,488.506757
235.005991,100,488.70987
312.386361,100,488.89059
211.428837,100,489.068453
278.379514,100,489.247613
261.575149,100,489.43627
288.993276,100,489.619232
254.45814,100,502.104233
206.435317,100,502.289205
268.747608,100,502.474689
273.387223,100,502.740489
234.500625,100,502.956448
239.868237,100,503.183057
296.506334,100,503.372545
345.690234,100,503.557865
312.827697,100,503.743359
283.717729,100,503.929692
235.751257,100,516.449188
309.985214,100,516.620108
218.692526,100,516.781806
365.244055,100,517.061532
287.25355,100,517.234248
275.235507,100,517.39785
260.179657,100,517.552488
308.600009,100,517.708235
230.363986,100,517.859411
300.992745,100,518.016562
216.494181,100,530.72792
242.688424,100,531.059148
230.612589,100,531.268557
368.950611,100,531.474469
349.219221,100,531.658322
259.920001,100,531.836396
271.099027,100,532.003572
209.406975,100,532.164284
306.105086,100,532.327198
282.82627,100,532.481645
230.901011,100,545.986188
257.807065,100,546.147673
270.573998,100,546.331441
301.965818,100,546.509153
297.938028,100,546.706445
285.818517,100,546.891924
334.142003,100,547.086742
221.588431,100,547.350058
324.316808,100,547.562154
348.943056,100,547.782521
286.642381,100,562.226185
278.705259,100,562.394301
289.551983,100,562.568079
310.474649,100,562.757241
239.081685,100,562.945586
245.679366,100,563.111377
268.343328,100,563.27632
274.347934,100,563.445074
295.108472,100,563.696462
221.651899,100,563.886464
250.815724,100,579.733995
276.995333,100,579.895132
274.155515,100,580.044024
268.244747,100,580.203181
364.582992,100,580.372503
331.570267,100,580.562175
294.664384,100,580.76434
253.811451,100,580.946184
294.190322,100,581.204848
301.465196,100,581.42061
272.702746,100,593.687351
333.718636,100,593.878062
281.255055,100,594.049676
270.450042,100,594.240791
263.226234,100,594.413691
320.413628,100,594.59562
333.917108,100,594.761845
204.032843,100,594.910132
258.111151,100,595.07035
219.585117,100,595.23433
375.859179,100,607.265341
213.329152,100,607.417312
263.029767,100,607.603238
254.135695,100,607.801423
249.551538,100,608.080251
307.167121,100,608.253657
277.829763,100,608.43945
285.412393,100,608.613335
322.806244,100,608.796707
295.517737,100,608.980091
254.585772,100,619.738166
286.909519,100,620.031463
281.018667,100,620.212916
269.472977,100,620.410429
324.341664,100,620.595227
275.912021,100,620.803825
295.505212,100,621.022318
310.866069,100,621.219828
337.892445,100,621.406284
304.226841,100,621.597117
258.532128,100,634.288911
273.256677,100,634.484434
288.847366,100,634.687086
268.9945,100,634.89571
282.884532,100,635.086382
351.786118,100,635.253411
375.054069,100,635.413303
335.918357,100,635.595178
334.283764,100,635.813634
314.713984,100,636.069894
261.910471,100,647.539243
305.749188,100,647.699941
353.136788,100,647.969895
302.814966,100,648.128656
260.677899,100,648.303976
212.850496,100,648.469046
322.950716,100,648.621357
274.162467,100,648.778393
261.60895,100,648.930909
311.235974,100,649.106922
313.568207,100,661.311412
281.947057,100,661.465896
308.7187,100,661.6271
267.98811,100,661.825519
276.398362,100,662.051626
308.290327,100,662.205643
238.065688,100,662.389288
362.341418,100,662.55627
317.127449,100,662.726436
279.617061,100,662.892236
268.742222,100,675.521278
258.899224,100,675.838337
295.091712,100,676.089276
221.683828,100,676.275371
344.91714,100,676.450679
214.254906,100,676.620592
298.995409,100,676.776569
271.896255,100,676.928923
293.828276,100,677.102887
279.022078,100,677.249217
286.074511,100,689.751669
257.709289,100,689.945279
286.999099,100,690.253416
339.242538,100,690.470545
310.207977,100,690.687705
352.671368,100,690.957335
264.749315,100,691.1677
317.313376,100,691.363284
269.286592,100,691.535519
262.07679,100,691.715078
205.082878,100,703.479859
334.538803,100,703.666886
321.258552,100,703.862298
282.232641,100,704.088252
340.046037,100,704.347497
354.158127,100,704.561447
327.079764,100,704.765368
325.43595,100,704.935311
291.683585,100,705.118061
380.384069,100,705.30163
358.581512,100,716.64502
227.008994,100,716.790517
319.584001,100,716.931155
269.728825,100,717.070475
305.981015,100,717.215369
276.009975,100,717.3681
284.32505,100,717.523381
357.049532,100,717.677621
292.797449,100,717.829273
307.207756,100,717.971641
274.031531,100,729.462443
268.227435,100,729.665589
335.2444,100,729.860691
343.701568,100,730.068333
308.874941,100,730.365265
319.884643,100,730.568925
314.979058,100,730.78331
298.230354,100,730.998307
320.947374,100,731.179521
326.8947,100,731.384076
412.695504,100,743.840364
326.777696,100,744.153055
269.651056,100,744.46965
303.668633,100,744.744961
340.381437,100,745.052528
248.790102,100,745.367959
207.829141,100,745.68013
282.74789,100,746.00488
317.953945,100,746.315256
262.575406,100,746.599348
322.896211,100,759.761082
280.295036,100,759.899819
292.707435,100,760.036265
310.067208,100,760.175796
338.048542,100,760.314419
284.499605,100,760.5761
359.069179,100,760.774591
338.820493,100,760.942824
300.223186,100,761.104974
289.181665,100,761.258802
342.041725,100,772.485218
297.541664,100,772.719633
316.592778,100,772.90917
313.219823,100,773.078477
291.054855,100,773.262582
269.389078,100,773.450451
252.20276,100,773.627406
372.14831,100,773.821539
266.696454,100,774.005311
359.376586,100,774.174715
406.267846,100,785.297065
374.949863,100,785.437225
319.292758,100,785.589799
247.669565,100,785.764201
355.423956,100,785.924245
298.854497,100,786.082585
371.378246,100,786.223707
258.39325,100,786.358091
263.852487,100,786.501237
284.098069,100,786.734863
250.321538,100,798.404237
363.679027,100,798.651335
325.654889,100,798.897271
267.701819,100,799.129497
273.662939,100,799.322039
313.144601,100,799.511565
338.33353,100,799.720827
343.840523,100,799.901885
366.358828,100,800.086927
372.723749,100,800.265768
270.55244,100,812.19406
253.52064,100,812.358309
323.790494,100,812.527284
325.83095,100,812.789547
325.18998,100,812.930948
308.317569,100,813.081157
344.937576,100,813.258852
312.634656,100,813.413289
360.909261,100,813.572122
310.551652,100,813.758705
318.322854,100,824.526493
262.365376,100,824.765316
267.183971,100,824.944727
317.492781,100,825.106169
271.670178,100,825.25849
355.565117,100,825.397462
330.65541,100,825.548502
237.949863,100,825.699701
372.084804,100,825.848776
289.055451,100,826.011135
284.461823,100,839.357459
330.048207,100,839.546642
302.880534,100,839.725708
352.450775,100,839.887931
345.144081,100,840.053931
333.480181,100,840.205383
276.775792,100,840.352222
268.819455,100,840.531029
309.985572,100,840.732899
308.018642,100,840.99863
309.45631,100,851.393015
274.917564,100,851.538422
393.793905,100,851.682055
269.073879,100,851.832502
339.739755,100,851.975103
275.829918,100,852.114917
323.375003,100,852.281806
326.845765,100,852.447493
339.884199,100,852.62011
284.496556,100,852.856609
306.046716,100,867.317307
268.301172,100,867.622871
333.897325,100,867.941956
334.44043,100,868.254438
362.903876,100,868.557933
323.184335,100,868.880784
227.195766,100,869.14861
343.959141,100,869.396477
269.508912,100,869.698627
313.932619,100,870.009216
367.813556,100,882.333524
277.707493,100,882.516291
317.42197,100,882.695373
260.397199,100,882.926732
312.820485,100,883.132835
294.779801,100,883.319803
243.109516,100,883.509583
321.613495,100,883.696903
296.749395,100,883.885111
364.106971,100,884.070596
363.585424,100,895.490086
373.038037,100,895.687112
346.606395,100,895.863884
268.965083,100,896.026184
219.688093,100,896.190258
287.957007,100,896.372133
345.849455,100,896.540107
323.980714,100,896.705083
348.614693,100,896.86828
382.439493,100,897.049098
290.187624,100,910.082995
253.194216,100,910.246934
263.571278,100,910.408103
294.819746,100,910.594682
264.603343,100,910.77214
370.799009,100,910.931324
313.176014,100,911.088549
339.132144,100,911.354636
310.1878,100,911.533127
264.444476,100,911.739361
265.703531,100,924.532778
329.785826,100,924.680166
377.275358,100,924.828035
291.25571,100,924.981684
331.878017,100,925.165844
245.932399,100,925.404415
305.09729,100,925.554596
256.413495,100,925.727202
283.544188,100,925.870679
322.768724,100,926.012422
310.608089,100,938.486757
371.005585,100,938.793773
264.93361,100,939.105056
288.683765,100,939.384141
281.029965,100,939.549082
333.82331,100,939.722941
356.614237,100,939.867266
316.587208,100,940.003658
387.850094,100,940.140775
290.964023,100,940.291875
292.06617,100,952.019484
304.943968,100,952.182325
344.724559,100,952.341342
366.263949,100,952.502851
335.353181,100,952.670976
255.927139,100,952.829191
333.184614,100,952.980388
339.124242,100,953.143808
321.101176,100,953.391403
380.211948,100,953.570451
272.125571,100,967.064812
346.700634,100,967.341956
327.469102,100,967.595652
246.383189,100,967.818894
282.514645,100,968.032803
335.807758,100,968.243938
279.315715,100,968.466901
334.893848,100,968.688283
250.404622,100,968.885541
349.969761,100,969.093693
355.836294,100,982.334245
339.507828,100,982.499494
343.888476,100,982.656498
309.402851,100,982.810218
331.235951,100,982.966075
360.315073,100,983.152207
358.346561,100,983.400086
262.417724,100,983.550827
301.398004,100,983.728999
391.129463,100,983.884018
342.847794,100,994.644722
325.523956,100,994.793886
324.009928,100,994.932905
296.791331,100,995.07052
282.836629,100,995.318931
405.831604,100,995.478203
377.799164,100,995.659511
271.385534,100,995.817211
243.763714,100,995.978977
342.042732,100,996.125989
294.873614,100,1007.659235
370.207926,100,1007.838398
377.331715,100,1008.001074
284.057447,100,1008.160108
296.184836,100,1008.322866
395.200233,100,1008.483031
243.528408,100,1008.637479
269.789178,100,1008.784517
317.722026,100,1008.939508
353.499813,100,1009.089039
340.050083,100,1020.327669
388.132796,100,1020.481127
307.188891,100,1020.622377
279.510476,100,1020.802051
301.92383,100,1020.95619
245.74476,100,1021.099174
368.864917,100,1021.372866
314.977089,100,1021.523674
347.952777,100,1021.699163
374.697159,100,1021.863066
267.43246,100,1034.665708
354.803372,100,1034.854499
340.004202,100,1035.049517
321.739811,100,1035.322886
278.427529,100,1035.525599
346.97985,100,1035.744803
330.245494,100,1035.923213
298.676106,100,1036.118642
371.86415,100,1036.30646
369.045602,100,1036.492798
348.902259,100,1048.029694
314.872084,100,1048.179446
212.298928,100,1048.337297
363.493401,100,1048.492321
324.690958,100,1048.645695
253.65188,100,1048.802261
316.632673,100,1048.978759
280.707444,100,1049.159578
308.640752,100,1049.407526
258.204093,100,1049.569814
275.934837,100,1061.032353
279.79941,100,1061.196684
239.80336,100,1061.470682
302.314424,100,1061.628132
306.358524,100,1061.814955
354.699532,100,1061.972253
322.035316,100,1062.117515
329.925185,100,1062.262723
248.661618,100,1062.423219
297.366572,100,1062.571495
252.473126,100,1074.106106
371.903221,100,1074.260592
361.304772,100,1074.435692
255.379235,100,1074.605042
324.736422,100,1074.77045
387.100534,100,1074.915915
372.332863,100,1075.066947
318.963066,100,1075.221576
330.897342,100,1075.486423
335.160961,100,1075.640538
295.540169,100,1089.865605
340.240284,100,1090.056291
312.935461,100,1090.243
344.272984,100,1090.440461
315.397171,100,1090.638827
364.977978,100,1090.83165
419.693052,100,1091.032923
296.585205,100,1091.243136
394.281624,100,1091.504555
296.928393,100,1091.688329
266.064165,100,1106.291586
330.295497,100,1106.629537
308.593008,100,1106.969761
297.614215,100,1107.327785
278.942683,100,1107.671421
298.082332,100,1108.031159
339.564009,100,1108.385651
361.215556,100,1108.762414
324.385313,100,1109.14737
303.707045,100,1109.504153
357.198508,100,1122.508257
290.265755,100,1122.683513
287.575246,100,1122.842038
356.415724,100,1123.0021
307.510888,100,1123.15936
281.896062,100,1123.31292
266.06629,100,1123.607375
367.417048,100,1123.883485
363.061875,100,1124.188017
335.444699,100,1124.498425
309.037688,100,1136.311344
263.711196,100,1136.619253
273.768836,100,1136.939715
320.587805,100,1137.244205
370.693889,100,1137.556305
347.489074,100,1137.812031
307.058365,100,1138.110073
354.17167,100,1138.414449
272.551262,100,1138.736848
334.576147,100,1139.053817
263.275048,100,1150.560734
354.771382,100,1150.737179
346.406131,100,1150.914306
374.315273,100,1151.077256
348.462111,100,1151.245841
371.01022,100,1151.485886
246.975497,100,1151.647414
363.341349,100,1151.829371
387.032965,100,1151.987403
232.671287,100,1152.140913
346.416054,100,1163.139273
402.291912,100,1163.286704
384.64514,100,1163.539584
359.583296,100,1163.70089
349.187118,100,1163.877668
277.008488,100,1164.030317
376.934566,100,1164.184216
339.810523,100,1164.330716
306.282048,100,1164.487767
345.221286,100,1164.652718
227.334133,100,1175.292092
294.765325,100,1175.546057
354.294592,100,1175.718131
269.141118,100,1175.89536
335.397711,100,1176.057534
400.004079,100,1176.215115
341.609657,100,1176.383547
274.481772,100,1176.561794
316.910121,100,1176.749028
348.572888,100,1176.918855
407.719025,100,1188.311496
383.699774,100,1188.462857
331.756493,100,1188.643987
421.537273,100,1188.800525
388.121263,100,1188.955139
283.022202,100,1189.106097
407.733562,100,1189.271527
292.92807,100,1189.507563
395.948236,100,1189.6777
274.290527,100,1189.834537
280.016888,100,1201.366548
410.173883,100,1201.663459
355.176503,100,1201.891271
364.713484,100,1202.066553
349.324986,100,1202.241803
341.802529,100,1202.428483
265.992175,100,1202.62119
278.641256,100,1202.802119
331.708082,100,1203.005522
412.945488,100,1203.182159
341.661604,100,1216.809582
359.3193,100,1216.980817
215.091759,100,1217.138121
318.704146,100,1217.306482
300.442927,100,1217.560965
341.681839,100,1217.728131
359.605379,100,1217.906948
293.879955,100,1218.087122
283.418145,100,1218.250206
342.392793,100,1218.415937
325.353685,100,1230.510327
404.402011,100,1230.742573
360.76971,100,1230.942026
353.712217,100,1231.115595
266.957966,100,1231.287509
327.842243,100,1231.577695
322.803707,100,1231.777719
285.516086,100,1231.968012
337.429993,100,1232.110235
280.632607,100,1232.255399
310.981022,100,1242.950547
334.149493,100,1243.098535
284.1591,100,1243.245282
285.874832,100,1243.471611
267.552405,100,1243.649448
375.167065,100,1243.824077
372.466661,100,1243.975227
342.891791,100,1244.125193
380.796255,100,1244.279633
299.784449,100,1244.445268
298.802484,100,1257.932835
311.109607,100,1258.164932
290.415322,100,1258.388029
412.99496,100,1258.619049
322.662173,100,1258.831253
287.512855,100,1259.051143
267.370357,100,1259.278576
339.830904,100,1259.62394
237.661803,100,1259.826286
312.023831,100,1260.031571
368.51933,100,1272.659223
384.330619,100,1273.02223
343.595732,100,1273.403267
300.566974,100,1273.785421
347.874733,100,1274.127377
272.112758,100,1274.349512
337.907136,100,1274.493125
232.622854,100,1274.639197
362.700855,100,1274.802675
329.58224,100,1274.942389
285.386298,100,1286.382042
407.211238,100,1286.546981
336.228301,100,1286.701975
299.84819,100,1286.846325
304.954582,100,1287.002619
391.020609,100,1287.144146
290.42557,100,1287.284461
344.297787,100,1287.489194
340.071101,100,1287.710156
293.059021,100,1287.85209
246.650632,100,1298.674922
283.55903,100,1298.848287
372.421428,100,1299.002227
399.145428,100,1299.150855
320.528308,100,1299.320818
264.909488,100,1299.525845
355.001964,100,1299.754704
287.854111,100,1299.914227
416.09045,100,1300.084833
231.364296,100,1300.234708
325.699638,100,1311.301014
306.977198,100,1311.501709
356.309162,100,1311.754653
349.26526,100,1311.927109
418.709299,100,1312.108648
362.377029,100,1312.272947
304.099014,100,1312.440414
280.831318,100,1312.619405
366.89641,100,1312.795959
279.094209,100,1312.940307
393.271679,100,1328.436373
396.651153,100,1328.611384
325.940202,100,1328.783838
269.148351,100,1328.975271
244.831496,100,1329.135313
424.951141,100,1329.275687
402.999794,100,1329.420259
293.349149,100,1329.566006
304.878903,100,1329.798769
358.697792,100,1329.976994
347.537395,100,1343.873464
312.840151,100,1344.127994
349.735995,100,1344.427125
329.239475,100,1344.713259
267.332723,100,1344.996605
360.3096,100,1345.291246
346.320141,100,1345.572501
448.921149,100,1345.860801
334.9117,100,1346.100383
305.485463,100,1346.37331
296.574762,100,1361.238939
254.341889,100,1361.421065
404.543248,100,1361.619939
304.562685,100,1361.811074
363.965302,100,1361.980685
330.462478,100,1362.145752
274.818842,100,1362.359719
324.665886,100,1362.581578
307.491685,100,1362.790882
388.271802,100,1362.965178
289.095673,100,1375.357279
369.163369,100,1375.515401
397.662316,100,1375.673663
348.255164,100,1375.826937
404.535139,100,1375.970598
378.545888,100,1376.122211
334.760351,100,1376.273976
378.233061,100,1376.523465
265.587057,100,1376.681513
378.720706,100,1376.85039
304.927087,100,1388.101285
333.42906,100,1388.253574
400.939114,100,1388.412805
288.182648,100,1388.683796
359.202991,100,1388.864514
319.132508,100,1389.01773
368.892087,100,1389.190769
426.829855,100,1389.340893
307.352077,100,1389.503803
281.287657,100,1389.685807
286.372499,100,1403.17687
267.815373,100,1403.353381
348.189111,100,1403.519914
382.497909,100,1403.694695
314.397115,100,1403.873132
264.716772,100,1404.058618
284.585853,100,1404.243302
365.479479,100,1404.412679
244.999902,100,1404.690587
333.929457,100,1404.863631
365.753931,100,1416.011463
293.768025,100,1416.152951
287.185315,100,1416.29417
375.9295,100,1416.434472
304.428753,100,1416.584153
298.279108,100,1416.785195
405.12605,100,1417.005895
294.433518,100,1417.160289
430.101706,100,1417.319426
301.224495,100,1417.463354
278.05164,100,1428.879213
358.597186,100,1429.050517
322.08883,100,1429.234786
305.090105,100,1429.389605
327.932867,100,1429.54884
345.896828,100,1429.701819
328.619164,100,1429.863191
343.287508,100,1430.006501
331.89857,100,1430.148787
372.633535,100,1430.292209
409.221545,100,1441.59041
256.623898,100,1441.744407
344.627946,100,1441.901801
336.995255,100,1442.069248
370.677224,100,1442.239654
270.501451,100,1442.391633
380.988767,100,1442.538982
295.387814,100,1442.689644
299.167285,100,1442.941409
292.257648,100,1443.112554
365.17156,100,1454.763227
315.554012,100,1454.997968
366.948745,100,1455.149701
358.472716,100,1455.316067
374.236582,100,1455.456541
332.137326,100,1455.614406
315.048724,100,1455.777323
413.585444,100,1455.936298
390.967199,100,1456.094661
325.857448,100,1456.256661
379.336749,100,1467.711416
319.64106,100,1467.885572
406.667674,100,1468.056449
329.143122,100,1468.212469
402.334901,100,1468.354856
349.407054,100,1468.498981
331.232674,100,1468.649449
296.877693,100,1468.913342
336.921276,100,1469.115043
399.742801,100,1469.286062
320.369512,100,1481.86922
350.101096,100,1482.029225
384.794846,100,1482.165177
377.386196,100,1482.306298
339.745336,100,1482.443055
326.587672,100,1482.605134
322.13638,100,1482.81075
383.407944,100,1483.030672
339.981514,100,1483.190578
416.876481,100,1483.369002
350.296729,100,1496.005987
419.574249,100,1496.19658
260.66898,100,1496.389319
301.715664,100,1496.592057
316.615575,100,1496.84444
329.255102,100,1497.107445
386.11949,100,1497.334264
335.912931,100,1497.534862
292.277645,100,1497.748787
325.30003,100,1497.967107
314.18326,100,1511.952199
386.834303,100,1512.136799
367.660035,100,1512.311991
380.13425,100,1512.488416
394.604205,100,1512.66765
308.364831,100,1512.925891
384.177168,100,1513.109188
359.550957,100,1513.310864
325.374445,100,1513.486476
321.623528,100,1513.65901
350.391712,100,1529.890283
336.592466,100,1530.069419
430.926433,100,1530.260234
392.774194,100,1530.473372
336.969393,100,1530.684081
351.760471,100,1530.902266
336.715813,100,1531.194234
411.516468,100,1531.397916
410.895195,100,1531.591033
391.744549,100,1531.784226
335.282694,100,1547.532035
339.730057,100,1547.676694
365.986781,100,1547.832722
366.765343,100,1548.015042
320.04437,100,1548.208978
266.243115,100,1548.380238
366.430121,100,1548.531701
231.399673,100,1548.683115
422.829049,100,1548.843709
336.872395,100,1549.042835
401.310654,100,1560.543091
401.900288,100,1560.718152
411.933686,100,1560.911556
382.661561,100,1561.151469
383.928752,100,1561.358677
280.925164,100,1561.52196
329.188382,100,1561.689641
396.917605,100,1561.854605
322.702739,100,1562.015459
349.240881,100,1562.166662
306.63976,100,1573.323006
392.833775,100,1573.493232
401.49014,100,1573.66725
385.793157,100,1573.817343
300.405776,100,1573.956877
362.773738,100,1574.099386
396.898281,100,1574.253246
353.723868,100,1574.394958
413.540286,100,1574.560469
350.11778,100,1574.708297
348.211354,100,1586.075325
395.734385,100,1586.231544
301.227656,100,1586.402026
407.958467,100,1586.567127
400.070791,100,1586.712841
326.895778,100,1586.862896
379.702553,100,1587.018609
352.154785,100,1587.168417
432.420622,100,1587.327461
305.934357,100,1587.490608
395.321154,100,1602.759387
416.605482,100,1602.945925
395.935986,100,1603.140648
334.41633,100,1603.330012
392.787461,100,1603.519523
324.02579,100,1603.730978
406.010954,100,1603.956879
316.40859,100,1604.286205
343.970559,100,1604.530674
331.795139,100,1604.765239
340.966931,100,1617.143586
287.458847,100,1617.328414
314.118348,100,1617.537625
342.693538,100,1617.733844
298.205996,100,1617.921464
316.113775,100,1618.109412
271.063728,100,1618.38387
318.054396,100,1618.584644
327.36324,100,1618.810895
439.114148,100,1619.018174
330.528293,100,1634.793449
288.336955,100,1635.13811
264.708285,100,1635.535526
312.882983,100,1635.911584
334.219352,100,1636.296909
438.239442,100,1636.695658
269.197292,100,1637.035747
327.533724,100,1637.406029
380.811296,100,1637.746178
391.83686,100,1637.91664
327.607907,100,1649.902209
312.403215,100,1650.067562
403.270753,100,1650.245154
355.08198,100,1650.426061
296.919899,100,1650.686601
296.776175,100,1650.93955
327.577422,100,1651.154005
356.770555,100,1651.339082
388.974497,100,1651.513929
332.825642,100,1651.723156
323.644194,100,1665.367022
376.425317,100,1665.531105
301.473823,100,1665.692427
349.054664,100,1665.858868
289.595662,100,1666.027529
367.841775,100,1666.181187
404.162924,100,1666.340461
331.778138,100,1666.490576
378.437655,100,1666.648959
342.291311,100,1666.802951
336.830335,100,1678.429552
399.584059,100,1678.582721
281.075914,100,1678.742581
321.396285,100,1678.985188
398.373689,100,1679.23453
332.922008,100,1679.446494
354.947056,100,1679.625875
289.192602,100,1679.797258
286.646428,100,1679.962346
331.911128,100,1680.132905
432.876875,100,1691.732097
224.470212,100,1691.896675
361.610925,100,1692.053189
324.520773,100,1692.210869
369.256973,100,1692.373967
362.315649,100,1692.541307
283.975016,100,1692.713511
334.128797,100,1692.944355
278.928221,100,1693.143882
302.892713,100,1693.302598
348.004711,100,1704.384977
338.600689,100,1704.54492
388.536775,100,1704.703439
367.596983,100,1704.897125
310.271602,100,1705.116458
308.486777,100,1705.268137
363.37648,100,1705.4392
355.685381,100,1705.599178
420.305371,100,1705.760267
337.613122,100,1705.91202
355.548436,100,1718.505614
363.833781,100,1718.895068
356.418461,100,1719.140446
402.102689,100,1719.301051
336.866596,100,1719.456322
379.537272,100,1719.609802
298.378764,100,1719.777125
384.81562,100,1719.926521
407.641599,100,1720.092691
414.088554,100,1720.252463
368.361364,100,1731.642899
296.108792,100,1731.791685
279.37789,100,1731.966339
357.092891,100,1732.113102
321.792927,100,1732.267491
380.11348,100,1732.418495
347.507554,100,1732.570027
354.048283,100,1732.730139
317.827932,100,1732.942114
344.707412,100,1733.152529
328.720006,100,1745.24802
339.588376,100,1745.422964
400.814275,100,1745.584996
358.118137,100,1745.738641
362.814195,100,1745.898841
309.787164,100,1746.067298
310.678331,100,1746.230208
326.890906,100,1746.377601
358.744639,100,1746.527356
297.866551,100,1746.680201
374.858577,100,1758.74659
303.104833,100,1758.969704
320.174087,100,1759.164951
340.110376,100,1759.318354
375.521792,100,1759.488881
387.894422,100,1759.642563
429.669831,100,1759.788177
372.176452,100,1759.944516
331.723334,100,1760.109196
422.448634,100,1760.251948
297.797731,100,1771.907259
294.398841,100,1772.07343
290.997474,100,1772.227992
381.389546,100,1772.384242
336.114477,100,1772.55042
389.63893,100,1772.706971
335.323973,100,1772.878277
355.730163,100,1773.123698
274.267954,100,1773.271472
328.210697,100,1773.452213
406.388814,100,1786.008744
392.686327,100,1786.185458
328.191515,100,1786.35041
380.391935,100,1786.528763
332.293476,100,1786.724817
392.087666,100,1786.957242
293.09764,100,1787.165029
350.040343,100,1787.35719
328.212623,100,1787.544382
414.459986,100,1787.732795
319.42546,100,1.69549
371.436045,100,1.882178
412.770336,100,2.085353
370.325951,100,2.335071
323.909687,100,2.556684
419.526671,100,2.747237
405.145326,100,2.938849
335.992613,100,3.098915
225.782901,100,3.258135
327.541684,100,3.40705
346.596051,100,15.759075
360.800559,100,15.902553
271.902436,100,16.046054
307.813321,100,16.200936
332.106276,100,16.471293
361.157742,100,16.621305
379.284481,100,16.779624
449.373846,100,16.934282
318.359067,100,17.085972
391.592961,100,17.24259
322.442801,100,30.215331
446.227403,100,30.472962
420.958632,100,30.63362
395.661879,100,30.798621
430.896135,100,30.951139
408.509696,100,31.097133
342.951395,100,31.243189
416.81161,100,31.404833
356.24091,100,31.563843
341.530464,100,31.737422
378.054317,100,43.74813
340.10144,100,43.89782
446.394172,100,44.048558
261.90214,100,44.193861
269.08892,100,44.376269
375.040306,100,44.610252
380.136819,100,44.780901
436.929745,100,44.974771
373.492256,100,45.130284
286.84198,100,45.299059
397.653207,100,58.559314
370.57374,100,58.742636
362.729094,100,58.963532
386.979171,100,59.15308
313.13334,100,59.336895
333.471063,100,59.548822
415.179592,100,59.743969
339.185492,100,59.941324
371.125049,100,60.151907
356.487798,100,60.395085
334.608027,100,72.105143
318.958982,100,72.29102
370.790216,100,72.468677
344.570338,100,72.690742
271.447181,100,72.970238
299.123795,100,73.167558
281.795645,100,73.357796
360.987578,100,73.527725
352.411367,100,73.722731
412.031128,100,73.931231
319.116153,100,85.877981
369.458448,100,86.042815
368.446666,100,86.198142
354.929735,100,86.350724
268.308362,100,86.498142
408.310507,100,86.640833
364.024345,100,86.907099
385.147616,100,87.115919
386.105166,100,87.270694
403.469269,100,87.421148
363.89618,100,97.891569
353.22117,100,98.049913
353.195372,100,98.202212
231.718816,100,98.390945
399.621297,100,98.543595
382.441033,100,98.690991
290.839435,100,98.838251
328.26457,100,99.088218
393.82273,100,99.267553
336.564954,100,99.44175
335.65216,100,110.205315
423.531799,100,110.362065
358.718704,100,110.521155
330.020341,100,110.675072
330.055545,100,110.833228
300.30964,100,111.058159
356.000579,100,111.253362
449.0908,100,111.410129
360.824899,100,111.576235
387.881954,100,111.725855
353.239867,100,123.765502
379.031426,100,123.911118
355.403834,100,124.077263
355.513073,100,124.227101
284.636656,100,124.375315
246.770492,100,124.520567
406.513513,100,124.66432
307.941113,100,124.804336
355.923278,100,124.992745
340.214594,100,125.222839
391.12268,100,135.887532
379.309652,100,136.049685
393.9441,100,136.212231
372.324018,100,136.368954
358.707421,100,136.527919
357.30995,100,136.683101
402.89055,100,136.842731
350.60058,100,137.082024
310.461077,100,137.267274
347.315145,100,137.420856
283.108748,100,148.055009
326.485229,100,148.21786
290.677795,100,148.383878
366.463422,100,148.541336
333.502718,100,148.700081
341.698783,100,148.863441
355.277326,100,149.113436
340.114949,100,149.293239
319.922138,100,149.468882
265.254934,100,149.624519
297.656146,100,160.173813
326.307336,100,160.357465
359.120035,100,160.540856
319.119932,100,160.707665
398.338384,100,160.886553
386.954353,100,161.168915
401.44647,100,161.349289
417.463371,100,161.541818
346.117054,100,161.699625
345.577854,100,161.874953
331.704234,100,174.496843
369.291759,100,174.673015
345.83618,100,174.854062
400.612887,100,175.056352
365.273976,100,175.305808
339.853318,100,175.487789
436.640379,100,175.665448
401.760767,100,175.838035
384.188653,100,176.021198
306.452984,100,176.189167
461.125893,100,189.970157
347.253114,100,190.137217
284.586846,100,190.28981
435.244548,100,190.446083
409.849422,100,190.591666
363.831424,100,190.743725
373.037727,100,190.89596
384.573039,100,191.078017
308.994912,100,191.360914
376.060918,100,191.525304
326.521974,100,202.554501
389.813571,100,202.72878
307.442154,100,202.896917
233.929438,100,203.06674
426.836848,100,203.231797
355.936408,100,203.492427
344.597923,100,203.639968
328.124046,100,203.809863
447.884512,100,203.982301
435.794007,100,204.148957
324.715035,100,220.113226
324.294183,100,220.267265
387.092318,100,220.427067
325.154916,100,220.589015
395.033167,100,220.740339
370.241194,100,220.894034
302.474876,100,221.049037
338.624525,100,221.209219
394.284613,100,221.476524
355.457944,100,221.639361
429.993721,100,236.323036
413.272866,100,236.501553
316.96339,100,236.676857
327.214479,100,236.848824
316.106688,100,237.02845
363.623706,100,237.198329
332.81678,100,237.452069
307.532366,100,237.651394
394.488041,100,237.863018
363.992971,100,238.050545
328.935669,100,250.487291
328.883285,100,250.691329
293.961822,100,250.895617
311.245658,100,251.107641
378.519541,100,251.350697
363.630164,100,251.563572
429.585,100,251.724944
449.794878,100,251.889467
372.64333,100,252.061903
350.945401,100,252.218041
333.174953,100,264.559415
431.800047,100,264.717772
356.438823,100,264.864188
406.902515,100,265.020204
292.663108,100,265.179972
291.785074,100,265.423935
309.710451,100,265.604939
404.401011,100,265.75724
301.345893,100,265.920357
380.647929,100,266.079355
404.204631,100,278.470732
325.430534,100,278.743928
357.151195,100,279.04589
277.882478,100,279.350299
337.514245,100,279.630786
338.70802,100,279.92176
420.728008,100,280.218542
352.140724,100,280.511904
284.028371,100,280.813904
315.095783,100,281.137097
412.589092,100,296.2585
328.617431,100,296.418515
417.038854,100,296.56776
323.599774,100,296.716492
274.766604,100,296.894152
371.646927,100,297.049112
255.54302,100,297.201034
353.735102,100,297.456741
352.748817,100,297.608813
318.426436,100,297.771574
250.906154,100,309.856803
321.123194,100,310.057508
235.200897,100,310.256159
300.399893,100,310.452693
410.361804,100,310.632442
273.716369,100,310.800336
369.106262,100,310.963124
412.180633,100,311.119256
334.746548,100,311.267683
362.75869,100,311.415873
277.479095,100,322.286017
325.433224,100,322.584569
379.51611,100,322.884632
416.485761,100,323.179316
337.555677,100,323.48836
441.736843,100,323.804536
268.448403,100,324.096563
356.892099,100,324.364395
375.360396,100,324.679357
330.336625,100,325.00413
377.814797,100,337.451181
370.327483,100,337.592339
411.044949,100,337.817865
357.660079,100,337.996093
386.869664,100,338.165957
354.306905,100,338.318119
335.88845,100,338.469689
426.63594,100,338.632974
324.071918,100,338.787808
387.449502,100,338.960241
385.849368,100,350.720093
385.693989,100,350.889966
368.939532,100,351.061014
349.76284,100,351.214655
348.568066,100,351.366822
372.28452,100,351.517692
380.202828,100,351.691959
375.004521,100,351.925825
306.510115,100,352.100993
425.666348,100,352.288188
424.185124,100,365.64381
420.69917,100,365.90443
429.065487,100,366.072346
415.055016,100,366.24501
285.40145,100,366.393152
392.83831,100,366.550984
373.821183,100,366.700264
301.931552,100,366.860589
343.115778,100,367.026636
395.689215,100,367.199054
449.084766,100,377.990223
393.870307,100,378.144896
358.486225,100,378.328631
318.034609,100,378.468275
333.429557,100,378.610326
287.934045,100,378.761899
341.266739,100,378.920069
300.522149,100,379.078057
378.762977,100,379.22151
433.121622,100,379.371929
396.295075,100,391.343312
381.968478,100,391.481866
386.958103,100,391.632776
351.867717,100,391.77354
445.7801,100,391.967363
283.754585,100,392.18514
330.20453,100,392.34647
428.702106,100,392.494124
357.055112,100,392.652037
349.268897,100,392.790501
392.255976,100,403.979151
322.106223,100,404.169651
284.04283,100,404.39192
415.20624,100,404.579985
381.069107,100,404.776134
400.734384,100,404.940568
334.671037,100,405.089044
428.332703,100,405.251625
325.318305,100,405.421678
359.02996,100,405.581001
392.356726,100,418.338413
425.161724,100,418.513776
371.708087,100,418.700792
332.336443,100,418.872157
366.410349,100,419.043218
374.89461,100,419.215956
368.375615,100,419.405962
349.375238,100,419.587098
338.424296,100,419.760804
342.114139,100,419.948756
303.019829,100,431.48475
362.815478,100,431.660263
414.944613,100,431.816951
334.484868,100,431.984673
422.458325,100,432.211985
361.577706,100,432.429044
338.428155,100,432.593594
346.753824,100,432.763601
348.257694,100,432.919129
294.287734,100,433.07616
361.532343,100,444.589666
370.355256,100,444.72843
314.735005,100,444.869736
344.804828,100,445.030541
318.600007,100,445.186597
393.186991,100,445.336169
288.61058,100,445.476059
367.651148,100,445.615683
336.594381,100,445.752813
365.546881,100,445.897858
309.522878,100,457.59584
279.015642,100,457.777102
342.657901,100,457.950738
377.223912,100,458.157148
326.785069,100,458.397633
323.649004,100,458.605071
373.429879,100,458.773635
412.738271,100,458.943289
400.274567,100,459.111753
368.644469,100,459.277949
347.556379,100,471.192509
399.850669,100,471.395225
270.962765,100,471.572986
449.004216,100,471.747329
375.273982,100,471.9209
348.548998,100,472.159776
356.403368,100,472.44504
400.266123,100,472.665774
326.225001,100,472.865765
380.872392,100,473.060715
271.540498,100,486.927697
337.152731,100,487.23019
300.669515,100,487.531955
448.78218,100,487.839196
447.233824,100,488.152425
324.053685,100,488.419688
358.170175,100,488.635054
265.840671,100,488.935361
405.293155,100,489.232981
354.882355,100,489.531489
318.855603,100,501.747737
355.462641,100,501.919833
351.2961,100,502.110954
372.585402,100,502.293583
376.070397,100,502.525277
368.780358,100,502.742278
408.064814,100,502.942741
311.031462,100,503.132199
400.023817,100,503.308322
445.064379,100,503.488532
353.123629,100,515.678704
367.819396,100,515.838877
367.225996,100,516.006251
412.163587,100,516.178591
306.824758,100,516.350152
334.904824,100,516.601757
361.019758,100,516.793879
364.172129,100,516.971702
371.868565,100,517.126321
264.350036,100,517.269494
344.828721,100,528.955361
360.691456,100,529.105455
386.772471,100,529.246744
329.293216,100,529.39703
453.564305,100,529.546296
414.697222,100,529.708251
364.656194,100,529.868804
337.114514,100,530.043288
393.223289,100,530.195609
375.155741,100,530.338035
358.114405,100,541.474947
412.491418,100,541.622345
368.956353,100,541.806836
355.493338,100,542.019889
324.845792,100,542.246299
390.058845,100,542.444334
420.995383,100,542.686132
282.744316,100,542.863151
319.831909,100,543.068757
296.673875,100,543.251295
446.967416,100,555.242883
266.131641,100,555.377488
348.099259,100,555.514278
310.881949,100,555.649551
313.939825,100,555.793013
381.709023,100,555.952801
342.068261,100,556.097264
365.300354,100,556.236211
406.959093,100,556.386325
370.452853,100,556.529815
302.155823,100,568.518483
381.327104,100,568.795184
358.325531,100,568.983689
331.668348,100,569.186664
388.544644,100,569.355257
342.960479,100,569.52664
371.648843,100,569.697335
355.003786,100,569.885366
408.813797,100,570.032496
379.068862,100,570.189346
318.75724,100,581.44715
352.4427,100,581.593666
361.628277,100,581.741596
340.842058,100,581.908499
355.544779,100,582.092697
437.675873,100,582.255745
438.615671,100,582.406836
424.629659,100,582.565681
396.805478,100,582.709444
376.654687,100,582.874493
320.612733,100,593.547795
373.656651,100,593.697088
411.705986,100,593.854857
371.826834,100,594.01014
314.170324,100,594.166525
277.994746,100,594.31796
381.49357,100,594.463053
335.466206,100,594.604685
323.615347,100,594.745651
377.877885,100,594.887083
392.452844,100,605.740173
361.794879,100,605.889461
372.018517,100,606.035395
343.554088,100,606.194552
363.223503,100,606.334916
401.653202,100,606.473214
285.909255,100,606.614703
443.178335,100,606.768099
405.142591,100,606.933068
346.12398,100,607.194878
338.876713,100,618.46887
335.764996,100,618.631291
364.193867,100,618.823613
293.316036,100,619.05433
409.981756,100,619.281638
273.867555,100,619.469752
377.730484,100,619.636429
348.024845,100,619.810344
365.184625,100,619.990537
335.317132,100,620.173152
346.688894,100,632.368189
329.779846,100,632.525424
356.918119,100,632.673673
394.187019,100,632.823126
385.409852,100,632.974909
429.364082,100,633.13114
332.476684,100,633.280913
385.393688,100,633.475234
328.337978,100,633.696071
329.126376,100,633.855268
233.868224,100,645.919093
399.581033,100,646.091685
366.315783,100,646.245224
361.609856,100,646.400141
394.033745,100,646.534782
415.722977,100,646.682913
401.476381,100,646.836689
388.688605,100,646.991956
345.237843,100,647.150293
442.419682,100,647.295195
425.119809,100,658.220795
263.424121,100,658.364136
370.372501,100,658.50328
345.235855,100,658.651083
372.565554,100,658.8325
341.054577,100,659.022003
370.010289,100,659.210004
418.987056,100,659.391395
342.282967,100,659.616065
374.34208,100,659.846883
337.134664,100,671.350631
327.110332,100,671.646577
406.567563,100,671.935467
406.180218,100,672.168412
363.85153,100,672.329002
382.750168,100,672.467277
387.383783,100,672.613523
351.113635,100,672.755119
370.56864,100,672.899827
402.377444,100,673.043209
468.720937,100,686.002717
382.161425,100,686.204134
347.712263,100,686.390984
356.776189,100,686.557819
397.510904,100,686.740745
295.38252,100,686.947619
281.331081,100,687.146742
355.888358,100,687.34447
369.104391,100,687.538975
309.922149,100,687.818442
394.770544,100,699.370337
334.758001,100,699.621514
334.995342,100,699.851257
391.917377,100,700.082944
397.890578,100,700.29498
321.39967,100,700.507709
416.852922,100,700.715065
386.213706,100,700.912638
358.439663,100,701.131715
326.110448,100,701.32114
414.42297,100,715.314614
341.890773,100,715.617905
362.20066,100,715.916991
360.515686,100,716.238633
320.674445,100,716.503319
338.784451,100,716.785482
315.58928,100,717.098174
440.576996,100,717.402065
328.646133,100,717.708601
422.648578,100,718.014639
446.00056,100,731.178408
423.249132,100,731.463905
362.765969,100,731.748626
283.956864,100,732.065439
409.632157,100,732.360413
368.067255,100,732.575598
419.971117,100,732.867418
308.768081,100,733.163425
309.356547,100,733.455119
355.368552,100,733.748024
319.372963,100,747.526443
410.286581,100,747.664719
382.774997,100,747.798749
331.738156,100,747.936826
330.778127,100,748.083116
379.420272,100,748.222541
379.183167,100,748.419152
396.924132,100,748.625088
431.748187,100,748.778042
443.894171,100,748.938228
308.895621,100,761.264889
292.587407,100,761.417839
401.131173,100,761.583938
385.321081,100,761.735451
385.317066,100,761.889296
361.766984,100,762.049561
384.217659,100,762.20678
343.015535,100,762.368304
406.760149,100,762.521563
358.116886,100,762.694269
365.98656,100,774.834942
296.279447,100,775.073701
328.131775,100,775.351915
370.750523,100,775.618751
308.832765,100,775.892952
420.470891,100,776.184824
381.530106,100,776.460076
260.814158,100,776.725776
416.373383,100,776.989651
328.454435,100,777.235055
346.931293,100,788.260915
369.094662,100,788.436121
351.248535,100,788.601959
389.183143,100,788.883309
397.781162,100,789.081904
373.001963,100,789.274531
329.105261,100,789.456062
317.502778,100,789.624859
382.853503,100,789.804516
349.437738,100,789.98071
367.603795,100,802.119038
336.776993,100,802.506055
426.299728,100,802.858155
336.172943,100,803.157639
385.253523,100,803.476684
315.685638,100,803.81024
367.225975,100,804.170704
386.247503,100,804.542296
399.391893,100,804.951692
320.591655,100,805.288595
359.849351,100,816.911485
347.645839,100,817.084346
394.013545,100,817.268573
368.095305,100,817.425442
411.265593,100,817.565748
361.125718,100,817.719584
278.148855,100,817.869345
387.239691,100,818.037228
327.745606,100,818.220167
358.003234,100,818.372638
398.222423,100,829.786462
333.122874,100,829.936544
355.511099,100,830.103761
335.33031,100,830.26626
370.584574,100,830.430215
334.88596,100,830.587018
276.73197,100,830.81811
371.5316,100,831.016768
326.23349,100,831.195889
425.252754,100,831.347802
419.299235,100,842.020769
413.97801,100,842.198888
403.010341,100,842.37234
312.388059,100,842.545526
300.011797,100,842.756948
333.060938,100,842.995459
391.682427,100,843.189575
361.494713,100,843.371534
417.859279,100,843.549316
421.285014,100,843.731915
331.319113,100,854.327432
304.120673,100,854.472181
323.95889,100,854.61104
336.708622,100,854.86067
301.807237,100,855.11728
421.854757,100,855.40928
356.662871,100,855.718768
370.386719,100,856.033675
344.128715,100,856.345535
301.896478,100,856.664343
300.063099,100,867.762979
380.966681,100,867.908992
431.226776,100,868.066337
323.750361,100,868.208622
373.336154,100,868.352019
288.17977,100,868.494278
349.016983,100,868.641275
302.649472,100,868.795758
330.315019,100,869.029056
366.636473,100,869.200815
356.24792,100,881.456118
426.338882,100,881.607809
302.356666,100,881.766351
326.406707,100,881.932801
340.299215,100,882.106261
355.513902,100,882.257308
376.947351,100,882.412972
355.842987,100,882.561052
426.09134,100,882.715157
341.205353,100,882.883349
320.88975,100,894.594305
345.772711,100,894.762159
394.024341,100,894.9213
400.336974,100,895.192655
367.001722,100,895.357267
281.345552,100,895.525204
379.439002,100,895.667413
381.957628,100,895.817629
378.701757,100,895.974161
436.791914,100,896.135363
321.40715,100,907.776888
408.611604,100,907.937255
367.388213,100,908.110512
273.966826,100,908.279765
304.748435,100,908.422737
397.148909,100,908.5713
320.204001,100,908.723787
381.27184,100,908.89326
269.247948,100,909.14552
402.981023,100,909.306115
382.160421,100,921.531113
370.671771,100,921.674299
396.563697,100,921.825052
352.27105,100,921.981848
399.062854,100,922.145871
428.398395,100,922.300855
400.528775,100,922.456121
288.905666,100,922.617123
393.324154,100,922.766168
447.702777,100,922.921327
393.469447,100,934.802833
368.450215,100,934.967357
353.081451,100,935.220393
333.231854,100,935.374097
327.360139,100,935.541125
447.226997,100,935.682217
415.147629,100,935.826295
336.23017,100,935.974443
293.973528,100,936.130155
366.679048,100,936.436731
332.724888,100,948.640867
404.919409,100,948.794883
408.39909,100,948.961865
327.635641,100,949.221597
364.751303,100,949.36984
444.336394,100,949.540809
289.069044,100,949.688056
304.753291,100,949.838392
373.474159,100,949.987963
401.054815,100,950.152977
368.19649,100,960.804608
402.498497,100,960.992451
357.543965,100,961.23969
296.510841,100,961.388018
339.771705,100,961.55205
274.439151,100,961.693815
397.776512,100,961.849939
361.440417,100,962.038874
384.584823,100,962.239027
411.189077,100,962.404268
291.817187,100,973.619018
402.197335,100,973.782196
370.757767,100,973.95551
361.317198,100,974.121073
318.91614,100,974.287948
397.627931,100,974.46427
371.054779,100,974.633087
367.976026,100,974.801651
404.758874,100,974.991598
406.758118,100,975.217401
392.500928,100,987.876108
338.325824,100,988.056525
230.218132,100,988.222771
403.110422,100,988.400163
371.708315,100,988.55285
287.074104,100,988.697553
352.230929,100,988.856956
302.341132,100,989.084497
362.049247,100,989.274233
291.45686,100,989.455418
329.715864,100,1000.371492
308.766919,100,1000.540067
275.334231,100,1000.698703
325.812451,100,1000.856461
355.607978,100,1001.085347
385.893501,100,1001.281884
354.392215,100,1001.458133
364.010064,100,1001.63416
295.648663,100,1001.807081
332.880149,100,1001.985931
303.536963,100,1013.90842
413.517961,100,1014.067317
391.335531,100,1014.216597
271.131982,100,1014.374903
357.399743,100,1014.532969
426.801204,100,1014.680052
400.395609,100,1014.820272
339.573595,100,1014.978541
355.834437,100,1015.193758
372.823655,100,1015.357631
322.478803,100,1026.342675
374.798172,100,1026.479073
353.398225,100,1026.622083
376.05631,100,1026.770313
363.707535,100,1026.936118
418.987673,100,1027.157274
459.419961,100,1027.380216
346.625972,100,1027.529563
430.353873,100,1027.68392
309.37941,100,1027.853569
315.381476,100,1038.568349
362.887579,100,1038.716152
351.181634,100,1038.867512
327.88553,100,1039.04768
311.351929,100,1039.311648
345.356373,100,1039.46972
371.994774,100,1039.637141
395.264277,100,1039.793878
366.97811,100,1039.956163
358.43995,100,1040.117944
397.250406,100,1051.814456
328.955947,100,1052.00104
315.41053,100,1052.171902
395.089562,100,1052.335169
344.492135,100,1052.474863
309.441735,100,1052.615059
297.359817,100,1052.757646
390.865573,100,1052.917657
400.636505,100,1053.078191
357.149389,100,1053.244224
329.416669,100,1064.082163
309.453262,100,1064.250545
307.307448,100,1064.420191
356.435463,100,1064.570126
434.083133,100,1064.72689
385.857856,100,1064.89776
355.449415,100,1065.05795
397.395972,100,1065.200185
310.576714,100,1065.345193
378.600199,100,1065.49603
309.65991,100,1077.139556
391.717648,100,1077.313118
387.523833,100,1077.484714
414.479212,100,1077.684083
378.998035,100,1077.941599
403.689842,100,1078.146598
291.603811,100,1078.338277
405.816089,100,1078.517869
427.169456,100,1078.702133
243.168333,100,1078.902777
381.763245,100,1090.720226
449.410595,100,1090.892781
438.689305,100,1091.051574
394.506654,100,1091.198482
390.114493,100,1091.356207
315.766517,100,1091.504678
403.053136,100,1091.731276
369.13112,100,1092.059908
350.957067,100,1092.237545
387.961184,100,1092.414286
265.22553,100,1104.153857
325.535033,100,1104.342723
388.925535,100,1104.505506
322.656677,100,1104.658074
346.952679,100,1104.804898
420.661133,100,1104.973102
356.378048,100,1105.152955
308.677516,100,1105.333175
350.345058,100,1105.492756
373.19917,100,1105.645138
442.119874,100,1116.943449
401.730149,100,1117.110954
376.916617,100,1117.273931
441.998713,100,1117.452094
393.674173,100,1117.625121
317.240384,100,1117.794063
436.602167,100,1117.963638
321.077944,100,1118.175821
434.858367,100,1118.398056
294.322426,100,1118.591026
319.421247,100,1131.372556
432.007613,100,1131.540723
397.008902,100,1131.69855
393.415121,100,1131.871706
390.49764,100,1132.108648
377.485171,100,1132.408498
302.14835,100,1132.590818
331.625963,100,1132.77307
388.209314,100,1132.939664
441.569047,100,1133.100541
363.374929,100,1145.211306
385.469675,100,1145.397445
238.221811,100,1145.58716
363.503238,100,1145.760672
326.553973,100,1145.953943
361.571475,100,1146.192575
377.770241,100,1146.407334
345.752923,100,1146.557001
321.797607,100,1146.724964
371.715897,100,1146.883868
355.222282,100,1160.345329
426.220706,100,1160.596998
382.31952,100,1160.877311
375.897055,100,1161.177255
297.745058,100,1161.468588
352.436049,100,1161.762902
338.539456,100,1162.11517
304.03147,100,1162.471875
359.963004,100,1162.730838
312.220571,100,1163.0483
337.822382,100,1174.879931
359.558856,100,1175.041559
332.789419,100,1175.197935
316.402395,100,1175.368474
303.451497,100,1175.530728
386.935419,100,1175.678333
395.793285,100,1175.837246
377.934496,100,1175.999107
389.767008,100,1176.219209
325.972952,100,1176.416896
338.674351,100,1188.599065
347.491401,100,1188.754339
327.62419,100,1188.906796
427.402635,100,1189.079973
348.134867,100,1189.236711
290.043355,100,1189.396956
295.027336,100,1189.56813
375.706884,100,1189.736347
284.292993,100,1189.889527
338.37509,100,1190.054174
386.35777,100,1201.172513
415.16105,100,1201.329085
394.556158,100,1201.480628
342.710792,100,1201.626917
367.520646,100,1201.782783
294.345887,100,1201.957419
367.344694,100,1202.189602
261.655654,100,1202.401045
402.663746,100,1202.5755
369.660802,100,1202.732922
306.542784,100,1215.060967
439.569585,100,1215.230884
365.453173,100,1215.398036
316.0622,100,1215.560449
313.317962,100,1215.713866
408.248161,100,1215.884404
339.908675,100,1216.075641
368.02083,100,1216.344472
367.95098,100,1216.523341
317.302604,100,1216.697648
261.401269,100,1229.234159
315.032383,100,1229.434068
406.064359,100,1229.631163
413.344068,100,1229.820127
352.850377,100,1230.01877
310.178743,100,1230.317679
372.384456,100,1230.499177
316.68278,100,1230.689689
437.816375,100,1230.855299
248.424262,100,1231.028597
367.327057,100,1243.601231
321.107,100,1243.756296
389.059104,100,1243.928831
376.77675,100,1244.092955
436.478273,100,1244.334581
391.173796,100,1244.480197
325.982286,100,1244.652493
315.358498,100,1244.805764
394.145996,100,1244.956447
289.095038,100,1245.114631
407.296389,100,1257.451652
430.079784,100,1257.774715
346.730526,100,1258.110444
315.241382,100,1258.443427
269.985239,100,1258.718405
451.964535,100,1259.034405
416.032407,100,1259.365059
334.655468,100,1259.691054
337.470111,100,1260.02099
380.475998,100,1260.377235
379.216864,100,1273.575577
329.660179,100,1273.738228
373.619201,100,1273.920071
360.75261,100,1274.091799
283.05237,100,1274.251049
386.899667,100,1274.515248
359.989624,100,1274.676112
452.40452,100,1274.865582
362.224114,100,1275.036339
331.629466,100,1275.200004
320.597838,100,1287.196009
281.696975,100,1287.355864
428.938361,100,1287.520184
323.846009,100,1287.678603
411.717132,100,1287.843896
346.278253,100,1288.007127
299.045224,100,1288.156952
334.872129,100,1288.336881
317.144575,100,1288.5765
406.902504,100,1288.734711
301.330048,100,1301.518598
406.940249,100,1301.680273
420.409602,100,1301.839215
377.549703,100,1302.023087
421.678868,100,1302.201879
404.978317,100,1302.421666
362.760127,100,1302.621643
402.223259,100,1302.767663
295.254853,100,1302.93444
403.329746,100,1303.08625
326.701755,100,1315.242
369.449254,100,1315.389585
430.974113,100,1315.54379
318.142918,100,1315.727128
391.693474,100,1315.876323
317.244976,100,1316.027824
394.44712,100,1316.174085
457.787971,100,1316.353583
357.471886,100,1316.588767
317.571479,100,1316.729525
309.407612,100,1327.787189
304.816391,100,1327.937413
390.841859,100,1328.086341
405.590541,100,1328.267028
339.535843,100,1328.420973
278.383372,100,1328.602401
310.393529,100,1328.839763
388.978282,100,1329.005182
275.826509,100,1329.169284
354.345291,100,1329.317687
398.904407,100,1344.296067
325.097623,100,1344.434738
309.758979,100,1344.600727
392.811183,100,1344.833017
325.392273,100,1345.008961
310.122442,100,1345.191989
416.030155,100,1345.365181
328.518704,100,1345.535778
425.726644,100,1345.688693
314.938081,100,1345.840724
313.9744,100,1358.148322
389.390147,100,1358.302124
343.88145,100,1358.437525
346.074665,100,1358.579171
334.058918,100,1358.722267
372.795795,100,1358.973664
335.120146,100,1359.154673
366.179325,100,1359.334299
350.124677,100,1359.495214
396.794154,100,1359.640797
421.39831,100,1371.058991
297.330443,100,1371.245041
355.451307,100,1371.439488
354.05591,100,1371.609427
394.828069,100,1371.780179
303.728821,100,1371.983455
392.022444,100,1372.204076
334.037354,100,1372.388525
323.56437,100,1372.597043
305.256343,100,1372.827528
370.324337,100,1385.777806
351.623103,100,1385.958228
393.463655,100,1386.134968
404.413532,100,1386.301336
392.402847,100,1386.466281
354.206915,100,1386.645424
337.487478,100,1386.827437
444.474739,100,1387.091873
424.163379,100,1387.340312
336.699247,100,1387.55927
413.502993,100,1399.854244
361.441584,100,1400.035588
438.380127,100,1400.211231
360.674891,100,1400.38609
421.983919,100,1400.556144
382.591579,100,1400.740773
364.44708,100,1400.925327
334.399853,100,1401.137484
361.467172,100,1401.388454
405.100748,100,1401.52995
334.81579,100,1413.692093
367.294406,100,1413.861835
411.072885,100,1414.028334
404.040051,100,1414.183641
399.669672,100,1414.340362
335.745515,100,1414.491446
345.838058,100,1414.653495
418.600763,100,1414.83283
361.413704,100,1415.004308
432.371969,100,1415.261328
374.369185,100,1428.617228
438.731195,100,1428.777346
300.826174,100,1428.936883
328.809146,100,1429.105101
348.514156,100,1429.266579
354.711649,100,1429.558323
411.938294,100,1429.737206
350.669626,100,1429.922118
337.951899,100,1430.094306
340.585772,100,1430.260022
331.785209,100,1445.492339
404.499332,100,1445.682265
407.589069,100,1445.876019
400.518886,100,1446.054874
424.474276,100,1446.214794
333.288277,100,1446.380509
424.585532,100,1446.539534
386.222758,100,1446.700494
352.561646,100,1446.852986
341.539552,100,1447.047743
366.163339,100,1461.059355
368.767442,100,1461.387493
449.993896,100,1461.691918
401.754582,100,1462.074034
359.024238,100,1462.534369
367.804379,100,1462.908793
372.80642,100,1463.256882
426.004841,100,1463.649155
415.574284,100,1463.959335
422.936635,100,1464.277803
363.775828,100,1483.313162
355.554322,100,1483.509075
387.015762,100,1483.704224
385.524125,100,1484.052549
346.370135,100,1484.239759
278.519111,100,1484.462179
373.421317,100,1484.703947
256.092574,100,1484.901727
443.422023,100,1485.108864
369.547365,100,1485.296806
421.973796,100,1500.001475
430.646608,100,1500.20986
428.619709,100,1500.424938
425.171169,100,1500.620296
414.799142,100,1500.808102
309.632956,100,1501.090454
368.761209,100,1501.260496
417.757743,100,1501.436821
362.538563,100,1501.627227
373.38439,100,1501.80847
325.448263,100,1517.501661
403.652772,100,1517.678824
414.153473,100,1517.856962
410.828212,100,1518.06722
327.867755,100,1518.298341
388.286625,100,1518.464849
415.780934,100,1518.71921
380.096398,100,1518.979916
433.218951,100,1519.293807
376.232828,100,1519.541543
363.007562,100,1532.788738
428.575885,100,1533.027871
332.223624,100,1533.261643
415.005478,100,1533.407279
427.944127,100,1533.594935
342.659592,100,1533.765144
389.908787,100,1533.924715
363.862232,100,1534.101728
438.260356,100,1534.27932
342.634548,100,1534.437671
409.913604,100,1546.236852
433.353053,100,1546.416653
412.08815,100,1546.585429
342.178901,100,1546.774231
417.336094,100,1547.011875
343.017126,100,1547.232028
419.624538,100,1547.413641
354.293377,100,1547.605179
361.132399,100,1547.804716
357.188304,100,1547.994062
355.466246,100,1562.302216
312.12905,100,1562.455054
329.073836,100,1562.631433
371.163811,100,1562.783039
325.831063,100,1562.939801
340.364075,100,1563.2009
292.85494,100,1563.386987
315.512841,100,1563.564855
333.747616,100,1563.723201
443.524702,100,1563.873892
347.422004,100,1577.633529
316.264907,100,1577.798104
270.671137,100,1577.971271
337.302659,100,1578.157066
350.428603,100,1578.341964
450.770487,100,1578.49831
288.349793,100,1578.655217
359.907417,100,1578.823002
396.950779,100,1578.980484
393.121741,100,1579.251721
339.598455,100,1592.629827
325.404106,100,1592.793392
419.447624,100,1592.963742
357.469764,100,1593.171297
319.704334,100,1593.403965
292.686681,100,1593.562129
351.721761,100,1593.745527
384.518601,100,1593.899651
415.088851,100,1594.058486
354.135522,100,1594.212007
358.072755,100,1606.559086
403.130426,100,1606.725117
308.231919,100,1606.872612
364.437675,100,1607.024166
300.639036,100,1607.215936
399.491157,100,1607.433215
423.460387,100,1607.586942
357.20861,100,1607.761132
419.158449,100,1607.914319
360.594884,100,1608.070035
351.017016,100,1620.21692
400.351927,100,1620.401399
282.340216,100,1620.560829
339.46968,100,1620.743186
404.913335,100,1620.917235
354.756445,100,1621.080856
367.803373,100,1621.369436
289.676443,100,1621.563762
303.284023,100,1621.753494
358.802609,100,1621.909345
436.281408,100,1633.727031
233.050533,100,1633.907122
377.310228,100,1634.087346
333.344859,100,1634.254172
384.58366,100,1634.42319
371.828642,100,1634.601643
292.336044,100,1634.795186
361.951178,100,1634.968971
294.062369,100,1635.161666
316.837192,100,1635.389212
381.461066,100,1647.298322
344.416951,100,1647.466753
395.955576,100,1647.613787
371.612232,100,1647.782277
352.334609,100,1647.930758
331.820956,100,1648.089499
394.251707,100,1648.238441
359.434135,100,1648.389216
445.965039,100,1648.532706
367.699229,100,1648.683684
366.291116,100,1659.920738
380.194742,100,1660.077156
383.272383,100,1660.234316
412.757342,100,1660.385993
353.57314,100,1660.548151
421.762079,100,1660.704211
318.52623,100,1660.864357
391.861511,100,1661.024349
426.289958,100,1661.232067
437.963674,100,1661.436189
370.931457,100,1673.028192
311.08983,100,1673.226906
303.526386,100,1673.442214
373.617463,100,1673.586616
329.059198,100,1673.771227
391.155988,100,1673.930071
368.238747,100,1674.069198
382.917388,100,1674.211097
345.061413,100,1674.372189
372.055128,100,1674.512779
342.562177,100,1686.259039
353.598684,100,1686.41629
414.411272,100,1686.568768
387.772167,100,1686.726963
378.646611,100,1686.882888
330.939405,100,1687.031832
323.010004,100,1687.178154
354.321996,100,1687.332274
367.619162,100,1687.499316
323.496039,100,1687.756917
412.784379,100,1699.697862
332.045929,100,1699.892716
339.65516,100,1700.122737
336.797079,100,1700.297041
383.617033,100,1700.481041
422.820985,100,1700.688002
437.827709,100,1700.882213
397.40726,100,1701.063232
352.493169,100,1701.232708
430.379386,100,1701.397612
317.214107,100,1713.027039
321.318484,100,1713.180707
313.5826,100,1713.337946
395.030874,100,1713.497794
351.251425,100,1713.773727
396.039749,100,1713.964023
337.674071,100,1714.149252
365.067109,100,1714.327038
309.027223,100,1714.501945
340.858315,100,1714.674143
428.110874,100,1730.026147
420.548352,100,1730.203993
347.588408,100,1730.383524
396.752099,100,1730.557892
330.147847,100,1730.743217
404.59757,100,1730.918224
292.179265,100,1731.100068
370.701906,100,1731.291694
331.754796,100,1731.475686
433.711375,100,1731.753257
339.175904,100,1.563747
374.476325,100,1.793655
427.514418,100,1.996798
386.567814,100,2.201169
348.944866,100,2.367906
431.110752,100,2.546026
418.202184,100,2.698098
352.325558,100,2.866493
243.746723,100,3.037342
352.98024,100,3.195166
371.535489,100,14.904095
388.225968,100,15.071107
284.528432,100,15.237111
313.431333,100,15.408626
332.081877,100,15.591736
384.309344,100,15.836614
400.203438,100,16.030373
458.635271,100,16.198745
334.327955,100,16.370751
396.776843,100,16.542468
318.088229,100,29.501987
458.29102,100,29.684446
434.646389,100,29.871634
413.514474,100,30.078652
440.883002,100,30.280932
424.843292,100,30.576065
353.351982,100,30.76655
436.236718,100,30.970412
368.92151,100,31.168363
370.886605,100,31.357722
384.149429,100,46.162611
360.642767,100,46.41292
440.850786,100,46.641445
286.784462,100,46.847737
284.390849,100,47.048112
406.171704,100,47.271063
392.124106,100,47.473889
446.969119,100,47.653498
386.646938,100,47.802957
296.879418,100,47.967121
418.750511,100,60.110323
403.30882,100,60.268818
395.160236,100,60.534308
393.896946,100,60.701038
340.689457,100,60.877259
364.691957,100,61.055172
433.615672,100,61.226815
336.547366,100,61.392412
373.50475,100,61.581111
372.238944,100,61.750021
339.91161,100,74.980017
329.661339,100,75.144529
379.982176,100,75.330643
354.860704,100,75.509739
280.700489,100,75.670361
332.352728,100,75.83398
295.800551,100,75.984173
398.882707,100,76.135894
371.528156,100,76.287695
417.796907,100,76.540606
326.925207,100,89.132508
379.489037,100,89.313142
373.086103,100,89.497095
368.654625,100,89.679636
284.947393,100,89.873501
411.836101,100,90.068209
370.529521,100,90.271026
404.648016,100,90.475473
415.517787,100,90.755559
411.38102,100,90.948832
383.813818,100,103.87368
383.112567,100,104.028146
373.679934,100,104.175756
248.896872,100,104.330745
398.962444,100,104.549807
386.755825,100,104.77017
300.799861,100,104.945128
359.224128,100,105.100765
414.122692,100,105.271495
359.684651,100,105.450477
337.381184,100,117.712445
433.397176,100,117.905132
377.358733,100,118.09073
333.061355,100,118.270531
335.879169,100,118.45784
327.532564,100,118.721164
369.735915,100,118.95063
458.312889,100,119.124031
378.270266,100,119.294159
389.528617,100,119.448925
372.571081,100,131.447321
394.839449,100,131.594698
371.46672,100,131.77128
363.669705,100,131.932604
309.340289,100,132.098288
268.569386,100,132.300432
415.613526,100,132.47908
348.414434,100,132.725886
372.378496,100,132.879561
354.897743,100,133.045201
423.60243,100,145.307875
404.530664,100,145.479866
401.741962,100,145.637731
394.875252,100,145.802835
382.653707,100,145.973814
384.550388,100,146.156461
404.79018,100,146.338941
362.472373,100,146.548135
326.108493,100,146.753208
373.626901,100,146.924585
318.370343,100,159.41729
356.256334,100,159.558785
303.460435,100,159.714373
393.090353,100,159.876819
358.467652,100,160.027507
355.817316,100,160.180069
383.887137,100,160.329698
357.790881,100,160.474293
331.359696,100,160.615192
280.517936,100,160.873346
301.747086,100,171.960677
350.345773,100,172.111278
380.576584,100,172.277524
318.494994,100,172.446147
407.022351,100,172.58864
404.58069,100,172.845862
403.054522,100,173.023245
411.636375,100,173.221349
359.511525,100,173.375034
364.469062,100,173.520998
344.276747,100,187.357546
373.794549,100,187.567339
360.699857,100,187.739195
400.96033,100,187.896467
369.083566,100,188.051518
353.940357,100,188.215788
440.489127,100,188.39563
426.950483,100,188.56362
400.182757,100,188.783059
320.613821,100,188.987268
455.907781,100,203.437721
366.140183,100,203.673122
302.476615,100,203.914884
448.924304,100,204.224389
412.661822,100,204.543256
378.004777,100,204.844632
382.641981,100,205.068833
390.966854,100,205.334282
346.561678,100,205.636261
382.572132,100,205.935995
341.461342,100,218.321461
409.522777,100,218.485667
307.198358,100,218.788002
252.637149,100,219.05958
430.15969,100,219.351192
351.748193,100,219.722008
356.814685,100,220.088982
327.805781,100,220.455677
465.342492,100,220.868125
418.986465,100,221.194772
345.997389,100,233.95195
335.635554,100,234.101923
401.308283,100,234.261517
368.995035,100,234.428707
400.320377,100,234.58049
396.071638,100,234.779366
312.138304,100,234.98939
349.650751,100,235.163473
421.444722,100,235.320164
351.793338,100,235.48145
442.766383,100,247.990724
414.886094,100,248.145376
344.061394,100,248.304466
339.836568,100,248.459381
325.600437,100,248.602077
372.874895,100,248.817782
353.10478,100,248.999148
319.558845,100,249.161986
402.93297,100,249.327737
371.109273,100,249.482073
335.894285,100,261.270258
350.236668,100,261.452174
304.105462,100,261.637877
325.829768,100,261.81261
389.802529,100,261.994015
375.851569,100,262.163538
423.287293,100,262.370517
434.952375,100,262.551757
381.764495,100,262.773782
362.115576,100,263.00892
353.622487,100,275.796463
430.808874,100,275.938847
383.855986,100,276.087642
436.749375,100,276.240848
323.373256,100,276.37644
286.418484,100,276.510225
321.731039,100,276.64581
420.238595,100,276.794293
310.487455,100,277.042722
402.343453,100,277.184932
432.078387,100,288.045794
328.864829,100,288.205792
380.761165,100,288.34422
297.329985,100,288.49288
352.707068,100,288.628785
336.486061,100,288.768583
435.725132,100,289.020889
352.795959,100,289.209395
301.454398,100,289.399017
334.578907,100,289.56779
421.052827,100,303.29647
338.66403,100,303.473563
426.403778,100,303.625835
337.075718,100,303.772881
296.594242,100,303.91933
393.755473,100,304.065213
274.107419,100,304.219232
370.125496,100,304.372454
370.898462,100,304.541224
334.931567,100,304.693488
258.256095,100,316.651787
329.062308,100,316.798007
253.817433,100,316.94798
307.97039,100,317.098933
420.908379,100,317.258885
276.372236,100,317.505692
376.410692,100,317.707673
430.634371,100,317.871965
359.298064,100,318.059423
366.792152,100,318.226662
282.294777,100,328.807471
337.114853,100,328.942516
388.423392,100,329.074317
440.612353,100,329.213662
358.111639,100,329.352769
448.970642,100,329.584382
289.965442,100,329.738863
357.008979,100,329.960953
394.800894,100,330.119287
346.458047,100,330.284217
403.931237,100,343.226484
382.606267,100,343.383289
439.80519,100,343.639771
377.326934,100,343.780833
411.383859,100,343.938114
353.240677,100,344.086925
344.545848,100,344.22929
454.062263,100,344.382887
332.582359,100,344.547913
412.978703,100,344.702984
391.482375,100,356.261974
416.181161,100,356.436557
360.624875,100,356.587684
355.059024,100,356.730178
339.873204,100,356.873964
375.867512,100,357.018631
400.620768,100,357.198626
372.31433,100,357.383184
322.22549,100,357.534894
438.667044,100,357.680759
436.812058,100,369.352319
421.19588,100,369.505583
440.540185,100,369.667349
424.211188,100,369.814227
298.589838,100,370.014442
400.275401,100,370.243644
384.08645,100,370.3948
308.462143,100,370.571753
347.4998,100,370.730613
410.56178,100,370.880945
478.988669,100,382.634067
417.586116,100,382.822178
385.260539,100,382.988132
327.327559,100,383.148176
338.318206,100,383.290708
296.61394,100,383.438804
352.478875,100,383.580107
300.214287,100,383.722982
402.864843,100,383.872072
435.803757,100,384.00897
402.447659,100,395.546367
376.877605,100,395.714528
401.946597,100,395.885812
343.814766,100,396.050275
456.068736,100,396.225951
297.707357,100,396.411769
329.563249,100,396.577441
425.754296,100,396.757776
365.88387,100,397.041814
353.572303,100,397.233886
415.358904,100,410.10658
326.594316,100,410.388972
296.767837,100,410.669192
430.019298,100,410.978866
378.730585,100,411.223119
427.058669,100,411.514859
358.418726,100,411.786837
433.848244,100,412.066255
328.866777,100,412.357245
373.712765,100,412.65093
374.560981,100,426.231307
414.073291,100,426.379508
379.131625,100,426.527433
344.276807,100,426.667099
387.917284,100,426.879064
394.481364,100,427.076261
378.985703,100,427.246389
339.664884,100,427.427498
345.893017,100,427.584915
346.289838,100,427.736518
309.646616,100,438.719027
383.863107,100,438.895563
424.211429,100,439.12772
338.690029,100,439.272776
411.894387,100,439.441218
379.405156,100,439.591941
342.590452,100,439.745441
353.477182,100,439.90388
351.963881,100,440.049946
316.17077,100,440.197001
375.307638,100,455.703596
374.509172,100,455.844567
326.309057,100,455.987471
345.213714,100,456.147595
335.947409,100,456.294407
396.412138,100,456.440701
296.324723,100,456.576981
399.15154,100,456.718717
319.036357,100,456.883753
383.550851,100,457.079922
325.649387,100,467.768719
278.183038,100,467.931153
348.899395,100,468.087567
373.031141,100,468.242697
347.742415,100,468.414313
344.180968,100,468.568224
382.993159,100,468.715555
439.676956,100,468.887032
412.963694,100,469.120959
383.139527,100,469.287814
333.897579,100,479.954174
423.497514,100,480.132378
272.667703,100,480.303992
456.467913,100,480.474679
383.705271,100,480.632193
354.733194,100,480.789096
364.436296,100,480.939632
410.070819,100,481.117793
337.083886,100,481.337392
390.098752,100,481.554353
274.940632,100,492.819475
346.896456,100,492.971745
298.765765,100,493.128378
464.668875,100,493.340165
455.035735,100,493.578827
328.238199,100,493.728922
357.500092,100,493.892332
275.374019,100,494.037779
425.367964,100,494.18881
383.133376,100,494.345151
336.097332,100,505.838287
360.965452,100,506.016432
355.337027,100,506.162513
386.380427,100,506.319502
374.266622,100,506.487476
360.892919,100,506.647757
423.857243,100,506.793893
311.253298,100,506.948271
405.146539,100,507.107957
454.433193,100,507.326117
361.416279,100,519.080625
375.55586,100,519.325849
374.352199,100,519.545499
424.509801,100,519.762972
324.379248,100,520.000397
346.05508,100,520.171822
400.382486,100,520.350604
386.984898,100,520.509008
367.159041,100,520.655234
263.287466,100,520.799429
348.89364,100,531.884554
365.166903,100,532.044549
398.308502,100,532.217709
338.169778,100,532.403175
447.513206,100,532.56869
433.898239,100,532.737823
374.931386,100,532.904274
343.908554,100,533.070948
376.665436,100,533.236169
379.538145,100,533.497972
352.346643,100,548.850258
410.042433,100,549.000042
379.70214,100,549.155527
352.427196,100,549.358778
316.360636,100,549.564912
376.721208,100,549.726198
423.551375,100,549.890762
296.983777,100,550.046191
316.062268,100,550.210425
316.128017,100,550.365631
451.75112,100,564.915741
287.634331,100,565.072366
356.642769,100,565.225386
313.639159,100,565.477877
314.096942,100,565.633537
386.747347,100,565.787865
337.413253,100,565.956527
385.036636,100,566.107552
411.786405,100,566.26773
376.210982,100,566.431752
315.34763,100,578.17262
364.283679,100,578.326627
354.178136,100,578.481444
335.522407,100,578.627421
402.606228,100,578.771201
361.34764,100,578.916942
390.726952,100,579.060839
357.495434,100,579.212887
414.725637,100,579.463004
390.428941,100,579.616775
324.466676,100,590.937779
364.406714,100,591.069572
384.855416,100,591.210863
369.604378,100,591.460858
375.332585,100,591.64347
427.218866,100,591.809109
449.19578,100,591.957556
443.663272,100,592.097421
408.845829,100,592.275667
384.519853,100,592.444503
322.688143,100,603.486811
365.357377,100,603.730129
409.785631,100,603.967891
385.145132,100,604.2715
315.086962,100,604.568373
292.778478,100,604.868815
387.887519,100,605.159889
350.164249,100,605.46791
327.984382,100,605.708364
387.144476,100,605.970483
397.296899,100,617.717411
390.924058,100,617.89126
378.797661,100,618.026299
346.389324,100,618.170517
376.697851,100,618.314172
394.767091,100,618.466189
309.280962,100,618.619093
448.331654,100,618.761513
409.101388,100,618.898592
366.936985,100,619.037252
338.081786,100,632.55139
321.728876,100,632.707831
373.093852,100,632.859521
293.205635,100,633.023742
410.235452,100,633.18118
276.003804,100,633.350123
402.157274,100,633.514871
355.932966,100,633.690512
392.78392,100,633.910838
358.546424,100,634.074965
358.373087,100,645.63054
345.681589,100,645.927015
351.503379,100,646.166007
427.795774,100,646.369642
407.723319,100,646.535834
445.445403,100,646.706184
326.126099,100,646.918324
386.7385,100,647.084449
331.881014,100,647.272592
325.884583,100,647.476538
240.816551,100,660.56246
409.934705,100,660.715019
375.854003,100,660.876336
369.486644,100,661.042154
417.880479,100,661.198488
431.567429,100,661.347697
421.278569,100,661.511786
406.073869,100,661.691666
351.216108,100,661.951472
450.991992,100,662.108302
437.664632,100,675.784242
290.831292,100,676.128516
347.555283,100,676.431972
365.61491,100,676.667468
387.848267,100,676.896498
344.091529,100,677.126121
355.577295,100,677.291386
430.673472,100,677.548824
362.322302,100,677.740853
390.037053,100,677.932245
348.695632,100,691.626093
333.509466,100,691.777316
411.857367,100,691.9452
420.841407,100,692.215791
370.770432,100,692.377439
384.490207,100,692.557122
393.338546,100,692.71188
345.044882,100,692.871463
396.869565,100,693.03288
414.056334,100,693.213775
486.557675,100,706.713248
396.413035,100,706.931767
356.028576,100,707.125
364.554447,100,707.326564
415.628381,100,707.503534
292.756922,100,707.681342
295.123884,100,707.851088
355.354125,100,708.089184
387.629842,100,708.327897
324.974138,100,708.53111
402.106195,100,721.647027
341.154675,100,721.82062
343.570307,100,721.968248
387.634175,100,722.125886
388.957727,100,722.363723
326.621295,100,722.572353
416.235724,100,722.763449
405.480158,100,722.944912
367.591529,100,723.097857
323.234494,100,723.301169
423.812403,100,736.450883
352.285232,100,736.620431
374.699727,100,736.817062
380.935936,100,736.986634
324.738105,100,737.155511
341.270974,100,737.36393
323.731014,100,737.583711
441.622094,100,737.765425
334.054596,100,737.941246
419.697635,100,738.106664
459.937199,100,751.946733
428.060978,100,752.242406
384.655556,100,752.523144
311.196111,100,752.762094
420.392512,100,753.031312
373.572586,100,753.33222
429.248811,100,753.637151
338.701583,100,753.939745
326.889479,100,754.240457
360.631362,100,754.581565
343.881159,100,767.607689
423.577311,100,767.758968
405.985349,100,767.933305
338.273281,100,768.08583
326.116237,100,768.256329
375.641705,100,768.494021
393.074532,100,768.672317
413.818831,100,768.829334
430.489739,100,768.993742
438.266567,100,769.223393
334.267512,100,781.252973
320.73098,100,781.414889
400.008126,100,781.579605
381.753049,100,781.720764
394.798007,100,781.871136
367.997839,100,782.012172
401.359935,100,782.15301
358.76951,100,782.39418
430.918916,100,782.560943
390.052366,100,782.730504
398.810424,100,794.503452
299.488417,100,794.658898
321.711489,100,794.828011
390.451338,100,794.973459
325.910662,100,795.127521
426.451391,100,795.286489
383.833132,100,795.449786
258.479345,100,795.622846
421.701367,100,795.771443
346.097185,100,795.929527
361.448419,100,807.057028
368.189261,100,807.219643
365.949678,100,807.410756
400.261234,100,807.588883
395.772387,100,807.743701
384.277168,100,807.899717
345.885337,100,808.04233
326.697712,100,808.187312
402.033585,100,808.447813
365.868378,100,808.606783
363.96169,100,819.995009
347.401647,100,820.131492
434.137178,100,820.344608
334.317095,100,820.560977
394.24315,100,820.743698
323.884672,100,820.920478
378.39072,100,821.088578
382.659623,100,821.278746
412.499236,100,821.460721
328.421503,100,821.624463
362.304782,100,834.937249
326.431018,100,835.080724
374.939788,100,835.229945
368.975603,100,835.385624
408.833636,100,835.546371
363.183084,100,835.702357
294.965644,100,835.87749
385.205642,100,836.047015
337.122789,100,836.210797
380.402114,100,836.424588
400.883456,100,851.516559
340.444292,100,851.67269
365.163229,100,851.823917
351.329462,100,851.97876
372.050842,100,852.135627
343.566956,100,852.306954
290.325052,100,852.566853
379.455578,100,852.741282
326.895398,100,852.905894
425.262572,100,853.051643
422.095158,100,865.148995
421.648664,100,865.317368
410.25136,100,865.493866
312.50459,100,865.662623
292.431726,100,865.834749
326.034174,100,865.994001
390.749201,100,866.150069
367.898466,100,866.303605
427.246105,100,866.573906
425.871207,100,866.722753
329.406232,100,878.452854
318.538951,100,878.830261
323.524618,100,879.192188
341.200171,100,879.419821
305.957757,100,879.572778
432.468411,100,879.72673
366.020874,100,879.878354
378.475708,100,880.033461
362.249598,100,880.182007
307.823084,100,880.343092
295.361568,100,892.381451
364.407091,100,892.541343
428.799892,100,892.887392
342.767789,100,893.075392
391.479664,100,893.274574
309.457805,100,893.435308
356.458004,100,893.602719
290.684904,100,893.764579
331.387114,100,893.956314
375.483312,100,894.132299
364.950982,100,906.329759
435.472142,100,906.494737
326.160369,100,906.652818
337.033298,100,906.933579
351.038835,100,907.113391
329.63583,100,907.332989
384.534993,100,907.564431
349.770231,100,907.758498
425.860693,100,907.95463
348.528264,100,908.136621
332.049052,100,921.935861
359.598081,100,922.125129
393.226325,100,922.340727
426.577022,100,922.548775
377.603931,100,922.764805
278.012245,100,923.011712
399.292651,100,923.200626
377.911859,100,923.388367
394.932132,100,923.575315
442.709131,100,923.740005
319.260541,100,935.365467
413.805399,100,935.517594
385.637804,100,935.660676
272.135769,100,935.81003
322.76551,100,935.959531
402.325611,100,936.101743
333.041313,100,936.262767
395.777369,100,936.431231
311.994887,100,936.582767
395.482784,100,936.766839
392.690432,100,949.882971
386.594841,100,950.049293
396.188736,100,950.220914
356.084911,100,950.394748
388.43837,100,950.556501
426.791575,100,950.71232
390.396909,100,950.97625
311.889994,100,951.16828
375.295841,100,951.380938
444.908713,100,951.539448
395.795617,100,962.562377
358.871024,100,962.708
381.126696,100,962.904668
324.654727,100,963.120731
319.492121,100,963.296906
448.335743,100,963.463918
427.559183,100,963.612792
345.899493,100,963.770987
263.739351,100,963.924425
378.361865,100,964.075482
321.1765,100,975.792765
396.505192,100,975.955782
417.917256,100,976.113024
342.385241,100,976.277125
360.538515,100,976.432499
443.154173,100,976.587682
276.134643,100,976.739967
308.700643,100,976.895629
371.208198,100,977.167511
408.295115,100,977.353427
358.60378,100,989.662651
413.703654,100,989.838618
371.483556,100,990.007406
302.080301,100,990.186641
355.421484,100,990.362994
282.957994,100,990.528681
419.04153,100,990.683627
350.400392,100,990.841056
376.850097,100,991.074611
412.564356,100,991.281313
314.312649,100,1003.047216
403.012868,100,1003.313045
375.619083,100,1003.527269
368.112776,100,1003.710314
340.772348,100,1003.874699
387.683509,100,1004.047177
370.505651,100,1004.2224
353.197551,100,1004.384427
407.798689,100,1004.551913
411.458209,100,1004.720325
398.705255,100,1015.896324
372.69291,100,1016.040546
247.477159,100,1016.198444
399.271819,100,1016.363983
372.953102,100,1016.524571
285.852198,100,1016.670779
339.323502,100,1016.812963
334.017408,100,1016.959861
370.462208,100,1017.101337
304.240503,100,1017.337744
344.584138,100,1032.63461
302.01724,100,1032.792783
272.376071,100,1032.94794
327.594964,100,1033.12583
362.04526,100,1033.390221
398.0668,100,1033.564009
351.598887,100,1033.748275
380.669326,100,1033.886241
295.491309,100,1034.032864
321.129537,100,1034.175955
296.195981,100,1045.155719
412.403502,100,1045.417416
406.378372,100,1045.573896
265.050022,100,1045.75446
350.81093,100,1045.897724
433.888028,100,1046.037758
405.217039,100,1046.182356
361.435252,100,1046.343699
365.668476,100,1046.507637
365.775697,100,1046.643854
320.792149,100,1058.15428
390.720445,100,1058.302389
369.712591,100,1058.4524
390.531921,100,1058.597534
366.713782,100,1058.744296
410.273134,100,1058.886974
449.292151,100,1059.049436
339.336885,100,1059.238474
427.07506,100,1059.479252
298.481822,100,1059.688599
307.173374,100,1070.948771
356.929821,100,1071.094527
365.886017,100,1071.245487
341.36461,100,1071.442612
302.616989,100,1071.671012
340.700674,100,1071.838307
358.797545,100,1071.996243
406.993568,100,1072.141504
385.393225,100,1072.314774
362.500954,100,1072.475154
393.967986,100,1085.996226
326.377389,100,1086.183964
315.088539,100,1086.369131
399.586082,100,1086.541917
340.554478,100,1086.708889
314.425425,100,1086.869455
316.570949,100,1087.053667
392.978169,100,1087.219771
393.60559,100,1087.475747
367.457209,100,1087.775274
335.105122,100,1102.559492
331.544698,100,1102.713927
316.724597,100,1102.863214
358.800213,100,1103.014617
442.41557,100,1103.169355
391.863808,100,1103.326394
365.614914,100,1103.477031
403.969598,100,1103.628428
315.829594,100,1103.874019
369.818686,100,1104.044011
317.656078,100,1115.330983
393.475231,100,1115.493279
394.050146,100,1115.661195
418.964847,100,1115.927654
406.251333,100,1116.090799
417.710947,100,1116.25831
276.930119,100,1116.421211
411.020044,100,1116.564969
420.189316,100,1116.724619
257.523935,100,1116.880762
387.492163,100,1127.764223
445.075004,100,1127.918478
446.809794,100,1128.128166
395.253492,100,1128.344259
384.710197,100,1128.511723
325.684242,100,1128.680693
420.666475,100,1128.829561
372.835243,100,1128.973376
345.733111,100,1129.120994
405.434378,100,1129.27069
261.100273,100,1141.061211
321.319016,100,1141.221526
390.848843,100,1141.389815
309.344386,100,1141.548489
349.842602,100,1141.707439
433.681714,100,1141.932613
364.553054,100,1142.169181
301.613129,100,1142.412196
328.871321,100,1142.619812
382.653315,100,1142.800427
429.67603,100,1154.730971
413.787953,100,1154.863516
362.562468,100,1155.006988
432.812858,100,1155.156955
393.706929,100,1155.308564
327.362718,100,1155.461808
445.402307,100,1155.603819
334.497961,100,1155.757514
424.677114,100,1155.9017
304.491572,100,1156.074518
336.616517,100,1169.267468
429.194519,100,1169.42193
384.976769,100,1169.555866
378.68364,100,1169.686237
392.290138,100,1169.820753
371.866377,100,1169.974775
306.727582,100,1170.152789
315.678238,100,1170.398023
375.576452,100,1170.545434
446.69026,100,1170.709836
347.589663,100,1181.845196
380.568451,100,1181.984903
251.55855,100,1182.162965
364.522038,100,1182.412539
350.801495,100,1182.566807
349.470633,100,1182.727385
404.618369,100,1182.893786
351.352909,100,1183.032667
317.525913,100,1183.168764
364.557565,100,1183.328238
363.988402,100,1195.868075
413.13673,100,1196.033187
382.649795,100,1196.326015
376.180403,100,1196.50903
294.138563,100,1196.701676
366.328698,100,1196.886566
352.243841,100,1197.05311
320.256825,100,1197.23791
371.71153,100,1197.43635
321.835908,100,1197.617714
343.448028,100,1209.199803
359.216727,100,1209.379276
339.148158,100,1209.556981
322.360305,100,1209.726592
315.341036,100,1209.91255
403.934049,100,1210.080124
394.530042,100,1210.378243
365.013969,100,1210.564518
403.239804,100,1210.763882
343.885479,100,1210.937807
324.930384,100,1223.704738
328.248169,100,1223.868607
309.854045,100,1224.02878
420.441446,100,1224.198761
337.824089,100,1224.415372
290.999681,100,1224.629365
276.323114,100,1224.804382
368.579483,100,1224.986963
289.302952,100,1225.143839
337.049586,100,1225.308696
391.03462,100,1236.912305
427.037691,100,1237.066824
387.225594,100,1237.202016
325.686324,100,1237.356254
381.753527,100,1237.522414
302.615097,100,1237.685965
358.898914,100,1237.831345
263.545829,100,1237.989933
393.926781,100,1238.13265
358.249888,100,1238.279749
295.599361,100,1251.750759
439.874059,100,1251.906109
346.000173,100,1252.055465
322.983542,100,1252.201941
325.029171,100,1252.357805
409.230862,100,1252.511383
334.696148,100,1252.780936
365.047526,100,1252.94196
373.878532,100,1253.1185
304.763777,100,1253.267966
270.092016,100,1265.796808
314.648643,100,1265.968345
395.368239,100,1266.139876
418.995619,100,1266.303405
367.52445,100,1266.469126
312.214466,100,1266.632883
365.577886,100,1266.893102
325.951568,100,1267.071012
427.575244,100,1267.23218
257.134614,100,1267.418487
355.789407,100,1279.222653
310.249739,100,1279.395859
385.792199,100,1279.562667
378.096264,100,1279.734956
431.320196,100,1279.910034
387.260061,100,1280.061257
323.08133,100,1280.216654
325.290357,100,1280.392006
388.283758,100,1280.543348
283.256309,100,1280.703558
416.716696,100,1291.610575
421.311754,100,1291.758104
331.852245,100,1291.909392
324.249451,100,1292.055185
253.237494,100,1292.194532
447.842101,100,1292.341621
411.944714,100,1292.481795
336.192315,100,1292.624184
326.979311,100,1292.840982
366.734656,100,1293.026736
392.349925,100,1303.417857
304.354118,100,1303.564576
370.501551,100,1303.715668
350.489302,100,1303.858804
290.006785,100,1304.018375
393.341455,100,1304.188606
385.174889,100,1304.34357
457.236772,100,1304.514905
350.694399,100,1304.667216
336.878025,100,1304.926196
322.91453,100,1318.75414
272.394513,100,1319.019529
440.784166,100,1319.236815
332.165063,100,1319.427851
415.304752,100,1319.61228
338.831718,100,1319.798155
285.282203,100,1319.984628
340.162661,100,1320.15938
305.887042,100,1320.355794
396.908335,100,1320.546649
297.060865,100,1334.461601
418.069191,100,1334.616282
430.589658,100,1334.852144
365.354943,100,1335.047845
428.274971,100,1335.200589
376.959821,100,1335.372319
362.486759,100,1335.522797
412.071962,100,1335.665843
300.931886,100,1335.808435
399.438146,100,1335.9685
334.18831,100,1348.29194
354.094628,100,1348.443938
411.583529,100,1348.596261
313.760676,100,1348.781319
376.862941,100,1349.001105
320.790883,100,1349.162502
388.369812,100,1349.326421
449.321329,100,1349.472933
362.35938,100,1349.613784
295.07017,100,1349.765031
312.650999,100,1361.537399
301.800804,100,1361.683015
406.94882,100,1361.82136
399.944436,100,1361.970918
332.869486,100,1362.124462
283.928317,100,1362.286838
311.77009,100,1362.438936
400.934385,100,1362.587326
273.761629,100,1362.769813
339.769968,100,1362.99046
407.964569,100,1373.852102
317.48582,100,1374.016413
288.603539,100,1374.188684
410.312006,100,1374.352658
331.778727,100,1374.515178
319.469687,100,1374.676749
412.626961,100,1374.938191
333.323495,100,1375.113127
431.774265,100,1375.302036
310.680479,100,1375.456689
316.604639,100,1387.016
379.328383,100,1387.172427
346.273949,100,1387.369041
332.729892,100,1387.575464
326.725334,100,1387.756753
371.912838,100,1387.952267
338.496893,100,1388.112094
356.324181,100,1388.268926
351.345778,100,1388.425534
391.939611,100,1388.581752
417.676927,100,1399.821772
282.583149,100,1399.984981
368.833195,100,1400.128927
337.126901,100,1400.274446
392.395985,100,1400.430273
301.690998,100,1400.576724
390.203171,100,1400.726851
339.709693,100,1400.931655
332.19879,100,1401.154483
299.975052,100,1401.307499
391.474497,100,1412.774754
355.948331,100,1412.951309
384.532731,100,1413.177437
389.912777,100,1413.337752
381.116525,100,1413.519241
369.339546,100,1413.683535
338.179222,100,1413.831273
427.213733,100,1413.986387
415.848294,100,1414.136727
348.369179,100,1414.297811
415.548449,100,1427.476888
352.303137,100,1427.667104
440.91824,100,1427.848955
356.703464,100,1428.0521
425.740689,100,1428.24882
393.70516,100,1428.442646
354.083148,100,1428.631851
332.69618,100,1428.805504
371.12717,100,1429.050868
398.34488,100,1429.257435
337.762352,100,1442.976083
359.761249,100,1443.197596
411.936233,100,1443.39125
404.015027,100,1443.546935
391.290597,100,1443.705168
336.303755,100,1443.859367
356.787885,100,1444.017289
410.943429,100,1444.173651
355.866117,100,1444.329594
439.119513,100,1444.478529
351.124246,100,1456.200707
445.564798,100,1456.354158
267.246871,100,1456.507347
328.553276,100,1456.666674
344.069792,100,1456.826969
388.93743,100,1457.056498
420.358853,100,1457.250483
368.325039,100,1457.451984
324.250676,100,1457.634634
342.307014,100,1457.795257
325.347198,100,1470.468731
413.794719,100,1470.615656
413.758479,100,1470.768485
395.434532,100,1470.957927
423.760989,100,1471.185112
353.391204,100,1471.34306
427.558673,100,1471.519695
407.626363,100,1471.690627
348.809563,100,1471.847688
348.297181,100,1472.01542
358.583184,100,1483.550807
382.191178,100,1483.699111
449.868946,100,1483.846567
397.080668,100,1484.007981
348.848764,100,1484.178394
358.035137,100,1484.33951
356.337258,100,1484.495263
430.321992,100,1484.643138
421.254548,100,1484.798753
426.113673,100,1484.994628
337.993822,100,1498.477088
345.00316,100,1498.619248
384.696863,100,1498.764259
389.056621,100,1498.909801
341.682053,100,1499.166986
288.709462,100,1499.31933
342.865928,100,1499.489757
269.350292,100,1499.636915
433.219137,100,1499.78398
367.467275,100,1499.937327
427.340485,100,1512.071873
407.669705,100,1512.267772
450.260003,100,1512.4497
421.754581,100,1512.627665
406.619115,100,1512.804276
314.133069,100,1513.025293
347.187042,100,1513.238197
421.508897,100,1513.430807
347.288276,100,1513.588442
357.458471,100,1513.740958
326.496907,100,1524.850638
372.961281,100,1524.987763
426.421756,100,1525.190431
418.625074,100,1525.395691
334.740025,100,1525.560687
392.95441,100,1525.71289
424.658102,100,1525.852588
361.924534,100,1526.016626
450.539989,100,1526.172307
361.711835,100,1526.335125
358.877374,100,1539.001773
408.920199,100,1539.239437
348.843691,100,1539.441183
432.366653,100,1539.591556
421.487877,100,1539.766639
332.482564,100,1539.935435
377.162636,100,1540.092658
370.340646,100,1540.248549
434.365383,100,1540.41539
344.434059,100,1540.57704
412.055571,100,1551.841633
438.665074,100,1551.9951
419.893051,100,1552.166187
341.346694,100,1552.34313
414.868108,100,1552.509923
355.819272,100,1552.672952
406.327308,100,1552.831906
345.258671,100,1553.001236
379.938184,100,1553.26637
356.259937,100,1553.432314
344.108503,100,1564.393536
304.022596,100,1564.626391
328.04624,100,1564.776736
357.701994,100,1564.946484
324.378757,100,1565.08312
343.494326,100,1565.228904
283.809452,100,1565.370389
292.342028,100,1565.52971
339.735719,100,1565.670594
433.352335,100,1565.813155
326.499623,100,1579.965669
308.854204,100,1580.270273
270.713316,100,1580.578953
339.251342,100,1580.817675
348.373169,100,1581.096545
451.733001,100,1581.403864
267.591565,100,1581.704718
345.888637,100,1581.999695
403.5064,100,1582.307241
407.724429,100,1582.609706
346.898975,100,1596.734471
329.385389,100,1596.905367
417.165189,100,1597.082112
339.560379,100,1597.257775
292.934635,100,1597.444951
301.583594,100,1597.602829
336.741331,100,1597.76768
392.110029,100,1597.935966
414.305787,100,1598.095995
344.221511,100,1598.24972
357.802655,100,1610.313291
393.127241,100,1610.501917
301.527813,100,1610.719823
375.249874,100,1610.868484
303.083795,100,1611.028002
376.14274,100,1611.176743
415.433017,100,1611.326748
336.990471,100,1611.477674
411.935056,100,1611.638508
359.440643,100,1611.785717
355.060373,100,1623.320646
403.042047,100,1623.480707
278.403281,100,1623.649192
318.521244,100,1623.793788
391.437151,100,1623.951369
339.45901,100,1624.090748
328.266476,100,1624.228371
309.459461,100,1624.372104
295.430514,100,1624.628942
332.20501,100,1624.782185
435.549502,100,1636.749668
238.299295,100,1637.172691
374.733501,100,1637.633381
332.250578,100,1637.93102
378.739726,100,1638.182693
380.539223,100,1638.450725
299.846163,100,1638.730904
376.486595,100,1638.963254
280.385986,100,1639.176477
327.516117,100,1639.401143
392.385645,100,1653.355497
343.958882,100,1653.50365
384.671081,100,1653.664221
354.81577,100,1653.808443
338.803737,100,1653.958974
321.144824,100,1654.103479
379.183376,100,1654.253428
326.739548,100,1654.438356
441.131619,100,1654.678889
361.873293,100,1654.847309
376.376935,100,1667.547231
368.405113,100,1667.710499
385.462575,100,1667.880091
411.452917,100,1668.048757
353.947591,100,1668.217809
413.090114,100,1668.395274
317.324731,100,1668.688513
387.048271,100,1668.84543
417.374751,100,1669.012516
434.702749,100,1669.16195
356.257192,100,1684.323351
317.788205,100,1684.482785
288.602409,100,1684.638415
372.025709,100,1684.791776
334.89223,100,1684.932257
382.677722,100,1685.140254
356.69568,100,1685.335816
371.873706,100,1685.505475
343.577884,100,1685.677144
354.256181,100,1685.854035
320.190777,100,1697.113227
338.708708,100,1697.261289
429.802735,100,1697.543821
392.4439,100,1697.715359
379.704211,100,1697.887835
334.484854,100,1698.041974
314.157027,100,1698.197491
372.223226,100,1698.363109
364.004927,100,1698.524878
319.389187,100,1698.681162
410.540438,100,1710.78073
317.715924,100,1710.946942
334.483455,100,1711.121727
324.347136,100,1711.29683
385.465102,100,1711.579528
421.172721,100,1711.766149
435.991221,100,1711.944953
381.63853,100,1712.115257
335.749018,100,1712.286333
435.560296,100,1712.462008
294.904226,100,1724.513686
335.357808,100,1724.67168
287.998818,100,1724.823395
386.066406,100,1724.971212
364.103372,100,1725.114563
392.649689,100,1725.260435
335.109494,100,1725.507445
362.97952,100,1725.675488
310.777434,100,1725.855658
345.689322,100,1726.013867
432.885813,100,1738.369449
425.389958,100,1738.542524
345.669057,100,1738.723622
378.557683,100,1738.909089
356.122793,100,1739.124758
396.133491,100,1739.324478
284.590529,100,1739.566432
367.474297,100,1739.74438
326.231006,100,1739.905407
426.396627,100,1740.06414
