#{"t_start": 1784399297.7283041, "env_id": "None"}
r,l,t
167.806336,100,2.172949
120.418309,100,2.489026
185.638864,100,2.746356
205.314173,100,2.986639
151.408254,100,3.232204
192.074203,100,3.48507
145.991736,100,3.711239
166.254625,100,3.922243
127.615312,100,4.159448
204.197016,100,4.413574
191.926804,100,19.061511
202.351344,100,19.301637
218.043862,100,19.606009
193.61397,100,19.911246
142.386385,100,20.22458
190.101203,100,20.527954
166.495922,100,20.856576
133.649827,100,21.170485
181.83447,100,21.492044
186.870949,100,21.823076
190.909253,100,33.898646
212.561765,100,34.048944
217.738196,100,34.196898
173.081875,100,34.348905
215.721455,100,34.524272
136.313761,100,34.688455
157.484554,100,34.854426
170.57399,100,35.002062
143.893273,100,35.177022
215.034433,100,35.417159
234.099629,100,46.790979
224.631287,100,47.161692
165.780058,100,47.496042
199.881325,100,47.761766
180.704728,100,48.063338
163.978695,100,48.39235
218.040925,100,48.721833
159.44621,100,49.021175
180.098426,100,49.307213
219.13617,100,49.608424
148.557967,100,62.328183
170.537283,100,62.491895
204.232487,100,62.672271
209.813349,100,62.840302
196.308225,100,63.026954
197.914221,100,63.218757
182.322867,100,63.480847
229.548933,100,63.650975
182.014591,100,63.845411
236.26152,100,64.028933
194.467335,100,75.589338
172.551022,100,75.756585
183.900989,100,75.931325
180.593705,100,76.107914
162.60481,100,76.290513
223.922918,100,76.495118
169.545042,100,76.727939
226.11002,100,76.926817
191.532466,100,77.114275
192.529649,100,77.280299
172.443609,100,90.419395
251.469056,100,90.740885
167.889261,100,91.076766
152.451649,100,91.419598
153.147141,100,91.723945
210.605945,100,92.008772
201.164886,100,92.338221
182.908262,100,92.65382
229.404391,100,92.988792
188.380505,100,93.300586
204.094251,100,107.902533
247.773818,100,108.094422
188.561463,100,108.296875
245.503391,100,108.493119
169.217903,100,108.688573
197.445752,100,108.880783
267.34316,100,109.053424
173.988534,100,109.224287
154.595135,100,109.488956
241.007987,100,109.669968
175.459455,100,124.399331
231.686813,100,124.562341
233.661197,100,124.720464
274.041533,100,124.876851
223.607979,100,125.045718
170.51747,100,125.21361
254.053515,100,125.370479
260.03938,100,125.538886
195.670961,100,125.733956
248.431273,100,125.974238
220.193704,100,145.417323
238.684116,100,145.845382
207.155166,100,146.189289
191.805862,100,146.599596
158.067015,100,147.005066
258.895223,100,147.390067
224.890923,100,147.803759
202.663415,100,148.01844
193.961889,100,148.199292
256.548956,100,148.351803
240.213722,100,161.309238
238.03748,100,161.494097
217.5765,100,161.723414
290.247856,100,161.971393
175.442695,100,162.118322
209.648958,100,162.294125
296.945757,100,162.451724
227.313641,100,162.611615
191.325977,100,162.782373
244.513639,100,162.960542
123.835155,100,177.283158
241.328865,100,177.607959
223.58695,100,177.932076
260.180802,100,178.196154
209.896667,100,178.512999
170.412448,100,178.846333
241.582682,100,179.162337
243.29832,100,179.4874
204.169143,100,179.834333
266.530511,100,180.091429
254.440738,100,191.400992
134.797481,100,191.540501
180.588811,100,191.706259
228.740376,100,191.961174
317.586539,100,192.128536
196.530344,100,192.311608
197.489296,100,192.472119
218.433491,100,192.625397
193.246086,100,192.792726
297.333761,100,192.968054
192.737718,100,207.235817
169.587939,100,207.411625
295.258944,100,207.602118
130.373527,100,207.860526
220.597509,100,208.072844
240.614003,100,208.26752
170.086071,100,208.456743
193.012886,100,208.640855
224.209675,100,208.824702
217.651386,100,209.024086
172.210829,100,221.207377
233.991583,100,221.36389
242.189046,100,221.519874
208.223821,100,221.696086
208.651716,100,221.955165
187.171169,100,222.106806
209.206935,100,222.264816
297.57531,100,222.448708
218.413978,100,222.617135
275.357316,100,222.790722
316.527779,100,235.443835
218.316559,100,235.661993
234.759362,100,235.970361
244.239945,100,236.140648
298.302401,100,236.346002
271.781626,100,236.549478
273.321077,100,236.767389
188.329696,100,237.018726
286.392959,100,237.218002
252.289276,100,237.421906
238.021559,100,253.945794
245.944773,100,254.286668
232.676111,100,254.596969
215.200985,100,254.90924
246.224904,100,255.251517
227.388433,100,255.583037
236.456318,100,255.898152
191.274871,100,256.188745
233.556338,100,256.391777
175.239073,100,256.593764
255.197188,100,272.543642
183.415911,100,272.848137
182.821317,100,273.172639
223.908222,100,273.488322
247.377823,100,273.804858
240.862705,100,274.124909
178.483131,100,274.385334
258.441637,100,274.551913
200.286147,100,274.71079
228.678564,100,274.854047
260.876425,100,287.223756
326.532043,100,287.400521
220.688553,100,287.59402
253.505151,100,287.78434
231.40883,100,287.949089
263.54217,100,288.129704
236.185469,100,288.410387
265.919702,100,288.587807
180.675924,100,288.790249
244.757214,100,288.961188
228.19522,100,302.3488
199.018086,100,302.537555
189.528337,100,302.724102
213.607217,100,302.925904
275.684817,100,303.089847
230.181133,100,303.239921
255.847786,100,303.402515
206.855749,100,303.562124
202.933238,100,303.706542
241.726275,100,303.845919
273.256807,100,316.226341
279.435775,100,316.50318
281.345725,100,316.69983
258.566042,100,316.927183
237.585834,100,317.099224
242.882176,100,317.274523
268.892757,100,317.462562
251.02857,100,317.638443
234.046376,100,317.820987
255.622273,100,318.006908
276.620639,100,330.176179
346.934984,100,330.40399
179.163556,100,330.624098
232.083166,100,330.810053
252.550467,100,331.000434
246.096687,100,331.17217
287.137484,100,331.344071
235.483255,100,331.507287
248.635537,100,331.687419
296.392453,100,331.858663
253.545204,100,344.434201
252.024642,100,344.630821
237.167362,100,344.864977
269.688908,100,345.038705
284.683027,100,345.210321
285.866311,100,345.384084
263.849593,100,345.567324
234.995419,100,345.768968
280.723688,100,345.947375
290.655596,100,346.107268
251.873132,100,361.146513
306.41815,100,361.334577
307.298821,100,361.511327
277.016147,100,361.707833
278.223692,100,361.893385
278.319665,100,362.075654
265.31346,100,362.247969
256.399091,100,362.511606
333.618931,100,362.712668
308.031587,100,362.920631
269.68042,100,375.303305
298.935483,100,375.447155
274.876536,100,375.604786
226.96952,100,375.76017
288.981511,100,375.930786
285.099615,100,376.092037
242.338685,100,376.24339
236.080338,100,376.390633
273.362669,100,376.615192
328.808369,100,376.892418
205.526728,100,389.586796
240.244259,100,389.771508
200.103755,100,389.967288
233.094369,100,390.169344
307.920947,100,390.355968
207.666367,100,390.550655
235.349237,100,390.784655
253.69314,100,391.063425
205.037183,100,391.284654
228.50475,100,391.473683
229.539581,100,402.402317
267.043576,100,402.542515
309.203031,100,402.688147
236.214821,100,402.841218
214.587978,100,403.103687
298.909134,100,403.27117
331.904816,100,403.476374
216.808974,100,403.650501
294.878881,100,403.820571
251.926952,100,403.995036
223.196499,100,415.922712
257.820307,100,416.075572
308.132041,100,416.224564
282.382852,100,416.367082
352.653134,100,416.51474
290.703519,100,416.681301
257.101412,100,416.840962
274.746773,100,417.007647
256.582121,100,417.154261
290.256695,100,417.388854
310.460154,100,430.193195
262.543181,100,430.433309
317.191817,100,430.696199
212.308547,100,430.95383
301.779722,100,431.199303
311.144969,100,431.456282
296.074042,100,431.743078
291.069432,100,432.000182
278.370208,100,432.245542
218.272923,100,432.477984
311.621272,100,445.0137
295.829803,100,445.166617
256.239615,100,445.32308
338.200771,100,445.53467
276.31991,100,445.788746
311.659627,100,445.969415
320.807423,100,446.120049
302.416334,100,446.270159
254.177348,100,446.424093
277.852911,100,446.591901
204.089952,100,458.786763
325.950199,100,458.948881
296.75255,100,459.126356
264.882988,100,459.29639
252.678635,100,459.522828
317.433087,100,459.737511
310.420106,100,459.888965
255.188161,100,460.057259
230.4703,100,460.219882
310.291506,100,460.372433
355.620331,100,472.168584
205.662351,100,472.357207
350.505283,100,472.527842
329.687456,100,472.70107
331.402236,100,472.875819
240.845558,100,473.038934
265.219046,100,473.20515
318.005801,100,473.370195
293.751911,100,473.522068
288.489468,100,473.747964
245.337468,100,487.83027
290.242877,100,488.014897
286.705031,100,488.296208
347.434819,100,488.509859
281.96137,100,488.712985
236.454417,100,488.893732
260.995846,100,489.0715
296.181539,100,489.250621
300.958939,100,489.439239
275.42898,100,489.622213
240.963896,100,502.107366
292.501806,100,502.292238
225.299621,100,502.477855
321.269748,100,502.743314
236.68458,100,502.959492
255.89643,100,503.185962
322.311822,100,503.37556
279.252255,100,503.561014
338.335421,100,503.746354
283.535117,100,503.932783
350.446935,100,516.452236
240.58628,100,516.623194
234.42711,100,516.784978
304.020235,100,517.064742
279.514787,100,517.237356
200.359553,100,517.401017
224.777988,100,517.555338
310.76172,100,517.711173
275.415282,100,517.862525
198.48974,100,518.019743
287.120383,100,530.73098
366.871627,100,531.061327
255.355326,100,531.271313
287.436844,100,531.477669
227.191335,100,531.661433
273.550939,100,531.839577
224.607343,100,532.006321
289.814234,100,532.167444
271.201121,100,532.330216
227.989856,100,532.484779
294.37256,100,545.989302
234.555994,100,546.150793
278.475653,100,546.334561
357.23613,100,546.512089
356.907969,100,546.709569
315.944382,100,546.894845
244.255778,100,547.089334
306.470946,100,547.353062
284.282831,100,547.565259
289.979965,100,547.785745
256.916195,100,562.229155
321.586575,100,562.397373
297.277407,100,562.571087
313.829705,100,562.760266
324.077374,100,562.94866
373.958039,100,563.114509
276.607304,100,563.279452
219.249594,100,563.448143
284.917777,100,563.698966
350.917079,100,563.889563
217.556512,100,579.736476
281.897443,100,579.898272
285.837324,100,580.047173
245.694386,100,580.205791
257.096579,100,580.375697
262.308434,100,580.564831
282.142541,100,580.767533
282.40404,100,580.949324
269.806185,100,581.207565
348.317619,100,581.42374
278.186269,100,593.690488
314.336708,100,593.880614
234.539123,100,594.052754
316.928403,100,594.243763
200.51212,100,594.416886
274.313503,100,594.598522
300.63118,100,594.765003
307.270954,100,594.913057
224.613712,100,595.073275
336.91564,100,595.237418
293.097845,100,607.268489
311.594597,100,607.42048
250.848017,100,607.606389
356.88298,100,607.803863
374.704404,100,608.083416
292.401886,100,608.256806
271.940139,100,608.442505
300.70166,100,608.616261
263.698612,100,608.799861
319.526957,100,608.983244
242.934973,100,619.740603
351.461984,100,620.033978
241.905501,100,620.215506
326.542961,100,620.4136
304.054945,100,620.598307
281.927043,100,620.806906
306.337614,100,621.0253
216.008037,100,621.222805
296.161158,100,621.409165
266.806647,100,621.600162
250.076897,100,634.29153
279.483395,100,634.487599
261.285086,100,634.690095
271.873148,100,634.898849
269.402496,100,635.089372
293.014059,100,635.256598
230.678898,100,635.41618
319.733892,100,635.598225
307.874986,100,635.816118
339.270544,100,636.07303
326.007956,100,647.542351
327.750195,100,647.702893
395.808257,100,647.972905
301.194327,100,648.131832
336.381707,100,648.306865
334.617561,100,648.471979
231.296746,100,648.624555
307.37251,100,648.781534
263.573082,100,648.934079
297.054571,100,649.109667
310.096874,100,661.314585
263.795101,100,661.468903
313.957678,100,661.630189
307.998819,100,661.828005
256.311594,100,662.054834
308.769002,100,662.208835
353.726268,100,662.392401
241.120444,100,662.559328
276.077906,100,662.729595
279.649985,100,662.895395
256.833793,100,675.523621
325.226949,100,675.840472
263.58953,100,676.09243
301.559412,100,676.278247
313.345367,100,676.453529
249.121403,100,676.623738
309.449833,100,676.779733
257.740859,100,676.93208
302.214042,100,677.106007
294.837707,100,677.252338
292.55537,100,689.754637
248.387275,100,689.948173
388.490943,100,690.255714
271.670377,100,690.4737
325.075939,100,690.688717
342.315668,100,690.960357
289.507506,100,691.170836
377.981414,100,691.366391
322.831649,100,691.538666
264.852414,100,691.71802
374.354749,100,703.482543
243.39994,100,703.67004
306.331992,100,703.865274
335.175496,100,704.09051
314.196345,100,704.350487
261.346918,100,704.564275
257.93565,100,704.768539
320.012068,100,704.938396
269.830736,100,705.12103
371.978363,100,705.304689
246.607092,100,716.648175
260.938645,100,716.793715
230.371782,100,716.934324
285.146175,100,717.073673
277.993729,100,717.218519
294.200251,100,717.371189
297.1089,100,717.52644
335.63687,100,717.680794
276.794912,100,717.832402
261.824819,100,717.97484
258.610985,100,729.46563
265.704152,100,729.668768
269.298001,100,729.863662
301.341409,100,730.070774
280.444722,100,730.36832
294.979585,100,730.571966
265.255062,100,730.78629
236.542844,100,731.00131
274.947145,100,731.182117
313.321102,100,731.387054
335.49652,100,743.842773
325.252456,100,744.155493
363.009782,100,744.472235
336.596712,100,744.747308
303.283622,100,745.054783
307.094759,100,745.370326
268.446694,100,745.682497
307.807079,100,746.007221
274.721616,100,746.317594
265.430123,100,746.602145
249.868703,100,759.764225
302.904616,100,759.902993
273.776939,100,760.03942
344.208676,100,760.178918
302.581825,100,760.316885
307.844845,100,760.57918
232.530782,100,760.777792
343.247829,100,760.945332
313.439149,100,761.108036
386.15953,100,761.26194
297.220332,100,772.48835
329.533288,100,772.721859
242.05214,100,772.912068
266.325144,100,773.081377
281.285716,100,773.265193
316.725873,100,773.453617
358.330821,100,773.630561
316.949507,100,773.824689
329.801395,100,774.008522
351.782337,100,774.177521
362.075524,100,785.300168
364.201733,100,785.440324
360.394526,100,785.592826
263.516058,100,785.767284
295.853735,100,785.927389
199.59488,100,786.085773
295.738277,100,786.22688
271.375935,100,786.361258
325.819912,100,786.504353
287.144122,100,786.737592
266.53161,100,798.407198
287.9573,100,798.653617
337.507263,100,798.90035
339.104455,100,799.132346
248.645781,100,799.324914
326.651751,100,799.514248
282.296521,100,799.723969
275.680816,100,799.904788
321.361008,100,800.090082
355.644892,100,800.26859
310.09702,100,812.197164
358.205459,100,812.361375
308.316449,100,812.530357
329.174513,100,812.79274
323.244337,100,812.934096
378.959809,100,813.084327
320.497317,100,813.261962
323.939416,100,813.416323
296.405353,100,813.575196
324.514226,100,813.761798
320.021973,100,824.529629
294.313527,100,824.768421
372.487834,100,824.947879
304.471414,100,825.109336
281.976613,100,825.261695
409.183924,100,825.40064
375.164414,100,825.551632
276.333707,100,825.702714
322.244164,100,825.851764
193.828311,100,826.014232
354.0203,100,839.360421
334.827167,100,839.549802
366.032414,100,839.728861
310.215254,100,839.890998
226.12496,100,840.057091
363.69499,100,840.208555
339.341173,100,840.355316
314.099535,100,840.534129
269.409592,100,840.735526
289.251772,100,841.001805
359.560401,100,851.395901
258.123817,100,851.541618
314.838526,100,851.685202
332.423741,100,851.835685
346.650209,100,851.978232
359.515004,100,852.117962
312.644249,100,852.284897
382.256294,100,852.450363
308.351541,100,852.623244
283.146009,100,852.859203
375.881146,100,867.319825
317.028859,100,867.625274
312.659894,100,867.943967
386.222812,100,868.25686
284.26345,100,868.560328
281.200865,100,868.883115
310.642632,100,869.151513
384.647356,100,869.398919
353.252804,100,869.70087
398.461094,100,870.011656
269.361991,100,882.336539
324.859989,100,882.51934
263.086231,100,882.698428
357.080342,100,882.929222
298.656543,100,883.135373
279.158124,100,883.322312
384.379902,100,883.512779
217.708456,100,883.699824
346.154209,100,883.887865
254.156966,100,884.073384
264.053508,100,895.493186
303.213441,100,895.689608
321.520953,100,895.867031
348.645978,100,896.029237
276.019869,100,896.192918
270.335565,100,896.375123
355.382823,100,896.543231
260.485689,100,896.708203
343.156516,100,896.871389
291.473261,100,897.051853
350.015315,100,910.086062
337.49673,100,910.249925
390.851301,100,910.411277
341.608692,100,910.597852
320.74671,100,910.775139
402.902613,100,910.934519
315.876277,100,911.091744
303.701629,100,911.357727
322.521062,100,911.53618
270.738161,100,911.742395
345.707001,100,924.535951
335.947727,100,924.683322
299.584699,100,924.831109
358.569175,100,924.984891
277.561549,100,925.168414
314.551318,100,925.407506
245.3263,100,925.55779
257.23682,100,925.73036
334.219344,100,925.873775
264.292175,100,926.015432
347.012678,100,938.489057
274.942694,100,938.79613
296.015515,100,939.107375
286.94726,100,939.386798
276.265959,100,939.55194
389.016995,100,939.726104
302.793446,100,939.87042
296.360003,100,940.006854
358.023546,100,940.14396
293.233129,100,940.29499
339.404211,100,952.022351
246.939252,100,952.185442
252.146615,100,952.344358
349.733279,100,952.506005
312.169875,100,952.674134
365.032276,100,952.832358
270.687565,100,952.983585
368.745514,100,953.146296
305.878017,100,953.39456
327.370966,100,953.573579
252.207455,100,967.067698
300.578525,100,967.344534
371.588132,100,967.598624
348.192132,100,967.821694
268.895103,100,968.035778
322.107298,100,968.246905
298.539162,100,968.469796
352.239981,100,968.691185
346.440638,100,968.888602
279.425344,100,969.096812
355.041015,100,982.337248
353.925681,100,982.502677
287.532706,100,982.65962
380.514597,100,982.813302
334.14668,100,982.969151
274.37073,100,983.154637
322.498201,100,983.402929
393.535679,100,983.553979
300.434003,100,983.732083
306.378821,100,983.887133
342.83809,100,994.647935
347.418686,100,994.796992
370.502154,100,994.936065
280.049673,100,995.073673
289.970328,100,995.321499
379.317406,100,995.481328
343.694905,100,995.662665
415.941172,100,995.820306
294.253223,100,995.9821
334.100391,100,996.12914
293.559081,100,1007.662224
326.488396,100,1007.841568
356.930563,100,1008.004207
299.204352,100,1008.162927
334.793854,100,1008.325318
380.493646,100,1008.486166
267.719846,100,1008.640678
322.262769,100,1008.787731
385.131601,100,1008.942684
364.873583,100,1009.092174
305.643307,100,1020.330861
357.887238,100,1020.484242
321.502228,100,1020.62556
291.053799,100,1020.805187
354.730912,100,1020.959333
384.442011,100,1021.102296
294.388091,100,1021.375975
296.033943,100,1021.526845
320.55026,100,1021.702232
358.046228,100,1021.866203
313.961355,100,1034.668224
385.68276,100,1034.857434
306.733971,100,1035.052422
320.634385,100,1035.325961
391.395936,100,1035.52861
282.689377,100,1035.747788
297.098254,100,1035.926091
413.366246,100,1036.121632
352.187887,100,1036.309364
281.348346,100,1036.495904
324.421209,100,1048.032903
336.49812,100,1048.182649
269.345807,100,1048.340434
302.243802,100,1048.495194
389.716138,100,1048.648691
310.636981,100,1048.805357
320.564299,100,1048.981959
340.913158,100,1049.162192
358.06729,100,1049.410733
296.818355,100,1049.572973
304.964032,100,1061.035322
314.552297,100,1061.199238
289.688744,100,1061.4739
331.245174,100,1061.630861
365.834931,100,1061.818011
311.366756,100,1061.975424
302.013656,100,1062.120717
368.109306,100,1062.265922
357.572894,100,1062.426153
335.709039,100,1062.574669
294.141058,100,1074.109179
306.097475,100,1074.263761
349.660814,100,1074.438724
286.828497,100,1074.60821
326.537421,100,1074.773559
312.362598,100,1074.919113
313.857768,100,1075.070073
318.430254,100,1075.224494
326.626493,100,1075.489586
262.197059,100,1075.643688
281.501564,100,1089.868745
312.972735,100,1090.059034
311.596553,100,1090.246058
352.885548,100,1090.443506
242.853077,100,1090.641947
402.591077,100,1090.834824
300.590861,100,1091.035887
328.385993,100,1091.245867
315.996099,100,1091.507579
277.462183,100,1091.691358
375.144162,100,1106.293999
323.009246,100,1106.631621
315.748613,100,1106.97208
341.13838,100,1107.329214
282.196213,100,1107.673996
326.344969,100,1108.033348
297.53494,100,1108.387909
335.663776,100,1108.764663
343.991522,100,1109.14936
281.192412,100,1109.506117
312.538424,100,1122.511269
311.086659,100,1122.686653
329.568561,100,1122.845192
329.865508,100,1123.00519
317.504843,100,1123.162544
301.932835,100,1123.315122
331.009839,100,1123.609998
361.835225,100,1123.885875
325.147212,100,1124.190356
366.724909,100,1124.50073
266.599813,100,1136.31373
269.818807,100,1136.621859
336.7332,100,1136.942022
378.00726,100,1137.246556
302.033307,100,1137.559042
368.119347,100,1137.814615
333.520965,100,1138.112607
371.525331,100,1138.416799
317.078367,100,1138.739151
410.347516,100,1139.05626
322.322356,100,1150.563261
404.104162,100,1150.740186
303.372313,100,1150.917176
389.665091,100,1151.080357
356.016495,100,1151.248982
360.416506,100,1151.488279
262.206497,100,1151.650268
315.880099,100,1151.83253
322.385443,100,1151.990436
261.291269,100,1152.143991
265.333706,100,1163.142339
322.238449,100,1163.289892
380.453422,100,1163.542736
364.384894,100,1163.704093
407.86074,100,1163.880877
347.738156,100,1164.033476
286.190524,100,1164.187326
325.831668,100,1164.333928
308.918307,100,1164.49091
308.863961,100,1164.655911
328.57616,100,1175.295126
262.341057,100,1175.549168
260.542804,100,1175.721174
360.151984,100,1175.898397
253.11321,100,1176.060729
431.603208,100,1176.218184
297.610983,100,1176.38675
292.014632,100,1176.564917
257.148993,100,1176.752032
274.247519,100,1176.921963
258.304274,100,1188.31468
378.609097,100,1188.466044
368.233928,100,1188.647058
287.359458,100,1188.803633
240.464473,100,1188.958148
320.857174,100,1189.109128
371.340626,100,1189.274576
357.826077,100,1189.510207
296.24979,100,1189.680897
341.840764,100,1189.837096
333.622536,100,1201.368768
417.970496,100,1201.66637
267.462862,100,1201.894055
388.216237,100,1202.069629
340.920855,100,1202.244838
400.436949,100,1202.431375
306.953781,100,1202.62425
300.54441,100,1202.805269
350.130303,100,1203.008718
407.500786,100,1203.185122
329.103428,100,1216.812587
326.626797,100,1216.983923
310.039225,100,1217.141173
391.900145,100,1217.309628
334.438167,100,1217.563925
414.748543,100,1217.731078
382.600271,100,1217.909838
352.390965,100,1218.090118
316.025256,100,1218.253217
324.215041,100,1218.418983
327.998099,100,1230.51319
339.765109,100,1230.745723
335.48774,100,1230.945136
330.057217,100,1231.118606
262.066929,100,1231.290469
404.017825,100,1231.580734
421.906338,100,1231.780922
251.758692,100,1231.971087
318.873503,100,1232.113383
314.300606,100,1232.258607
323.718331,100,1242.953628
379.439824,100,1243.101727
276.095957,100,1243.248355
303.224556,100,1243.473912
394.926361,100,1243.65261
296.238906,100,1243.827199
361.097868,100,1243.978255
356.215435,100,1244.128274
365.039036,100,1244.282811
384.061689,100,1244.448328
419.519951,100,1257.93569
314.544092,100,1258.167781
344.61553,100,1258.390921
341.023644,100,1258.621919
321.053151,100,1258.834069
294.338249,100,1259.054049
297.473211,100,1259.281598
376.474926,100,1259.626879
339.042811,100,1259.829046
321.696099,100,1260.034519
359.138141,100,1272.661256
335.22166,100,1273.024823
353.840376,100,1273.405244
311.211687,100,1273.787796
304.782542,100,1274.129535
389.04825,100,1274.3527
356.262614,100,1274.49627
385.019455,100,1274.641702
297.523957,100,1274.805881
284.974182,100,1274.94557
379.798935,100,1286.385085
335.527555,100,1286.55001
405.894259,100,1286.704969
335.983475,100,1286.849414
312.237365,100,1287.005796
290.162785,100,1287.147223
434.166457,100,1287.287384
376.574739,100,1287.491948
286.411732,100,1287.712422
291.361404,100,1287.855114
250.631551,100,1298.67804
324.380265,100,1298.851316
269.090887,100,1299.005371
341.525412,100,1299.154015
320.487808,100,1299.323896
332.6451,100,1299.528207
402.252347,100,1299.757893
385.743128,100,1299.917162
369.851778,100,1300.087964
313.394428,100,1300.237895
318.023291,100,1311.304113
383.183626,100,1311.504542
330.224643,100,1311.757792
384.478774,100,1311.929626
345.417333,100,1312.111699
350.591634,100,1312.275822
332.246516,100,1312.443581
314.168494,100,1312.622559
286.759333,100,1312.799069
342.292925,100,1312.943499
310.491697,100,1328.439537
330.473219,100,1328.614115
342.325422,100,1328.786371
285.609442,100,1328.978363
306.496145,100,1329.138301
275.579674,100,1329.278838
253.970308,100,1329.423446
270.653433,100,1329.569102
270.796675,100,1329.801283
295.736808,100,1329.980151
337.098156,100,1343.876148
347.754812,100,1344.130387
384.440668,100,1344.429774
336.975754,100,1344.7158
380.400144,100,1344.999167
277.085466,100,1345.293866
266.50062,100,1345.575045
316.561685,100,1345.863279
336.615376,100,1346.103055
296.350952,100,1346.375675
309.51675,100,1361.241928
409.210418,100,1361.424067
328.775505,100,1361.623043
239.565197,100,1361.814126
364.227359,100,1361.98385
305.847441,100,1362.148758
372.240096,100,1362.362282
282.288738,100,1362.584771
382.996503,100,1362.793834
332.033706,100,1362.968199
398.432574,100,1375.360302
380.313347,100,1375.518541
422.186814,100,1375.676863
391.216833,100,1375.830082
366.840143,100,1375.973772
281.341752,100,1376.125322
270.029889,100,1376.277147
322.639845,100,1376.526595
418.835777,100,1376.684698
230.151845,100,1376.853198
378.111227,100,1388.104341
412.925147,100,1388.256759
358.96272,100,1388.415916
362.991112,100,1388.686242
321.837869,100,1388.867702
350.762874,100,1389.020279
408.091397,100,1389.193932
380.972449,100,1389.344053
334.75114,100,1389.506886
346.184728,100,1389.688965
309.02992,100,1403.179896
269.842315,100,1403.356375
350.757241,100,1403.523009
286.167441,100,1403.697888
364.25583,100,1403.876287
355.661014,100,1404.061657
353.127335,100,1404.246242
324.279656,100,1404.415875
321.986514,100,1404.693708
302.852943,100,1404.866746
316.06101,100,1416.014657
385.777911,100,1416.156088
287.289377,100,1416.297318
357.291452,100,1416.437655
238.800869,100,1416.58719
395.977039,100,1416.788093
390.47823,100,1417.009061
336.745302,100,1417.163308
307.634436,100,1417.32242
297.920249,100,1417.466528
310.004763,100,1428.881945
363.833048,100,1429.053701
316.730181,100,1429.237952
262.581334,100,1429.392777
310.414202,100,1429.55199
349.183813,100,1429.704927
301.939507,100,1429.866325
371.432349,100,1430.00971
297.709222,100,1430.151943
357.20281,100,1430.295292
400.233452,100,1441.593595
350.099261,100,1441.747433
379.123262,100,1441.904946
389.333311,100,1442.071798
370.92442,100,1442.242221
373.293622,100,1442.394802
306.1654,100,1442.542146
257.223573,100,1442.692161
294.953759,100,1442.944587
306.416196,100,1443.115746
365.433171,100,1454.765755
332.713725,100,1455.000807
378.117981,100,1455.152907
325.218562,100,1455.319242
343.748948,100,1455.459737
382.343037,100,1455.617514
264.38263,100,1455.780391
305.938226,100,1455.939027
338.426566,100,1456.097809
319.884929,100,1456.259175
347.252195,100,1467.714571
307.60313,100,1467.888615
270.732144,100,1468.059056
352.148528,100,1468.215617
429.025857,100,1468.358006
273.035284,100,1468.502118
403.824817,100,1468.652633
286.55846,100,1468.915712
313.002687,100,1469.118157
316.263531,100,1469.289176
416.352868,100,1481.872297
296.76747,100,1482.032002
367.6413,100,1482.168339
408.526256,100,1482.309437
309.034499,100,1482.44616
265.93793,100,1482.60809
414.511468,100,1482.813169
366.935458,100,1483.033875
349.833264,100,1483.193151
253.229446,100,1483.37208
320.030459,100,1496.008937
387.201893,100,1496.19974
412.270675,100,1496.392252
375.557503,100,1496.595146
379.965264,100,1496.846849
340.023005,100,1497.110343
398.310972,100,1497.337138
399.890514,100,1497.537816
324.767931,100,1497.751811
312.695329,100,1497.970122
273.820974,100,1511.955286
332.676564,100,1512.139806
369.988016,100,1512.314969
288.598747,100,1512.491555
340.241646,100,1512.670832
374.308714,100,1512.928961
370.740962,100,1513.112376
287.019018,100,1513.31374
381.566745,100,1513.489578
278.226841,100,1513.662052
414.263908,100,1529.893286
347.854082,100,1530.072547
352.323681,100,1530.263185
357.95243,100,1530.47639
321.378929,100,1530.686947
337.279367,100,1530.905159
380.485433,100,1531.196138
358.069741,100,1531.400867
309.609196,100,1531.593968
307.475819,100,1531.787209
246.66176,100,1547.535186
291.37042,100,1547.67973
319.016507,100,1547.83591
292.376662,100,1548.018171
392.107724,100,1548.211972
315.691613,100,1548.383286
332.471467,100,1548.534853
310.900309,100,1548.686105
307.704018,100,1548.846814
345.493536,100,1549.045339
421.511956,100,1560.546147
376.895702,100,1560.721017
331.765301,100,1560.914732
401.928412,100,1561.154046
365.689041,100,1561.361869
420.661647,100,1561.525075
355.404802,100,1561.6928
299.855741,100,1561.857181
295.180306,100,1562.018667
338.025945,100,1562.169838
407.611932,100,1573.326137
285.308358,100,1573.49619
291.470738,100,1573.67039
306.496326,100,1573.820521
340.705745,100,1573.960017
320.144039,100,1574.102551
279.374201,100,1574.256379
275.692818,100,1574.398108
340.044363,100,1574.563654
409.973299,100,1574.71143
413.547439,100,1586.07805
400.644526,100,1586.234696
419.564373,100,1586.405122
349.961745,100,1586.570199
435.919798,100,1586.716007
325.953597,100,1586.866061
424.217668,100,1587.021743
350.234597,100,1587.171597
335.536905,100,1587.330522
379.949102,100,1587.493784
371.795323,100,1602.762411
325.857117,100,1602.948746
434.398894,100,1603.143587
335.914777,100,1603.333093
346.886854,100,1603.522441
295.873739,100,1603.733865
241.76104,100,1603.958726
287.399503,100,1604.289032
392.883905,100,1604.533816
442.024764,100,1604.767944
299.485564,100,1617.146242
280.683182,100,1617.331322
369.037249,100,1617.54058
371.492061,100,1617.736694
275.98572,100,1617.92441
365.593805,100,1618.112317
353.391172,100,1618.386892
427.817968,100,1618.587425
317.634914,100,1618.813364
284.988442,100,1619.021007
329.998587,100,1634.795651
383.408429,100,1635.140178
342.724111,100,1635.537529
320.303686,100,1635.913821
348.392777,100,1636.298969
363.748858,100,1636.697679
412.804689,100,1637.038132
312.462453,100,1637.408211
350.918303,100,1637.748779
300.106307,100,1637.919825
368.43745,100,1649.905299
347.702137,100,1650.070601
393.21347,100,1650.248319
355.607348,100,1650.429049
373.612162,100,1650.689043
365.024885,100,1650.942574
359.404244,100,1651.156812
314.281623,100,1651.342157
378.980779,100,1651.516803
262.139493,100,1651.725821
402.097601,100,1665.370178
306.375208,100,1665.534119
371.199037,100,1665.695353
295.505382,100,1665.862019
369.960444,100,1666.030703
353.984804,100,1666.184329
307.120339,100,1666.343634
324.202601,100,1666.493749
391.441403,100,1666.652125
319.895826,100,1666.805957
319.744211,100,1678.432746
394.910739,100,1678.585888
293.545303,100,1678.745749
439.042163,100,1678.987613
325.191584,100,1679.237046
307.139505,100,1679.449052
301.557412,100,1679.628939
303.697026,100,1679.800332
405.892519,100,1679.965446
298.035045,100,1680.135858
311.037991,100,1691.735199
358.827479,100,1691.899802
374.047862,100,1692.05625
420.428989,100,1692.213942
340.844925,100,1692.37688
339.57333,100,1692.544221
315.222505,100,1692.716594
281.919464,100,1692.947194
345.232419,100,1693.147044
417.125484,100,1693.305776
363.261,100,1704.388011
374.216458,100,1704.548073
383.535578,100,1704.706593
411.173825,100,1704.899505
410.547414,100,1705.119646
346.746949,100,1705.271046
357.530503,100,1705.44231
405.686315,100,1705.602274
454.906907,100,1705.763333
311.342797,100,1705.914834
349.16067,100,1718.507861
381.189012,100,1718.895851
326.011874,100,1719.143615
299.481713,100,1719.304185
352.651343,100,1719.459438
283.708477,100,1719.612896
376.899452,100,1719.780236
359.73257,100,1719.929714
331.377262,100,1720.095829
412.119655,100,1720.255548
356.477408,100,1731.645968
373.292701,100,1731.794861
316.314072,100,1731.969483
264.898196,100,1732.116145
287.360136,100,1732.27052
380.484272,100,1732.421648
296.210592,100,1732.573167
282.668507,100,1732.733291
357.895418,100,1732.944685
442.797893,100,1733.155692
345.141596,100,1745.251008
416.776877,100,1745.426101
324.479963,100,1745.58812
395.48937,100,1745.741593
365.230657,100,1745.901912
417.300231,100,1746.070396
355.288239,100,1746.233372
327.264172,100,1746.380831
385.126535,100,1746.530377
356.637956,100,1746.683262
372.437004,100,1758.749743
373.404509,100,1758.971038
413.017984,100,1759.168093
330.089701,100,1759.321505
357.014385,100,1759.492046
398.475217,100,1759.645761
348.279721,100,1759.791279
397.306857,100,1759.947718
393.227443,100,1760.112351
409.7934,100,1760.255096
409.979694,100,1771.910251
277.715996,100,1772.076584
408.309956,100,1772.231033
351.590415,100,1772.387327
353.526615,100,1772.553422
316.096041,100,1772.710048
307.440469,100,1772.880967
325.667774,100,1773.126903
310.939728,100,1773.274193
389.605846,100,1773.45521
367.302863,100,1786.011888
345.582337,100,1786.188383
355.380661,100,1786.353243
426.448751,100,1786.531931
349.847565,100,1786.727701
375.053362,100,1786.95943
309.974302,100,1787.167609
332.143513,100,1787.360162
386.661661,100,1787.547442
407.944917,100,1787.735974
316.790127,100,1.696221
262.043395,100,1.883004
381.421827,100,2.086397
430.506651,100,2.335325
314.231065,100,2.557486
377.42229,100,2.748243
342.014336,100,2.939652
315.414252,100,3.099879
280.789916,100,3.259185
391.9708,100,3.408056
392.847606,100,15.759851
394.614814,100,15.903534
407.780014,100,16.047062
371.307387,100,16.20158
315.912275,100,16.471862
349.70393,100,16.622331
326.216052,100,16.780528
268.32656,100,16.935259
386.937329,100,17.086828
355.343078,100,17.243564
355.992595,100,30.216351
360.151597,100,30.473884
397.236814,100,30.634282
326.158559,100,30.799515
418.04878,100,30.952144
307.169409,100,31.098156
334.724455,100,31.244154
355.337579,100,31.405718
329.131731,100,31.564408
378.403622,100,31.738058
408.216944,100,43.749125
406.88222,100,43.898771
303.286392,100,44.048882
340.671099,100,44.194761
331.495534,100,44.376779
351.957272,100,44.610846
387.341723,100,44.781713
325.660644,100,44.975687
357.443793,100,45.131224
380.481049,100,45.300061
334.967764,100,58.56019
298.932286,100,58.743629
354.19143,100,58.964368
387.849874,100,59.153943
376.384414,100,59.337711
372.15694,100,59.549594
340.556579,100,59.744791
454.120043,100,59.942295
338.876627,100,60.152544
398.83129,100,60.395424
319.575523,100,72.105764
324.403148,100,72.291844
354.753231,100,72.469427
363.972935,100,72.690962
332.563986,100,72.970987
390.161345,100,73.16843
329.832772,100,73.358717
410.794678,100,73.528636
380.298717,100,73.723379
328.797731,100,73.932029
349.698602,100,85.878988
424.145174,100,86.0437
344.23277,100,86.199149
286.807049,100,86.351675
296.884221,100,86.499152
379.448139,100,86.641731
355.756935,100,86.907468
332.767465,100,87.116761
364.336937,100,87.271529
354.408183,100,87.422182
350.77836,100,97.892419
393.962491,100,98.0509
345.77343,100,98.203251
399.861727,100,98.39182
330.195074,100,98.544574
361.457871,100,98.691999
461.060011,100,98.839244
337.303416,100,99.088798
274.071298,100,99.26845
382.832301,100,99.441993
311.063791,100,110.206324
364.485272,100,110.362978
406.998716,100,110.522073
443.135309,100,110.676
381.981627,100,110.834229
328.39541,100,111.058381
371.289334,100,111.254372
428.46175,100,111.410855
345.565536,100,111.577219
442.192762,100,111.726517
376.697932,100,123.766293
416.876307,100,123.912106
340.099762,100,124.07822
319.434479,100,124.227986
289.600546,100,124.376363
408.060987,100,124.52153
408.519221,100,124.665248
380.214496,100,124.805354
350.80039,100,124.993183
394.888749,100,125.223738
391.269724,100,135.888421
376.966512,100,136.050589
331.87698,100,136.212843
449.807561,100,136.369839
340.01282,100,136.528671
340.348731,100,136.684086
438.705574,100,136.843467
384.632151,100,137.082969
339.404899,100,137.268073
390.985482,100,137.421693
243.221478,100,148.055858
406.250243,100,148.218697
365.084192,100,148.384714
405.308141,100,148.54229
358.204739,100,148.701081
286.989032,100,148.864303
378.178268,100,149.113716
409.530269,100,149.294227
344.534541,100,149.469775
411.905528,100,149.625508
379.766724,100,160.174346
253.470749,100,160.358365
310.779969,100,160.541819
375.312172,100,160.708607
455.293314,100,160.887335
316.43552,100,161.169615
292.137702,100,161.350177
357.338971,100,161.542724
303.818967,100,161.700591
420.610632,100,161.875947
311.336965,100,174.49765
272.046223,100,174.673782
434.758498,100,174.855049
253.213303,100,175.05678
334.571307,100,175.306028
347.820011,100,175.487981
253.424858,100,175.666311
315.348,100,175.838965
349.243889,100,176.021778
325.658348,100,176.190146
322.813429,100,189.970867
382.155807,100,190.138231
370.246285,100,190.287976
342.887605,100,190.447054
328.234767,100,190.592568
299.849274,100,190.744597
358.123054,100,190.896659
460.589699,100,191.078672
368.480784,100,191.361846
400.453572,100,191.526325
439.7541,100,202.555411
359.958017,100,202.72946
347.659871,100,202.897749
356.47899,100,203.067555
432.840475,100,203.232446
381.693956,100,203.493389
408.502608,100,203.640895
292.604344,100,203.810824
424.75333,100,203.983228
388.028872,100,204.149868
372.028917,100,220.114204
336.769107,100,220.267649
329.847694,100,220.427647
338.75681,100,220.589614
360.474046,100,220.741354
346.324864,100,220.895004
354.25741,100,221.049486
317.827664,100,221.210218
371.964735,100,221.477438
266.536501,100,221.640357
386.405245,100,236.323845
270.863251,100,236.502465
295.111493,100,236.677833
338.421467,100,236.849769
362.141458,100,237.029324
352.434171,100,237.199251
269.60238,100,237.452347
372.124593,100,237.651566
302.453312,100,237.864022
327.248096,100,238.051246
342.57351,100,250.487957
456.021605,100,250.692173
325.714969,100,250.896279
357.918595,100,251.108451
340.043827,100,251.351246
397.917723,100,251.564545
336.28346,100,251.725874
391.463778,100,251.890424
277.991452,100,252.062901
382.756162,100,252.219019
323.304825,100,264.560416
273.003828,100,264.718749
307.986137,100,264.865194
322.639632,100,265.021202
382.464017,100,265.177306
326.465161,100,265.424234
396.723306,100,265.605905
323.804326,100,265.758153
291.02212,100,265.921102
372.320573,100,266.080284
409.532209,100,278.471068
383.688944,100,278.744177
404.793439,100,279.046216
373.696493,100,279.350522
331.857669,100,279.631265
352.183525,100,279.921832
367.472281,100,280.21881
377.270144,100,280.512111
335.632614,100,280.813993
369.438187,100,281.137286
391.208249,100,296.259466
460.11331,100,296.419419
279.845015,100,296.568646
341.073591,100,296.71741
354.37758,100,296.895136
328.727452,100,297.050104
382.066633,100,297.202001
356.577691,100,297.457076
371.638959,100,297.609803
414.801955,100,297.772345
356.388345,100,309.857005
363.017058,100,310.05845
349.388622,100,310.25371
371.718314,100,310.453524
411.445566,100,310.633437
386.235116,100,310.80128
383.47273,100,310.964124
342.87575,100,311.120269
386.775619,100,311.26857
407.221094,100,311.416822
355.68846,100,322.286248
410.219067,100,322.584821
418.544762,100,322.884698
379.165002,100,323.179475
383.636869,100,323.488539
395.197919,100,323.804641
367.571528,100,324.096802
336.694921,100,324.3644
463.101079,100,324.679562
416.367561,100,325.004318
364.024651,100,337.45218
417.154814,100,337.593368
353.090366,100,337.817881
327.167692,100,337.996665
397.461871,100,338.166569
385.537319,100,338.318986
336.954349,100,338.470675
345.7806,100,338.63388
374.907982,100,338.78858
423.66654,100,338.961197
281.137885,100,350.721049
309.419894,100,350.890622
282.826833,100,351.061852
329.053163,100,351.215618
409.771302,100,351.367648
302.592052,100,351.518598
302.543836,100,351.69237
335.049373,100,351.92655
315.264032,100,352.101895
327.710555,100,352.289207
315.848738,100,365.644718
373.155853,100,365.905237
438.083051,100,366.072769
309.949921,100,366.245967
306.110557,100,366.394171
409.002906,100,366.551899
419.072897,100,366.701292
294.781882,100,366.861543
386.720544,100,367.027531
345.798649,100,367.200024
293.779498,100,377.991229
347.886447,100,378.145712
392.393046,100,378.329548
347.818668,100,378.469304
463.47643,100,378.611251
398.281074,100,378.762826
327.896315,100,378.920839
374.332287,100,379.079044
353.99955,100,379.222404
394.035975,100,379.372945
400.077453,100,391.34433
334.544085,100,391.482815
397.741751,100,391.633769
290.318333,100,391.774496
372.33073,100,391.967834
406.271929,100,392.186137
400.502286,100,392.347342
376.359454,100,392.494656
387.769193,100,392.653057
325.402268,100,392.791507
399.610978,100,403.98017
391.112543,100,404.169881
337.50478,100,404.392762
430.216913,100,404.580772
372.490751,100,404.776737
410.279897,100,404.941585
418.006535,100,405.090034
406.069711,100,405.252439
339.728044,100,405.422385
355.153647,100,405.581955
263.489415,100,418.339228
418.592974,100,418.514241
383.472922,100,418.701658
343.656384,100,418.872451
314.605212,100,419.044154
412.848997,100,419.216834
402.332834,100,419.406894
340.834356,100,419.588106
339.697048,100,419.761553
389.598278,100,419.94944
463.085435,100,431.485348
316.566024,100,431.661129
440.297224,100,431.817801
435.117798,100,431.985357
418.752236,100,432.21263
321.187404,100,432.429836
352.91896,100,432.594462
380.054169,100,432.764449
392.935305,100,432.920077
372.868044,100,433.077068
314.593477,100,444.590638
396.39019,100,444.729422
368.019332,100,444.870697
445.626825,100,445.031503
382.319213,100,445.187572
323.989346,100,445.33718
347.10615,100,445.477058
400.583288,100,445.616076
397.56894,100,445.753785
376.590925,100,445.898769
314.554999,100,457.596707
389.893122,100,457.777821
304.890266,100,457.951687
395.400163,100,458.157698
325.841715,100,458.398543
334.998013,100,458.605296
410.766521,100,458.774526
367.312925,100,458.944255
425.83227,100,459.112538
335.379463,100,459.278874
441.192117,100,471.193263
296.106003,100,471.39619
299.050757,100,471.573408
378.623087,100,471.74801
372.935676,100,471.92159
276.195602,100,472.160005
283.846045,100,472.446041
389.404584,100,472.666445
332.555537,100,472.866646
273.201194,100,473.061584
344.2398,100,486.927768
437.933924,100,487.230392
322.764194,100,487.532062
363.468335,100,487.839349
313.675723,100,488.152551
360.027314,100,488.420328
307.52774,100,488.63548
361.988768,100,488.935622
328.590887,100,489.233385
302.46473,100,489.531452
369.941517,100,501.748319
291.012369,100,501.920649
348.516204,100,502.111865
414.505797,100,502.294389
455.926813,100,502.525676
389.849846,100,502.743293
332.356335,100,502.94364
384.233279,100,503.133022
360.352757,100,503.309309
359.817409,100,503.489386
334.428036,100,515.679683
404.30645,100,515.839828
383.018377,100,516.006842
380.409366,100,516.179567
405.371126,100,516.351128
448.813521,100,516.602344
357.854665,100,516.794788
280.474744,100,516.971864
381.645126,100,517.127339
428.386825,100,517.270473
302.423159,100,528.956357
355.873945,100,529.106443
354.680644,100,529.2477
324.841682,100,529.397881
321.682077,100,529.547268
330.944296,100,529.708807
356.382828,100,529.869631
355.876472,100,530.044288
338.198177,100,530.196516
435.643543,100,530.33905
346.154006,100,541.475883
381.154825,100,541.623341
321.018083,100,541.807635
394.562358,100,542.020581
263.207993,100,542.247098
360.574984,100,542.444674
388.354693,100,542.68714
386.726623,100,542.864108
272.436898,100,543.069604
409.062732,100,543.252264
402.513531,100,555.24379
391.816443,100,555.378449
306.362351,100,555.515136
421.893249,100,555.650542
450.389652,100,555.793672
378.661701,100,555.953535
331.015865,100,556.098261
366.556788,100,556.237227
341.244972,100,556.387172
375.806404,100,556.53075
315.158608,100,568.519299
407.936027,100,568.795534
310.494008,100,568.984689
406.620425,100,569.187483
377.68454,100,569.356077
357.444552,100,569.527325
375.286736,100,569.697905
272.378917,100,569.886384
355.54396,100,570.033476
352.875688,100,570.190361
326.003273,100,581.448098
347.591607,100,581.594639
323.624241,100,581.742581
337.246357,100,581.909408
331.113626,100,582.093527
371.79026,100,582.256661
305.82654,100,582.40779
384.972751,100,582.566525
378.200594,100,582.710426
395.778388,100,582.874969
400.479957,100,593.54867
382.333909,100,593.697997
458.892734,100,593.855765
373.552166,100,594.011136
401.395981,100,594.167474
411.654981,100,594.318856
315.301513,100,594.464079
365.854067,100,594.605544
329.622353,100,594.746567
332.435889,100,594.88811
363.742939,100,605.741187
353.798884,100,605.890061
408.348483,100,606.036418
378.558027,100,606.195227
322.212222,100,606.335869
355.122151,100,606.474212
442.94051,100,606.61566
306.686387,100,606.768996
335.954933,100,606.934008
363.642055,100,607.195686
336.809711,100,618.469681
409.611785,100,618.632132
323.974523,100,618.824141
366.232905,100,619.05465
395.902343,100,619.282389
321.55054,100,619.47059
378.298694,100,619.637187
356.759915,100,619.811219
391.371706,100,619.991357
368.776273,100,620.174011
351.184492,100,632.369189
331.042478,100,632.526224
447.423022,100,632.674566
316.59311,100,632.82411
400.020226,100,632.975873
427.843488,100,633.132027
343.404729,100,633.281803
437.686686,100,633.475725
381.975788,100,633.697058
337.004454,100,633.856269
445.029097,100,645.919472
296.383853,100,646.092569
367.766366,100,646.246195
393.552761,100,646.401138
356.697595,100,646.535744
327.555254,100,646.683865
337.625567,100,646.837585
401.098592,100,646.99294
346.99307,100,647.151309
449.122386,100,647.296205
283.829151,100,658.221715
314.272416,100,658.365114
309.165944,100,658.504304
343.663945,100,658.652086
339.84602,100,658.833419
364.423526,100,659.022824
354.272241,100,659.211011
384.453252,100,659.392411
336.357465,100,659.616244
316.594782,100,659.847698
336.919306,100,671.350955
375.958034,100,671.646891
308.496079,100,671.935554
373.930186,100,672.16939
314.375141,100,672.329854
373.327228,100,672.468299
329.726069,100,672.61415
326.626527,100,672.755856
311.423699,100,672.90075
375.964798,100,673.044228
388.726861,100,686.003524
373.629187,100,686.204908
424.411459,100,686.391784
385.168578,100,686.558627
359.060077,100,686.741692
367.108193,100,686.948472
327.583684,100,687.147538
363.046189,100,687.34511
335.160421,100,687.539111
334.975155,100,687.818631
304.113741,100,699.37112
355.37741,100,699.621682
334.84466,100,699.851971
410.857539,100,700.083431
353.77233,100,700.295507
369.950839,100,700.508159
299.03955,100,700.715622
384.364247,100,700.913383
378.514323,100,701.132545
442.624794,100,701.321843
375.879094,100,715.31473
374.41133,100,715.618085
289.991842,100,715.917181
320.392592,100,716.239014
315.240763,100,716.503671
365.252425,100,716.785612
438.091001,100,717.098233
385.492153,100,717.402187
396.897793,100,717.708691
423.752635,100,718.014944
415.750965,100,731.179075
425.196361,100,731.463875
406.684379,100,731.749167
317.705635,100,732.061291
347.775268,100,732.36087
279.802456,100,732.575897
340.440541,100,732.867581
318.629622,100,733.16366
389.176379,100,733.455546
347.729624,100,733.748107
325.21363,100,747.52742
368.021984,100,747.665694
380.988356,100,747.799729
388.651914,100,747.937711
301.659753,100,748.0841
367.483511,100,748.223481
325.32632,100,748.419555
335.263903,100,748.6261
373.565456,100,748.777508
399.095627,100,748.939257
352.944066,100,761.265777
407.701877,100,761.418724
383.366251,100,761.584836
385.659074,100,761.736392
374.383911,100,761.890295
424.84391,100,762.050502
359.15776,100,762.207648
372.969054,100,762.369341
316.940008,100,762.522476
378.024006,100,762.694575
360.996923,100,774.835175
342.050352,100,775.074356
391.051172,100,775.35209
362.363216,100,775.619193
347.846969,100,775.893355
481.521387,100,776.18513
435.338371,100,776.460508
317.778801,100,776.726195
373.436691,100,776.990258
241.884493,100,777.235527
406.372316,100,788.261681
398.308265,100,788.437084
415.119208,100,788.602941
375.909692,100,788.884313
286.965916,100,789.082738
431.119831,100,789.275482
406.824788,100,789.457067
377.394862,100,789.62581
312.811116,100,789.805513
325.035493,100,789.981645
414.902046,100,802.118864
309.52142,100,802.505808
367.514711,100,802.858316
370.763598,100,803.157761
415.177698,100,803.477292
418.585619,100,803.810514
352.648769,100,804.170556
424.494072,100,804.542213
353.577925,100,804.952151
309.88535,100,805.288527
423.364125,100,816.912458
358.678581,100,817.085343
371.209897,100,817.269461
427.053393,100,817.426342
351.485721,100,817.566701
333.655877,100,817.720468
370.159611,100,817.870364
430.322737,100,818.038051
398.742004,100,818.221176
451.196189,100,818.373541
317.648288,100,829.78701
362.005513,100,829.937479
333.246518,100,830.104594
406.920781,100,830.26704
333.70117,100,830.431064
310.997768,100,830.587794
429.252591,100,830.81837
297.675379,100,831.01707
401.69565,100,831.19677
282.372405,100,831.348742
301.159568,100,842.02162
338.084663,100,842.199649
368.195028,100,842.372979
403.086844,100,842.546234
321.697959,100,842.757274
310.325453,100,842.996454
398.293459,100,843.190471
301.247038,100,843.372258
414.192676,100,843.550292
331.722752,100,843.732719
405.668955,100,854.328372
383.475013,100,854.473184
443.201839,100,854.612024
389.693552,100,854.860887
373.741002,100,855.117903
443.817979,100,855.409312
366.605052,100,855.718892
342.425537,100,856.033759
377.644423,100,856.345645
317.647082,100,856.664485
388.328787,100,867.763977
373.858216,100,867.909997
331.251097,100,868.067242
416.148539,100,868.209559
319.601131,100,868.353006
380.995669,100,868.495288
286.784766,100,868.642276
313.314407,100,868.796556
376.871622,100,869.030027
320.183244,100,869.201798
389.744004,100,881.457016
310.661256,100,881.608721
330.526972,100,881.767332
337.091217,100,881.933748
331.06017,100,882.107289
450.460456,100,882.258306
327.36885,100,882.413846
340.823886,100,882.562062
408.169508,100,882.716046
341.634509,100,882.884339
379.397406,100,894.595225
278.062861,100,894.76313
310.833915,100,894.922267
392.931853,100,895.193267
343.483892,100,895.358294
382.179198,100,895.526196
301.007678,100,895.668355
416.22123,100,895.818266
344.843845,100,895.97515
401.653118,100,896.136367
275.361499,100,907.777787
335.283857,100,907.938229
410.613055,100,908.111377
396.241392,100,908.280657
316.104915,100,908.423724
367.254532,100,908.572242
339.627764,100,908.724787
400.964695,100,908.894262
411.903302,100,909.145794
300.215296,100,909.30714
402.806961,100,921.532011
386.933671,100,921.675207
332.693535,100,921.825846
416.237835,100,921.982787
383.188796,100,922.14676
305.744655,100,922.301706
362.980902,100,922.457108
430.137264,100,922.618107
338.10032,100,922.766855
342.43545,100,922.921951
381.023892,100,934.803783
405.058843,100,934.965419
396.16052,100,935.221404
325.880147,100,935.375046
343.459437,100,935.542123
419.680852,100,935.683222
378.895829,100,935.827292
450.172807,100,935.975431
312.365474,100,936.130888
379.75407,100,936.436563
335.215281,100,948.641655
369.330435,100,948.795375
405.572681,100,948.962304
335.761855,100,949.222579
375.144158,100,949.37051
407.700771,100,949.541777
314.425456,100,949.689048
371.571836,100,949.839376
416.70693,100,949.988842
406.873477,100,950.153877
330.704136,100,960.805571
398.325433,100,960.992754
355.518088,100,961.240521
334.705494,100,961.389003
404.746761,100,961.553058
425.585084,100,961.694715
384.372143,100,961.85089
330.495055,100,962.039429
359.119651,100,962.240032
405.053561,100,962.405103
352.110374,100,973.620004
425.127465,100,973.782832
345.57929,100,973.956402
359.317135,100,974.122078
436.78234,100,974.288447
331.288793,100,974.465254
342.827709,100,974.633622
454.237207,100,974.80226
387.629981,100,974.991756
335.566778,100,975.218369
364.124065,100,987.87707
365.435196,100,988.057499
325.381151,100,988.223658
329.162247,100,988.401154
421.835366,100,988.553792
347.425386,100,988.698515
358.598227,100,988.857953
372.359123,100,989.08488
403.995626,100,989.275034
340.61163,100,989.455682
329.734071,100,1000.372385
367.138853,100,1000.54083
317.009291,100,1000.699673
384.609145,100,1000.857255
420.992914,100,1001.086022
347.005121,100,1001.282859
335.939221,100,1001.458824
413.600264,100,1001.634979
404.149465,100,1001.807915
384.708048,100,1001.986188
339.294054,100,1013.909353
341.564127,100,1014.068328
399.770805,100,1014.2176
329.203903,100,1014.37574
373.157732,100,1014.533892
355.641471,100,1014.681035
341.888316,100,1014.821252
355.646833,100,1014.978823
353.388473,100,1015.194751
314.069131,100,1015.358593
316.723624,100,1026.34362
341.582051,100,1026.480047
355.340168,100,1026.623086
403.768766,100,1026.771255
286.722732,100,1026.936791
445.204447,100,1027.157812
331.433237,100,1027.381198
355.917076,100,1027.530504
358.473341,100,1027.684799
316.595681,100,1027.854483
398.116606,100,1038.56935
340.228156,100,1038.717118
328.350913,100,1038.868182
372.608422,100,1039.048608
300.613879,100,1039.311887
350.826453,100,1039.470606
335.031556,100,1039.637467
390.449863,100,1039.794732
378.612118,100,1039.956993
304.451543,100,1040.118906
342.581119,100,1051.814736
356.405519,100,1052.002026
357.424922,100,1052.17275
375.313453,100,1052.336161
349.079013,100,1052.475827
346.714832,100,1052.616062
375.851233,100,1052.758614
388.990393,100,1052.918625
360.11744,100,1053.079163
412.115556,100,1053.24524
288.435182,100,1064.083153
305.792825,100,1064.251467
385.064826,100,1064.420613
407.348977,100,1064.571095
333.793621,100,1064.727797
411.399871,100,1064.898629
353.559964,100,1065.058947
394.168095,100,1065.201176
340.157919,100,1065.346199
437.77098,100,1065.497008
367.821339,100,1077.140279
428.131326,100,1077.314138
346.787988,100,1077.485429
409.559324,100,1077.68376
395.18182,100,1077.94241
384.059621,100,1078.146746
304.854959,100,1078.339007
363.493664,100,1078.518624
369.122732,100,1078.702782
309.127826,100,1078.903624
294.570646,100,1090.721163
335.519103,100,1090.893759
415.438827,100,1091.05243
389.555091,100,1091.199407
444.35376,100,1091.357209
388.571741,100,1091.505549
317.388953,100,1091.7316
360.653442,100,1092.060383
347.357953,100,1092.238441
354.849301,100,1092.415233
352.883123,100,1104.154815
273.099356,100,1104.342972
305.640376,100,1104.506466
386.146281,100,1104.659025
288.452526,100,1104.805762
450.255102,100,1104.973989
342.182243,100,1105.153679
347.713317,100,1105.334023
286.199602,100,1105.49365
312.791393,100,1105.644971
268.547148,100,1116.944403
416.964384,100,1117.111748
399.259798,100,1117.274855
321.277496,100,1117.452889
281.669867,100,1117.625989
360.866049,100,1117.794836
409.790922,100,1117.964509
408.641603,100,1118.176281
326.517017,100,1118.398872
382.648578,100,1118.591833
390.611905,100,1131.373481
455.085391,100,1131.541421
285.943531,100,1131.699531
436.53905,100,1131.872583
376.33367,100,1132.108949
431.08599,100,1132.409418
349.742604,100,1132.591624
349.057559,100,1132.773086
375.591225,100,1132.940579
442.296667,100,1133.101524
374.872152,100,1145.212195
361.12813,100,1145.398243
347.235767,100,1145.587667
432.308141,100,1145.761636
359.706857,100,1145.954745
450.197038,100,1146.193031
430.444435,100,1146.408347
388.312522,100,1146.557964
344.295138,100,1146.725943
354.577299,100,1146.884805
348.657177,100,1160.345899
373.96277,100,1160.597615
354.362575,100,1160.877537
357.609938,100,1161.177426
273.993744,100,1161.468714
436.285056,100,1161.763149
440.499202,100,1162.114598
282.292574,100,1162.471448
347.497708,100,1162.731131
328.313368,100,1163.048528
354.986755,100,1174.880217
403.782461,100,1175.042309
299.836237,100,1175.198964
334.370313,100,1175.369319
432.324397,100,1175.531699
317.161914,100,1175.679361
406.253652,100,1175.837862
379.85085,100,1176.00009
384.511323,100,1176.219241
420.051195,100,1176.417751
427.998146,100,1188.599962
346.976403,100,1188.755329
371.575954,100,1188.907664
360.994421,100,1189.080822
360.527852,100,1189.23758
328.18348,100,1189.397803
321.764031,100,1189.568816
434.86704,100,1189.73711
350.397619,100,1189.890419
345.867956,100,1190.055159
389.863868,100,1201.173106
364.179193,100,1201.329638
381.031116,100,1201.481607
355.593559,100,1201.62781
326.184231,100,1201.78367
410.234309,100,1201.958362
390.20034,100,1202.189839
409.697022,100,1202.401632
333.695931,100,1202.576424
302.407539,100,1202.733781
419.931661,100,1215.061805
358.079927,100,1215.231594
439.325557,100,1215.398821
365.782582,100,1215.561319
345.65699,100,1215.714806
302.974428,100,1215.885284
469.502534,100,1216.076268
409.57632,100,1216.345398
321.716311,100,1216.524173
336.065993,100,1216.698506
280.34673,100,1229.234882
344.21447,100,1229.434796
275.878956,100,1229.631956
367.851798,100,1229.821099
343.585043,100,1230.019446
365.483842,100,1230.318465
436.558407,100,1230.499907
409.886996,100,1230.690661
388.588856,100,1230.856267
351.060537,100,1231.029554
346.040734,100,1243.602023
407.633671,100,1243.756995
368.093967,100,1243.929646
416.347493,100,1244.093256
361.521413,100,1244.335493
375.607892,100,1244.481189
354.848067,100,1244.653312
341.597303,100,1244.806611
325.655387,100,1244.957277
372.470704,100,1245.115546
335.779758,100,1257.451859
359.832919,100,1257.774817
383.120799,100,1258.110581
294.928683,100,1258.443888
336.946813,100,1258.718694
298.388666,100,1259.034621
257.304543,100,1259.365208
287.194021,100,1259.691298
286.295416,100,1260.021161
330.691363,100,1260.377453
359.872742,100,1273.576442
381.740756,100,1273.739234
403.289008,100,1273.921006
349.864243,100,1274.092643
417.444609,100,1274.252055
311.242319,100,1274.515606
301.223375,100,1274.677095
343.623872,100,1274.866429
350.739946,100,1275.037356
322.362812,100,1275.200958
329.644377,100,1287.196941
431.297623,100,1287.356223
347.157653,100,1287.521163
266.762605,100,1287.679555
386.248259,100,1287.84472
339.720175,100,1288.007736
417.16327,100,1288.157765
305.497055,100,1288.337344
423.356287,100,1288.577295
330.479,100,1288.735601
429.274794,100,1301.518886
409.44233,100,1301.681272
442.50896,100,1301.839744
410.360437,100,1302.024086
392.103208,100,1302.20282
307.282748,100,1302.41672
302.367198,100,1302.622592
369.51995,100,1302.768152
435.267892,100,1302.935319
267.046732,100,1303.08724
402.131355,100,1315.242877
426.895348,100,1315.3904
382.207876,100,1315.544735
384.418946,100,1315.727905
358.567687,100,1315.877308
384.415621,100,1316.028754
443.565379,100,1316.175015
412.192306,100,1316.353869
365.40168,100,1316.589347
363.076946,100,1316.730503
334.103739,100,1327.78807
304.963442,100,1327.938357
357.168525,100,1328.086905
313.41961,100,1328.267424
385.889243,100,1328.421854
392.981145,100,1328.602709
367.846203,100,1328.840696
340.163798,100,1329.006154
347.375326,100,1329.170235
325.618752,100,1329.318627
324.557456,100,1344.297048
410.115246,100,1344.435685
335.725753,100,1344.600988
373.754429,100,1344.833995
257.924707,100,1345.009872
428.811391,100,1345.192994
412.826895,100,1345.366078
345.38697,100,1345.536757
342.810312,100,1345.689619
328.193163,100,1345.841633
324.875133,100,1358.148996
388.943335,100,1358.3031
350.825779,100,1358.438481
300.873602,100,1358.580007
322.535893,100,1358.723208
368.062986,100,1358.973941
334.935557,100,1359.155565
406.951035,100,1359.335304
323.190164,100,1359.4962
373.486319,100,1359.641706
428.09421,100,1371.059777
382.070741,100,1371.245587
402.338152,100,1371.44046
412.431334,100,1371.610379
406.999439,100,1371.780931
387.563713,100,1371.984222
329.426731,100,1372.205016
275.643531,100,1372.389261
301.196369,100,1372.597834
326.047025,100,1372.827745
384.637235,100,1385.778565
344.301526,100,1385.958472
416.139912,100,1386.13596
337.929991,100,1386.302193
370.977756,100,1386.466979
412.226221,100,1386.64629
291.936902,100,1386.828336
322.821344,100,1387.092194
356.845466,100,1387.3411
328.930241,100,1387.560002
367.064104,100,1399.855221
332.764275,100,1400.03648
291.444806,100,1400.212221
372.819389,100,1400.387002
453.738414,100,1400.557067
303.961529,100,1400.741384
431.381529,100,1400.926266
315.170549,100,1401.137754
345.03983,100,1401.389363
326.80122,100,1401.530912
444.881451,100,1413.69308
333.913202,100,1413.86274
376.105306,100,1414.029258
422.068733,100,1414.184516
338.653209,100,1414.341285
280.116157,100,1414.49243
429.76103,100,1414.654057
392.762032,100,1414.83363
348.961796,100,1415.005272
269.315774,100,1415.262186
328.698007,100,1428.618223
395.850728,100,1428.777959
443.765672,100,1428.937704
411.96797,100,1429.106072
411.500975,100,1429.267518
343.668901,100,1429.558978
426.086375,100,1429.738149
431.472448,100,1429.923122
329.544959,100,1430.095165
338.8804,100,1430.261013
277.296461,100,1445.492712
334.747729,100,1445.683264
403.32205,100,1445.876354
304.626133,100,1446.05569
366.087239,100,1446.215778
393.234277,100,1446.381472
405.59222,100,1446.540495
313.667923,100,1446.701483
399.599237,100,1446.853961
289.020399,100,1447.04866
419.38139,100,1461.059648
372.017951,100,1461.387509
361.910564,100,1461.692563
376.788698,100,1462.073076
351.560511,100,1462.534544
341.552465,100,1462.908998
396.729243,100,1463.25656
387.237208,100,1463.648845
321.455504,100,1463.959612
342.687692,100,1464.277655
262.382931,100,1483.31385
313.852603,100,1483.509514
348.324429,100,1483.705189
319.276389,100,1484.053465
412.892596,100,1484.240638
346.517121,100,1484.463149
356.669927,100,1484.704237
330.319536,100,1484.902467
324.532793,100,1485.109655
366.024887,100,1485.297316
436.214422,100,1500.002411
396.314081,100,1500.210373
366.568572,100,1500.425887
431.528593,100,1500.621266
389.930508,100,1500.809041
428.378094,100,1501.091353
379.507641,100,1501.261457
328.062066,100,1501.437403
313.58697,100,1501.627809
371.896054,100,1501.808665
419.419268,100,1517.502436
304.551676,100,1517.679722
323.961975,100,1517.857833
347.490672,100,1518.067637
350.767424,100,1518.299337
333.585985,100,1518.465673
297.678299,100,1518.72011
290.746523,100,1518.978828
361.284463,100,1519.294696
439.739965,100,1519.542105
441.901234,100,1532.789496
428.630298,100,1533.028172
442.867109,100,1533.262588
385.92066,100,1533.40826
446.479611,100,1533.595515
340.177639,100,1533.76607
442.664459,100,1533.925601
381.942642,100,1534.102561
354.913247,100,1534.280159
395.808538,100,1534.438625
394.55881,100,1546.237626
338.563772,100,1546.417598
444.165038,100,1546.586258
355.816139,100,1546.775139
362.817746,100,1547.012184
330.569439,100,1547.232946
263.039312,100,1547.414515
303.472591,100,1547.606133
423.576503,100,1547.805398
453.297834,100,1547.995022
309.647445,100,1562.303199
315.242069,100,1562.455956
383.815035,100,1562.632406
382.722549,100,1562.783872
298.90922,100,1562.940652
392.548621,100,1563.201392
371.812326,100,1563.387993
436.563736,100,1563.565774
343.20205,100,1563.724008
290.530305,100,1563.874567
362.299647,100,1577.634387
393.61062,100,1577.799052
372.114204,100,1577.972206
331.45414,100,1578.157424
355.03423,100,1578.342839
382.096074,100,1578.499277
433.940138,100,1578.656147
357.732045,100,1578.823973
356.150974,100,1578.98144
313.602044,100,1579.252654
387.422234,100,1592.630636
355.055619,100,1592.794213
399.978652,100,1592.964642
368.818622,100,1593.171159
392.106997,100,1593.404894
382.004318,100,1593.563113
365.231269,100,1593.746516
333.108707,100,1593.900017
395.306478,100,1594.059446
272.286796,100,1594.212976
427.012511,100,1606.560036
340.194345,100,1606.726094
385.767073,100,1606.873489
307.243553,100,1607.02512
379.841113,100,1607.216311
354.290669,100,1607.4342
314.169006,100,1607.587831
336.997996,100,1607.761981
385.221567,100,1607.914697
323.679384,100,1608.070995
331.642978,100,1620.217801
398.317857,100,1620.40238
305.204909,100,1620.561725
451.969365,100,1620.743855
349.89376,100,1620.918113
318.001392,100,1621.081676
312.436161,100,1621.36937
311.181832,100,1621.564602
405.510928,100,1621.75445
324.944652,100,1621.910353
311.952836,100,1633.727784
379.402267,100,1633.908033
379.631173,100,1634.08828
437.467753,100,1634.255168
368.92177,100,1634.424125
366.060595,100,1634.60252
315.771853,100,1634.795974
305.440203,100,1634.969943
358.05114,100,1635.16215
423.626355,100,1635.390138
376.626503,100,1647.298433
392.465578,100,1647.46763
407.103578,100,1647.614673
439.509046,100,1647.783284
436.455065,100,1647.931648
361.820284,100,1648.090432
374.902973,100,1648.239414
426.544864,100,1648.390209
455.522485,100,1648.53334
336.198195,100,1648.684577
378.207501,100,1659.921388
400.509448,100,1660.078194
346.875881,100,1660.235282
327.061583,100,1660.386851
365.017313,100,1660.54916
307.746524,100,1660.70521
389.140753,100,1660.865356
375.484687,100,1661.02535
342.714564,100,1661.232133
426.82095,100,1661.437018
392.544032,100,1673.029123
391.378419,100,1673.227125
344.136944,100,1673.443124
283.063978,100,1673.587619
314.208932,100,1673.772086
402.714439,100,1673.931076
318.921878,100,1674.070169
303.31717,100,1674.211987
374.022892,100,1674.373164
450.871003,100,1674.513743
367.652687,100,1686.259979
424.126914,100,1686.416678
365.032796,100,1686.569738
401.84105,100,1686.727871
386.545473,100,1686.883742
428.675533,100,1687.032785
357.069676,100,1687.179166
353.697907,100,1687.333166
404.793562,100,1687.499547
355.249195,100,1687.757807
374.536053,100,1699.698035
390.578984,100,1699.89366
433.024379,100,1700.123582
340.866362,100,1700.297845
370.093219,100,1700.481796
423.934536,100,1700.688354
360.635086,100,1700.883096
416.697069,100,1701.064212
414.564268,100,1701.233439
422.512616,100,1701.398366
421.838675,100,1713.027726
287.800578,100,1713.181589
409.015734,100,1713.338742
355.383023,100,1713.498613
362.441099,100,1713.774667
329.224708,100,1713.964963
316.566603,100,1714.1499
340.762178,100,1714.327587
325.07415,100,1714.502664
413.687065,100,1714.67457
377.546306,100,1730.027121
365.798937,100,1730.204877
368.972315,100,1730.384326
447.6186,100,1730.558629
364.426552,100,1730.744147
374.106562,100,1730.919178
337.72406,100,1731.100984
341.066129,100,1731.292313
424.010245,100,1731.476423
417.145148,100,1731.752651
322.361775,100,1.564379
291.236938,100,1.793916
378.910605,100,1.997588
453.955305,100,2.201854
350.546414,100,2.368544
414.77458,100,2.546808
360.373728,100,2.698846
327.409195,100,2.867244
285.684535,100,3.037967
411.213779,100,3.195878
411.616628,100,14.904779
408.694266,100,15.071817
431.860427,100,15.237754
380.124653,100,15.409313
326.537995,100,15.592012
380.972045,100,15.836945
331.914438,100,16.031054
296.204745,100,16.19951
415.884804,100,16.3715
353.881924,100,16.543157
365.275743,100,29.502759
374.44866,100,29.684961
411.895784,100,29.87217
344.874605,100,30.078639
417.759657,100,30.280706
329.977592,100,30.576814
340.174644,100,30.767127
388.995746,100,30.970676
338.680317,100,31.168928
380.680852,100,31.358446
419.53705,100,46.163223
407.615836,100,46.412728
309.347468,100,46.642192
349.014994,100,46.848258
340.672604,100,47.04883
373.75421,100,47.271492
394.494657,100,47.474671
356.42908,100,47.654049
368.68061,100,47.803391
397.923212,100,47.967703
361.723344,100,60.110888
313.19442,100,60.269601
369.906527,100,60.535025
408.985969,100,60.701837
381.648405,100,60.877731
386.001347,100,61.055736
360.37833,100,61.227609
463.27557,100,61.393093
353.049142,100,61.581704
404.620522,100,61.750706
343.337233,100,74.98078
345.23612,100,75.145141
383.675707,100,75.330715
377.678864,100,75.510504
342.160236,100,75.670988
423.338826,100,75.834752
344.348058,100,75.984905
413.569487,100,76.136128
401.939542,100,76.288471
337.909779,100,76.541362
358.153155,100,89.133063
441.667613,100,89.313839
360.64246,100,89.497828
297.47023,100,89.680208
316.090314,100,89.873928
408.322703,100,90.068836
365.025496,100,90.271801
344.72937,100,90.475657
391.98047,100,90.75603
372.796509,100,90.94889
364.538513,100,103.874436
401.741604,100,104.028854
372.562385,100,104.17652
411.357217,100,104.331476
363.06863,100,104.549938
381.098364,100,104.770926
462.664344,100,104.945757
353.859818,100,105.101564
320.413801,100,105.272142
397.554031,100,105.451125
316.713617,100,117.712929
366.855752,100,117.90571
412.119566,100,118.091285
446.482166,100,118.271264
385.584366,100,118.457965
359.626783,100,118.721517
406.154078,100,118.950783
435.752215,100,119.124746
368.707693,100,119.294895
444.963988,100,119.44971
399.552156,100,131.4478
428.972264,100,131.595318
356.777316,100,131.771798
346.42024,100,131.933298
294.13846,100,132.099046
434.634858,100,132.301127
412.757818,100,132.479076
382.871135,100,132.726607
356.23408,100,132.880254
413.854376,100,133.045906
396.003866,100,145.308637
387.289438,100,145.480427
341.759265,100,145.638473
455.646702,100,145.803588
367.683248,100,145.974495
347.043082,100,146.156943
452.87197,100,146.339602
418.255785,100,146.548612
356.245263,100,146.753959
392.554506,100,146.925269
287.893303,100,159.418001
413.689887,100,159.559565
365.663386,100,159.715017
423.073225,100,159.87745
362.999189,100,160.028245
308.460746,100,160.180843
390.686028,100,160.330508
438.723344,100,160.475031
364.642622,100,160.615917
424.516235,100,160.873991
380.331967,100,171.961316
258.927632,100,172.112022
328.553628,100,172.27819
384.506755,100,172.446814
463.325149,100,172.589431
338.691988,100,172.846004
326.639619,100,173.023858
379.49339,100,173.222072
332.258196,100,173.375793
438.406871,100,173.521535
338.36374,100,187.35814
281.000141,100,187.568005
444.255428,100,187.73984
269.87565,100,187.897211
363.032247,100,188.052037
348.767744,100,188.216401
242.044285,100,188.396295
322.033963,100,188.563827
361.333453,100,188.783785
344.738359,100,188.988
340.810695,100,203.437842
394.54428,100,203.673406
381.278888,100,203.91496
352.786784,100,204.224277
342.259379,100,204.543232
318.112946,100,204.844974
362.209194,100,205.069283
470.200677,100,205.334172
383.137941,100,205.636233
410.46738,100,205.935952
464.416678,100,218.322051
355.166898,100,218.486417
345.214626,100,218.78773
364.726996,100,219.059632
443.993586,100,219.350981
392.415116,100,219.721819
421.46571,100,220.088563
295.614661,100,220.455501
439.098776,100,220.868317
386.580481,100,221.194118
394.655905,100,233.952343
354.507261,100,234.102382
351.303658,100,234.262069
356.798109,100,234.429366
373.824832,100,234.580759
341.15575,100,234.77929
355.773623,100,234.989584
326.300355,100,235.164037
375.004691,100,235.320904
275.387346,100,235.482178
407.589429,100,247.991074
294.094936,100,248.145746
307.927353,100,248.305155
357.37791,100,248.460082
368.245977,100,248.602841
369.346773,100,248.818084
307.496652,100,248.999333
374.372487,100,249.162766
307.86383,100,249.328414
321.533964,100,249.482859
365.256914,100,261.27077
459.251171,100,261.4528
349.842416,100,261.63866
373.668436,100,261.812979
361.331761,100,261.994722
405.777376,100,262.164148
344.313337,100,262.371048
409.044752,100,262.55223
289.566836,100,262.773942
400.111641,100,263.00955
339.236252,100,275.796988
285.336809,100,275.939622
343.113687,100,276.088316
321.166988,100,276.24159
414.84798,100,276.377169
329.163869,100,276.510971
414.986755,100,276.646578
347.997195,100,276.795035
327.794175,100,277.043463
388.16606,100,277.185661
417.065463,100,288.046544
410.591337,100,288.206559
418.562811,100,288.344902
381.676097,100,288.493664
348.676205,100,288.629556
375.979524,100,288.769181
373.67248,100,289.020954
399.429694,100,289.210049
339.867556,100,289.399723
363.479157,100,289.568471
392.095343,100,303.297211
472.470828,100,303.473937
290.459788,100,303.626273
357.482252,100,303.773628
379.993279,100,303.920083
329.797772,100,304.065954
401.96122,100,304.21997
362.20834,100,304.372977
397.518886,100,304.541877
428.558044,100,304.694045
353.416955,100,316.652482
380.230388,100,316.798744
366.132835,100,316.948763
393.340812,100,317.0997
417.064986,100,317.259652
397.822357,100,317.505343
392.11259,100,317.708442
372.423337,100,317.872223
399.020084,100,318.060046
434.030505,100,318.227081
355.545545,100,328.808197
410.525248,100,328.943261
430.41875,100,329.075005
396.599391,100,329.214381
415.480692,100,329.353281
418.838995,100,329.585008
370.224019,100,329.739499
334.81193,100,329.961725
461.741938,100,330.119803
429.858371,100,330.284894
369.823832,100,343.227161
447.714663,100,343.383767
366.417028,100,343.640536
345.014134,100,343.781599
415.321864,100,343.938286
417.460437,100,344.087659
347.576827,100,344.229923
363.136324,100,344.383666
376.996411,100,344.548153
421.008919,100,344.70377
303.387553,100,356.258975
321.522205,100,356.43679
284.641669,100,356.588448
322.021228,100,356.730939
423.772869,100,356.874497
327.719549,100,357.019388
314.411965,100,357.199157
340.772818,100,357.383889
320.563662,100,357.535621
347.367526,100,357.681535
318.623682,100,369.352929
381.363394,100,369.506256
437.049569,100,369.667857
323.093414,100,369.814908
320.925606,100,370.014485
412.669549,100,370.244258
431.134767,100,370.39557
313.396828,100,370.572501
392.608841,100,370.731273
376.920181,100,370.881686
302.085365,100,382.633978
342.140416,100,382.822854
403.75682,100,382.988858
381.140981,100,383.148919
462.989645,100,383.291485
408.383515,100,383.439566
340.547028,100,383.580821
385.278812,100,383.723746
376.450376,100,383.87281
417.878872,100,384.009771
411.091115,100,395.546947
348.138685,100,395.715165
414.963048,100,395.886302
310.418454,100,396.050843
409.054523,100,396.226697
412.514673,100,396.412512
415.119682,100,396.578172
391.083791,100,396.757851
399.459307,100,397.042294
330.48031,100,397.233862
405.883674,100,410.106706
406.911608,100,410.388981
334.526019,100,410.669112
442.990167,100,410.979203
373.257213,100,411.223168
426.244585,100,411.515035
425.502741,100,411.786921
407.867833,100,412.066289
352.691943,100,412.357217
368.10857,100,412.65115
276.551679,100,426.232012
417.137339,100,426.380219
398.434765,100,426.528074
366.864044,100,426.667868
312.94728,100,426.879035
415.65339,100,427.076998
388.732244,100,427.24696
353.964033,100,427.427527
347.858454,100,427.585604
409.397646,100,427.737263
470.94836,100,438.719781
332.224532,100,438.895715
443.202616,100,439.127889
451.491261,100,439.273331
412.064141,100,439.441898
335.842181,100,439.592706
370.567641,100,439.746096
393.407975,100,439.904485
394.405025,100,440.050733
374.110835,100,440.197752
325.47233,100,455.704319
401.701865,100,455.845087
392.811735,100,455.988119
450.336684,100,456.14836
401.902926,100,456.295057
331.606159,100,456.441462
344.587897,100,456.577762
415.830365,100,456.719454
401.071001,100,456.884036
370.431108,100,457.080682
321.325655,100,467.769405
403.280646,100,467.931931
294.096311,100,468.088239
393.080061,100,468.243237
352.273613,100,468.414904
345.209505,100,468.568802
427.108974,100,468.716216
387.408204,100,468.887129
432.725328,100,469.121733
339.369556,100,469.288563
442.519518,100,479.954871
300.789147,100,480.132931
339.124316,100,480.304695
416.746764,100,480.474901
361.899287,100,480.632836
293.226252,100,480.789834
294.874242,100,480.940392
403.774466,100,481.118498
344.313739,100,481.337728
282.011976,100,481.555102
361.181831,100,492.820099
433.582501,100,492.972395
319.252968,100,493.128878
352.874885,100,493.340248
315.39351,100,493.579547
371.309781,100,493.72972
324.396736,100,493.893048
382.222134,100,494.038553
327.951822,100,494.189579
290.415091,100,494.345899
375.341978,100,505.838989
304.780156,100,506.01713
367.986359,100,506.163157
432.557046,100,506.320246
457.168913,100,506.488205
394.771255,100,506.648523
340.31221,100,506.794427
401.886804,100,506.949035
385.944484,100,507.108696
352.046144,100,507.326183
356.370762,100,519.080711
404.184414,100,519.325781
395.354177,100,519.545783
394.596295,100,519.763556
415.633335,100,520.001076
456.781972,100,520.172526
354.418027,100,520.351347
299.519535,100,520.509261
387.015238,100,520.655865
447.178129,100,520.800082
306.090482,100,531.885024
358.546632,100,532.045186
394.904926,100,532.218407
347.003969,100,532.403857
331.044242,100,532.56927
346.550086,100,532.738494
369.937117,100,532.904854
366.752788,100,533.071548
356.659585,100,533.236813
446.80123,100,533.498482
356.873801,100,548.850974
396.283696,100,549.000833
330.23103,100,549.15626
417.600356,100,549.358934
260.42936,100,549.56568
365.665746,100,549.726663
395.488919,100,549.891526
396.455875,100,550.0469
288.358472,100,550.211154
427.924259,100,550.366377
406.510048,100,564.916458
400.957583,100,565.072952
313.632255,100,565.226047
436.286777,100,565.478642
466.082104,100,565.63356
381.40214,100,565.788601
336.257828,100,565.957173
370.099964,100,566.10828
333.99561,100,566.268466
387.020717,100,566.432475
316.549059,100,578.173287
411.638092,100,578.327255
309.11028,100,578.482079
427.690372,100,578.628096
394.993799,100,578.771951
363.837102,100,578.917594
392.12834,100,579.061636
294.343624,100,579.213666
357.395273,100,579.463215
364.23997,100,579.617316
342.143226,100,590.938537
351.883381,100,591.070304
355.673379,100,591.211574
350.34755,100,591.460857
339.674979,100,591.644205
382.445507,100,591.809279
323.003284,100,591.958251
397.567408,100,592.098106
378.132908,100,592.276003
403.522743,100,592.445178
407.773506,100,603.487133
405.092114,100,603.730463
459.145827,100,603.967814
379.921836,100,604.271474
414.051609,100,604.568386
422.876208,100,604.868833
324.122593,100,605.159958
375.859471,100,605.467979
340.196595,100,605.708372
350.977389,100,605.970177
387.778715,100,617.718135
368.113435,100,617.892008
436.276842,100,618.027016
381.462506,100,618.171156
342.274958,100,618.314903
361.66849,100,618.466295
432.661568,100,618.619852
324.463414,100,618.76226
342.340188,100,618.899329
364.454343,100,619.037751
328.64879,100,632.551831
408.06603,100,632.708597
339.032793,100,632.860139
363.655066,100,633.024137
411.54575,100,633.181283
330.72457,100,633.350833
386.696846,100,633.515629
347.32016,100,633.690843
383.996339,100,633.91161
386.949937,100,634.075637
372.792867,100,645.631222
341.414839,100,645.926776
454.292876,100,646.166314
321.386197,100,646.37035
404.29761,100,646.536583
428.909019,100,646.706767
367.424011,100,646.91898
440.132475,100,647.085097
394.75316,100,647.273216
327.131507,100,647.47717
459.598496,100,660.563189
296.79098,100,660.715781
370.06951,100,660.877051
416.742372,100,661.042143
380.165034,100,661.199056
334.547254,100,661.348444
333.177672,100,661.512557
414.298523,100,661.691867
357.041976,100,661.952186
467.416171,100,662.108619
283.625034,100,675.784906
324.380424,100,676.128763
311.264156,100,676.432671
356.200566,100,676.668048
355.860043,100,676.897171
373.166575,100,677.126836
381.609086,100,677.291999
376.675344,100,677.549494
334.417802,100,677.74155
328.418696,100,677.933007
341.186011,100,691.62679
362.601132,100,691.778042
316.377393,100,691.945931
396.321039,100,692.21596
323.363153,100,692.378186
383.08347,100,692.557777
330.967925,100,692.712638
327.18387,100,692.872179
315.707336,100,693.033629
395.055265,100,693.214495
393.568699,100,706.713866
389.092714,100,706.932409
435.022457,100,707.125591
395.599409,100,707.327134
371.843387,100,707.504124
364.096054,100,707.682026
346.490778,100,707.851812
380.697432,100,708.089035
337.787965,100,708.328423
333.379897,100,708.531801
309.983005,100,721.647731
357.795226,100,721.821329
340.917269,100,721.969007
389.19188,100,722.126655
359.51144,100,722.363572
387.939518,100,722.572951
300.070373,100,722.763544
391.782891,100,722.945661
378.334422,100,723.098635
441.481246,100,723.301745
362.785254,100,736.451604
397.534233,100,736.620946
304.404752,100,736.817804
317.510772,100,736.987118
322.515492,100,737.156018
378.297951,100,737.364584
437.44905,100,737.584214
399.503711,100,737.766126
395.931464,100,737.941801
427.330537,100,738.107331
420.431258,100,751.946678
423.338795,100,752.242225
418.685058,100,752.523184
330.347739,100,752.762489
347.941236,100,753.031307
291.765263,100,753.332133
349.597091,100,753.637095
318.491527,100,753.939617
417.0625,100,754.24043
355.975385,100,754.580978
316.365922,100,767.608331
381.425869,100,767.759684
381.970706,100,767.93399
395.031967,100,768.086606
310.267795,100,768.256499
371.847696,100,768.49446
328.136876,100,768.672976
359.958628,100,768.829778
375.591581,100,768.99449
420.772077,100,769.223422
363.485664,100,781.253724
425.279517,100,781.415629
371.173074,100,781.580389
407.674516,100,781.721504
374.207788,100,781.871894
438.891997,100,782.012905
384.926837,100,782.15378
395.060588,100,782.394272
324.227672,100,782.561626
394.037114,100,782.731024
363.344999,100,794.504162
356.007706,100,794.659674
399.239177,100,794.828697
368.969026,100,794.974116
338.261972,100,795.128126
483.086052,100,795.287149
444.848544,100,795.450528
325.891109,100,795.623605
399.975877,100,795.772115
248.470867,100,795.93014
416.295642,100,807.057719
424.474069,100,807.22003
419.274178,100,807.411527
382.671202,100,807.589677
273.081478,100,807.744438
432.442588,100,807.900459
423.743136,100,808.042872
370.431645,100,808.187983
302.010656,100,808.448039
327.322323,100,808.607527
409.165472,100,819.995753
316.241492,100,820.132059
375.971137,100,820.344749
379.874492,100,820.561644
429.017947,100,820.744277
427.079977,100,820.921005
370.128122,100,821.089056
443.498352,100,821.278999
359.467567,100,821.46147
321.36185,100,821.624963
435.278392,100,834.93732
366.387966,100,835.081467
373.65358,100,835.230685
433.746457,100,835.386266
356.754913,100,835.547026
325.516896,100,835.703104
373.022608,100,835.877893
438.784888,100,836.047747
407.583727,100,836.211498
455.211138,100,836.424899
329.258814,100,851.517187
363.74407,100,851.673435
339.158154,100,851.824668
407.718234,100,851.979443
347.180232,100,852.136396
338.638325,100,852.307453
431.803983,100,852.567629
305.552142,100,852.741485
412.080813,100,852.906524
295.80082,100,853.052429
301.936434,100,865.149711
333.687578,100,865.318061
382.47854,100,865.494025
410.449902,100,865.663315
323.997793,100,865.835462
338.64483,100,865.994776
409.021122,100,866.150812
318.149149,100,866.304286
411.285059,100,866.574682
334.337941,100,866.723437
416.896243,100,878.452673
397.335998,100,878.830101
444.345056,100,879.191871
368.716467,100,879.420573
361.160775,100,879.573405
441.392761,100,879.727413
373.63311,100,879.879053
346.67192,100,880.034089
385.749198,100,880.182709
325.945701,100,880.343746
395.429859,100,892.382025
373.666666,100,892.542064
335.541099,100,892.88728
424.795611,100,893.076032
328.879556,100,893.275203
390.441186,100,893.435528
303.740052,100,893.603446
300.421541,100,893.765209
386.718884,100,893.957072
319.075688,100,894.132904
395.421759,100,906.330426
315.323565,100,906.495464
327.710693,100,906.653556
322.597466,100,906.934222
323.936112,100,907.113817
448.531915,100,907.333251
347.614838,100,907.564814
336.024818,100,907.759107
426.058533,100,907.955269
355.294496,100,908.13688
387.580026,100,921.936563
286.26477,100,922.125697
336.068973,100,922.341321
406.105804,100,922.549176
342.706929,100,922.764827
392.652389,100,923.012297
304.254047,100,923.201247
405.564795,100,923.388782
356.940315,100,923.575264
407.566073,100,923.740493
292.353348,100,935.366101
337.73013,100,935.51826
403.226275,100,935.661332
404.194335,100,935.810818
323.620173,100,935.960257
379.257653,100,936.102494
342.085011,100,936.263393
405.165483,100,936.431924
424.821792,100,936.58355
319.78065,100,936.767047
411.377435,100,949.883723
383.49427,100,950.049833
326.625595,100,950.221639
421.851687,100,950.395254
394.404558,100,950.557103
297.776956,100,950.712926
356.677071,100,950.976525
419.933681,100,951.169006
338.778191,100,951.381666
345.096331,100,951.540117
381.103756,100,962.563063
407.967376,100,962.708715
407.250714,100,962.905095
337.997599,100,963.121476
361.503108,100,963.296959
436.936659,100,963.464445
386.878177,100,963.613496
454.58133,100,963.771519
308.026227,100,963.924983
400.949862,100,964.076047
351.468564,100,975.792871
363.40531,100,975.956395
406.238206,100,976.113764
346.705568,100,976.277788
355.577914,100,976.433229
403.920927,100,976.588275
313.954042,100,976.740721
369.226059,100,976.896332
430.439474,100,977.168006
426.576598,100,977.354077
335.801846,100,989.663333
415.267065,100,989.839209
365.615555,100,990.008098
344.505602,100,990.187381
413.825445,100,990.36347
425.25811,100,990.529445
367.935034,100,990.684257
328.77249,100,990.841853
373.82861,100,991.074949
403.336471,100,991.281731
358.575512,100,1003.047045
411.66115,100,1003.31353
352.774488,100,1003.527689
345.56443,100,1003.710939
436.347976,100,1003.875455
336.731041,100,1004.047781
330.482904,100,1004.223
460.373981,100,1004.385049
385.540714,100,1004.552526
335.597156,100,1004.720979
368.493214,100,1015.897046
370.838192,100,1016.041248
323.980162,100,1016.199117
311.582457,100,1016.364691
422.400681,100,1016.525126
341.095334,100,1016.671518
349.770742,100,1016.81358
352.181827,100,1016.960589
407.845119,100,1017.101951
357.548106,100,1017.338001
318.017547,100,1032.635231
353.695857,100,1032.793396
320.471617,100,1032.948587
391.436802,100,1033.12661
433.795343,100,1033.390152
334.984755,100,1033.564778
341.604889,100,1033.748896
409.15748,100,1033.886985
400.998322,100,1034.033586
374.30784,100,1034.176721
336.55074,100,1045.156439
332.590236,100,1045.418078
412.457638,100,1045.57466
308.528073,100,1045.755209
352.023295,100,1045.898496
349.255978,100,1046.038415
333.154844,100,1046.183003
365.357454,100,1046.344396
355.720681,100,1046.508387
332.680133,100,1046.644616
317.373732,100,1058.154924
329.372068,100,1058.303102
346.034894,100,1058.45312
377.234148,100,1058.598169
289.247044,100,1058.745016
447.888863,100,1058.887691
318.647971,100,1059.050183
360.127526,100,1059.238831
357.550672,100,1059.478919
315.037585,100,1059.689078
403.777754,100,1070.949485
349.981946,100,1071.095209
323.813714,100,1071.24599
395.740452,100,1071.442535
311.054654,100,1071.671777
364.052175,100,1071.838919
332.218689,100,1071.996961
383.377114,100,1072.142131
383.632907,100,1072.31552
297.784268,100,1072.475882
344.288004,100,1085.996811
333.513519,100,1086.184564
363.629313,100,1086.369519
367.613782,100,1086.542582
344.330692,100,1086.709549
360.365031,100,1086.869963
361.671514,100,1087.054021
391.3798,100,1087.220513
356.133355,100,1087.475744
418.647624,100,1087.775946
302.207871,100,1102.559191
308.685944,100,1102.714666
358.990046,100,1102.863962
415.592851,100,1103.015402
338.183439,100,1103.169998
402.386709,100,1103.32703
355.556132,100,1103.477579
391.390261,100,1103.629147
348.339967,100,1103.874118
440.832249,100,1104.044096
368.253699,100,1115.33174
428.601837,100,1115.494023
350.823348,100,1115.661299
405.440285,100,1115.928328
396.29198,100,1116.09155
382.883526,100,1116.25863
313.462721,100,1116.421913
380.866446,100,1116.565719
375.965136,100,1116.72527
318.062,100,1116.881409
293.16757,100,1127.764738
338.890005,100,1127.919185
401.586484,100,1128.128154
387.295153,100,1128.344808
440.8667,100,1128.512348
386.955532,100,1128.681297
320.547432,100,1128.830211
354.131797,100,1128.974103
332.931267,100,1129.121762
348.900693,100,1129.271432
346.153567,100,1141.061648
264.985307,100,1141.222262
297.251877,100,1141.390558
408.625998,100,1141.549163
292.976606,100,1141.708044
464.03869,100,1141.932648
364.715834,100,1142.169175
348.602708,100,1142.412775
284.603272,100,1142.620559
315.883168,100,1142.801115
264.765506,100,1154.731737
407.010931,100,1154.863918
403.10203,100,1155.007761
320.953916,100,1155.15771
293.443879,100,1155.308801
361.686288,100,1155.462548
409.131629,100,1155.604567
387.45388,100,1155.758165
327.043751,100,1155.902422
370.05672,100,1156.074723
368.946887,100,1169.268178
465.183304,100,1169.422683
299.706357,100,1169.55662
411.135352,100,1169.686974
366.517213,100,1169.821501
442.900872,100,1169.975448
342.532394,100,1170.152885
337.553104,100,1170.398781
376.1167,100,1170.546088
428.806148,100,1170.710063
363.148484,100,1181.845897
370.870533,100,1181.985668
341.865425,100,1182.162783
429.935793,100,1182.413271
358.853851,100,1182.567228
452.541136,100,1182.728119
429.691174,100,1182.894523
382.836982,100,1183.03343
346.731433,100,1183.169459
340.303393,100,1183.328975
342.584943,100,1195.868806
360.243939,100,1196.033749
355.430537,100,1196.325818
365.10431,100,1196.509173
283.452986,100,1196.702211
431.999749,100,1196.887236
441.755104,100,1197.053686
271.323553,100,1197.238639
346.8916,100,1197.436905
338.72731,100,1197.618099
352.142947,100,1209.200291
383.243094,100,1209.379764
310.090739,100,1209.557744
370.987521,100,1209.727229
429.890652,100,1209.913226
333.306794,100,1210.080682
395.698321,100,1210.378834
366.836809,100,1210.564957
368.184445,100,1210.764588
422.155146,100,1210.938326
423.566563,100,1223.705466
342.148965,100,1223.869254
376.894815,100,1224.029511
340.386015,100,1224.199495
384.427751,100,1224.415819
325.563123,100,1224.62993
308.849364,100,1224.804938
417.049853,100,1224.98758
359.3421,100,1225.144586
361.600065,100,1225.309268
391.434566,100,1236.91304
370.361734,100,1237.067333
370.903494,100,1237.202781
347.188119,100,1237.356962
326.700369,100,1237.523106
409.660458,100,1237.686727
407.418367,100,1237.832012
409.018049,100,1237.99069
295.612642,100,1238.133365
300.814346,100,1238.280455
421.293391,100,1251.751248
337.508768,100,1251.906326
433.233797,100,1252.056126
378.540929,100,1252.202696
343.115993,100,1252.35856
301.535131,100,1252.511904
473.183216,100,1252.781623
429.459088,100,1252.942484
314.668925,100,1253.11925
323.095188,100,1253.26872
292.88306,100,1265.797362
346.356357,100,1265.968981
286.109931,100,1266.140557
370.678408,100,1266.304018
356.140295,100,1266.469778
370.477543,100,1266.633612
436.423282,100,1266.893238
417.196069,100,1267.071469
388.75801,100,1267.232257
338.182995,100,1267.419185
349.235334,100,1279.223403
396.519809,100,1279.396564
336.793545,100,1279.563401
411.72259,100,1279.735637
349.564499,100,1279.910788
358.854145,100,1280.061948
377.357881,100,1280.217326
341.910338,100,1280.392728
302.466118,100,1280.544045
386.990239,100,1280.70362
340.696949,100,1291.611125
354.700815,100,1291.758841
371.938447,100,1291.909988
298.103257,100,1292.055856
332.884672,100,1292.195145
305.07569,100,1292.342279
251.087233,100,1292.482545
280.878791,100,1292.624846
291.933129,100,1292.841199
345.688778,100,1293.027492
361.111215,100,1303.418552
381.385536,100,1303.565213
410.529706,100,1303.716308
352.084167,100,1303.859541
405.709812,100,1304.018971
308.079206,100,1304.189249
279.214776,100,1304.344249
353.485728,100,1304.515638
344.827227,100,1304.667817
308.40677,100,1304.926627
312.67958,100,1318.754173
443.426901,100,1319.020064
345.057365,100,1319.237051
269.148223,100,1319.428598
398.834492,100,1319.612824
340.156968,100,1319.798858
399.192265,100,1319.985245
291.070034,100,1320.159966
428.038721,100,1320.35598
324.202728,100,1320.547134
434.666889,100,1334.462243
412.816975,100,1334.616927
437.406341,100,1334.852175
415.158671,100,1335.048587
400.134663,100,1335.201206
295.621997,100,1335.373003
308.313626,100,1335.523594
338.760866,100,1335.666607
441.637469,100,1335.809171
246.741577,100,1335.969192
396.373677,100,1348.29267
425.118114,100,1348.444696
376.986663,100,1348.59691
383.164364,100,1348.781438
352.698658,100,1349.001812
388.813694,100,1349.162393
446.760882,100,1349.327128
408.203414,100,1349.473646
361.736761,100,1349.614292
363.55964,100,1349.765797
319.497797,100,1361.538013
304.962023,100,1361.683755
356.433032,100,1361.821989
332.847657,100,1361.971665
381.619429,100,1362.125044
393.196258,100,1362.287536
380.188147,100,1362.439659
339.604952,100,1362.58805
354.743304,100,1362.770026
326.368072,100,1362.991092
323.117635,100,1373.85278
419.38001,100,1374.017131
313.347824,100,1374.189211
380.86583,100,1374.353395
265.571738,100,1374.515706
432.469785,100,1374.677462
404.87308,100,1374.938801
372.407135,100,1375.113814
312.648231,100,1375.302805
325.776803,100,1375.457422
326.6897,100,1387.016763
374.660378,100,1387.172746
320.845219,100,1387.369787
311.269525,100,1387.576161
309.40723,100,1387.757184
356.204311,100,1387.952845
332.536518,100,1388.112585
421.216373,100,1388.269684
322.728596,100,1388.426153
387.452676,100,1388.582484
442.517121,100,1399.822496
393.099294,100,1399.985618
396.520308,100,1400.12969
405.24133,100,1400.27497
405.696421,100,1400.430989
391.70532,100,1400.577319
326.59669,100,1400.727579
262.986573,100,1400.930845
299.898698,100,1401.155178
337.774067,100,1401.307913
370.602342,100,1412.775436
327.109154,100,1412.951478
424.392977,100,1413.178041
327.77133,100,1413.337813
367.093248,100,1413.519901
417.307969,100,1413.684254
284.665141,100,1413.831894
328.021104,100,1413.987078
356.66459,100,1414.137443
315.029183,100,1414.298539
359.01706,100,1427.47744
326.622015,100,1427.667686
309.876725,100,1427.849681
372.53419,100,1428.05267
456.01813,100,1428.249237
291.214596,100,1428.443284
429.922762,100,1428.632433
312.681292,100,1428.806156
336.36013,100,1429.050879
319.724342,100,1429.258081
440.351877,100,1442.976115
333.992866,100,1443.198334
381.264458,100,1443.391905
416.903698,100,1443.547502
309.115598,100,1443.705832
282.220442,100,1443.860063
422.751055,100,1444.018009
389.172651,100,1444.174392
365.016077,100,1444.330297
272.86358,100,1444.479167
307.453787,100,1456.201432
388.262455,100,1456.354863
437.972236,100,1456.508085
403.474209,100,1456.667177
424.606313,100,1456.827726
344.787999,100,1457.05629
428.056171,100,1457.251202
429.557838,100,1457.452672
350.246272,100,1457.63541
339.34097,100,1457.795973
277.48204,100,1470.469469
322.961355,100,1470.616314
394.972627,100,1470.769095
304.409153,100,1470.957772
353.11999,100,1471.185834
400.690575,100,1471.343802
400.894348,100,1471.520287
290.648332,100,1471.691123
402.27531,100,1471.848304
295.509776,100,1472.016038
420.148286,100,1483.551464
382.357146,100,1483.699809
363.982437,100,1483.847291
372.901153,100,1484.008773
340.930759,100,1484.179045
332.647094,100,1484.340103
405.216862,100,1484.495875
371.315198,100,1484.643873
310.375735,100,1484.799118
318.821966,100,1484.994873
266.056294,100,1498.477494
308.708154,100,1498.619987
320.757339,100,1498.764997
313.956296,100,1498.909877
405.091979,100,1499.167753
353.916686,100,1499.319981
335.015688,100,1499.490519
329.542123,100,1499.637559
322.366283,100,1499.784552
358.837454,100,1499.93798
443.956997,100,1512.072489
387.229208,100,1512.268234
354.383202,100,1512.450407
408.638132,100,1512.627903
396.128313,100,1512.8049
434.049553,100,1513.025134
381.175793,100,1513.23876
322.673582,100,1513.431437
307.614389,100,1513.589017
356.782973,100,1513.741729
422.457908,100,1524.851225
308.770217,100,1524.988472
312.605286,100,1525.190411
335.525106,100,1525.396442
354.702894,100,1525.560512
339.950864,100,1525.713634
292.909426,100,1525.853139
295.965571,100,1526.016961
371.036069,100,1526.172919
438.189447,100,1526.335757
450.438586,100,1539.002284
435.49138,100,1539.23917
440.666879,100,1539.441904
379.525409,100,1539.592173
453.723643,100,1539.767313
353.871302,100,1539.935924
441.916963,100,1540.093285
394.307659,100,1540.249184
353.278961,100,1540.415388
408.552526,100,1540.57781
390.202058,100,1551.842218
321.450448,100,1551.995679
456.494225,100,1552.166756
352.920702,100,1552.343853
374.241954,100,1552.510687
291.021754,100,1552.673588
264.657052,100,1552.832687
298.624816,100,1553.001925
423.441631,100,1553.266314
455.587615,100,1553.43295
302.744343,100,1564.393732
295.525211,100,1564.627029
393.812053,100,1564.777462
382.629277,100,1564.94711
286.268772,100,1565.083858
362.848477,100,1565.22966
366.588177,100,1565.371076
438.207612,100,1565.530322
345.849522,100,1565.671312
308.559347,100,1565.813879
374.967804,100,1579.965574
396.219679,100,1580.270212
345.92339,100,1580.579022
324.217376,100,1580.817482
378.684745,100,1581.096473
384.200777,100,1581.403894
425.598238,100,1581.704804
355.550472,100,1581.999645
372.889993,100,1582.307051
309.10658,100,1582.609746
401.360669,100,1596.735019
351.922439,100,1596.905962
401.943672,100,1597.08269
365.652715,100,1597.258504
399.891774,100,1597.445707
387.000867,100,1597.603601
377.390021,100,1597.7684
328.717239,100,1597.936715
415.505596,100,1598.096747
266.82287,100,1598.250423
429.487805,100,1610.314007
332.791537,100,1610.501982
376.016709,100,1610.720577
303.723363,100,1610.868609
377.966612,100,1611.02876
370.062421,100,1611.177508
327.250665,100,1611.327465
319.51767,100,1611.478398
407.696741,100,1611.639177
321.46706,100,1611.786368
323.207193,100,1623.321285
414.586362,100,1623.481284
310.542859,100,1623.649499
446.203966,100,1623.794525
344.924298,100,1623.952025
314.932964,100,1624.091496
335.703681,100,1624.229073
301.370731,100,1624.372854
416.263932,100,1624.628851
324.341886,100,1624.782908
321.676993,100,1636.748999
374.207403,100,1637.171844
371.885862,100,1637.63332
436.910964,100,1637.931089
373.311698,100,1638.183005
348.506927,100,1638.450675
308.729085,100,1638.731099
305.655966,100,1638.963836
355.971633,100,1639.176682
432.834565,100,1639.401632
377.697306,100,1653.356203
378.341084,100,1653.50432
413.967582,100,1653.664871
438.046867,100,1653.809082
429.87974,100,1653.959738
364.644165,100,1654.104092
382.642117,100,1654.254085
434.450457,100,1654.438526
453.032552,100,1654.679621
328.021404,100,1654.848036
377.50719,100,1667.547282
382.064779,100,1667.711167
334.472575,100,1667.880809
309.759687,100,1668.049258
346.015175,100,1668.218547
296.759406,100,1668.395957
371.443895,100,1668.689158
382.519882,100,1668.84617
330.963653,100,1669.012834
424.040096,100,1669.162715
391.147154,100,1684.324003
379.758096,100,1684.4835
339.633149,100,1684.639031
284.627612,100,1684.792513
298.754112,100,1684.932879
411.389691,100,1685.139586
318.462016,100,1685.336515
300.569573,100,1685.50616
359.111821,100,1685.677825
451.615705,100,1685.854437
359.273245,100,1697.113939
434.56275,100,1697.261925
381.15321,100,1697.544395
408.220877,100,1697.715883
378.332489,100,1697.888556
423.482368,100,1698.042634
382.424472,100,1698.198089
339.359765,100,1698.363798
412.844896,100,1698.525637
344.184662,100,1698.681882
387.255277,100,1710.78121
383.246409,100,1710.947506
437.687202,100,1711.122254
345.056217,100,1711.296814
372.548461,100,1711.580155
404.135745,100,1711.766786
356.381132,100,1711.945619
406.649015,100,1712.115772
411.525561,100,1712.287
419.231182,100,1712.462655
438.360156,100,1724.514326
292.276735,100,1724.672417
404.192497,100,1724.824029
361.221738,100,1724.971929
365.067857,100,1725.11525
328.437813,100,1725.26094
308.562522,100,1725.507339
331.953537,100,1725.676112
324.271239,100,1725.856061
397.96937,100,1726.014596
372.768631,100,1738.370069
391.726398,100,1738.543029
356.537847,100,1738.724219
447.361409,100,1738.909804
365.675176,100,1739.125175
378.316995,100,1739.325113
319.633767,100,1739.566516
313.607988,100,1739.744421
418.450316,100,1739.905969
411.688704,100,1740.064619
