#{"t_start": 1784399297.7298515, "env_id": "None"}
r,l,t
183.923043,100,2.172111
181.958869,100,2.487776
160.826323,100,2.74516
169.395873,100,2.985392
233.437074,100,3.23088
160.095847,100,3.483865
175.106497,100,3.709995
193.426231,100,3.920929
110.154868,100,4.158699
173.714762,100,4.412306
94.581909,100,19.060391
172.14811,100,19.300518
135.234505,100,19.604994
145.368558,100,19.910275
195.314671,100,20.223564
216.681892,100,20.526954
219.717015,100,20.855566
175.803154,100,21.169534
179.461398,100,21.491081
247.814079,100,21.8226
185.028444,100,33.897336
151.34359,100,34.047632
196.593885,100,34.195582
186.804177,100,34.347587
149.469096,100,34.523015
201.926017,100,34.687208
210.778363,100,34.853143
119.908209,100,35.000808
222.272394,100,35.175943
172.278478,100,35.415843
107.205927,100,46.79005
221.067159,100,47.16067
184.451726,100,47.495112
200.852628,100,47.760611
185.46521,100,48.062367
213.40144,100,48.391624
153.593588,100,48.72084
192.228997,100,49.020163
194.288231,100,49.306211
169.541718,100,49.607316
183.415767,100,62.327073
201.297295,100,62.490638
202.781314,100,62.671042
180.46055,100,62.839112
248.734193,100,63.025659
239.032132,100,63.217446
181.935113,100,63.479795
160.28475,100,63.649653
258.108567,100,63.84411
222.315981,100,64.027675
212.453691,100,75.588103
175.698268,100,75.75529
202.901203,100,75.930038
224.32319,100,76.106602
264.502731,100,76.2895
207.073395,100,76.493809
182.058257,100,76.726699
183.716955,100,76.925493
240.194457,100,77.113022
175.916921,100,77.279208
189.464125,100,90.418423
236.421968,100,90.739942
179.426913,100,91.075767
157.913682,100,91.419336
235.853369,100,91.723248
168.884749,100,92.007724
185.440201,100,92.337205
158.204836,100,92.652814
184.539004,100,92.987767
244.108034,100,93.299592
194.893513,100,107.901495
239.110528,100,108.093233
241.707307,100,108.295563
218.11499,100,108.491806
218.00012,100,108.687259
175.476752,100,108.879459
207.653093,100,109.052234
250.640891,100,109.223054
155.122556,100,109.487885
208.182294,100,109.668631
164.660811,100,124.398134
194.165868,100,124.561105
255.638184,100,124.719265
265.905234,100,124.875532
228.000666,100,125.044411
226.684041,100,125.212339
217.97743,100,125.369205
241.309439,100,125.537578
293.314725,100,125.73277
206.156692,100,125.973073
228.118506,100,145.41653
261.348183,100,145.844547
149.567579,100,146.188463
229.276847,100,146.598752
137.79022,100,147.004213
192.053934,100,147.389485
193.151492,100,147.802699
178.498287,100,148.017175
191.770088,100,148.19806
204.170394,100,148.350494
211.555829,100,161.308085
208.094403,100,161.492797
215.882284,100,161.722319
199.046021,100,161.970141
155.67196,100,162.117036
166.738688,100,162.29281
248.375924,100,162.45041
248.431563,100,162.610342
257.59489,100,162.781105
235.156252,100,162.959228
253.126821,100,177.282046
264.308218,100,177.606988
249.3283,100,177.93099
189.890865,100,178.195136
199.116319,100,178.512026
275.61435,100,178.845299
175.862011,100,179.161377
262.162026,100,179.486428
232.656919,100,179.833488
194.004475,100,180.090333
241.664424,100,191.399674
261.685212,100,191.539206
223.049199,100,191.705166
220.057303,100,191.959838
154.007336,100,192.127258
203.347185,100,192.310292
255.140163,100,192.470839
252.526686,100,192.624102
159.968982,100,192.791519
165.66143,100,192.96673
284.280937,100,207.234506
234.270433,100,207.410375
204.790386,100,207.600805
156.168519,100,207.859372
312.258207,100,208.071759
226.943048,100,208.266237
270.1942,100,208.455686
259.024385,100,208.639511
258.823741,100,208.823554
201.828431,100,209.022792
259.105518,100,221.206099
255.919579,100,221.362583
191.776978,100,221.518578
301.240362,100,221.694998
201.819854,100,221.953864
232.787566,100,222.105493
264.584696,100,222.263589
313.553837,100,222.4474
210.053057,100,222.615824
244.455272,100,222.789424
199.278278,100,235.44253
189.00701,100,235.660815
224.569822,100,235.969096
238.041643,100,236.139471
236.680792,100,236.344697
270.989782,100,236.548497
273.503759,100,236.766204
257.858701,100,237.017604
206.625592,100,237.216867
211.665296,100,237.420596
175.564892,100,253.944734
239.924407,100,254.285494
235.256076,100,254.595788
318.479978,100,254.908266
260.677084,100,255.250555
211.337956,100,255.582268
245.761918,100,255.89719
236.693097,100,256.187416
179.452174,100,256.390444
186.274273,100,256.59256
232.09123,100,272.542609
271.9261,100,272.847198
270.654518,100,273.171654
250.4572,100,273.487413
202.259107,100,273.803812
253.432891,100,274.123951
198.302245,100,274.384044
288.11268,100,274.550587
226.78214,100,274.709473
262.85964,100,274.853106
271.837959,100,287.222618
239.220309,100,287.399202
294.212023,100,287.592843
256.458049,100,287.783108
300.525095,100,287.947765
287.412328,100,288.128388
272.424677,100,288.409115
192.306977,100,288.586481
213.427262,100,288.789006
240.062932,100,288.959875
319.008603,100,302.347494
245.974082,100,302.536299
285.665029,100,302.723141
245.124772,100,302.924658
324.805194,100,303.08853
267.560448,100,303.238607
255.067409,100,303.401211
190.48966,100,303.5608
206.876159,100,303.705256
239.96178,100,303.844597
291.161201,100,316.225115
290.912276,100,316.501878
234.757489,100,316.69853
177.362278,100,316.925861
290.47466,100,317.097965
291.954516,100,317.273732
286.773822,100,317.461263
319.753755,100,317.637154
259.673368,100,317.819676
207.881229,100,318.005668
231.870777,100,330.17487
284.462732,100,330.403164
284.343213,100,330.622827
258.585025,100,330.808816
311.655238,100,330.999295
224.725147,100,331.170859
246.51063,100,331.342784
330.511991,100,331.505985
228.907394,100,331.68624
270.384156,100,331.857358
177.529833,100,344.433214
201.935444,100,344.629689
200.053858,100,344.863666
235.681651,100,345.037406
269.342906,100,345.209064
231.438768,100,345.382783
249.863701,100,345.566182
265.315242,100,345.767649
232.2269,100,345.946117
194.405624,100,346.106005
244.676046,100,361.145222
235.527889,100,361.333295
303.627024,100,361.510226
181.95763,100,361.706532
230.181307,100,361.892171
307.372159,100,362.074349
209.32413,100,362.246657
313.520523,100,362.510314
303.395692,100,362.711378
275.681222,100,362.919339
202.553754,100,375.302037
297.621044,100,375.44585
240.799575,100,375.603489
221.836967,100,375.758865
283.111456,100,375.929482
250.124369,100,376.090721
267.863586,100,376.242129
250.99421,100,376.389332
264.706016,100,376.614351
321.931068,100,376.891146
228.737759,100,389.585639
219.07953,100,389.770344
234.956431,100,389.966097
224.525302,100,390.168166
304.207109,100,390.354714
309.781474,100,390.549359
288.433939,100,390.783342
195.414697,100,391.062265
321.340094,100,391.283359
272.565059,100,391.472373
229.410872,100,402.401045
233.262133,100,402.541233
250.448533,100,402.686838
301.770351,100,402.839983
364.783432,100,403.102692
226.171939,100,403.271308
321.664284,100,403.475373
323.706584,100,403.64921
256.939102,100,403.819294
288.800278,100,403.993881
290.073701,100,415.921394
278.187347,100,416.074276
240.415985,100,416.223253
241.380424,100,416.365758
324.464062,100,416.513437
307.461986,100,416.680011
248.70211,100,416.839648
265.428194,100,417.006346
243.644185,100,417.152967
206.159368,100,417.38778
315.539704,100,430.192141
297.89615,100,430.432263
283.448248,100,430.695103
309.635667,100,430.952839
269.713118,100,431.198213
328.365601,100,431.455266
251.817005,100,431.741859
226.143012,100,431.99897
330.534493,100,432.244446
294.305241,100,432.47699
271.907951,100,445.012422
305.707348,100,445.165314
251.448125,100,445.321772
238.581691,100,445.533551
177.780711,100,445.78748
232.276703,100,445.968111
265.489541,100,446.118757
247.451508,100,446.268863
304.919238,100,446.422801
238.416825,100,446.590619
251.149416,100,458.785451
318.939349,100,458.947543
282.321745,100,459.125195
287.940466,100,459.295209
270.74834,100,459.521721
268.209053,100,459.736279
275.622625,100,459.887667
185.49901,100,460.056056
226.855768,100,460.218585
325.346666,100,460.371147
276.579019,100,472.167297
271.013649,100,472.355909
275.057806,100,472.526521
273.13255,100,472.699757
320.2838,100,472.874509
295.967275,100,473.037632
238.651122,100,473.203837
241.454351,100,473.368893
267.638307,100,473.520772
303.045324,100,473.74682
250.402958,100,487.828988
292.620541,100,488.013842
230.141608,100,488.295152
314.893374,100,488.508552
252.997058,100,488.71168
240.527358,100,488.892474
233.773158,100,489.070201
213.25601,100,489.249336
270.047245,100,489.437992
292.32217,100,489.621041
310.201827,100,502.106107
315.280293,100,502.290944
240.197298,100,502.47654
247.131597,100,502.742278
324.972157,100,502.958175
302.007627,100,503.18465
271.749692,100,503.374347
313.47245,100,503.559733
278.974704,100,503.74524
397.827092,100,503.931469
301.574681,100,516.451038
277.685004,100,516.621878
339.272894,100,516.783674
279.034238,100,517.063418
254.152163,100,517.236128
242.020821,100,517.399697
311.649622,100,517.554358
272.805454,100,517.709838
296.615944,100,517.861274
265.078263,100,518.018449
276.157274,100,530.729652
324.322972,100,531.060344
295.520376,100,531.270114
229.193143,100,531.47636
360.099364,100,531.660211
293.400711,100,531.838285
295.472909,100,532.005121
338.969224,100,532.166172
323.747145,100,532.329039
361.629138,100,532.483506
216.444651,100,545.988018
337.084533,100,546.149469
238.707737,100,546.333252
342.210378,100,546.510865
286.806785,100,546.708325
240.065259,100,546.893688
211.753793,100,547.088263
322.930541,100,547.351853
222.086954,100,547.564013
317.815092,100,547.784414
296.08105,100,562.227858
332.115935,100,562.396176
241.264884,100,562.569784
297.915184,100,562.75908
306.427855,100,562.947387
326.94688,100,563.113267
280.557147,100,563.278158
287.934277,100,563.446839
261.586337,100,563.697936
204.625954,100,563.888354
228.649384,100,579.735406
264.656749,100,579.896989
325.504092,100,580.045866
224.343501,100,580.204731
228.032936,100,580.374391
267.030476,100,580.563799
288.001391,100,580.766223
310.456829,100,580.948053
339.523105,100,581.206449
253.338059,100,581.422473
322.672527,100,593.689221
288.414187,100,593.879527
271.869748,100,594.051525
267.589287,100,594.242503
254.841411,100,594.415586
278.502135,100,594.597356
279.672309,100,594.763712
242.57652,100,594.911798
315.872187,100,595.071999
264.449026,100,595.236205
302.960228,100,607.267208
224.225832,100,607.41918
228.022912,100,607.605126
327.431781,100,607.802837
278.94338,100,608.082145
245.393395,100,608.255503
234.918681,100,608.441318
287.952772,100,608.615039
377.453731,100,608.798538
270.147246,100,608.981965
288.472584,100,619.739549
287.975971,100,620.032946
290.196168,100,620.214473
261.010645,100,620.412317
235.088699,100,620.59711
315.141801,100,620.805638
267.417132,100,621.024138
294.699711,100,621.22147
316.154314,100,621.408069
288.700978,100,621.598826
345.246903,100,634.290556
284.917916,100,634.486326
270.026084,100,634.688786
285.405127,100,634.897564
291.537717,100,635.088258
287.668999,100,635.255302
260.465158,100,635.414883
257.827719,100,635.596951
253.242062,100,635.815105
242.715142,100,636.071707
296.329922,100,647.541108
298.695639,100,647.70161
366.037338,100,647.971628
192.431425,100,648.130543
330.995683,100,648.305759
288.709875,100,648.470669
275.225925,100,648.623243
293.882635,100,648.780272
262.610049,100,648.932772
294.801626,100,649.108521
313.112212,100,661.313305
319.689485,100,661.467686
346.331849,100,661.628886
228.326074,100,661.826999
265.597056,100,662.053515
342.990056,100,662.207528
263.002757,100,662.391163
198.601427,100,662.558154
336.239016,100,662.728328
298.565291,100,662.894122
368.656296,100,675.522626
279.605274,100,675.839557
296.87236,100,676.091166
257.006909,100,676.27703
322.255289,100,676.452355
269.983534,100,676.622447
283.954376,100,676.778443
366.961751,100,676.930773
329.643774,100,677.104759
284.543824,100,677.251077
357.805306,100,689.753318
292.13271,100,689.946965
251.915071,100,690.254699
240.067547,100,690.472426
270.989486,100,690.687649
314.820894,100,690.959145
247.922924,100,691.169521
299.685478,100,691.365184
313.466855,100,691.537358
259.583827,100,691.716769
309.68631,100,703.481247
223.453255,100,703.668715
355.046502,100,703.864011
270.810146,100,704.089654
282.796068,100,704.349362
315.0778,100,704.563082
239.304531,100,704.767237
300.472108,100,704.937166
314.881638,100,705.119843
271.374184,100,705.303521
271.887242,100,716.646878
286.864104,100,716.792403
336.405432,100,716.933036
365.670558,100,717.07237
358.441519,100,717.217263
292.718071,100,717.369938
301.166306,100,717.525248
366.499262,100,717.679482
334.856353,100,717.83112
271.446632,100,717.973515
246.604982,100,729.464314
277.026662,100,729.667457
315.156016,100,729.862521
308.771802,100,730.069731
302.85033,100,730.367155
263.304151,100,730.57068
320.11324,100,730.784987
354.556689,100,731.000102
224.083246,100,731.18105
377.148327,100,731.385814
304.066968,100,743.84177
287.933847,100,744.154459
301.239689,100,744.471138
290.145025,100,744.746321
315.369673,100,745.053801
290.911676,100,745.369368
344.214931,100,745.681492
245.468649,100,746.006259
257.302661,100,746.31662
362.78786,100,746.601005
320.336791,100,759.762944
276.611919,100,759.901687
384.014759,100,760.038142
378.858053,100,760.17766
287.706298,100,760.315797
360.048974,100,760.577862
290.781845,100,760.776485
302.460073,100,760.944297
281.745577,100,761.106743
340.622504,100,761.260633
324.932862,100,772.487093
313.038486,100,772.720807
298.712993,100,772.910752
257.205492,100,773.080161
320.966778,100,773.264029
253.915056,100,773.452338
353.804935,100,773.629285
249.022085,100,773.823395
293.447047,100,774.007203
355.221243,100,774.17654
281.80905,100,785.298857
282.692413,100,785.439114
307.860517,100,785.591606
324.968311,100,785.76608
259.488501,100,785.926138
255.563814,100,786.084473
298.927704,100,786.225564
308.871619,100,786.359973
365.073296,100,786.50311
360.134552,100,786.736438
220.026701,100,798.406105
276.191501,100,798.652704
350.288334,100,798.899158
288.569523,100,799.131188
259.266086,100,799.323805
301.205282,100,799.512942
228.473209,100,799.722659
298.237893,100,799.903484
327.629933,100,800.088767
319.789162,100,800.267438
325.059716,100,812.195846
253.261682,100,812.360192
295.333775,100,812.529156
319.404038,100,812.79142
265.78068,100,812.932779
333.445452,100,813.083047
268.171398,100,813.26066
356.959631,100,813.415081
265.196321,100,813.573883
264.178722,100,813.760596
309.524404,100,824.528347
263.514392,100,824.76721
342.896533,100,824.946597
347.491604,100,825.108038
327.203575,100,825.260383
263.389056,100,825.399357
319.406502,100,825.550349
330.264291,100,825.701571
394.731863,100,825.850549
256.088741,100,826.012981
279.973171,100,839.359309
286.135282,100,839.548506
271.55442,100,839.727572
302.883931,100,839.889696
338.780321,100,840.055779
338.736066,100,840.207272
362.14057,100,840.354107
222.210776,100,840.53282
336.438512,100,840.734408
280.648575,100,841.000496
396.207775,100,851.39459
291.602573,100,851.54032
243.303981,100,851.683895
259.058877,100,851.834385
349.469839,100,851.976979
359.339293,100,852.11665
343.049195,100,852.283586
372.896551,100,852.44924
256.654341,100,852.621994
267.05121,100,852.858163
264.302046,100,867.318753
264.916417,100,867.624314
234.064475,100,867.943022
345.692691,100,868.255851
283.10484,100,868.559348
357.495778,100,868.882129
301.48445,100,869.150331
322.780021,100,869.397892
342.90896,100,869.699869
304.946717,100,870.010648
282.881076,100,882.335404
303.451407,100,882.518173
327.698862,100,882.697263
275.908259,100,882.92823
255.838898,100,883.134338
260.215446,100,883.321235
354.714433,100,883.511463
311.651191,100,883.698509
363.265691,100,883.886858
316.231728,100,884.072406
324.167391,100,895.491962
398.188194,100,895.688554
386.408386,100,895.865731
327.186153,100,896.028052
391.496895,100,896.191772
336.597132,100,896.373816
314.686641,100,896.541983
263.024724,100,896.706892
255.072723,100,896.87015
350.55937,100,897.050883
349.117666,100,910.084784
297.855262,100,910.248728
313.693553,100,910.409981
271.332377,100,910.596585
295.913285,100,910.774004
259.648501,100,910.933218
367.470616,100,911.090436
227.273928,100,911.356526
275.150778,100,911.534852
239.400967,100,911.741258
292.306754,100,924.534648
333.298797,100,924.682051
316.40296,100,924.82978
295.183353,100,924.983572
314.247888,100,925.167349
331.528881,100,925.406275
310.734463,100,925.556476
302.559432,100,925.729098
277.294075,100,925.872446
264.937029,100,926.014174
339.509878,100,938.488125
404.934856,100,938.795167
388.289754,100,939.106412
333.047639,100,939.385726
374.062827,100,939.550689
324.208527,100,939.72481
277.391294,100,939.869164
289.980088,100,940.005559
335.29052,100,940.142658
327.293979,100,940.293695
360.020507,100,952.021218
269.582711,100,952.18422
233.950182,100,952.343118
320.246694,100,952.504691
335.631295,100,952.672837
306.504847,100,952.831084
382.438525,100,952.982281
364.571918,100,953.145286
326.018667,100,953.393273
322.383938,100,953.572328
395.455586,100,967.066472
350.37258,100,967.343446
255.231458,100,967.597514
265.011437,100,967.820402
363.53326,100,968.034554
303.572087,100,968.24562
342.187078,100,968.468609
372.115825,100,968.690036
291.755334,100,968.88729
318.898953,100,969.095499
338.006574,100,982.336033
311.352848,100,982.501388
268.127996,100,982.658355
334.51181,100,982.812086
279.132202,100,982.967852
237.712868,100,983.153611
263.881706,100,983.401701
304.71659,100,983.552689
318.502377,100,983.730782
307.318411,100,983.885796
318.665489,100,994.646621
345.726095,100,994.795717
374.132165,100,994.934762
401.37551,100,995.072366
313.18478,100,995.320455
294.099698,100,995.480048
322.420306,100,995.66138
272.76723,100,995.819092
379.301157,100,995.980816
338.196951,100,996.127834
302.993885,100,1007.66108
334.873283,100,1007.840263
333.785406,100,1008.002939
333.280053,100,1008.161878
255.766354,100,1008.324313
376.643747,100,1008.484858
257.482169,100,1008.639374
297.164679,100,1008.786406
293.067878,100,1008.941399
366.864741,100,1009.090873
316.262477,100,1020.329548
338.908972,100,1020.482986
242.014264,100,1020.624272
304.913625,100,1020.803859
336.921592,100,1020.958058
260.786812,100,1021.101012
258.357743,100,1021.374677
321.365949,100,1021.525529
306.471838,100,1021.701001
331.78956,100,1021.864944
333.462682,100,1034.667303
297.324849,100,1034.856206
247.698319,100,1035.051255
377.852376,100,1035.324653
363.594658,100,1035.527311
339.929081,100,1035.746502
338.823833,100,1035.924807
366.477143,100,1036.120475
329.783493,100,1036.308151
290.986365,100,1036.494604
355.950888,100,1048.031585
277.378576,100,1048.181345
301.349552,100,1048.339188
325.221346,100,1048.493883
325.47501,100,1048.647561
203.054395,100,1048.804137
322.629552,100,1048.980627
305.703156,100,1049.161144
291.877827,100,1049.409419
306.505323,100,1049.571679
345.8792,100,1061.034206
396.62206,100,1061.19821
326.312356,100,1061.472564
271.605896,100,1061.62955
310.079345,100,1061.816696
379.704353,100,1061.974135
299.112546,100,1062.119408
307.76377,100,1062.264612
412.081198,100,1062.424824
352.970686,100,1062.573366
363.962144,100,1074.107961
402.046245,100,1074.26245
355.489741,100,1074.437396
288.118896,100,1074.606901
346.631528,100,1074.772309
342.354861,100,1074.917785
277.383099,100,1075.068776
334.926577,100,1075.223235
300.067159,100,1075.488288
373.888564,100,1075.64241
265.34258,100,1089.867447
300.685147,100,1090.057955
374.528578,100,1090.244849
252.289489,100,1090.442343
349.567331,100,1090.640633
409.013102,100,1090.833534
335.917864,100,1091.03472
351.513823,100,1091.244699
376.45938,100,1091.506283
296.130892,100,1091.690217
271.764913,100,1106.292879
293.760436,100,1106.630779
357.920659,100,1106.971093
317.028689,100,1107.328662
361.912332,100,1107.672806
311.758407,100,1108.03234
384.521035,100,1108.387038
334.497481,100,1108.76371
315.243605,100,1109.148519
438.905721,100,1109.505399
336.298038,100,1122.510053
318.401644,100,1122.685358
268.944677,100,1122.843878
274.196378,100,1123.003896
370.601309,100,1123.161255
402.303374,100,1123.314122
371.16012,100,1123.608852
380.315906,100,1123.884799
353.75331,100,1124.189411
288.51394,100,1124.499765
273.711492,100,1136.312711
319.250279,100,1136.620844
347.147496,100,1136.941062
290.82927,100,1137.245628
298.096195,100,1137.557905
351.687248,100,1137.813501
285.370918,100,1138.111574
355.273987,100,1138.415817
299.045696,100,1138.738194
335.112701,100,1139.055252
371.786512,100,1150.562247
276.571538,100,1150.738889
297.829779,100,1150.916043
276.857747,100,1151.079145
295.607969,100,1151.247694
348.933881,100,1151.487318
321.924406,100,1151.649097
376.285286,100,1151.831258
406.704266,100,1151.989222
255.782199,100,1152.142687
334.544719,100,1163.141155
256.720034,100,1163.288598
398.893394,100,1163.541426
339.902534,100,1163.702753
324.448106,100,1163.879555
341.847444,100,1164.032195
324.094991,100,1164.186113
336.204822,100,1164.332614
386.903407,100,1164.489595
350.497657,100,1164.654611
385.441537,100,1175.293815
360.062667,100,1175.547841
419.540334,100,1175.719877
357.114909,100,1175.897245
446.236184,100,1176.05943
382.466063,100,1176.216878
299.31668,100,1176.385431
309.390849,100,1176.563597
286.163659,100,1176.750733
415.156853,100,1176.920671
349.489509,100,1188.313377
292.280222,100,1188.464724
343.425669,100,1188.645762
419.261906,100,1188.802402
322.430022,100,1188.956984
297.427461,100,1189.107826
291.640084,100,1189.273391
320.37434,100,1189.50914
283.533207,100,1189.679594
280.347026,100,1189.835785
306.618197,100,1201.368061
341.020754,100,1201.665296
282.294426,100,1201.892761
358.456792,100,1202.068434
364.446431,100,1202.243666
335.598518,100,1202.430185
337.076806,100,1202.62299
279.107953,100,1202.803991
314.374185,100,1203.007417
339.531864,100,1203.183844
336.391075,100,1216.811373
316.966529,100,1216.982607
404.954343,100,1217.139868
418.549691,100,1217.308345
299.034411,100,1217.562719
311.122272,100,1217.729858
299.781513,100,1217.908533
304.661363,100,1218.088899
329.839941,100,1218.252067
311.503157,100,1218.417691
304.349544,100,1230.511892
292.717844,100,1230.744446
243.828234,100,1230.943815
261.82538,100,1231.117452
350.428786,100,1231.289228
375.875182,100,1231.579444
354.707609,100,1231.779591
270.475576,100,1231.969807
375.853042,100,1232.112112
336.073495,100,1232.25729
303.820738,100,1242.952362
323.650812,100,1243.100431
385.326273,100,1243.247157
361.067106,100,1243.472874
383.652762,100,1243.651323
360.05529,100,1243.825922
397.258829,100,1243.977055
335.253554,100,1244.127053
332.504771,100,1244.281506
283.207907,100,1244.447149
305.361549,100,1257.93453
316.146854,100,1258.166462
339.38165,100,1258.389754
426.30139,100,1258.620586
269.819102,100,1258.833106
323.035189,100,1259.052966
280.376403,100,1259.280328
345.541426,100,1259.625691
314.579825,100,1259.827929
361.519302,100,1260.033314
365.464218,100,1272.660344
346.938639,100,1273.023865
342.824122,100,1273.404478
375.250427,100,1273.786813
349.479363,100,1274.12858
351.506344,100,1274.351402
360.608786,100,1274.495001
378.708042,100,1274.640877
362.338549,100,1274.804567
355.400434,100,1274.944283
323.574367,100,1286.383767
336.694823,100,1286.548703
236.735239,100,1286.703679
338.625586,100,1286.848208
307.980581,100,1287.004509
363.370627,100,1287.146011
352.301215,100,1287.286085
356.591011,100,1287.490777
296.565173,100,1287.711412
336.388179,100,1287.853838
275.560929,100,1298.676722
376.507759,100,1298.85005
295.563824,100,1299.004102
293.026019,100,1299.152718
419.101989,100,1299.322591
243.306815,100,1299.527271
288.891057,100,1299.75658
403.390889,100,1299.916091
269.823155,100,1300.086662
402.262921,100,1300.23656
372.966515,100,1311.302841
394.792579,100,1311.503374
322.062075,100,1311.756517
374.827099,100,1311.92857
285.890785,100,1312.110413
329.153221,100,1312.274695
345.526539,100,1312.442298
310.018739,100,1312.621291
330.359245,100,1312.797757
406.098666,100,1312.942199
316.678485,100,1328.438248
346.12813,100,1328.613067
325.972176,100,1328.785538
395.405966,100,1328.977059
344.99334,100,1329.137022
287.120143,100,1329.277542
308.593485,100,1329.422155
328.504428,100,1329.567795
335.983026,100,1329.800282
336.113011,100,1329.97884
336.662007,100,1343.875044
422.929703,100,1344.129414
360.076397,100,1344.428755
373.290099,100,1344.714772
301.241344,100,1344.998184
296.054947,100,1345.292716
348.608745,100,1345.573852
324.369093,100,1345.862266
330.054619,100,1346.101834
372.629376,100,1346.374659
426.725048,100,1361.240594
397.714527,100,1361.422768
370.326477,100,1361.621722
347.853853,100,1361.812811
208.331367,100,1361.982537
323.072401,100,1362.147456
390.976409,100,1362.361234
297.651332,100,1362.583461
382.312011,100,1362.792504
319.882493,100,1362.967053
249.176296,100,1375.359164
370.832452,100,1375.517287
328.319408,100,1375.675551
274.262304,100,1375.828769
288.94492,100,1375.972474
425.653724,100,1376.124088
273.685695,100,1376.275826
271.136042,100,1376.52534
344.199255,100,1376.683408
396.010259,100,1376.852161
365.041972,100,1388.103167
309.012033,100,1388.255451
312.489438,100,1388.414625
318.230309,100,1388.685258
306.683118,100,1388.866403
397.89687,100,1389.019244
365.228904,100,1389.192639
332.023506,100,1389.342751
286.596411,100,1389.505574
355.55457,100,1389.68767
311.526316,100,1403.178599
350.940014,100,1403.35522
417.097216,100,1403.5217
328.61526,100,1403.696585
328.195645,100,1403.874985
290.776887,100,1404.060358
369.924914,100,1404.245169
336.447099,100,1404.414569
360.657876,100,1404.692469
276.671351,100,1404.865515
314.20873,100,1416.013347
345.501158,100,1416.154785
288.479785,100,1416.296049
272.443832,100,1416.436357
286.800413,100,1416.585884
341.989519,100,1416.78689
226.362962,100,1417.007765
422.728363,100,1417.162149
304.967257,100,1417.321178
381.196046,100,1417.465244
366.050546,100,1428.880803
351.046147,100,1429.052397
354.970895,100,1429.236628
367.373636,100,1429.391477
359.64913,100,1429.550698
336.679609,100,1429.703624
454.861782,100,1429.865043
385.57289,100,1430.008393
363.833702,100,1430.150629
300.664091,100,1430.294071
335.557343,100,1441.592297
323.010575,100,1441.746274
415.464196,100,1441.903668
409.584137,100,1442.070708
362.147716,100,1442.241211
327.391829,100,1442.393481
347.174409,100,1442.54084
367.881272,100,1442.691125
262.769645,100,1442.943281
367.413778,100,1443.114439
325.419631,100,1454.764685
345.710441,100,1454.999498
441.331463,100,1455.151581
405.707492,100,1455.317944
375.94697,100,1455.458408
364.427918,100,1455.616287
316.752174,100,1455.779211
292.237546,100,1455.937861
266.393185,100,1456.096541
404.692371,100,1456.258137
268.961407,100,1467.713291
301.221258,100,1467.887379
310.946999,100,1468.058168
313.537176,100,1468.214329
323.022371,100,1468.356696
278.654807,100,1468.500822
320.57173,100,1468.651339
373.953914,100,1468.914707
293.509747,100,1469.116832
350.915598,100,1469.287859
294.166663,100,1481.871057
388.871216,100,1482.030869
355.561643,100,1482.167067
404.066439,100,1482.308168
283.439978,100,1482.444849
376.150131,100,1482.606838
306.445986,100,1482.812083
360.976374,100,1483.032565
400.39357,100,1483.192089
282.613045,100,1483.370828
285.046706,100,1496.007719
380.037061,100,1496.198456
402.37136,100,1496.39112
355.209865,100,1496.59386
384.687906,100,1496.845809
330.294778,100,1497.109133
366.936985,100,1497.336007
338.955213,100,1497.536705
376.689496,100,1497.750634
380.921301,100,1497.968939
377.753621,100,1511.95404
398.775261,100,1512.138649
288.057801,100,1512.313842
416.924512,100,1512.490268
371.588663,100,1512.669533
368.083068,100,1512.927653
387.064046,100,1513.111083
326.780145,100,1513.312498
359.261396,100,1513.488349
423.048281,100,1513.660752
384.976392,100,1529.892074
328.333911,100,1530.07131
367.758314,100,1530.262115
308.459729,100,1530.475252
340.712837,100,1530.685788
331.923176,100,1530.904095
350.350741,100,1531.19541
396.978687,100,1531.399715
392.38188,100,1531.592706
333.547475,100,1531.785886
397.894516,100,1547.533888
305.689119,100,1547.67847
306.004713,100,1547.834613
356.345783,100,1548.016881
351.746337,100,1548.210644
401.162382,100,1548.382109
400.446047,100,1548.533583
326.622065,100,1548.684811
286.350509,100,1548.84551
368.868042,100,1549.044325
337.99142,100,1560.544861
305.28436,100,1560.719986
344.799487,100,1560.913411
295.012627,100,1561.152994
316.297306,100,1561.36055
351.27318,100,1561.52375
401.148007,100,1561.691509
381.962023,100,1561.85614
376.492698,100,1562.017358
334.652631,100,1562.168537
333.62509,100,1573.324851
314.873644,100,1573.495047
368.390759,100,1573.669147
311.547371,100,1573.819218
333.851152,100,1573.958714
320.672236,100,1574.101264
354.208899,100,1574.255125
381.274022,100,1574.396792
324.74005,100,1574.56235
320.82334,100,1574.710162
423.621911,100,1586.077012
271.265388,100,1586.233428
389.682404,100,1586.403798
431.121631,100,1586.568892
321.045881,100,1586.714716
359.39376,100,1586.864752
335.521339,100,1587.020458
373.852463,100,1587.170301
357.477977,100,1587.329328
267.990692,100,1587.492472
304.373225,100,1602.761204
351.319253,100,1602.947696
353.596339,100,1603.142309
341.363103,100,1603.331784
345.67293,100,1603.521401
329.293682,100,1603.732556
310.869157,100,1603.958018
381.407171,100,1604.288028
378.626052,100,1604.53254
434.04122,100,1604.766624
372.502773,100,1617.145336
368.244477,100,1617.33014
329.480045,100,1617.539341
411.076841,100,1617.735383
303.287432,100,1617.923133
324.908953,100,1618.111171
310.761863,100,1618.385594
413.737034,100,1618.58648
351.269838,100,1618.812487
298.541638,100,1619.019985
318.098075,100,1634.794635
418.519493,100,1635.139334
327.014369,100,1635.536715
250.894149,100,1635.912828
397.745144,100,1636.298136
393.444259,100,1636.696815
454.719992,100,1637.036992
420.421806,100,1637.407307
363.732756,100,1637.747711
393.785743,100,1637.918521
384.444093,100,1649.904064
326.344097,100,1650.069439
305.226714,100,1650.247041
347.008739,100,1650.427766
337.68659,100,1650.688025
365.960741,100,1650.941303
341.37058,100,1651.155709
333.892844,100,1651.340857
258.18796,100,1651.515577
429.331584,100,1651.724654
305.762933,100,1665.368854
334.776168,100,1665.532849
341.457594,100,1665.694302
432.735855,100,1665.860721
306.555844,100,1666.029405
369.9102,100,1666.183061
309.367375,100,1666.342355
350.954082,100,1666.492445
344.339477,100,1666.650819
343.579082,100,1666.804646
313.947619,100,1678.431433
369.479714,100,1678.58457
404.779759,100,1678.744466
387.494774,100,1678.986614
323.975338,100,1679.235913
372.259896,100,1679.44809
310.201155,100,1679.627705
379.046009,100,1679.799126
315.862128,100,1679.964217
431.08807,100,1680.134624
292.426161,100,1691.733888
295.923095,100,1691.898497
331.609289,100,1692.055039
383.728349,100,1692.212645
283.093,100,1692.375578
345.737603,100,1692.543074
407.403181,100,1692.715311
367.778719,100,1692.946018
325.354077,100,1693.145728
425.571255,100,1693.304469
304.445599,100,1704.386698
285.608166,100,1704.546756
318.014722,100,1704.705321
297.62494,100,1704.898448
346.263949,100,1705.118357
330.646612,100,1705.269892
293.069609,100,1705.441039
331.98479,100,1705.60104
329.289772,100,1705.762143
312.69044,100,1705.913718
327.027528,100,1718.506836
389.977751,100,1718.89544
310.299335,100,1719.142329
376.107315,100,1719.302851
415.622979,100,1719.458209
332.822318,100,1719.61163
321.325104,100,1719.778945
278.999016,100,1719.928407
332.719274,100,1720.094526
343.873998,100,1720.254337
353.946755,100,1731.644669
405.928485,100,1731.793557
334.21445,100,1731.968205
336.670047,100,1732.114848
354.757676,100,1732.269369
391.111743,100,1732.420372
310.272209,100,1732.571883
298.693644,100,1732.732019
367.360309,100,1732.943594
408.780033,100,1733.154413
431.642806,100,1745.24979
344.880152,100,1745.424767
296.338787,100,1745.586815
308.683378,100,1745.740308
333.840831,100,1745.90063
326.477708,100,1746.06918
365.903768,100,1746.232105
389.161225,100,1746.379492
259.665023,100,1746.529217
331.029622,100,1746.681981
297.38256,100,1758.748437
325.296766,100,1758.970472
375.645115,100,1759.166807
297.577247,100,1759.32024
321.263167,100,1759.490739
345.493815,100,1759.644452
444.81585,100,1759.790021
266.020818,100,1759.946408
333.654787,100,1760.111087
394.666814,100,1760.253803
403.464973,100,1771.909071
353.467117,100,1772.075309
335.156315,100,1772.229724
290.33356,100,1772.386128
334.730015,100,1772.55228
411.13828,100,1772.708748
400.189832,100,1772.879842
396.262847,100,1773.125596
360.302138,100,1773.273089
430.10362,100,1773.453907
445.045344,100,1786.010606
383.129507,100,1786.187175
368.91946,100,1786.352021
355.127493,100,1786.530634
417.224769,100,1786.726556
336.43013,100,1786.958672
339.894472,100,1787.166515
295.048807,100,1787.359075
369.910348,100,1787.546212
279.084946,100,1787.734659
381.875139,100,1.695868
362.399038,100,1.882655
378.208273,100,2.086011
374.375895,100,2.335291
419.62089,100,2.557142
348.063059,100,2.747882
357.049275,100,2.939488
380.73967,100,3.099569
274.942577,100,3.258791
359.195946,100,3.40771
229.609072,100,15.759638
352.724412,100,15.903173
326.320598,100,16.046706
294.425798,100,16.201467
364.31329,100,16.471594
403.760821,100,16.621956
398.029735,100,16.780169
345.656416,100,16.934916
315.74892,100,17.086591
445.435064,100,17.243218
330.993949,100,30.215977
351.288315,100,30.473611
386.626745,100,30.634029
350.11788,100,30.799145
340.301585,100,30.951775
350.203375,100,31.097786
375.860598,100,31.243818
269.965351,100,31.405439
387.681432,100,31.56416
331.5482,100,31.737977
230.172259,100,43.74877
389.48402,100,43.898422
382.672307,100,44.04882
384.474205,100,44.194498
388.813146,100,44.376553
370.802154,100,44.610639
302.791951,100,44.781528
367.122429,100,44.975382
385.351418,100,45.130887
319.487628,100,45.299709
343.455691,100,58.559822
356.24034,100,58.743252
393.511793,100,58.964148
323.893864,100,59.153583
426.358113,100,59.337485
395.177465,100,59.549231
308.231264,100,59.744576
305.287675,100,59.94197
422.634025,100,60.152272
396.683934,100,60.395245
404.989441,100,72.105585
327.103328,100,72.291583
379.252258,100,72.469058
364.830032,100,72.690927
436.521778,100,72.970847
402.551181,100,73.168055
314.048787,100,73.358437
323.856127,100,73.528291
395.215033,100,73.723269
329.886298,100,73.931686
344.188045,100,85.878632
388.029658,100,86.04344
320.306309,100,86.198795
298.810295,100,86.35135
414.180419,100,86.498791
314.208591,100,86.641457
356.94339,100,86.907395
311.835022,100,87.11651
349.777569,100,87.271153
404.871389,100,87.421809
351.773489,100,97.892117
416.924335,100,98.050568
410.552144,100,98.202867
372.591524,100,98.391554
389.798343,100,98.544224
301.936324,100,98.691651
374.470674,100,98.838886
423.725982,100,99.088634
302.770723,100,99.26809
385.157264,100,99.442034
318.622578,100,110.205947
311.653495,100,110.362658
413.677252,100,110.521725
418.565039,100,110.675653
378.815833,100,110.833874
388.974325,100,111.058404
391.94944,100,111.253998
384.851948,100,111.410751
451.066731,100,111.576867
351.61554,100,111.726146
382.260768,100,123.765936
422.982191,100,123.911735
271.998298,100,124.077868
367.862377,100,124.227653
284.310481,100,124.375966
318.207869,100,124.521163
331.245684,100,124.664968
298.992201,100,124.804981
346.469241,100,124.993046
377.638559,100,125.223469
358.387486,100,135.88805
345.534285,100,136.050203
380.248627,100,136.212627
328.856248,100,136.369595
270.296584,100,136.528386
327.460945,100,136.683741
410.455628,100,136.843216
399.759823,100,137.082661
402.756028,100,137.267754
371.400693,100,137.421434
402.258027,100,148.055631
409.125195,100,148.218494
394.132867,100,148.384422
322.826676,100,148.541965
327.139463,100,148.700727
398.988662,100,148.863982
282.401825,100,149.113648
416.397131,100,149.293859
367.179721,100,149.469524
293.103435,100,149.625147
381.432231,100,160.174092
381.179222,100,160.358005
361.355592,100,160.541494
331.889217,100,160.708247
251.506148,100,160.886969
352.442198,100,161.169493
393.009871,100,161.349926
386.481907,100,161.542376
283.400897,100,161.700241
281.963231,100,161.875596
429.456168,100,174.497465
370.785604,100,174.673489
308.503126,100,174.854708
281.85541,100,175.056659
442.322902,100,175.305959
377.079734,100,175.487894
408.135536,100,175.66603
403.685961,100,175.838635
405.99969,100,176.02174
298.130936,100,176.189805
393.192682,100,189.970743
380.057782,100,190.137861
317.711185,100,190.290077
435.899076,100,190.446726
335.045177,100,190.592212
374.333402,100,190.744235
385.788923,100,190.896297
458.972892,100,191.078508
333.472667,100,191.361531
391.149241,100,191.525952
316.121059,100,202.555043
266.283387,100,202.729115
349.425436,100,202.897496
348.066663,100,203.067258
354.63716,100,203.232104
403.896132,100,203.493027
411.886257,100,203.640624
383.659178,100,203.810493
325.460937,100,203.982867
304.992639,100,204.149599
257.883409,100,220.113846
393.264625,100,220.267406
383.900532,100,220.427431
445.156963,100,220.58946
382.153175,100,220.740988
317.675114,100,220.894672
362.237028,100,221.049471
368.69864,100,221.209852
286.6921,100,221.477057
309.594918,100,221.639992
324.877215,100,236.323669
401.461382,100,236.502134
399.42709,100,236.677485
379.863923,100,236.849427
329.032793,100,237.028962
376.953793,100,237.198855
298.195782,100,237.452246
422.113041,100,237.651594
322.246494,100,237.863669
398.008302,100,238.051004
396.430221,100,250.487705
344.753059,100,250.691939
390.545119,100,250.896062
362.917288,100,251.108095
420.29418,100,251.351012
433.944574,100,251.564181
391.175054,100,251.725599
299.557068,100,251.890087
308.814511,100,252.062545
341.714154,100,252.218669
421.548966,100,264.560052
345.480843,100,264.718394
415.137823,100,264.864831
346.106058,100,265.020844
463.069781,100,265.176982
341.165287,100,265.424145
368.507577,100,265.605581
305.086759,100,265.757788
307.258962,100,265.920736
369.371043,100,266.079911
416.211212,100,278.471022
384.864984,100,278.744085
348.994812,100,279.046098
258.172828,100,279.350483
410.313993,100,279.631149
405.074264,100,279.921857
415.337224,100,280.218703
435.533707,100,280.512069
376.086189,100,280.813981
318.875433,100,281.137204
293.451226,100,296.25912
389.689918,100,296.419069
406.200622,100,296.568247
365.430315,100,296.717115
422.929349,100,296.894797
314.673208,100,297.049755
345.113054,100,297.20164
432.154043,100,297.456872
340.458117,100,297.609447
406.873972,100,297.771987
259.518135,100,309.856965
293.190098,100,310.058106
313.601611,100,310.256701
360.505559,100,310.453166
384.560963,100,310.63307
309.172394,100,310.800916
354.993094,100,310.963776
372.708274,100,311.119908
348.686649,100,311.268202
291.218866,100,311.416497
323.668341,100,322.286148
316.877818,100,322.584709
419.20622,100,322.884684
293.789622,100,323.179434
298.518724,100,323.488544
415.027223,100,323.804646
290.204767,100,324.096699
421.223362,100,324.36433
399.76583,100,324.679523
377.388358,100,325.004221
288.127054,100,337.45181
397.97109,100,337.592996
351.089977,100,337.817898
326.07695,100,337.996508
399.682226,100,338.166363
348.635573,100,338.318687
358.822499,100,338.470304
332.853512,100,338.633616
369.979032,100,338.788247
420.214595,100,338.960844
293.015576,100,350.720708
296.59911,100,350.890257
324.562087,100,351.061631
308.621047,100,351.215247
396.624776,100,351.367432
398.173087,100,351.51821
368.547718,100,351.692175
279.690622,100,351.92626
413.254925,100,352.101638
375.909795,100,352.288834
305.55506,100,365.644423
322.821131,100,365.904864
329.730637,100,366.072628
392.907581,100,366.245661
464.602377,100,366.393801
328.869127,100,366.551629
417.760461,100,366.700913
423.565719,100,366.8612
345.290119,100,367.02718
381.235775,100,367.199699
376.275799,100,377.990865
340.849919,100,378.145464
343.115684,100,378.329172
338.554026,100,378.468912
425.023385,100,378.610885
407.749032,100,378.762498
345.44327,100,378.920681
366.757275,100,379.078702
311.684876,100,379.222046
256.359433,100,379.372581
416.190287,100,391.343954
384.222837,100,391.482491
371.178624,100,391.633423
403.901866,100,391.774137
363.315531,100,391.967688
410.298066,100,392.18578
334.481987,100,392.347018
283.038119,100,392.494304
428.590745,100,392.652691
395.717998,100,392.791133
379.666297,100,403.979793
413.417054,100,404.169988
362.645029,100,404.392534
322.945868,100,404.580548
256.059042,100,404.776524
324.370356,100,404.941196
357.894117,100,405.089684
353.796844,100,405.252158
408.702366,100,405.422074
331.796007,100,405.581652
341.497439,100,418.338835
396.734249,100,418.513923
374.892065,100,418.701355
364.955692,100,418.872648
345.001069,100,419.043783
347.591583,100,419.216596
355.360426,100,419.406548
273.51234,100,419.587729
320.15384,100,419.761177
401.089546,100,419.949288
381.553764,100,431.485211
372.977679,100,431.660763
364.462712,100,431.817578
362.397684,100,431.985192
404.701708,100,432.212268
384.26762,100,432.429556
318.91959,100,432.594093
342.576359,100,432.764057
362.136446,100,432.919786
388.817039,100,433.076703
338.658681,100,444.590274
391.571322,100,444.729052
312.228397,100,444.87036
402.29584,100,445.031154
355.599843,100,445.187201
312.026614,100,445.336822
319.867333,100,445.476705
298.820688,100,445.615887
352.382028,100,445.753465
412.221056,100,445.898494
368.001366,100,457.596374
409.291259,100,457.777591
309.30993,100,457.951375
319.2843,100,458.157582
419.933177,100,458.398165
365.637998,100,458.60515
376.367793,100,458.774176
412.722092,100,458.943889
357.785696,100,459.112298
484.475885,100,459.278545
376.36379,100,471.193065
359.143955,100,471.395838
410.533897,100,471.573221
377.196533,100,471.74794
350.178429,100,471.921375
313.259556,100,472.160146
394.234661,100,472.445686
376.50089,100,472.666081
403.682159,100,472.866282
334.216798,100,473.061238
370.029888,100,486.927757
415.786898,100,487.230349
368.789936,100,487.532063
331.473017,100,487.839324
434.007627,100,488.152522
357.13151,100,488.420088
379.172483,100,488.635225
421.129266,100,488.935579
407.595738,100,489.233284
433.330993,100,489.531408
313.87933,100,501.748209
420.000235,100,501.920452
329.570996,100,502.111593
444.671429,100,502.294075
377.232069,100,502.525546
310.095065,100,502.742926
290.722904,100,502.943278
409.011727,100,503.132787
270.589826,100,503.308936
397.772716,100,503.489084
366.014436,100,515.679344
422.751265,100,515.83952
328.402533,100,516.006727
369.179385,100,516.179208
393.613699,100,516.350781
400.267481,100,516.602071
368.313205,100,516.794509
367.390537,100,516.971826
315.767805,100,517.126967
284.084038,100,517.27011
312.490438,100,528.955998
333.773316,100,529.106069
417.24106,100,529.247378
291.744686,100,529.39757
312.762297,100,529.546932
375.925656,100,529.708729
341.97864,100,529.869415
377.06237,100,530.043924
413.731853,100,530.196126
325.804194,100,530.338674
408.04624,100,541.475553
378.789243,100,541.622986
343.608504,100,541.807417
322.149904,100,542.020445
326.914017,100,542.246879
363.534161,100,542.444541
348.229373,100,542.686777
310.984062,100,542.863782
402.804074,100,543.069372
323.042558,100,543.251926
374.945937,100,555.243488
296.789852,100,555.378104
297.095001,100,555.514843
383.301155,100,555.650169
369.269397,100,555.793295
315.150438,100,555.953207
297.730898,100,556.097905
360.657353,100,556.236856
459.26982,100,556.386814
346.227004,100,556.530457
367.753959,100,568.518936
340.810433,100,568.795508
363.100638,100,568.984332
316.888077,100,569.187209
307.742405,100,569.35574
399.918085,100,569.526975
350.253785,100,569.697695
378.962963,100,569.886015
388.555975,100,570.033118
349.767359,100,570.189993
431.832022,100,581.447751
343.25116,100,581.594272
332.70116,100,581.742213
347.652661,100,581.909034
378.769031,100,582.093173
356.002818,100,582.256295
319.686622,100,582.407469
329.125547,100,582.56615
315.790569,100,582.710061
304.109647,100,582.874854
351.17453,100,593.54836
365.971116,100,593.697669
428.995714,100,593.85549
260.820684,100,594.010788
390.712538,100,594.16708
392.596368,100,594.318594
354.312301,100,594.463706
375.153003,100,594.605191
359.684976,100,594.746196
374.483001,100,594.887733
384.12227,100,605.740819
405.473053,100,605.889889
430.076127,100,606.03603
305.070799,100,606.19489
317.519285,100,606.335536
414.035958,100,606.473844
342.598087,100,606.615287
253.551073,100,606.768699
427.65325,100,606.933662
368.684684,100,607.195427
446.491698,100,618.469501
332.447268,100,618.631904
361.333003,100,618.823947
314.65836,100,619.054488
367.851674,100,619.282022
320.654406,100,619.470292
357.02131,100,619.636963
417.172882,100,619.810953
428.647325,100,619.99099
357.550913,100,620.173629
423.131906,100,632.368827
355.566476,100,632.525861
317.631256,100,632.674199
288.471772,100,632.823762
366.146391,100,632.975553
386.819748,100,633.131684
310.792241,100,633.281543
382.560213,100,633.475581
375.90703,100,633.696717
312.819312,100,633.855909
373.087126,100,645.919382
303.700766,100,646.09222
411.205879,100,646.245853
337.036725,100,646.400779
344.68995,100,646.535406
386.045353,100,646.683539
276.84494,100,646.837224
381.66884,100,646.992577
394.35289,100,647.150922
321.645559,100,647.295844
356.539841,100,658.221409
341.397161,100,658.364779
392.275607,100,658.503926
406.686616,100,658.651736
441.073012,100,658.833047
359.676038,100,659.022634
372.251412,100,659.210655
437.340834,100,659.39202
413.985329,100,659.616268
323.662183,100,659.847298
297.648328,100,671.350873
335.748964,100,671.646776
373.839347,100,671.935598
358.036746,100,672.169028
367.779991,100,672.32952
311.542859,100,672.467927
383.484388,100,672.614004
415.166135,100,672.755645
276.249009,100,672.900455
421.78501,100,673.043849
358.35339,100,686.003146
334.070356,100,686.204617
361.792236,100,686.391457
338.486704,100,686.55841
387.673862,100,686.741361
362.468475,100,686.948104
403.295406,100,687.147266
312.285497,100,687.344763
321.176956,100,687.539202
434.048476,100,687.818566
393.286861,100,699.370958
349.360326,100,699.62168
433.059449,100,699.851721
447.774734,100,700.083225
366.280522,100,700.295434
417.628519,100,700.507943
358.400421,100,700.715494
372.347621,100,700.91304
356.100574,100,701.132262
389.620963,100,701.321575
385.919242,100,715.314718
369.047241,100,715.618036
349.068487,100,715.917151
312.488167,100,716.238896
377.080835,100,716.503506
299.801699,100,716.785576
401.954562,100,717.098127
302.680658,100,717.402147
346.869007,100,717.708719
421.619965,100,718.014904
344.602389,100,731.178716
342.944039,100,731.464016
360.789326,100,731.749094
389.062689,100,732.065342
305.32594,100,732.360703
308.88998,100,732.575824
343.665811,100,732.867539
383.769825,100,733.16355
415.552711,100,733.455528
412.669073,100,733.748071
281.672783,100,747.52706
312.514366,100,747.665349
385.807754,100,747.799372
346.723765,100,747.937432
328.145501,100,748.083762
366.894263,100,748.223171
285.186858,100,748.419462
351.025803,100,748.625734
384.749834,100,748.778279
368.730355,100,748.938864
388.143278,100,761.26551
280.294571,100,761.418429
363.318939,100,761.584549
361.454781,100,761.736029
302.843401,100,761.889935
400.069226,100,762.050115
321.139953,100,762.207304
409.559071,100,762.368938
297.127965,100,762.522112
307.834091,100,762.694505
371.859207,100,774.83513
304.662248,100,775.074139
392.930875,100,775.352058
405.357028,100,775.618932
386.895924,100,775.893224
336.476763,100,776.185015
366.650733,100,776.460426
378.401272,100,776.725971
441.770127,100,776.990024
297.311299,100,777.235489
323.152883,100,788.261537
351.388501,100,788.436746
316.048146,100,788.6026
387.206673,100,788.883942
388.144808,100,789.082391
400.390871,100,789.275142
422.361634,100,789.456709
302.092609,100,789.6255
386.328441,100,789.805138
319.202692,100,789.981276
450.387446,100,802.119007
361.665961,100,802.505881
292.766491,100,802.85829
292.493709,100,803.157694
390.749428,100,803.477187
409.681788,100,803.810465
365.357415,100,804.170704
401.674507,100,804.542061
331.9761,100,804.951949
322.233798,100,805.288635
317.617846,100,816.912107
328.33657,100,817.084948
297.90217,100,817.269104
397.490702,100,817.425988
350.206514,100,817.566379
419.414846,100,817.720109
341.128949,100,817.869991
357.299786,100,818.037777
374.312779,100,818.220809
331.287133,100,818.373177
328.921302,100,829.786661
351.49951,100,829.937146
374.972855,100,830.104245
322.016228,100,830.2667
313.745664,100,830.430788
324.370375,100,830.587647
401.449557,100,830.818259
357.720619,100,831.016981
397.984052,100,831.196522
360.101117,100,831.348428
373.076068,100,842.021279
452.745951,100,842.199298
430.956596,100,842.372787
355.952788,100,842.546034
455.584031,100,842.757136
376.123533,100,842.996073
357.943185,100,843.19011
303.211159,100,843.371914
309.96365,100,843.549923
391.608991,100,843.73252
393.970485,100,854.328027
331.80337,100,854.472808
353.342733,100,854.611693
316.26797,100,854.860848
358.485965,100,855.117677
285.548483,100,855.409269
427.592592,100,855.718894
261.724859,100,856.033761
322.870222,100,856.345623
303.871039,100,856.664478
355.581406,100,867.76362
365.610418,100,867.909651
346.596309,100,868.066957
346.252461,100,868.20922
357.435543,100,868.352663
370.865632,100,868.494914
338.121773,100,868.641915
339.787493,100,868.796203
327.047606,100,869.02969
300.984574,100,869.20145
378.384432,100,881.456734
443.385232,100,881.608376
420.980651,100,881.76696
356.814055,100,881.933415
424.282032,100,882.106902
360.335796,100,882.257947
323.157167,100,882.413577
336.747121,100,882.561706
384.104681,100,882.715691
368.783315,100,882.883972
402.440164,100,894.594853
305.303416,100,894.762784
276.001613,100,894.921909
375.341586,100,895.192906
398.308131,100,895.357905
342.957517,100,895.525826
434.10887,100,895.667993
394.041298,100,895.818113
373.826266,100,895.974805
352.042481,100,896.136007
419.984529,100,907.777521
412.104838,100,907.937883
294.185151,100,908.110989
319.590951,100,908.280365
395.688872,100,908.423373
354.13149,100,908.571931
378.625775,100,908.724438
418.589059,100,908.893897
342.662592,100,909.145747
362.839207,100,909.306765
396.930591,100,921.531668
362.162641,100,921.674913
305.494483,100,921.825571
367.742891,100,921.982479
293.399993,100,922.146473
291.22472,100,922.301442
301.347417,100,922.45676
336.554311,100,922.617765
347.294884,100,922.766754
334.194499,100,922.921857
368.356691,100,934.803457
397.34269,100,934.967402
409.416644,100,935.221022
439.96241,100,935.37475
339.679199,100,935.541765
329.568302,100,935.682868
367.522757,100,935.826936
316.166264,100,935.975065
432.282774,100,936.130732
392.806036,100,936.436586
345.081478,100,948.641278
368.82949,100,948.795357
371.517111,100,948.962091
372.296718,100,949.222214
321.679423,100,949.370223
412.497897,100,949.541445
292.363536,100,949.688699
346.392684,100,949.839019
328.557575,100,949.988605
401.824024,100,950.153611
372.509683,100,960.805211
372.976229,100,960.992659
292.020823,100,961.24018
342.935399,100,961.388662
390.158195,100,961.552699
316.874152,100,961.694375
283.665115,100,961.850569
358.570234,100,962.039104
362.521107,100,962.239652
370.718389,100,962.404737
368.170866,100,973.619649
319.121121,100,973.782496
318.452409,100,973.956051
401.785185,100,974.121715
406.202532,100,974.288186
381.953163,100,974.4649
374.246599,100,974.633367
403.092157,100,974.802162
371.420993,100,974.99164
333.318591,100,975.218008
378.767083,100,987.876735
299.690167,100,988.057111
341.062565,100,988.22337
352.779597,100,988.400802
367.503054,100,988.553449
266.652868,100,988.69816
365.951423,100,988.857605
366.913367,100,989.08476
328.956906,100,989.274795
330.557478,100,989.455542
389.939934,100,1000.372005
427.647369,100,1000.540682
382.936683,100,1000.699308
307.670571,100,1000.856892
373.981278,100,1001.085783
403.970191,100,1001.282517
334.576637,100,1001.458604
364.150493,100,1001.634726
452.587854,100,1001.807632
391.859123,100,1001.986164
414.176288,100,1013.908986
438.746348,100,1014.067971
393.481935,100,1014.217205
335.423122,100,1014.375456
355.979733,100,1014.533568
380.185872,100,1014.680699
280.172164,100,1014.820887
360.712267,100,1014.978743
339.841363,100,1015.194398
419.663459,100,1015.358243
297.701108,100,1026.343264
335.317355,100,1026.479715
406.678124,100,1026.622724
297.676865,100,1026.770912
396.375781,100,1026.936696
444.404925,100,1027.157697
386.425677,100,1027.380865
388.987488,100,1027.530117
415.379469,100,1027.684447
340.873831,100,1027.854127
302.745107,100,1038.568974
328.200306,100,1038.716763
401.149318,100,1038.867975
350.599893,100,1039.048256
390.476207,100,1039.311839
351.28534,100,1039.470256
427.849105,100,1039.637356
367.561771,100,1039.794475
353.216436,100,1039.956786
465.438491,100,1040.118584
371.497645,100,1051.814617
351.201295,100,1052.001681
285.124861,100,1052.17252
304.052418,100,1052.335819
398.939122,100,1052.475504
419.31445,100,1052.615706
408.627146,100,1052.758251
430.889332,100,1052.918263
387.435768,100,1053.078821
323.724087,100,1053.244869
316.713569,100,1064.0828
343.370179,100,1064.251119
388.609554,100,1064.420643
332.863173,100,1064.57076
323.973528,100,1064.727522
386.502228,100,1064.898281
304.618343,100,1065.058577
388.914025,100,1065.200819
337.330531,100,1065.345832
364.547367,100,1065.496668
410.039674,100,1077.139977
320.915724,100,1077.31377
331.210873,100,1077.485216
290.896262,100,1077.684124
338.233852,100,1077.942023
386.721338,100,1078.146647
357.58428,100,1078.33864
411.527139,100,1078.518466
431.46556,100,1078.702591
268.199518,100,1078.903271
359.875272,100,1090.720826
267.939941,100,1090.893401
411.298377,100,1091.05207
366.398485,100,1091.199058
350.969869,100,1091.356852
364.072242,100,1091.505224
348.57293,100,1091.73155
368.642372,100,1092.06022
411.328437,100,1092.238083
396.512387,100,1092.414917
405.876688,100,1104.154466
401.514334,100,1104.342935
449.827472,100,1104.506123
384.119171,100,1104.658704
489.765435,100,1104.805513
423.940529,100,1104.973728
331.369234,100,1105.15346
323.863698,100,1105.333731
317.04789,100,1105.493301
449.092279,100,1105.645224
384.278761,100,1116.944057
315.098562,100,1117.111437
376.943862,100,1117.274525
448.26693,100,1117.452719
367.447608,100,1117.625752
360.289911,100,1117.794686
324.303226,100,1117.964193
360.662362,100,1118.1761
316.989023,100,1118.398691
319.85748,100,1118.591655
341.871755,100,1131.373128
384.026939,100,1131.541234
312.238049,100,1131.69916
396.188387,100,1131.872228
399.711108,100,1132.108773
361.219486,100,1132.409077
383.508461,100,1132.591238
312.688388,100,1132.773134
346.608651,100,1132.940224
363.866114,100,1133.101139
374.048348,100,1145.21181
342.746449,100,1145.398024
404.2531,100,1145.587468
435.8185,100,1145.761272
325.337124,100,1145.954397
335.012392,100,1146.192916
335.910172,100,1146.407964
336.72394,100,1146.557637
359.511298,100,1146.725594
353.359759,100,1146.88446
347.015092,100,1160.345747
311.172468,100,1160.597361
261.773273,100,1160.87746
307.910836,100,1161.177365
392.302359,100,1161.468717
414.137691,100,1161.76307
350.310914,100,1162.11476
296.465845,100,1162.471825
418.123299,100,1162.731005
376.529475,100,1163.048478
314.601946,100,1174.880121
342.34434,100,1175.04201
414.311271,100,1175.19858
402.510019,100,1175.36896
408.406584,100,1175.531344
387.443031,100,1175.678976
417.971379,100,1175.837606
381.180388,100,1175.999728
357.571456,100,1176.219134
330.374017,100,1176.417428
349.086255,100,1188.599678
345.299195,100,1188.754969
378.772543,100,1188.907307
454.653771,100,1189.080572
313.254782,100,1189.237232
361.803922,100,1189.39756
310.791108,100,1189.568747
369.908646,100,1189.736775
340.719299,100,1189.890056
395.064538,100,1190.054803
381.352567,100,1201.172927
373.67031,100,1201.329446
376.08247,100,1201.481243
397.162583,100,1201.627557
374.359998,100,1201.783362
384.568115,100,1201.957999
412.418761,100,1202.189736
416.098735,100,1202.40129
388.357103,100,1202.57606
374.215885,100,1202.733543
339.610593,100,1215.061487
361.051934,100,1215.231281
265.427189,100,1215.398647
388.159601,100,1215.561049
320.234127,100,1215.714502
387.12529,100,1215.884949
396.523553,100,1216.076078
393.256277,100,1216.345023
305.696536,100,1216.523969
369.678693,100,1216.698189
293.349465,100,1229.234592
394.203463,100,1229.434693
330.909002,100,1229.631795
317.2623,100,1229.820755
447.620357,100,1230.019059
288.109125,100,1230.318079
299.328655,100,1230.49964
443.530982,100,1230.690304
283.784301,100,1230.855927
446.348543,100,1231.029204
380.406452,100,1243.601677
422.483885,100,1243.756745
342.330197,100,1243.929291
391.795438,100,1244.09316
329.540013,100,1244.335146
340.905374,100,1244.480827
359.392054,100,1244.653035
327.455096,100,1244.806232
363.222636,100,1244.957005
436.730958,100,1245.115178
344.686348,100,1257.451777
365.391316,100,1257.774796
355.581862,100,1258.110563
453.643655,100,1258.443787
363.074356,100,1258.718614
313.052294,100,1259.034541
333.812675,100,1259.365155
376.889935,100,1259.691248
374.875384,100,1260.021037
374.097228,100,1260.377359
381.044245,100,1273.576083
449.326951,100,1273.738869
388.380419,100,1273.92068
414.346958,100,1274.092304
334.640631,100,1274.251678
332.068295,100,1274.515439
358.775351,100,1274.676726
355.813626,100,1274.866096
343.186606,100,1275.036974
395.750702,100,1275.200634
449.662637,100,1287.196587
426.269443,100,1287.356074
383.995787,100,1287.520799
376.706088,100,1287.679207
228.20524,100,1287.844526
349.997291,100,1288.007452
407.638566,100,1288.157596
362.340476,100,1288.337133
398.834979,100,1288.577027
350.871732,100,1288.735237
282.60038,100,1301.518823
382.242627,100,1301.680909
360.378994,100,1301.839414
294.896176,100,1302.023719
306.354535,100,1302.202508
434.601335,100,1302.422038
298.72535,100,1302.622223
313.227364,100,1302.767973
371.719346,100,1302.934966
420.034787,100,1303.086875
380.4587,100,1315.242631
322.0939,100,1315.390122
318.986972,100,1315.544415
358.0999,100,1315.72775
309.001311,100,1315.876961
415.467515,100,1316.02844
399.533532,100,1316.174686
356.565088,100,1316.353769
296.96804,100,1316.589161
393.033027,100,1316.730134
343.305802,100,1327.787725
384.81656,100,1327.938019
437.357828,100,1328.086669
363.956955,100,1328.267296
362.615761,100,1328.421597
294.009251,100,1328.602637
386.658198,100,1328.840371
358.977801,100,1329.005806
374.686271,100,1329.169912
289.682945,100,1329.318278
334.428262,100,1344.296706
372.098181,100,1344.435362
347.975144,100,1344.60091
292.952409,100,1344.833663
316.868248,100,1345.009594
374.060223,100,1345.192635
254.878533,100,1345.365786
435.310783,100,1345.536418
328.39234,100,1345.689223
392.892937,100,1345.841256
391.727397,100,1358.148899
399.622286,100,1358.302766
386.760737,100,1358.438141
399.607949,100,1358.579752
397.441392,100,1358.722888
355.91347,100,1358.973858
478.861147,100,1359.155243
395.960713,100,1359.334942
393.932791,100,1359.495851
339.813961,100,1359.641406
374.434825,100,1371.05949
346.605435,100,1371.24562
434.58557,100,1371.440099
423.142847,100,1371.610032
378.382199,100,1371.78074
352.736289,100,1371.983836
375.099137,100,1372.204685
383.27892,100,1372.389051
300.560206,100,1372.597504
388.160743,100,1372.827723
324.239202,100,1385.77822
376.552773,100,1385.958418
457.478449,100,1386.135613
437.642999,100,1386.301939
390.500046,100,1386.466771
395.449374,100,1386.646027
321.528392,100,1386.827948
316.680472,100,1387.092024
297.550269,100,1387.340895
414.073592,100,1387.559641
273.220026,100,1399.854865
323.128489,100,1400.036102
343.164001,100,1400.211861
339.647776,100,1400.386722
351.503083,100,1400.556746
305.744632,100,1400.741153
343.766049,100,1400.925923
415.135386,100,1401.13768
341.239969,100,1401.38903
360.126215,100,1401.530598
324.207329,100,1413.692735
418.375132,100,1413.862449
362.469188,100,1414.02888
427.154444,100,1414.184166
312.521097,100,1414.340936
407.316498,100,1414.492067
323.224647,100,1414.653859
398.422404,100,1414.83338
426.73998,100,1415.004902
310.066748,100,1415.261907
318.618361,100,1428.617867
393.397816,100,1428.777934
415.991853,100,1428.937427
372.485123,100,1429.10574
402.290175,100,1429.26715
350.763832,100,1429.558838
381.490266,100,1429.73781
349.156276,100,1429.922762
414.771898,100,1430.094792
411.815747,100,1430.260655
408.977017,100,1445.492635
404.550496,100,1445.682894
316.929405,100,1445.876235
431.755066,100,1446.05535
393.442349,100,1446.215431
395.943445,100,1446.38111
406.521464,100,1446.540138
358.276715,100,1446.701106
390.059577,100,1446.853613
414.207844,100,1447.048302
389.254063,100,1461.059595
347.457949,100,1461.387554
377.706784,100,1461.69231
334.343109,100,1462.073586
365.22733,100,1462.534568
353.026295,100,1462.908985
366.565346,100,1463.256769
418.604248,100,1463.648902
396.770186,100,1463.959443
363.470959,100,1464.277796
432.58143,100,1483.313683
333.796843,100,1483.509297
319.130192,100,1483.704839
370.948241,100,1484.053137
353.566227,100,1484.240342
426.292986,100,1484.462794
414.903123,100,1484.703873
357.618033,100,1484.902223
316.081689,100,1485.109293
375.799802,100,1485.296935
357.583293,100,1500.002078
324.19171,100,1500.210162
362.125788,100,1500.425555
294.331656,100,1500.620917
345.455293,100,1500.808729
356.712204,100,1501.091025
424.013903,100,1501.261104
416.377728,100,1501.43719
390.013315,100,1501.62767
362.542958,100,1501.808938
364.261489,100,1517.502134
349.172002,100,1517.679437
394.726969,100,1517.857589
329.701592,100,1518.067801
341.334351,100,1518.298951
336.514805,100,1518.465289
387.093574,100,1518.719759
408.608633,100,1518.979496
356.628066,100,1519.294416
334.370271,100,1519.541818
430.864879,100,1532.789232
310.681284,100,1533.028033
389.308804,100,1533.262233
446.622848,100,1533.407908
345.385768,100,1533.595297
380.885766,100,1533.765733
377.00267,100,1533.925236
395.99108,100,1534.102196
382.604287,100,1534.279845
305.668713,100,1534.438281
326.115234,100,1546.237247
379.685211,100,1546.417259
360.285233,100,1546.586009
340.876255,100,1546.774803
360.802635,100,1547.012101
348.309054,100,1547.232616
356.071592,100,1547.41413
408.379292,100,1547.605807
382.55197,100,1547.805141
453.371817,100,1547.994682
390.075441,100,1562.302849
378.884379,100,1562.455692
345.334214,100,1562.632018
429.034755,100,1562.78364
350.352152,100,1562.940289
347.701663,100,1563.201371
335.586223,100,1563.38763
434.654238,100,1563.565486
367.048444,100,1563.723829
309.155758,100,1563.874264
335.783723,100,1577.634081
424.47278,100,1577.798687
334.444579,100,1577.971885
270.203826,100,1578.157239
420.905197,100,1578.342586
419.851637,100,1578.498919
470.11963,100,1578.655764
421.732813,100,1578.823616
379.310892,100,1578.981093
431.570177,100,1579.252303
403.424446,100,1592.63037
355.563092,100,1592.793884
336.951053,100,1592.964321
348.669101,100,1593.171008
369.420749,100,1593.404568
387.978843,100,1593.562778
366.103012,100,1593.746142
333.518294,100,1593.899955
263.236107,100,1594.059078
436.097457,100,1594.212609
320.451433,100,1606.559719
341.937051,100,1606.725751
355.137759,100,1606.873137
461.959495,100,1607.024804
315.910569,100,1607.216162
396.535434,100,1607.433861
319.816607,100,1607.587569
362.988253,100,1607.76173
352.830347,100,1607.914765
343.203887,100,1608.070673
344.710739,100,1620.217552
385.038181,100,1620.40202
424.230757,100,1620.561387
396.557916,100,1620.743523
341.570225,100,1620.91778
385.632041,100,1621.081362
319.700291,100,1621.369154
394.922181,100,1621.564384
324.122354,100,1621.754084
454.477308,100,1621.909988
318.871319,100,1633.727538
311.952983,100,1633.907695
361.293334,100,1634.087937
407.103817,100,1634.254811
294.645637,100,1634.423821
374.978727,100,1634.602233
415.168207,100,1634.795651
386.399941,100,1634.96956
346.926813,100,1635.161969
437.726977,100,1635.389817
313.442545,100,1647.29848
314.717157,100,1647.467287
331.35717,100,1647.614379
304.094614,100,1647.782924
355.716704,100,1647.931286
365.507729,100,1648.090078
302.184606,100,1648.239041
356.063337,100,1648.389848
350.452204,100,1648.533169
326.615552,100,1648.684209
349.845728,100,1659.921247
399.78744,100,1660.077804
335.921584,100,1660.234941
385.807298,100,1660.386621
440.756845,100,1660.548788
358.194525,100,1660.704844
339.607946,100,1660.864995
297.734369,100,1661.024993
350.319628,100,1661.232064
372.989523,100,1661.436815
390.04941,100,1673.028786
436.433014,100,1673.227042
357.703147,100,1673.44284
370.326946,100,1673.587241
363.306774,100,1673.771743
425.666845,100,1673.930713
329.537044,100,1674.069831
319.252897,100,1674.211638
380.808863,100,1674.372787
429.649076,100,1674.513404
442.378535,100,1686.259672
360.291892,100,1686.416577
318.960957,100,1686.569389
318.091344,100,1686.727598
359.815621,100,1686.883496
338.636177,100,1687.032446
387.137789,100,1687.178794
420.120551,100,1687.332881
274.411291,100,1687.499472
345.756395,100,1687.757527
320.725693,100,1699.697999
343.463732,100,1699.89329
389.997712,100,1700.123223
318.236987,100,1700.297522
325.787815,100,1700.481647
363.083493,100,1700.68824
454.370771,100,1700.882735
269.402031,100,1701.06386
356.926775,100,1701.233091
427.346343,100,1701.39817
421.195571,100,1713.02749
369.781971,100,1713.181222
341.958031,100,1713.338504
314.674722,100,1713.498264
357.389417,100,1713.774342
409.804169,100,1713.964654
406.61835,100,1714.149832
401.706119,100,1714.327274
359.586245,100,1714.502398
437.188026,100,1714.67421
447.528423,100,1730.02677
397.69643,100,1730.204625
376.481572,100,1730.384005
367.199434,100,1730.558436
422.086698,100,1730.74382
332.285249,100,1730.918848
356.96438,100,1731.100682
330.549614,100,1731.292215
377.10951,100,1731.476108
285.612205,100,1731.752611
400.208864,100,1.564025
356.404583,100,1.793691
396.426639,100,1.997199
388.361667,100,2.201476
417.154963,100,2.368299
364.192915,100,2.546422
383.302455,100,2.698465
397.790117,100,2.866872
303.953954,100,3.037565
353.653836,100,3.195495
267.886747,100,14.904403
362.51912,100,15.071438
345.601691,100,15.237372
313.032096,100,15.409015
386.241263,100,15.591896
415.232849,100,15.836682
402.564144,100,16.030684
358.569698,100,16.199128
316.797406,100,16.371114
470.095979,100,16.542833
349.263743,100,29.502375
360.434256,100,29.684712
412.462154,100,29.871857
367.522019,100,30.078666
359.548255,100,30.28058
371.924944,100,30.576423
387.600547,100,30.766872
279.705571,100,30.970601
404.331065,100,31.168679
326.762582,100,31.358072
238.40149,100,46.162905
428.824697,100,46.41281
403.121161,100,46.641841
417.616303,100,46.848121
400.933266,100,47.048424
398.233776,100,47.271361
305.261209,100,47.474277
402.423859,100,47.65386
410.48832,100,47.803166
315.867167,100,47.967312
362.260191,100,60.110582
371.863951,100,60.269212
422.954042,100,60.534618
325.7795,100,60.701424
443.881791,100,60.87734
411.670571,100,61.055344
317.645282,100,61.227207
313.609366,100,61.392707
455.687753,100,61.581319
397.061927,100,61.750336
406.935184,100,74.980383
338.933629,100,75.144885
386.023028,100,75.330384
387.344671,100,75.510117
440.195231,100,75.670599
420.897514,100,75.834368
336.454631,100,75.984519
319.787439,100,76.135846
422.840731,100,76.288072
353.187645,100,76.540988
365.626583,100,89.132861
410.657436,100,89.313444
319.953836,100,89.497447
335.928384,100,89.680007
424.780067,100,89.873841
344.173791,100,90.068461
379.152434,100,90.271392
328.605133,100,90.475421
347.821933,100,90.755892
422.567696,100,90.948899
369.147297,100,103.874038
437.790907,100,104.028476
421.622553,100,104.176149
386.624956,100,104.331105
393.140916,100,104.54982
325.057924,100,104.770521
389.474035,100,104.94543
444.334403,100,105.101158
336.896723,100,105.271853
386.469016,100,105.450829
337.089316,100,117.712675
326.308982,100,117.905336
415.202591,100,118.090951
444.18422,100,118.270915
379.959766,100,118.457843
393.234975,100,118.721188
424.702241,100,118.950529
395.829594,100,119.12437
471.602745,100,119.294505
365.457584,100,119.449316
398.127763,100,131.44749
439.246951,100,131.595072
288.774962,100,131.771416
400.881011,100,131.933001
289.875993,100,132.098654
326.689451,100,132.300779
358.010021,100,132.479077
330.813375,100,132.726264
366.624229,100,132.879945
392.768312,100,133.045528
379.079575,100,145.308261
351.342677,100,145.480199
376.162297,100,145.638119
341.385641,100,145.803219
273.764443,100,145.974124
361.542369,100,146.156595
419.564943,100,146.339291
416.311379,100,146.54834
417.345444,100,146.753568
379.883937,100,146.924963
414.861225,100,159.417622
414.378574,100,159.55918
432.505435,100,159.714622
340.624112,100,159.877186
338.429619,100,160.02788
425.257255,100,160.180435
302.994325,100,160.330101
423.672022,100,160.474643
373.429835,100,160.615553
298.88323,100,160.873621
386.964005,100,171.961052
395.883688,100,172.11164
379.01952,100,172.277879
334.28371,100,172.446463
247.209293,100,172.589025
373.718796,100,172.845893
405.463768,100,173.023497
404.432682,100,173.221691
294.828285,100,173.375414
311.596249,100,173.521374
423.439706,100,187.357852
385.033664,100,187.567638
313.782552,100,187.739487
305.955959,100,187.896849
460.952938,100,188.051766
391.736651,100,188.216042
426.518425,100,188.395963
426.979019,100,188.56381
411.90427,100,188.78341
306.930474,100,188.987615
400.527428,100,203.437663
389.745671,100,203.673215
329.844977,100,203.914898
445.378483,100,204.224194
332.14532,100,204.543159
381.35505,100,204.844787
404.39492,100,205.069056
466.654414,100,205.33413
338.357896,100,205.636187
385.246396,100,205.935909
321.512287,100,218.321812
274.918095,100,218.486045
346.24497,100,218.787623
375.833584,100,219.059505
366.183455,100,219.350905
396.915649,100,219.721951
431.748629,100,220.088696
401.073882,100,220.455499
337.067218,100,220.868136
334.397342,100,221.194212
247.216985,100,233.952255
416.127377,100,234.102019
387.479153,100,234.261736
455.618833,100,234.429003
397.321202,100,234.580567
320.609209,100,234.779172
368.643279,100,234.989484
377.230757,100,235.163846
308.02463,100,235.320502
347.373426,100,235.481825
347.917376,100,247.990849
416.343132,100,248.145449
413.503672,100,248.304831
381.313548,100,248.459682
346.208509,100,248.602448
396.26447,100,248.817909
319.802802,100,248.999244
415.804706,100,249.162358
329.447442,100,249.32804
415.351569,100,249.48244
415.033533,100,261.270452
357.482077,100,261.452408
405.928917,100,261.638268
377.56862,100,261.812614
417.559806,100,261.994403
443.901644,100,262.163763
420.143319,100,262.370873
320.269981,100,262.552041
319.766399,100,262.773703
346.971589,100,263.009297
439.246877,100,275.796798
359.911176,100,275.939224
444.723301,100,276.088024
346.496132,100,276.241226
469.659571,100,276.376819
346.426252,100,276.510573
377.31123,100,276.646202
306.93389,100,276.794645
310.666756,100,277.043099
377.08187,100,277.185282
410.26592,100,288.04617
389.830872,100,288.206181
346.463967,100,288.344554
274.065489,100,288.493266
420.182038,100,288.629181
423.740713,100,288.768813
422.299961,100,289.020812
450.178591,100,289.209766
379.010307,100,289.399391
317.329889,100,289.568115
292.929214,100,303.296855
402.660699,100,303.473651
406.826447,100,303.626021
359.784347,100,303.773245
439.056798,100,303.919695
324.931145,100,304.065569
376.424556,100,304.219591
451.446471,100,304.372597
356.302901,100,304.541498
413.840998,100,304.693792
269.34103,100,316.652135
316.223036,100,316.798397
312.710435,100,316.948376
379.630434,100,317.099332
396.955867,100,317.259279
318.911612,100,317.505213
362.785206,100,317.708059
385.053629,100,317.871987
354.503084,100,318.059675
301.264131,100,318.226856
333.566342,100,328.807851
317.740652,100,328.942909
423.073265,100,329.074619
311.042883,100,329.214012
308.68609,100,329.353
425.360358,100,329.584618
311.237601,100,329.739174
427.006501,100,329.961346
407.587772,100,330.119505
378.333295,100,330.284516
312.389209,100,343.226854
397.283823,100,343.383559
366.037639,100,343.640159
343.056704,100,343.781214
407.806608,100,343.938148
371.898558,100,344.087307
390.00575,100,344.229574
350.207166,100,344.383281
395.701082,100,344.547913
432.64563,100,344.703385
313.421491,100,356.262303
298.317253,100,356.436607
319.705433,100,356.588066
311.535948,100,356.730531
408.336932,100,356.87434
410.368487,100,357.019028
371.819836,100,357.198918
296.43123,100,357.383503
427.289481,100,357.535264
397.908055,100,357.681155
310.175045,100,369.352601
334.750986,100,369.505967
341.132221,100,369.667533
400.465718,100,369.814524
468.69606,100,370.014421
329.522415,100,370.243973
420.748828,100,370.395183
431.22061,100,370.572143
361.826927,100,370.730994
408.14089,100,370.881296
381.623324,100,382.633889
339.699448,100,382.822487
330.728993,100,382.988464
378.020374,100,383.148525
404.549992,100,383.291103
417.530095,100,383.43918
332.704978,100,383.580456
376.156321,100,383.723371
329.247374,100,383.872437
287.661087,100,384.009365
423.281524,100,395.546587
392.745603,100,395.714775
380.272484,100,395.88611
420.381196,100,396.050484
353.765343,100,396.226342
434.232515,100,396.412145
348.826312,100,396.577817
297.154651,100,396.757698
433.701895,100,397.042174
406.800685,100,397.233882
393.612287,100,410.106601
429.714462,100,410.38892
390.200106,100,410.669054
337.980581,100,410.979016
261.50395,100,411.223086
347.713431,100,411.514917
354.046391,100,411.786843
368.969331,100,412.066245
429.747055,100,412.357155
354.458214,100,412.651017
350.900344,100,426.231646
410.740396,100,426.379878
385.33352,100,426.527802
386.096734,100,426.667466
357.647028,100,426.878966
358.215088,100,427.076628
384.797171,100,427.246639
281.119011,100,427.427436
331.455757,100,427.58525
423.762949,100,427.736901
394.907212,100,438.719401
399.589017,100,438.895596
372.653897,100,439.127727
365.324025,100,439.273057
413.222542,100,439.441512
396.928961,100,439.592317
322.066498,100,439.745701
373.316175,100,439.904244
375.258144,100,440.050349
404.058109,100,440.197381
358.853437,100,455.703972
394.123763,100,455.844696
316.540851,100,455.987828
425.240949,100,456.147985
352.627494,100,456.294675
338.151839,100,456.441089
341.576461,100,456.577359
307.473874,100,456.7191
354.722768,100,456.883907
419.72925,100,457.080305
358.832877,100,467.769044
413.35013,100,467.931528
307.645614,100,468.087943
329.857976,100,468.243022
423.098306,100,468.41454
375.513813,100,468.568423
375.414323,100,468.715895
413.980066,100,468.887005
357.358471,100,469.121349
486.821194,100,469.288181
400.515866,100,479.954489
378.569443,100,480.132625
404.562824,100,480.304315
388.755645,100,480.474687
351.756258,100,480.632503
323.550697,100,480.789432
392.423207,100,480.940024
383.485507,100,481.118124
406.858588,100,481.337502
357.172117,100,481.554712
385.675747,100,492.819707
417.258093,100,492.97211
373.374412,100,493.12865
335.294592,100,493.340125
431.055099,100,493.579168
372.592199,100,493.729309
380.962866,100,493.892689
416.571384,100,494.038181
421.24908,100,494.189207
441.012357,100,494.345513
320.215546,100,505.838643
429.210136,100,506.016803
329.709698,100,506.162858
450.094231,100,506.319896
366.483664,100,506.487861
325.725631,100,506.64814
299.516155,100,506.79423
419.648554,100,506.948621
283.646812,100,507.108324
432.247399,100,507.326075
382.363537,100,519.08061
423.943251,100,519.3257
323.106431,100,519.545603
371.510879,100,519.763335
406.137098,100,520.000734
421.351504,100,520.172174
381.55445,100,520.350981
370.927616,100,520.5092
320.000521,100,520.655517
304.062948,100,520.799698
345.53075,100,531.884875
354.689025,100,532.044864
420.228226,100,532.218049
294.873437,100,532.403451
317.538189,100,532.569077
370.82753,100,532.738129
336.475022,100,532.904619
376.026429,100,533.071295
421.844221,100,533.236446
343.264227,100,533.498178
421.977923,100,548.850579
376.35967,100,549.000441
343.084672,100,549.155912
339.819312,100,549.358822
335.821246,100,549.565303
374.486613,100,549.726283
354.373874,100,549.891159
309.606117,100,550.046516
403.542357,100,550.2108
332.457282,100,550.366022
374.150078,100,564.916113
298.05088,100,565.072649
294.798323,100,565.225678
392.728825,100,565.478237
378.432256,100,565.633472
325.035913,100,565.788256
326.296624,100,565.956877
373.121929,100,566.10793
459.770586,100,566.268116
356.964272,100,566.432132
376.578942,100,578.173002
341.982634,100,578.327006
371.794837,100,578.481707
315.510644,100,578.627701
311.740499,100,578.771565
404.949691,100,578.917329
358.376225,100,579.061228
388.602391,100,579.213274
406.448955,100,579.463034
372.398016,100,579.617072
430.773647,100,590.938153
370.976629,100,591.069953
336.885673,100,591.2112
356.594435,100,591.460777
394.169898,100,591.643855
358.255927,100,591.809139
324.290276,100,591.957922
341.346092,100,592.097718
321.119532,100,592.275828
307.315424,100,592.44487
374.9832,100,603.486974
375.279172,100,603.730297
447.066353,100,603.967791
253.725979,100,604.271412
395.49519,100,604.568282
383.270651,100,604.868712
371.675384,100,605.159862
379.261516,100,605.467885
352.956782,100,605.708295
389.979393,100,605.970074
396.307118,100,617.717779
407.132433,100,617.891619
430.98634,100,618.026638
320.091622,100,618.170855
326.161851,100,618.314524
423.20699,100,618.466169
362.315176,100,618.619463
262.496401,100,618.761901
422.667451,100,618.898974
374.258575,100,619.037457
454.8814,100,632.551668
331.590001,100,632.708221
362.237837,100,632.859876
327.771786,100,633.023918
366.074255,100,633.181245
340.861208,100,633.350444
354.80261,100,633.515236
434.029463,100,633.690599
445.156711,100,633.911218
362.465163,100,634.075264
431.779985,100,645.63091
389.751157,100,645.926545
334.285765,100,646.166257
291.097168,100,646.370033
372.859832,100,646.536205
400.289431,100,646.706449
319.488317,100,646.918591
375.042664,100,647.084783
391.912693,100,647.272973
315.710112,100,647.476883
386.416762,100,660.562815
297.686031,100,660.715383
424.896215,100,660.876669
347.9162,100,661.04189
353.691709,100,661.198663
419.476714,100,661.348082
313.613857,100,661.512169
396.8296,100,661.691736
404.264282,100,661.951823
326.189209,100,662.108496
367.149295,100,675.784525
347.414664,100,676.128556
409.500895,100,676.432308
415.992622,100,676.667813
443.020773,100,676.896846
362.176697,100,677.126441
387.179677,100,677.291616
437.702603,100,677.549156
420.959492,100,677.741178
315.433099,100,677.932602
308.252206,100,691.626414
337.6325,100,691.777671
382.799024,100,691.945559
356.551422,100,692.215867
377.63387,100,692.377825
334.737247,100,692.557428
388.981383,100,692.712269
422.603435,100,692.871829
289.303938,100,693.033266
430.159012,100,693.214141
363.582932,100,706.713476
344.579849,100,706.93211
371.467643,100,707.125327
362.708602,100,707.326909
389.190546,100,707.503836
345.357883,100,707.681674
407.78229,100,707.851422
334.213351,100,708.088941
311.491726,100,708.328245
437.970162,100,708.531411
381.250253,100,721.647361
369.690983,100,721.821005
443.371767,100,721.968601
440.408514,100,722.126273
375.831689,100,722.363538
439.62382,100,722.572636
365.995948,100,722.763422
387.627371,100,722.945278
367.810863,100,723.098248
420.653249,100,723.301407
410.431011,100,736.451248
380.654339,100,736.620583
335.990342,100,736.817397
327.541348,100,736.986784
371.094068,100,737.155614
320.526243,100,737.3642
406.15969,100,737.58406
307.271591,100,737.76579
355.898783,100,737.941437
430.155685,100,738.106983
345.416937,100,751.946648
339.313508,100,752.242185
367.873689,100,752.523084
395.872798,100,752.76221
302.650439,100,753.031245
319.090869,100,753.332085
356.005728,100,753.63707
392.855741,100,753.939528
424.737325,100,754.240215
399.583713,100,754.581347
282.771278,100,767.608064
331.819167,100,767.759337
411.29883,100,767.933609
349.543052,100,768.08621
342.971856,100,768.256331
360.528548,100,768.494255
303.006966,100,768.672568
377.425916,100,768.829567
416.462723,100,768.994136
379.110646,100,769.223316
415.831878,100,781.253357
285.566776,100,781.415254
375.964171,100,781.579991
377.126574,100,781.72115
312.808729,100,781.871494
403.287126,100,782.012507
339.3789,100,782.153381
420.550913,100,782.394183
316.496531,100,782.561266
307.03399,100,782.730657
373.168642,100,794.503809
318.286247,100,794.659269
398.963776,100,794.82831
415.69947,100,794.973778
395.147405,100,795.127843
340.966693,100,795.286846
370.267877,100,795.450162
378.749646,100,795.623235
429.260195,100,795.771713
290.435852,100,795.929855
334.11962,100,807.057404
331.954893,100,807.219789
315.61076,100,807.411134
403.905225,100,807.58927
403.342977,100,807.744082
387.656244,100,807.900113
428.221509,100,808.042589
308.043398,100,808.187603
380.785832,100,808.447817
330.972386,100,808.607158
454.634073,100,819.995366
380.792278,100,820.131847
297.701189,100,820.344614
310.969099,100,820.561275
388.018955,100,820.744005
420.772544,100,820.920799
382.173463,100,821.08882
411.913285,100,821.278903
328.738256,100,821.46111
321.058588,100,821.624604
329.290681,100,834.937219
287.306569,100,835.081121
305.969118,100,835.230311
400.054104,100,835.386002
343.740506,100,835.546638
429.699812,100,835.702713
337.22076,100,835.877821
370.096182,100,836.047391
390.838736,100,836.211172
343.578817,100,836.424507
327.374557,100,851.516902
342.794523,100,851.673073
378.320345,100,851.824295
329.05886,100,851.979061
326.517526,100,852.135996
329.698171,100,852.307268
417.628746,100,852.567246
364.862196,100,852.741297
408.058563,100,852.906245
364.188833,100,853.052043
395.790273,100,865.149371
468.255394,100,865.317694
430.274962,100,865.493649
355.369231,100,865.662997
455.575731,100,865.835114
383.607136,100,865.994379
371.982962,100,866.150427
310.093178,100,866.303944
291.024301,100,866.574284
395.663064,100,866.723082
403.203985,100,878.452744
336.49108,100,878.830064
360.101406,100,879.191902
326.142984,100,879.420195
362.78913,100,879.573038
304.62918,100,879.727077
432.506357,100,879.878694
269.939703,100,880.033772
325.874874,100,880.182338
311.847182,100,880.343415
334.144883,100,892.38167
374.696022,100,892.541683
361.969285,100,892.887233
336.834739,100,893.075647
385.792439,100,893.274933
379.573313,100,893.435511
328.623341,100,893.603106
360.190966,100,893.764946
327.714923,100,893.956674
293.683295,100,894.13254
381.001204,100,906.330122
439.620184,100,906.495066
412.911054,100,906.653194
364.135473,100,906.933951
421.623071,100,907.113587
360.255802,100,907.332968
327.837636,100,907.56468
352.721559,100,907.758785
411.101995,100,907.955002
362.797594,100,908.136523
400.705982,100,921.936219
303.976823,100,922.125295
284.177808,100,922.341088
373.991481,100,922.548918
391.635064,100,922.76476
348.147683,100,923.012085
445.925037,100,923.200971
398.93303,100,923.38858
377.146038,100,923.575426
345.388992,100,923.740148
425.050076,100,935.365819
414.488519,100,935.517965
304.882312,100,935.661056
323.349789,100,935.81042
388.595003,100,935.959908
355.009317,100,936.102132
391.737501,100,936.263122
425.478748,100,936.431529
343.615671,100,936.58315
373.304745,100,936.766913
399.273891,100,949.883338
369.570171,100,950.049549
311.145151,100,950.221268
374.522017,100,950.395011
305.628268,100,950.556847
302.224537,100,950.712535
309.224826,100,950.976354
355.78975,100,951.168616
373.93467,100,951.381293
342.328577,100,951.539804
370.604872,100,962.562676
403.87729,100,962.708334
418.260068,100,962.904841
443.131037,100,963.12112
352.089819,100,963.297173
339.202695,100,963.464097
360.981925,100,963.613177
322.938777,100,963.771328
429.623691,100,963.924662
394.725496,100,964.075642
354.44708,100,975.792759
381.586409,100,975.956142
369.512968,100,976.113392
366.749228,100,976.277417
335.815185,100,976.432875
416.26685,100,976.588012
291.794713,100,976.740333
368.962369,100,976.895998
315.503492,100,977.167863
405.437196,100,977.353699
376.763111,100,989.663016
370.925188,100,989.838922
311.054933,100,990.007769
321.160063,100,990.187019
393.240301,100,990.363264
300.307922,100,990.529056
285.21134,100,990.683996
364.638489,100,990.841444
362.55923,100,991.074551
373.795151,100,991.281478
380.113607,100,1003.047113
333.521105,100,1003.313146
304.228332,100,1003.527523
403.202681,100,1003.710531
408.827001,100,1003.875085
372.079263,100,1004.047404
366.936438,100,1004.222711
422.666635,100,1004.38475
374.178779,100,1004.552164
340.590831,100,1004.720616
393.11139,100,1015.896682
300.423244,100,1016.040925
349.351652,100,1016.19878
340.077112,100,1016.364345
366.706173,100,1016.524934
268.471403,100,1016.671159
370.744118,100,1016.813346
366.637944,100,1016.960233
345.707627,100,1017.101571
328.644507,100,1017.337795
384.357912,100,1032.63498
446.185107,100,1032.793038
392.653311,100,1032.948219
319.494579,100,1033.126216
388.287648,100,1033.390097
416.916767,100,1033.56439
333.055995,100,1033.748523
351.279173,100,1033.886604
447.90469,100,1034.03323
397.438252,100,1034.176339
426.096902,100,1045.156079
437.723614,100,1045.417674
364.847673,100,1045.574268
341.203689,100,1045.754831
370.929458,100,1045.898121
378.688032,100,1046.038071
298.163101,100,1046.182631
346.914802,100,1046.344057
335.437175,100,1046.508022
412.578214,100,1046.644231
294.161963,100,1058.154532
342.893713,100,1058.302754
421.443928,100,1058.452772
285.297667,100,1058.597892
392.311488,100,1058.744629
430.303555,100,1058.887313
391.689984,100,1059.049811
418.011875,100,1059.238615
421.08254,100,1059.478879
337.030177,100,1059.688687
297.192364,100,1070.949143
320.113617,100,1071.094893
384.393712,100,1071.245596
347.084119,100,1071.44237
414.142159,100,1071.671393
327.057643,100,1071.838571
418.874467,100,1071.996572
374.865725,100,1072.141852
342.022937,100,1072.315155
465.933076,100,1072.475471
375.219549,100,1085.996522
332.167276,100,1086.184263
273.304613,100,1086.369384
303.041099,100,1086.542235
400.843516,100,1086.70919
424.263424,100,1086.869767
407.496768,100,1087.053848
419.689411,100,1087.220154
397.471999,100,1087.475618
323.919807,100,1087.775568
302.286339,100,1102.559395
352.700512,100,1102.714285
381.098795,100,1102.86357
326.616725,100,1103.015011
327.948756,100,1103.169604
366.910573,100,1103.32667
320.896509,100,1103.477214
390.729179,100,1103.6288
334.280479,100,1103.874008
359.306869,100,1104.043984
407.417588,100,1115.331359
318.945046,100,1115.493641
318.47116,100,1115.661207
271.823842,100,1115.928039
349.272304,100,1116.091161
386.283171,100,1116.258277
366.961952,100,1116.421554
402.460541,100,1116.565336
424.505763,100,1116.724998
255.283799,100,1116.88106
373.654956,100,1127.764363
266.827254,100,1127.918844
416.244392,100,1128.128069
370.755191,100,1128.344519
350.400169,100,1128.512082
372.472796,100,1128.681069
354.054297,100,1128.829913
366.342947,100,1128.973736
431.344653,100,1129.121377
390.990074,100,1129.271071
407.060359,100,1141.061293
412.327139,100,1141.221918
455.87538,100,1141.390184
368.572714,100,1141.548851
485.920485,100,1141.70778
426.159803,100,1141.932552
343.73262,100,1142.169129
331.402113,100,1142.412444
306.668173,100,1142.620185
441.453096,100,1142.800776
385.038591,100,1154.73136
318.158033,100,1154.863536
376.807493,100,1155.007376
446.003306,100,1155.157327
358.645488,100,1155.308634
354.995532,100,1155.462175
323.082331,100,1155.604201
328.521867,100,1155.757859
320.841794,100,1155.902092
314.637711,100,1156.074563
334.134087,100,1169.267833
367.584799,100,1169.422305
332.865286,100,1169.556255
405.371942,100,1169.686587
409.574562,100,1169.821145
380.285673,100,1169.975156
392.306506,100,1170.152787
318.937984,100,1170.3984
332.204187,100,1170.545716
370.561681,100,1170.709694
362.80979,100,1181.845529
363.592999,100,1181.985276
412.502724,100,1182.162894
431.033715,100,1182.412904
303.438764,100,1182.567164
329.021332,100,1182.727758
334.929878,100,1182.894146
345.936116,100,1183.033057
350.139653,100,1183.169119
355.356261,100,1183.328598
336.800194,100,1195.868442
321.06075,100,1196.033374
269.098846,100,1196.325899
287.640571,100,1196.509133
387.734924,100,1196.702049
404.410197,100,1196.886944
378.330974,100,1197.053463
288.297766,100,1197.238282
410.790229,100,1197.436599
373.785058,100,1197.617921
320.005582,100,1209.200069
338.48328,100,1209.37937
392.462706,100,1209.557364
402.185487,100,1209.726971
404.76788,100,1209.912908
388.491792,100,1210.080449
423.691591,100,1210.3785
376.85932,100,1210.56482
361.970034,100,1210.764251
319.679679,100,1210.938006
346.212218,100,1223.705115
339.965267,100,1223.86896
370.526137,100,1224.029166
452.799574,100,1224.199142
316.611081,100,1224.415492
322.676539,100,1224.629542
309.097524,100,1224.804562
352.703025,100,1224.987198
352.393205,100,1225.144215
402.087097,100,1225.308997
379.452576,100,1236.912663
363.28242,100,1237.067177
368.088119,100,1237.202413
379.325808,100,1237.356586
365.07249,100,1237.522714
386.887099,100,1237.686348
405.910394,100,1237.831637
424.621599,100,1237.990307
403.317041,100,1238.133026
356.701658,100,1238.2801
341.145164,100,1251.750971
354.876123,100,1251.906307
243.02931,100,1252.055796
387.558666,100,1252.202323
330.616762,100,1252.358191
371.243701,100,1252.511533
397.935376,100,1252.781302
380.084286,100,1252.942332
297.264831,100,1253.118867
347.342444,100,1253.268349
299.753342,100,1265.797163
394.766894,100,1265.968575
327.993324,100,1266.140249
306.304315,100,1266.303771
435.07725,100,1266.469485
283.224029,100,1266.63326
302.171212,100,1266.893113
438.817307,100,1267.071083
285.24495,100,1267.232151
431.037142,100,1267.418844
362.428321,100,1279.223032
426.825453,100,1279.396239
344.59605,100,1279.563053
391.980018,100,1279.735246
337.429774,100,1279.910401
338.176401,100,1280.061596
364.926878,100,1280.217035
342.483695,100,1280.392339
360.978479,100,1280.543664
440.500067,100,1280.703502
352.18627,100,1291.610835
370.735359,100,1291.758467
341.945727,100,1291.909649
443.402921,100,1292.05548
372.755087,100,1292.194838
322.187883,100,1292.342008
320.486669,100,1292.482181
369.839615,100,1292.624464
406.854255,100,1292.841013
376.701994,100,1293.027127
394.844,100,1303.418226
442.725331,100,1303.564931
377.811011,100,1303.716046
437.302301,100,1303.85918
317.89637,100,1304.018628
330.814645,100,1304.188988
348.960656,100,1304.343937
324.968285,100,1304.515275
347.556188,100,1304.66751
394.781327,100,1304.926257
455.055611,100,1318.754078
424.449187,100,1319.019865
404.860668,100,1319.236917
371.05938,100,1319.428225
240.641753,100,1319.61259
329.852335,100,1319.798485
415.740922,100,1319.985017
351.175718,100,1320.159572
409.173789,100,1320.355803
342.38575,100,1320.546915
280.955363,100,1334.461941
406.629835,100,1334.616534
358.216501,100,1334.85209
311.609065,100,1335.048223
320.773767,100,1335.200938
437.950296,100,1335.372627
312.357814,100,1335.523189
310.030256,100,1335.666222
388.014364,100,1335.80881
419.006938,100,1335.968872
365.720565,100,1348.292323
322.566668,100,1348.444311
322.158884,100,1348.59653
362.014643,100,1348.781292
315.861286,100,1349.001435
403.539442,100,1349.162248
399.175463,100,1349.326779
348.344989,100,1349.473281
320.526525,100,1349.614018
393.33778,100,1349.765398
361.068509,100,1361.537645
385.435331,100,1361.683378
432.161699,100,1361.82161
361.185212,100,1361.97127
352.922609,100,1362.124689
305.822924,100,1362.287201
398.714127,100,1362.439314
376.097418,100,1362.587657
381.124485,100,1362.769901
283.675626,100,1362.9907
352.980322,100,1373.852406
379.16671,100,1374.016781
332.635282,100,1374.188956
302.256284,100,1374.353047
299.750496,100,1374.515439
370.187937,100,1374.677125
263.143167,100,1374.938421
434.034029,100,1375.11343
321.725523,100,1375.302416
404.06753,100,1375.457073
396.618153,100,1387.016382
398.066319,100,1387.172353
396.436931,100,1387.369405
413.703913,100,1387.575836
389.710276,100,1387.756983
360.678217,100,1387.952534
482.309948,100,1388.112395
405.219593,100,1388.269302
370.539915,100,1388.42581
321.014506,100,1388.582123
358.598122,100,1399.822122
334.871439,100,1399.98536
434.701723,100,1400.129309
418.930685,100,1400.274588
372.775242,100,1400.430603
341.438959,100,1400.577104
375.562556,100,1400.727211
368.392853,100,1400.930936
281.916676,100,1401.154839
398.02127,100,1401.307802
346.029817,100,1412.775123
376.568743,100,1412.951323
469.907238,100,1413.177668
438.831938,100,1413.337684
379.550008,100,1413.5195
406.524398,100,1413.683909
314.264372,100,1413.831521
325.330574,100,1413.986672
285.213193,100,1414.137104
414.130286,100,1414.298189
292.475083,100,1427.477093
335.995902,100,1427.667458
333.792846,100,1427.849323
337.59665,100,1428.052418
339.203537,100,1428.248966
311.523016,100,1428.442997
337.189492,100,1428.632083
414.708536,100,1428.805866
346.458497,100,1429.05083
368.165304,100,1429.257762
308.493994,100,1442.976032
425.437629,100,1443.197975
372.025751,100,1443.391525
422.394617,100,1443.547312
307.893421,100,1443.705473
408.485847,100,1443.859663
315.603106,100,1444.017627
376.414114,100,1444.174039
429.634791,100,1444.329959
302.175391,100,1444.478881
308.809263,100,1456.201063
377.737913,100,1456.354505
443.055499,100,1456.50769
373.383197,100,1456.666958
418.196657,100,1456.827338
350.105117,100,1457.056353
389.726348,100,1457.250851
346.653418,100,1457.452346
415.333845,100,1457.63502
418.78662,100,1457.79559
407.906236,100,1470.46911
411.824179,100,1470.615934
310.514932,100,1470.768713
426.182187,100,1470.957851
394.043622,100,1471.185449
405.863328,100,1471.343431
395.146157,100,1471.51998
359.553376,100,1471.69084
397.602645,100,1471.848063
409.211857,100,1472.015659
397.471548,100,1483.551096
344.13669,100,1483.699445
384.436053,100,1483.846957
326.367546,100,1484.008369
364.247681,100,1484.178695
342.150095,100,1484.339844
365.947423,100,1484.495519
408.453001,100,1484.643496
400.957984,100,1484.798942
356.052062,100,1484.994695
435.936386,100,1498.4773
317.248488,100,1498.619616
301.172012,100,1498.764604
381.561323,100,1498.909809
371.983561,100,1499.167358
402.875378,100,1499.319597
422.219164,100,1499.490147
338.499412,100,1499.637256
302.419432,100,1499.784183
382.180446,100,1499.937609
340.182883,100,1512.072239
339.880548,100,1512.267969
367.607038,100,1512.450081
297.258443,100,1512.62799
341.503375,100,1512.80453
363.4969,100,1513.025102
430.42338,100,1513.238516
401.918653,100,1513.431072
390.459866,100,1513.588768
355.10239,100,1513.741347
371.407211,100,1524.850862
348.609608,100,1524.988126
414.098941,100,1525.190328
334.647307,100,1525.396075
372.165134,100,1525.560618
341.694743,100,1525.713272
365.339584,100,1525.852963
407.380357,100,1526.016784
347.654836,100,1526.172545
326.702262,100,1526.33538
435.790272,100,1539.002107
308.007487,100,1539.239271
395.667173,100,1539.441529
443.839012,100,1539.591899
356.088202,100,1539.767024
380.089056,100,1539.935615
376.736925,100,1540.093044
399.044326,100,1540.248899
385.784011,100,1540.415296
309.885426,100,1540.57743
324.706023,100,1551.841943
363.895872,100,1551.995392
364.978226,100,1552.16641
334.718403,100,1552.343474
375.587008,100,1552.510307
345.536355,100,1552.673223
357.342732,100,1552.832292
403.124437,100,1553.001523
374.335977,100,1553.266255
458.191499,100,1553.432595
385.182798,100,1564.393477
368.923113,100,1564.626628
351.932309,100,1564.777103
431.107905,100,1564.946827
355.265137,100,1565.083478
351.15327,100,1565.229295
357.021008,100,1565.370755
434.848276,100,1565.530089
376.487738,100,1565.670984
319.374942,100,1565.813501
340.743223,100,1579.965547
435.381492,100,1580.270169
320.569426,100,1580.578901
285.658594,100,1580.81756
428.662674,100,1581.096404
397.250827,100,1581.4038
463.759891,100,1581.704603
425.788982,100,1581.999565
384.533758,100,1582.307052
435.772236,100,1582.609626
408.663519,100,1596.734619
351.770364,100,1596.905563
307.281155,100,1597.082402
339.427079,100,1597.258151
340.479875,100,1597.445322
381.471124,100,1597.603223
349.839226,100,1597.76804
328.095879,100,1597.936339
252.276676,100,1598.096367
450.319064,100,1598.250098
309.257003,100,1610.313633
346.135573,100,1610.501878
347.750973,100,1610.720203
457.723733,100,1610.868445
311.49508,100,1611.028382
401.964991,100,1611.177135
321.579907,100,1611.327113
347.547782,100,1611.478057
369.23539,100,1611.638822
345.369741,100,1611.786012
353.139325,100,1623.321021
375.648672,100,1623.481079
412.513448,100,1623.649253
407.716792,100,1623.79417
359.015089,100,1623.95162
388.717192,100,1624.091128
339.87262,100,1624.228696
404.426193,100,1624.372451
318.577943,100,1624.628796
462.14956,100,1624.782527
311.771543,100,1636.749245
307.600103,100,1637.172094
347.889917,100,1637.633278
414.491264,100,1637.930962
297.700078,100,1638.182877
365.792311,100,1638.450595
423.029407,100,1638.731048
383.091664,100,1638.963442
350.583769,100,1639.176479
460.808684,100,1639.401242
320.865554,100,1653.35585
299.571107,100,1653.503964
315.685463,100,1653.664493
299.197511,100,1653.808694
373.239506,100,1653.959364
358.145896,100,1654.103786
308.156057,100,1654.253712
366.1514,100,1654.438322
343.338209,100,1654.679268
324.355974,100,1654.847671
339.347515,100,1667.547099
401.316142,100,1667.710871
357.408168,100,1667.880428
376.921737,100,1668.04896
425.177056,100,1668.218185
356.541329,100,1668.395613
348.156419,100,1668.688858
291.664526,100,1668.845796
366.032862,100,1669.012606
357.447343,100,1669.162324
382.415858,100,1684.323606
434.918714,100,1684.483139
374.540516,100,1684.63867
359.605281,100,1684.792156
361.560981,100,1684.932538
418.220439,100,1685.139954
341.222412,100,1685.336161
325.801708,100,1685.505819
367.234691,100,1685.677433
417.337156,100,1685.854249
431.793757,100,1697.11358
344.629554,100,1697.261551
318.385603,100,1697.544181
322.196568,100,1697.715506
359.599847,100,1697.888207
336.526952,100,1698.042338
375.033768,100,1698.197794
385.174901,100,1698.363427
263.219958,100,1698.525262
329.781892,100,1698.681511
311.736119,100,1710.78094
322.679162,100,1710.947317
375.276945,100,1711.12194
296.110805,100,1711.296701
321.860875,100,1711.579885
346.453826,100,1711.76644
453.523361,100,1711.945234
274.752504,100,1712.115475
345.138958,100,1712.286658
436.964953,100,1712.462275
417.250607,100,1724.514055
345.119786,100,1724.67206
340.561439,100,1724.823648
327.814475,100,1724.971543
360.163298,100,1725.114917
412.190223,100,1725.260599
396.905107,100,1725.50731
401.430393,100,1725.675829
353.602756,100,1725.85566
434.541258,100,1726.014251
450.842877,100,1738.369711
390.493021,100,1738.542811
373.804717,100,1738.723992
359.01798,100,1738.909442
419.897832,100,1739.1249
322.541703,100,1739.324792
343.960241,100,1739.566443
317.724149,100,1739.744498
371.59355,100,1739.905622
279.281947,100,1740.064328
