#{"t_start": 1784399297.732803, "env_id": "None"}
r,l,t
197.924468,100,2.170098
154.185118,100,2.485376
176.966921,100,2.742887
130.892991,100,2.983263
198.068635,100,3.228771
136.717067,100,3.481638
213.026572,100,3.707831
179.563577,100,3.918578
148.801556,100,4.156721
137.548044,100,4.409729
170.136054,100,19.058369
135.786008,100,19.298545
156.968849,100,19.603041
158.723149,100,19.908365
199.961921,100,20.221615
188.144481,100,20.525013
205.075901,100,20.853744
143.843412,100,21.167612
150.262779,100,21.489205
183.403038,100,21.820686
170.618832,100,33.89477
178.096153,100,34.045129
244.79301,100,34.193035
186.533911,100,34.345042
159.646868,100,34.520444
147.860653,100,34.684646
212.218497,100,34.850578
140.957865,100,34.998325
226.455648,100,35.173894
162.970985,100,35.413301
166.224516,100,46.788212
191.352462,100,47.158789
192.344876,100,47.493385
268.144076,100,47.758301
265.665022,100,48.060735
163.372697,100,48.389727
182.606529,100,48.718754
191.427624,100,49.018223
238.921248,100,49.304246
191.147517,100,49.605456
168.803288,100,62.325267
241.484263,100,62.488215
123.9787,100,62.6685
214.772074,100,62.836604
242.357985,100,63.023227
206.955124,100,63.21494
174.745358,100,63.477672
149.601288,100,63.647117
157.578464,100,63.841535
195.398501,100,64.025246
131.293945,100,75.585556
100.237212,100,75.752725
282.571063,100,75.927577
207.686496,100,76.104204
184.574731,100,76.287091
233.358857,100,76.491399
195.150847,100,76.724364
269.496335,100,76.922968
195.750841,100,77.110483
170.15359,100,77.277076
222.361677,100,90.416174
226.256121,100,90.738194
197.308056,100,91.073939
133.338655,100,91.417529
190.03092,100,91.721463
206.922881,100,92.005837
211.620055,100,92.334872
205.237253,100,92.650849
217.884094,100,92.985779
189.148452,100,93.29766
216.265637,100,107.899457
193.419364,100,108.09067
189.974425,100,108.293068
166.329999,100,108.489426
198.220023,100,108.684681
188.14875,100,108.877217
171.84927,100,109.049664
193.211134,100,109.220582
223.340739,100,109.485852
195.482857,100,109.666179
184.570376,100,124.395645
206.061101,100,124.558551
151.604816,100,124.7167
165.469695,100,124.87305
245.15485,100,125.041854
150.342231,100,125.209785
190.02242,100,125.366649
229.13923,100,125.535073
133.59581,100,125.730814
157.508693,100,125.970541
202.492627,100,145.414751
185.28842,100,145.842797
215.378991,100,146.186789
198.411864,100,146.597031
241.873641,100,147.002489
216.272731,100,147.387793
209.614143,100,147.800737
219.122571,100,148.014591
239.653483,100,148.195551
222.198151,100,148.347911
212.10191,100,161.30567
227.070906,100,161.490303
205.360297,100,161.720176
209.075276,100,161.967558
180.646314,100,162.114473
244.009941,100,162.290266
229.798389,100,162.447849
185.222664,100,162.607766
288.431719,100,162.778539
228.291098,100,162.956671
207.021556,100,177.280073
183.249111,100,177.60516
204.20251,100,177.928828
211.014059,100,178.192806
196.313453,100,178.510144
232.232501,100,178.843361
224.793485,100,179.159522
158.079328,100,179.484523
237.618345,100,179.831483
214.401487,100,180.088149
157.725165,100,191.397146
232.342662,100,191.536617
215.350151,100,191.703047
217.062031,100,191.957403
174.061797,100,192.124683
203.166635,100,192.307756
179.909695,100,192.468316
201.884973,100,192.621531
202.946835,100,192.789054
204.097677,100,192.964204
267.218112,100,207.231961
259.981095,100,207.407835
251.282186,100,207.598355
198.462392,100,207.857216
210.081291,100,208.069666
238.43969,100,208.263817
239.843929,100,208.453379
209.229558,100,208.637226
264.237631,100,208.82135
244.283029,100,209.020326
189.786716,100,221.203599
225.327906,100,221.360026
260.28266,100,221.51601
257.428683,100,221.69308
207.522374,100,221.951338
235.692489,100,222.102944
222.443158,100,222.261503
205.866631,100,222.44517
229.017826,100,222.613392
229.426997,100,222.786861
235.268863,100,235.440174
194.105154,100,235.658517
223.274399,100,235.967071
229.038729,100,236.136921
254.376896,100,236.342294
239.839909,100,236.546141
217.459651,100,236.763725
278.666804,100,237.015066
244.039161,100,237.214395
288.09346,100,237.4181
227.854956,100,253.942752
203.768742,100,254.283327
221.025915,100,254.593854
269.285601,100,254.907077
243.598353,100,255.24876
243.144163,100,255.580478
218.469828,100,255.895188
304.825501,100,256.184997
245.206682,100,256.387873
216.800799,100,256.590084
187.901235,100,272.540695
207.147052,100,272.845322
315.716698,100,273.169776
314.509701,100,273.485929
256.325617,100,273.801893
279.272466,100,274.122059
307.832312,100,274.381465
338.237288,100,274.548172
327.281928,100,274.70707
236.303674,100,274.85055
246.054455,100,287.220089
225.027867,100,287.396775
233.244597,100,287.590308
222.68994,100,287.780607
244.605288,100,287.945448
251.176189,100,288.125901
218.629493,100,288.40659
230.184246,100,288.584107
231.28051,100,288.786555
226.875709,100,288.957428
322.928551,100,302.344934
290.859848,100,302.53378
248.066241,100,302.720817
202.135963,100,302.922359
200.405967,100,303.085989
165.306233,100,303.236083
188.440963,100,303.398628
218.585855,100,303.558266
251.203375,100,303.702687
221.691442,100,303.842059
265.364622,100,316.222906
219.810164,100,316.499432
214.373682,100,316.696267
236.481455,100,316.92347
322.700571,100,317.095605
211.045888,100,317.271361
244.965053,100,317.458858
256.569336,100,317.634714
276.790724,100,317.817463
263.964256,100,318.003242
276.545688,100,330.172338
255.980186,100,330.400931
306.321956,100,330.62043
238.010934,100,330.806683
327.246413,100,330.996752
215.745792,100,331.168507
203.445145,100,331.340351
271.310045,100,331.503433
225.781481,100,331.683843
228.591517,100,331.854808
271.046016,100,344.431133
370.252247,100,344.630597
250.942803,100,344.861118
232.300512,100,345.03486
260.834252,100,345.206502
280.733768,100,345.380259
202.604937,100,345.563785
252.911262,100,345.765126
299.516436,100,345.943553
207.809986,100,346.103451
321.798753,100,361.142786
206.057128,100,361.330745
252.676296,100,361.507685
305.360539,100,361.704045
302.810906,100,361.889652
291.001775,100,362.071851
304.23856,100,362.24435
259.402821,100,362.507732
337.973075,100,362.708932
316.650961,100,362.916889
263.855075,100,375.299514
276.829068,100,375.443405
239.722415,100,375.600942
253.937785,100,375.756345
235.123082,100,375.927098
236.727056,100,376.088199
249.964629,100,376.239569
259.510408,100,376.38676
294.329103,100,376.61241
221.745671,100,376.8886
248.189719,100,389.583184
282.042146,100,389.767884
283.117197,100,389.963669
303.645901,100,390.165612
284.790026,100,390.352229
306.669209,100,390.546938
283.740529,100,390.781059
286.912433,100,391.060079
279.060254,100,391.280941
256.76269,100,391.469878
282.191362,100,402.398488
253.402978,100,402.538659
198.80796,100,402.684311
266.146185,100,402.837657
226.395291,100,403.100734
244.636575,100,403.269249
301.450808,100,403.473255
258.598913,100,403.646644
228.417132,100,403.816945
216.267976,100,403.991532
253.247603,100,415.918827
236.408177,100,416.071703
304.821914,100,416.220684
272.058369,100,416.36331
309.650964,100,416.510857
319.361274,100,416.677458
312.441596,100,416.837242
216.755408,100,417.003797
253.157598,100,417.150645
263.534736,100,417.385765
344.672054,100,430.189864
294.515534,100,430.430193
225.733424,100,430.692991
266.232105,100,430.950836
273.290183,100,431.195703
255.262022,100,431.453244
237.544278,100,431.739844
261.965114,100,431.996731
271.569637,100,432.242397
259.662412,100,432.474922
251.551796,100,445.009868
373.801482,100,445.162742
234.269118,100,445.319656
330.749352,100,445.531415
286.386959,100,445.784925
283.052739,100,445.965545
273.397234,100,446.116252
264.31533,100,446.266338
228.341631,100,446.420356
283.556834,100,446.588166
287.346411,100,458.78288
287.491772,100,458.94507
207.559006,100,459.122664
272.440244,100,459.292667
238.524635,100,459.519907
302.898266,100,459.733704
251.131042,100,459.885236
302.965657,100,460.053529
324.27244,100,460.216068
310.87881,100,460.368731
291.35437,100,472.164738
269.318846,100,472.353359
264.68812,100,472.524012
262.343907,100,472.697207
305.147548,100,472.872389
315.628306,100,473.035418
243.615371,100,473.201352
261.13893,100,473.366403
206.135978,100,473.518237
298.999146,100,473.744558
273.884461,100,487.826617
284.641009,100,488.01211
233.687589,100,488.293165
305.749044,100,488.506301
317.278776,100,488.709236
320.566865,100,488.890026
283.071294,100,489.067782
269.808408,100,489.247064
271.405237,100,489.435785
285.605381,100,489.618558
226.120013,100,502.103555
245.733914,100,502.288574
228.574593,100,502.474127
269.105195,100,502.739812
320.052953,100,502.95577
371.948452,100,503.18238
364.646019,100,503.371863
233.047214,100,503.557187
325.187617,100,503.742682
198.270458,100,503.929044
302.064823,100,516.448512
313.133123,100,516.619428
272.723689,100,516.781126
303.159565,100,517.060856
256.201249,100,517.23357
256.151131,100,517.397182
289.287429,100,517.55181
205.43899,100,517.70756
255.358473,100,517.858732
244.35171,100,518.015886
268.644027,100,530.727329
296.217906,100,531.058651
235.81612,100,531.267905
196.000083,100,531.47379
237.265944,100,531.657641
233.621171,100,531.835718
260.897414,100,532.002902
248.891916,100,532.163603
280.767588,100,532.326518
342.368939,100,532.481078
350.172653,100,545.98552
303.859598,100,546.147101
301.149059,100,546.330766
299.446097,100,546.508474
273.837051,100,546.705775
337.58977,100,546.891253
262.393654,100,547.086203
197.618984,100,547.349387
182.194194,100,547.561479
333.884552,100,547.781839
292.648331,100,562.225512
240.786925,100,562.393624
336.361981,100,562.567402
265.620194,100,562.756599
242.864345,100,562.94491
289.606799,100,563.110703
230.960688,100,563.27582
353.829351,100,563.444409
338.426844,100,563.695919
244.961417,100,563.885783
289.505732,100,579.733453
277.988703,100,579.894453
223.283111,100,580.043344
295.614702,100,580.202506
245.877476,100,580.371824
281.876804,100,580.561509
366.728635,100,580.763663
302.26592,100,580.945509
244.526274,100,581.204274
363.44414,100,581.419941
336.144606,100,593.686675
270.203764,100,593.877493
267.451271,100,594.049073
271.232621,100,594.240146
324.576567,100,594.41303
285.432106,100,594.594944
289.02534,100,594.761167
309.852022,100,594.909452
330.717179,100,595.069679
285.366271,100,595.233655
284.614738,100,607.264663
263.817322,100,607.416695
296.367291,100,607.602566
281.055366,100,607.800884
365.0149,100,608.07957
318.274575,100,608.253081
341.904486,100,608.43877
274.131656,100,608.612658
273.021211,100,608.796121
239.536865,100,608.979411
237.423389,100,619.737562
290.361352,100,620.030916
268.12322,100,620.212399
333.639109,100,620.409767
291.008357,100,620.594548
294.629152,100,620.803178
298.517044,100,621.021804
310.316684,100,621.219344
281.530345,100,621.405627
297.577401,100,621.596517
264.559774,100,634.288242
338.826857,100,634.483755
309.487476,100,634.686524
292.835129,100,634.895131
335.037058,100,635.085703
190.492631,100,635.252734
333.517012,100,635.4127
264.93741,100,635.5945
269.717361,100,635.813053
275.706227,100,636.069305
250.80265,100,647.538561
277.304504,100,647.699277
327.870585,100,647.969254
245.026032,100,648.128003
264.36949,100,648.303296
338.219191,100,648.468495
332.93893,100,648.620679
305.711813,100,648.777716
346.974651,100,648.930237
252.683502,100,649.106283
243.705184,100,661.31074
272.076656,100,661.465239
296.278416,100,661.626426
324.260737,100,661.824986
322.084741,100,662.050947
274.845308,100,662.20498
206.063933,100,662.38861
279.750627,100,662.555589
304.996907,100,662.725775
306.602831,100,662.891557
282.72363,100,675.520772
227.301331,100,675.837838
282.874642,100,676.088594
293.552781,100,676.274759
382.698896,100,676.450121
324.438157,100,676.619916
309.921339,100,676.775896
328.932509,100,676.92825
298.271577,100,677.102232
250.881238,100,677.248546
338.513035,100,689.751066
293.31645,100,689.944604
325.783273,100,690.252898
326.557733,100,690.469864
269.066777,100,690.687431
301.356729,100,690.956831
233.122619,100,691.167118
308.139998,100,691.362609
342.722042,100,691.534878
215.960735,100,691.714406
245.990756,100,703.4792
337.805613,100,703.666344
245.608554,100,703.861621
243.695545,100,704.087703
286.391571,100,704.346831
266.228408,100,704.560777
349.903559,100,704.764692
255.126606,100,704.934664
275.351689,100,705.117385
309.151793,100,705.300967
251.024655,100,716.644342
296.501172,100,716.789838
316.389943,100,716.93048
292.92646,100,717.069798
262.406161,100,717.214691
226.710972,100,717.36742
261.605134,100,717.522705
290.107362,100,717.676947
323.719429,100,717.8286
280.977801,100,717.970982
265.320049,100,729.461762
246.009621,100,729.665045
310.941583,100,729.860111
292.575892,100,730.06778
269.690494,100,730.364583
318.669924,100,730.568404
319.776158,100,730.782731
378.144914,100,730.997635
325.928506,100,731.178926
379.199269,100,731.383399
345.885137,100,743.839832
318.171704,100,744.152525
331.084955,100,744.469079
246.387006,100,744.744451
287.272326,100,745.052063
327.346275,100,745.367414
250.61752,100,745.679608
284.304389,100,746.004354
381.114856,100,746.314763
229.393379,100,746.598772
232.966902,100,759.760404
345.127437,100,759.899154
264.10638,100,760.035585
248.284045,100,760.175124
311.756506,100,760.313874
368.290569,100,760.575424
319.488919,100,760.773911
364.418335,100,760.942278
288.480843,100,761.104294
371.573488,100,761.258174
288.333886,100,772.484542
272.959624,100,772.71914
251.457889,100,772.908508
295.917069,100,773.077798
241.591123,100,773.261992
317.215638,100,773.449773
310.050613,100,773.626888
301.852033,100,773.820868
295.612744,100,774.004634
288.404683,100,774.174173
292.229898,100,785.29639
276.677946,100,785.436567
279.987474,100,785.589141
384.100615,100,785.763522
246.428204,100,785.923568
265.364696,100,786.081908
288.964901,100,786.223114
336.695742,100,786.357417
279.864389,100,786.500555
300.71667,100,786.734294
308.04648,100,798.403568
263.326042,100,798.65077
282.537185,100,798.896594
280.595105,100,799.128832
289.877098,100,799.321359
339.30449,100,799.510916
307.573874,100,799.720172
316.186773,100,799.901217
295.999844,100,800.086248
269.009594,100,800.265136
320.382403,100,812.193383
347.87955,100,812.357641
333.59371,100,812.526635
288.380985,100,812.788875
377.524227,100,812.930278
244.229968,100,813.080479
322.893169,100,813.258189
321.697242,100,813.412688
307.774448,100,813.571448
239.657997,100,813.758125
222.352601,100,824.525829
379.486797,100,824.764635
288.480367,100,824.944158
264.247157,100,825.105491
302.961463,100,825.257828
271.185708,100,825.396793
356.799577,100,825.547827
294.684891,100,825.699132
263.561261,100,825.848147
274.050177,100,826.010517
231.77423,100,839.356786
328.901496,100,839.546287
339.139669,100,839.725158
312.327346,100,839.887258
287.368263,100,840.053248
275.869574,100,840.204705
257.701769,100,840.351542
287.25129,100,840.530352
344.984529,100,840.73237
302.763751,100,840.998008
366.475851,100,851.392373
362.674387,100,851.537742
281.706809,100,851.681374
369.754084,100,851.831823
251.577918,100,851.974419
370.670811,100,852.11436
349.271904,100,852.281174
281.020168,100,852.44684
310.321188,100,852.619436
366.409348,100,852.856076
327.475597,100,867.316771
282.366618,100,867.622355
356.143989,100,867.941428
249.34528,100,868.253915
330.834982,100,868.557413
314.809872,100,868.880248
343.050693,100,869.148012
334.028633,100,869.395978
389.597803,100,869.698143
323.479892,100,870.00871
310.534838,100,882.332847
356.340076,100,882.515611
337.120359,100,882.694751
275.149518,100,882.92631
350.857784,100,883.132175
293.863542,100,883.319279
258.62076,100,883.509066
352.411826,100,883.696246
277.668371,100,883.884462
266.891868,100,884.069914
272.904229,100,895.489405
363.763186,100,895.686436
327.723889,100,895.863318
294.624588,100,896.025502
355.479374,100,896.189635
305.144811,100,896.371456
283.370308,100,896.539428
294.787393,100,896.704405
308.410838,100,896.867612
359.708616,100,897.048489
335.202216,100,910.082315
305.262282,100,910.246263
309.373769,100,910.407427
284.606505,100,910.594079
342.567508,100,910.771461
352.760448,100,910.930649
220.835458,100,911.08787
288.975024,100,911.353957
274.79297,100,911.532467
350.982865,100,911.738678
348.156601,100,924.532172
298.524084,100,924.679485
338.773622,100,924.827356
374.738271,100,924.981091
352.784884,100,925.165292
335.218268,100,925.40374
260.803857,100,925.553914
316.282783,100,925.726521
290.873241,100,925.870028
289.214805,100,926.011787
372.2839,100,938.486257
288.220526,100,938.793272
337.387845,100,939.104535
347.676727,100,939.383467
287.557064,100,939.548414
266.65934,100,939.722269
369.009639,100,939.866593
249.386717,100,940.003024
392.304796,100,940.140101
295.631677,100,940.291195
370.230351,100,952.018915
309.8527,100,952.181642
358.787594,100,952.340666
292.224193,100,952.502176
293.850464,100,952.670303
376.33284,100,952.828512
275.676046,100,952.979708
247.086064,100,953.143254
375.708675,100,953.39074
292.766652,100,953.569774
279.636635,100,967.064157
386.192518,100,967.341408
302.891296,100,967.595052
235.270399,100,967.81824
312.993722,100,968.032132
348.868983,100,968.243324
313.954487,100,968.46631
340.95481,100,968.687638
351.258377,100,968.884861
295.338554,100,969.093083
391.38462,100,982.333678
361.690834,100,982.498817
237.724161,100,982.655826
284.747118,100,982.809536
373.728093,100,982.965395
305.087842,100,983.151664
329.082216,100,983.399418
382.477009,100,983.550155
334.42296,100,983.728327
406.671085,100,983.883344
356.390079,100,994.644067
334.87818,100,994.793222
237.973052,100,994.932225
363.060387,100,995.069844
320.683846,100,995.318372
269.598287,100,995.477533
265.884577,100,995.658836
376.734538,100,995.816532
323.05447,100,995.978297
320.243024,100,996.125311
342.145734,100,1007.65856
375.275739,100,1007.837723
323.865087,100,1008.000395
274.986456,100,1008.159431
365.373188,100,1008.322518
370.891215,100,1008.48236
357.485478,100,1008.636813
377.255143,100,1008.783835
266.346785,100,1008.93883
303.769249,100,1009.088362
368.698432,100,1020.327013
353.161965,100,1020.480451
392.646203,100,1020.621701
279.618854,100,1020.801379
321.191826,100,1020.955515
226.837455,100,1021.098506
276.287492,100,1021.372209
350.348714,100,1021.523035
359.034213,100,1021.698484
323.805647,100,1021.862388
331.89287,100,1034.665143
415.282355,100,1034.85383
366.707739,100,1035.048872
307.647722,100,1035.322381
288.568962,100,1035.525089
340.001248,100,1035.744184
343.113454,100,1035.922553
291.299631,100,1036.118031
346.174336,100,1036.305791
424.554419,100,1036.492224
315.969249,100,1048.029039
342.341588,100,1048.178766
347.349768,100,1048.336621
294.727969,100,1048.491647
356.022596,100,1048.645112
358.735345,100,1048.801585
328.388264,100,1048.9781
289.260448,100,1049.159049
291.574393,100,1049.406852
343.412449,100,1049.569138
332.539685,100,1061.031674
373.378715,100,1061.196176
377.749835,100,1061.470087
377.309022,100,1061.627484
356.517126,100,1061.814283
292.294168,100,1061.971571
274.345036,100,1062.116837
292.814935,100,1062.26214
262.430438,100,1062.422552
357.831209,100,1062.570818
341.187522,100,1074.105432
355.867351,100,1074.25999
283.638945,100,1074.435188
248.475684,100,1074.604363
354.830674,100,1074.769773
374.757406,100,1074.915253
336.296667,100,1075.066268
284.99698,100,1075.221021
357.453406,100,1075.485745
286.094763,100,1075.639864
302.665871,100,1089.86493
298.961284,100,1090.055625
360.153509,100,1090.242326
248.097549,100,1090.439783
329.224551,100,1090.638256
304.010352,100,1090.831045
297.884368,100,1091.032246
323.516745,100,1091.242559
329.131278,100,1091.503885
293.063627,100,1091.68766
308.126722,100,1106.290927
312.556286,100,1106.629056
374.723723,100,1106.969422
286.622607,100,1107.327297
318.747311,100,1107.67083
344.032506,100,1108.030648
357.079987,100,1108.385324
328.382862,100,1108.761925
338.380838,100,1109.146861
367.915389,100,1109.503616
244.568953,100,1122.507588
368.1659,100,1122.682842
414.22858,100,1122.841355
309.099768,100,1123.001419
365.047131,100,1123.158694
379.982344,100,1123.312591
379.538856,100,1123.606837
310.394603,100,1123.883028
346.237142,100,1124.187492
319.322141,100,1124.497906
262.008888,100,1136.310841
256.129513,100,1136.618742
432.447883,100,1136.93922
278.042019,100,1137.243677
301.769003,100,1137.555694
317.937851,100,1137.81146
288.711694,100,1138.109541
345.918539,100,1138.413926
324.323619,100,1138.736367
323.249842,100,1139.053286
318.858501,100,1150.560223
394.057219,100,1150.736511
403.898461,100,1150.913693
284.550624,100,1151.076576
380.274653,100,1151.24517
307.990692,100,1151.485361
342.780774,100,1151.646762
354.01993,100,1151.828695
379.925665,100,1151.986731
306.517058,100,1152.140261
346.828092,100,1163.138593
349.215549,100,1163.286068
335.118084,100,1163.538985
369.393802,100,1163.700221
378.438647,100,1163.877066
286.804256,100,1164.029637
313.874429,100,1164.183539
385.669966,100,1164.330142
318.938844,100,1164.487136
365.716853,100,1164.652138
246.59707,100,1175.291414
379.542675,100,1175.545381
349.942457,100,1175.717624
329.957301,100,1175.894687
343.651748,100,1176.056854
252.375197,100,1176.214441
312.134826,100,1176.382866
301.545118,100,1176.561166
295.318172,100,1176.748356
294.108686,100,1176.918208
393.263297,100,1188.310825
284.841089,100,1188.462185
361.078597,100,1188.643323
332.611398,100,1188.799847
310.462415,100,1188.954527
384.356506,100,1189.105428
389.503046,100,1189.270879
307.096703,100,1189.506988
260.659844,100,1189.677045
366.457672,100,1189.83411
331.522314,100,1201.365978
412.430335,100,1201.662855
335.58536,100,1201.890642
278.193536,100,1202.065876
383.021957,100,1202.241139
375.956059,100,1202.42787
320.981476,100,1202.620521
360.930398,100,1202.801467
316.890632,100,1203.004854
386.890436,100,1203.181486
328.690269,100,1216.80891
330.896356,100,1216.980166
256.50394,100,1217.137446
336.248084,100,1217.305803
334.046321,100,1217.560461
414.31674,100,1217.727462
297.051812,100,1217.906276
348.423545,100,1218.086444
377.191053,100,1218.249531
403.592343,100,1218.415277
378.877728,100,1230.509649
353.314928,100,1230.741895
336.828338,100,1230.94148
384.846516,100,1231.114914
329.637359,100,1231.286834
301.99578,100,1231.577174
200.525296,100,1231.777063
349.95442,100,1231.967337
374.900834,100,1232.109556
374.280205,100,1232.254719
324.539692,100,1242.949893
339.999309,100,1243.097856
301.4801,100,1243.244604
312.394672,100,1243.471102
382.013822,100,1243.64877
365.060594,100,1243.823405
329.712958,100,1243.974557
411.742103,100,1244.124519
294.595157,100,1244.278975
310.08703,100,1244.44459
257.922355,100,1257.932176
318.47079,100,1258.164281
303.708187,100,1258.387352
274.886746,100,1258.618376
336.871893,100,1258.830578
319.216617,100,1259.050591
338.329132,100,1259.27793
398.033386,100,1259.623329
323.215706,100,1259.825791
290.23819,100,1260.030897
334.487661,100,1272.658932
338.627786,100,1273.021878
373.571034,100,1273.402784
387.788604,100,1273.78492
396.883809,100,1274.126868
324.511402,100,1274.348834
250.314291,100,1274.492456
310.911463,100,1274.638526
376.505328,100,1274.802019
271.464791,100,1274.941708
336.868016,100,1286.381379
320.317682,100,1286.54645
400.086143,100,1286.70133
312.537209,100,1286.845657
304.964875,100,1287.001944
302.441996,100,1287.143474
311.380983,100,1287.283787
365.011634,100,1287.488599
304.419975,100,1287.709517
251.727094,100,1287.851416
361.326287,100,1298.674247
314.920772,100,1298.847618
235.689899,100,1299.001559
266.38459,100,1299.150177
250.096625,100,1299.320173
337.494039,100,1299.525294
303.95896,100,1299.754193
265.116843,100,1299.913549
317.676862,100,1300.08416
335.596486,100,1300.234066
300.986734,100,1311.300334
420.801471,100,1311.501208
336.885348,100,1311.754015
370.57188,100,1311.926536
432.211049,100,1312.108052
299.765495,100,1312.272289
301.241071,100,1312.439736
329.523551,100,1312.618725
254.633528,100,1312.795309
406.122532,100,1312.939637
377.781615,100,1328.435697
400.16606,100,1328.610731
340.122564,100,1328.783199
360.697598,100,1328.974607
314.680061,100,1329.134634
307.401704,100,1329.275028
419.492177,100,1329.419577
324.978437,100,1329.565338
338.07549,100,1329.798178
295.277372,100,1329.976325
300.126748,100,1343.872861
325.578457,100,1344.127446
369.448421,100,1344.426594
270.161406,100,1344.712592
374.98486,100,1344.996101
318.008791,100,1345.290618
288.622156,100,1345.572014
332.83159,100,1345.86025
231.506219,100,1346.099843
314.903966,100,1346.372787
250.79102,100,1361.238299
402.956919,100,1361.420384
376.497625,100,1361.619403
275.49501,100,1361.810399
267.993564,100,1361.98016
364.388929,100,1362.14508
378.987543,100,1362.35916
413.486442,100,1362.580929
309.941281,100,1362.790228
320.407693,100,1362.964497
334.840446,100,1375.356598
299.194823,100,1375.514727
371.521113,100,1375.673009
340.837322,100,1375.826272
317.73064,100,1375.969919
370.107863,100,1376.121534
362.124743,100,1376.273299
423.357906,100,1376.522856
408.754203,100,1376.680835
370.042363,100,1376.849742
324.659315,100,1388.10061
314.275716,100,1388.252898
355.835287,100,1388.412143
344.947797,100,1388.683255
355.753246,100,1388.863832
303.623003,100,1389.017203
299.272649,100,1389.190095
369.64804,100,1389.34024
353.201185,100,1389.503129
348.827157,100,1389.685137
428.125405,100,1403.176228
403.433197,100,1403.352719
375.4033,100,1403.519254
319.942564,100,1403.694037
265.424638,100,1403.872455
299.932607,100,1404.057942
360.743583,100,1404.242625
363.693804,100,1404.412236
356.775605,100,1404.689907
355.813114,100,1404.862954
303.900353,100,1416.010785
341.225402,100,1416.152316
344.563347,100,1416.293491
364.685532,100,1416.433795
340.469853,100,1416.583488
257.346048,100,1416.784577
311.439884,100,1417.005218
281.551461,100,1417.159613
308.875495,100,1417.318793
325.042244,100,1417.462675
371.810849,100,1428.878607
408.946967,100,1429.049836
311.011177,100,1429.23421
327.242039,100,1429.388927
277.362128,100,1429.548164
388.577724,100,1429.701179
408.293359,100,1429.862547
278.443971,100,1430.005832
286.764425,100,1430.148111
326.392718,100,1430.291527
302.639995,100,1441.58973
430.287,100,1441.743734
368.093894,100,1441.901124
352.541469,100,1442.068673
299.306131,100,1442.239105
399.890935,100,1442.391005
316.531753,100,1442.538303
365.335745,100,1442.689126
398.11845,100,1442.940739
316.519323,100,1443.112036
407.577044,100,1454.762696
350.362813,100,1454.997296
398.380176,100,1455.149109
332.797989,100,1455.31539
375.613309,100,1455.455867
281.412932,100,1455.61373
318.287199,100,1455.776644
369.007376,100,1455.935627
395.527449,100,1456.094071
337.693437,100,1456.256134
282.60926,100,1467.710809
377.087512,100,1467.884894
349.007408,100,1468.055807
290.41475,100,1468.211792
345.602546,100,1468.354179
324.807302,100,1468.498311
350.573637,100,1468.648773
293.241675,100,1468.91281
329.630583,100,1469.114368
348.923145,100,1469.285418
334.021946,100,1481.868549
349.846028,100,1482.028638
327.286156,100,1482.164501
413.555838,100,1482.305657
391.84956,100,1482.442405
259.560322,100,1482.604475
383.74066,100,1482.81026
278.181986,100,1483.030051
428.898249,100,1483.190056
366.909291,100,1483.368337
283.612357,100,1496.005378
376.070003,100,1496.195907
369.923769,100,1496.38865
386.340207,100,1496.591449
340.34204,100,1496.843897
307.238881,100,1497.106773
263.296441,100,1497.333589
349.699929,100,1497.534188
422.331172,100,1497.748118
304.366726,100,1497.966432
316.594797,100,1511.951522
286.054797,100,1512.136132
317.58557,100,1512.311316
394.675364,100,1512.487812
379.013231,100,1512.667064
391.510977,100,1512.92529
297.887344,100,1513.108514
374.208938,100,1513.310213
362.176357,100,1513.4858
451.25501,100,1513.658336
429.044012,100,1529.889677
386.174935,100,1530.068744
387.875925,100,1530.259552
303.442607,100,1530.472695
393.392797,100,1530.683503
370.410149,100,1530.901611
407.808679,100,1531.193706
309.823702,100,1531.397241
353.941348,100,1531.590363
356.243331,100,1531.78355
331.652051,100,1547.531355
339.497945,100,1547.67611
306.647789,100,1547.832072
321.81161,100,1548.014367
386.019466,100,1548.208303
279.617508,100,1548.379559
381.457356,100,1548.531062
357.12632,100,1548.682514
356.505638,100,1548.843116
260.56094,100,1549.042316
283.592256,100,1560.542419
375.390537,100,1560.717474
310.841667,100,1560.9109
331.893523,100,1561.150894
375.974783,100,1561.358031
397.331673,100,1561.521295
317.926528,100,1561.688987
283.319268,100,1561.854071
332.323156,100,1562.014793
361.898179,100,1562.166004
300.458339,100,1573.322335
287.38939,100,1573.492589
326.579182,100,1573.666571
295.45791,100,1573.816663
331.027396,100,1573.956197
273.998094,100,1574.098705
394.816892,100,1574.252571
346.811468,100,1574.394281
348.798211,100,1574.559792
456.393094,100,1574.707623
318.471598,100,1586.07467
294.846897,100,1586.230869
313.310959,100,1586.401354
290.847423,100,1586.566446
292.941089,100,1586.712167
384.48921,100,1586.862221
330.490691,100,1587.017932
351.306867,100,1587.167745
387.71113,100,1587.326793
351.313439,100,1587.489928
405.970395,100,1602.758811
361.398688,100,1602.945254
415.628165,100,1603.139991
362.627974,100,1603.329549
409.487922,100,1603.518859
407.357632,100,1603.730455
364.175806,100,1603.956349
320.819286,100,1604.285537
409.629994,100,1604.530578
248.850349,100,1604.764691
318.717413,100,1617.143035
350.561876,100,1617.327842
376.830415,100,1617.53701
412.090321,100,1617.733199
368.546099,100,1617.920793
343.956184,100,1618.108732
430.042039,100,1618.383268
402.756418,100,1618.584035
291.982381,100,1618.810239
394.020385,100,1619.017647
352.301818,100,1634.793081
376.702834,100,1635.137597
374.699223,100,1635.535067
275.90293,100,1635.911218
323.869713,100,1636.296414
393.859705,100,1636.6952
399.212245,100,1637.035222
263.416287,100,1637.405532
338.261951,100,1637.745634
290.716825,100,1637.916043
451.811471,100,1649.901659
347.74078,100,1650.066881
362.850639,100,1650.244555
400.208327,100,1650.425387
383.483453,100,1650.686129
398.395364,100,1650.938942
316.873654,100,1651.153406
373.401333,100,1651.33852
390.500105,100,1651.513259
348.202446,100,1651.722624
392.645891,100,1665.36644
354.103615,100,1665.530432
377.131098,100,1665.691752
353.087141,100,1665.858215
363.413423,100,1666.026868
410.850672,100,1666.180507
331.106234,100,1666.339781
324.585527,100,1666.489898
401.181245,100,1666.64829
381.511812,100,1666.802278
306.38868,100,1678.428876
390.430579,100,1678.582153
336.872416,100,1678.741907
386.239995,100,1678.984594
365.049011,100,1679.23401
413.737515,100,1679.445998
335.728662,100,1679.625199
335.793838,100,1679.796626
314.06171,100,1679.961677
335.818898,100,1680.132249
337.466499,100,1691.731418
383.409331,100,1691.89611
333.925876,100,1692.052513
369.624732,100,1692.210196
365.122734,100,1692.37336
304.615315,100,1692.540646
419.368361,100,1692.712876
339.103634,100,1692.943769
426.669106,100,1693.143203
471.741556,100,1693.30192
387.367385,100,1704.384323
299.15674,100,1704.544248
292.470328,100,1704.702761
352.250264,100,1704.896652
380.272036,100,1705.115779
402.068718,100,1705.26747
351.053863,100,1705.438568
380.710224,100,1705.598506
390.814308,100,1705.759592
332.060328,100,1705.911351
324.211498,100,1718.50513
312.659246,100,1718.894603
369.696204,100,1719.139771
386.51107,100,1719.300373
346.900131,100,1719.455647
376.580357,100,1719.609147
301.783756,100,1719.776444
398.220806,100,1719.92584
285.297818,100,1720.092036
288.708374,100,1720.251795
325.183753,100,1731.642249
399.062139,100,1731.791033
362.069884,100,1731.965665
329.606915,100,1732.112422
389.763667,100,1732.266825
427.739227,100,1732.417816
299.327174,100,1732.569351
340.183449,100,1732.729466
366.291325,100,1732.941524
408.234271,100,1733.151986
322.985147,100,1745.247344
352.291443,100,1745.422289
389.430393,100,1745.584319
346.169598,100,1745.738045
420.348424,100,1745.898192
342.273477,100,1746.066619
345.349595,100,1746.229529
417.74804,100,1746.376925
403.651128,100,1746.526706
325.876004,100,1746.679533
376.823451,100,1758.74592
309.541955,100,1758.969405
402.542057,100,1759.164284
295.163226,100,1759.317702
363.330511,100,1759.488214
374.683824,100,1759.64188
298.276407,100,1759.787501
412.991612,100,1759.943837
372.724392,100,1760.108515
287.105226,100,1760.25127
270.264817,100,1771.906594
411.658392,100,1772.072762
365.252297,100,1772.22734
339.676946,100,1772.383576
280.864393,100,1772.549743
294.819222,100,1772.70631
334.184395,100,1772.877673
292.442153,100,1773.123142
368.720577,100,1773.27085
343.521966,100,1773.451538
446.402578,100,1786.008075
316.074852,100,1786.18479
291.346405,100,1786.349757
280.040137,100,1786.528093
331.624297,100,1786.724148
299.918235,100,1786.956653
432.713103,100,1787.164444
400.397508,100,1787.356509
417.778363,100,1787.543718
376.901592,100,1787.732128
380.857381,100,1.695287
344.331758,100,1.881934
381.126106,100,2.085322
309.264006,100,2.335088
395.667239,100,2.556453
308.552951,100,2.747103
400.182859,100,2.938599
379.803667,100,3.098668
324.552529,100,3.257903
313.432306,100,3.406802
340.276739,100,15.758828
277.332398,100,15.902303
334.766549,100,16.045811
317.357179,100,16.200692
394.048938,100,16.471178
362.219482,100,16.621085
361.720974,100,16.779381
327.252905,100,16.934091
306.761701,100,17.085727
374.643426,100,17.242344
332.184709,100,30.215173
368.953468,100,30.472716
403.082631,100,30.633385
320.625094,100,30.798406
347.167393,100,30.950891
308.098165,100,31.096888
390.482782,100,31.242948
282.23932,100,31.404591
425.518496,100,31.563716
316.242132,100,31.737232
326.143304,100,43.747885
372.443715,100,43.897576
384.585159,100,44.048448
444.956543,100,44.193615
451.873306,100,44.376197
290.339484,100,44.610012
356.53234,100,44.780654
346.788579,100,44.974528
425.076842,100,45.130127
369.79914,100,45.298816
306.646486,100,58.559114
419.040977,100,58.74253
289.924927,100,58.963435
399.19789,100,59.152843
409.99211,100,59.336647
365.747436,100,59.548578
349.281408,100,59.743724
309.697276,100,59.941106
307.683974,100,60.151663
384.64364,100,60.394896
275.219264,100,72.104911
247.772159,100,72.290875
460.053407,100,72.468437
392.696079,100,72.690596
325.912214,100,72.969999
414.907734,100,73.167329
365.504449,100,73.357548
445.497482,100,73.527491
359.719531,100,73.722489
342.202442,100,73.930986
386.059581,100,85.877748
362.843608,100,86.042578
357.333849,100,86.197894
251.531609,100,86.350484
327.085322,100,86.49791
360.678715,100,86.640591
363.411894,100,86.90695
343.548054,100,87.115674
370.523476,100,87.270483
335.890123,100,87.42092
352.479346,100,97.891325
336.157937,100,98.049672
321.809918,100,98.201967
294.44958,100,98.390713
361.877395,100,98.543352
354.919601,100,98.690746
314.975205,100,98.838006
354.908087,100,99.088111
401.326008,100,99.267327
309.868276,100,99.441571
348.971825,100,110.205144
365.963597,100,110.361818
254.882808,100,110.52091
277.212866,100,110.674839
389.224048,100,110.832986
304.949196,100,111.058003
314.783697,100,111.253211
395.516898,100,111.409923
294.315134,100,111.575999
286.766241,100,111.725612
359.811059,100,123.765292
342.713535,100,123.91088
355.402712,100,124.077021
365.10375,100,124.226879
398.70356,100,124.375141
344.118818,100,124.520322
389.207553,100,124.664149
344.74094,100,124.804113
406.656456,100,124.992601
375.677093,100,125.222596
380.160167,100,135.887323
389.884215,100,136.049455
344.78705,100,136.212019
338.746012,100,136.368709
289.930228,100,136.527689
388.930092,100,136.682854
381.316869,100,136.842527
314.358008,100,137.081787
429.842742,100,137.267081
359.129129,100,137.420628
322.154692,100,148.054769
273.108875,100,148.217611
343.22402,100,148.383636
333.680809,100,148.541165
311.26305,100,148.699837
362.510881,100,148.863221
388.825431,100,149.113316
315.659974,100,149.292994
357.226903,100,149.468637
347.081611,100,149.624278
300.684123,100,160.173589
334.272363,100,160.357336
351.895981,100,160.540615
327.02329,100,160.707422
290.359694,100,160.886316
330.355133,100,161.168675
301.919774,100,161.349069
327.500112,100,161.541572
355.770281,100,161.699388
346.277212,100,161.874721
415.62685,100,174.496604
401.935957,100,174.672783
372.153328,100,174.854007
330.722318,100,175.056269
339.093256,100,175.305702
352.386512,100,175.4877
369.517205,100,175.665209
324.160821,100,175.837898
408.472691,100,176.020959
386.67487,100,176.188923
261.271952,100,189.969929
374.784809,100,190.136973
401.392957,100,190.289598
405.90326,100,190.445841
305.167259,100,190.591423
352.782306,100,190.743482
320.131206,100,190.895725
339.930338,100,191.077829
349.743373,100,191.360675
359.673486,100,191.525081
374.768237,100,202.55427
300.001953,100,202.728625
322.370835,100,202.896709
352.72328,100,203.066499
390.453852,100,203.231643
382.755708,100,203.492405
330.354163,100,203.639795
398.332393,100,203.809697
388.591865,100,203.982143
400.361724,100,204.148712
297.360733,100,220.112985
308.039729,100,220.267224
326.232464,100,220.42695
396.074875,100,220.588789
354.475939,100,220.740131
373.01625,100,220.893786
328.17928,100,221.048833
442.691415,100,221.208971
391.922503,100,221.476299
323.347272,100,221.639216
282.825583,100,236.322796
295.893609,100,236.501311
438.631937,100,236.676676
435.995509,100,236.848611
377.188848,100,237.028279
404.062781,100,237.19814
420.339809,100,237.45207
469.112368,100,237.651302
453.273927,100,237.862972
363.993994,100,238.050312
379.925778,100,250.487114
334.291209,100,250.691222
342.319926,100,250.895404
325.616581,100,251.10743
343.419397,100,251.350548
363.602542,100,251.563323
331.931583,100,251.724694
358.27912,100,251.889241
358.043833,100,252.06166
344.554643,100,252.217795
434.682483,100,264.559174
421.465835,100,264.717529
371.833987,100,264.863945
303.120529,100,265.01996
286.759094,100,265.1798
244.713297,100,265.423776
325.704086,100,265.604694
347.734353,100,265.757131
383.182621,100,265.92022
327.924841,100,266.079303
376.205997,100,278.470504
335.535594,100,278.743858
317.092357,100,279.045744
355.114255,100,279.350225
450.486591,100,279.63061
315.763642,100,279.921678
348.722241,100,280.218373
356.461369,100,280.51182
402.677175,100,280.813852
358.239445,100,281.137022
385.448569,100,296.258253
364.230887,100,296.418317
401.445979,100,296.567534
360.220469,100,296.716257
409.703643,100,296.893911
323.184588,100,297.048886
311.524749,100,297.200801
377.861083,100,297.456599
349.623128,100,297.608567
355.495234,100,297.771469
372.756691,100,309.856739
466.919955,100,310.057344
361.705312,100,310.255934
345.274748,100,310.45247
359.462403,100,310.632204
379.910989,100,310.800182
306.878677,100,310.962881
350.110824,100,311.119008
409.702132,100,311.267447
305.580841,100,311.415635
420.200106,100,322.285944
310.919085,100,322.584486
344.029992,100,322.884565
400.168171,100,323.179241
410.688999,100,323.488303
376.327256,100,323.804483
413.979385,100,324.096451
351.282639,100,324.364437
437.918446,100,324.679289
399.366322,100,325.004073
372.67358,100,337.450941
396.355949,100,337.592125
346.214616,100,337.81777
341.534916,100,337.995916
321.431243,100,338.165808
339.286057,100,338.317883
343.020531,100,338.469447
380.034657,100,338.632733
425.541941,100,338.787568
300.40558,100,338.960012
311.133262,100,350.719862
399.84214,100,350.889726
365.675822,100,351.060772
397.244626,100,351.214412
378.072848,100,351.366579
392.34678,100,351.517447
377.977504,100,351.691836
402.327733,100,351.9256
358.737326,100,352.100759
324.787382,100,352.287946
368.28583,100,365.64361
319.563734,100,365.904228
274.673345,100,366.072253
360.370427,100,366.24477
299.101952,100,366.392906
335.19423,100,366.550746
410.436086,100,366.700016
374.832225,100,366.860349
331.44133,100,367.026395
277.660146,100,367.198817
350.226199,100,377.989988
329.383626,100,378.14466
405.491644,100,378.328389
345.658002,100,378.468027
415.044045,100,378.610169
406.066071,100,378.761671
398.262851,100,378.919865
325.131013,100,379.077812
331.007573,100,379.221292
345.282232,100,379.371693
436.842312,100,391.343105
395.641171,100,391.481629
314.881032,100,391.63253
346.714357,100,391.7733
385.320338,100,391.967292
345.299673,100,392.184897
341.938885,100,392.346258
364.184367,100,392.494108
347.621016,100,392.651798
346.900846,100,392.790251
345.356743,100,403.979042
445.322267,100,404.16947
328.53392,100,404.391685
425.266219,100,404.579751
400.930204,100,404.775912
367.928225,100,404.94034
365.569277,100,405.088801
349.892408,100,405.25146
311.799501,100,405.421521
365.413195,100,405.580763
350.471326,100,418.338221
362.42038,100,418.513578
280.258202,100,418.70057
388.636417,100,418.871927
323.424393,100,419.042986
407.762836,100,419.215857
341.309832,100,419.405733
368.173567,100,419.586854
433.537629,100,419.760568
415.0826,100,419.948509
376.464696,100,431.484567
347.445998,100,431.660021
345.546583,100,431.816708
353.336022,100,431.984431
391.706738,100,432.211817
393.412237,100,432.428805
320.453775,100,432.59336
334.272906,100,432.763368
288.386472,100,432.918881
368.400841,100,433.07592
341.27878,100,444.589421
359.618167,100,444.728185
289.441678,100,444.869495
395.705032,100,445.030296
388.353109,100,445.186354
411.784006,100,445.335929
370.90689,100,445.475817
366.326365,100,445.615488
367.270437,100,445.75257
360.942656,100,445.897617
315.100476,100,457.595604
307.495431,100,457.77687
300.314138,100,457.950493
346.276076,100,458.156955
409.294364,100,458.397631
450.419578,100,458.604948
430.110113,100,458.773399
357.338379,100,458.943083
423.233886,100,459.111507
256.51961,100,459.277711
390.189654,100,471.192356
406.281887,100,471.395168
344.047016,100,471.572758
393.486292,100,471.747314
320.947452,100,471.920683
341.6974,100,472.159822
368.965245,100,472.44493
252.513216,100,472.665554
332.503914,100,472.865695
351.862667,100,473.060474
340.736595,100,486.927596
370.510011,100,487.230145
317.868797,100,487.531907
282.595418,100,487.83912
328.699639,100,488.152363
302.394616,100,488.419504
345.187857,100,488.634886
335.501871,100,488.935293
364.78729,100,489.232873
434.054379,100,489.53143
452.69729,100,501.747498
387.869765,100,501.919591
373.665865,100,502.110713
389.968285,100,502.293474
344.154078,100,502.525181
419.157624,100,502.74203
335.094595,100,502.942633
276.343241,100,503.131973
239.555131,100,503.308212
419.995467,100,503.488301
374.990155,100,515.678457
289.027806,100,515.838639
429.167739,100,516.006019
336.761961,100,516.178354
314.78466,100,516.349908
372.81319,100,516.601603
296.355154,100,516.793633
424.189556,100,516.971579
426.186048,100,517.1261
334.444652,100,517.269249
354.942991,100,528.955134
364.058711,100,529.105212
302.092602,100,529.246498
377.750048,100,529.396789
300.600408,100,529.546123
348.998778,100,529.708087
454.109098,100,529.868559
379.260514,100,530.043121
301.794932,100,530.195377
434.284348,100,530.337793
409.794388,100,541.474715
334.200862,100,541.622125
355.511118,100,541.806592
367.3543,100,542.019645
418.140466,100,542.246076
354.185359,100,542.444311
353.53261,100,542.686003
397.074147,100,542.862905
394.861899,100,543.068513
358.64547,100,543.251132
344.058506,100,555.242647
327.935708,100,555.377247
379.726843,100,555.514094
346.679973,100,555.649312
436.749668,100,555.792779
392.129589,100,555.952575
397.220492,100,556.097022
348.466208,100,556.235969
362.907022,100,556.386201
338.874805,100,556.529574
305.237463,100,568.51825
351.300589,100,568.794988
324.377745,100,568.983596
406.07735,100,569.186419
360.604434,100,569.355174
365.020781,100,569.526412
395.729405,100,569.69725
367.616205,100,569.885201
363.799959,100,570.032252
381.721039,100,570.18912
339.101731,100,581.447024
429.357463,100,581.593426
378.658725,100,581.741359
363.899053,100,581.908288
410.591002,100,582.092459
254.797482,100,582.255502
423.638709,100,582.40659
321.878449,100,582.565476
342.340614,100,582.709244
339.070345,100,582.874332
328.092027,100,593.547548
353.609677,100,593.696857
394.730347,100,593.854612
331.848856,100,594.009904
336.667685,100,594.166312
410.869714,100,594.31772
401.568379,100,594.462805
375.843764,100,594.604455
407.556329,100,594.745408
323.312034,100,594.886846
310.362825,100,605.739931
328.732574,100,605.889352
371.738774,100,606.03516
381.001488,100,606.194386
370.418246,100,606.334673
356.838359,100,606.472972
262.105704,100,606.614464
351.316186,100,606.767868
375.605302,100,606.932848
379.990045,100,607.194647
351.089559,100,618.468627
299.893263,100,618.631127
332.799322,100,618.823479
365.143871,100,619.054215
438.544307,100,619.28141
384.715705,100,619.469512
383.879492,100,619.636191
420.502881,100,619.810183
371.218569,100,619.990345
303.123952,100,620.172909
416.892461,100,632.367948
355.861491,100,632.525269
395.437166,100,632.673427
409.32131,100,632.822884
315.636465,100,632.974663
382.616734,100,633.130895
315.524507,100,633.280678
377.967637,100,633.475119
419.877537,100,633.695834
295.968482,100,633.855022
302.737407,100,645.918946
412.177688,100,646.091452
284.22563,100,646.245013
289.453967,100,646.399895
379.036251,100,646.53459
353.917086,100,646.682694
417.419525,100,646.836572
324.137869,100,646.991727
324.995746,100,647.150067
373.215928,100,647.29495
309.415385,100,658.22056
341.419999,100,658.363894
381.831245,100,658.503034
353.72737,100,658.650837
350.706261,100,658.832474
339.137088,100,659.021758
316.008242,100,659.209758
335.217819,100,659.391155
407.404661,100,659.615906
346.004849,100,659.846687
335.067755,100,671.350401
285.163212,100,671.6465
368.213187,100,671.935387
337.996814,100,672.168183
340.55053,100,672.328759
384.360326,100,672.467033
385.902709,100,672.61342
437.162766,100,672.754878
373.988864,100,672.899578
449.676472,100,673.042966
419.216143,100,686.00249
373.314505,100,686.203891
377.548734,100,686.390741
314.743355,100,686.557575
350.26978,100,686.740499
410.383309,100,686.947401
288.337168,100,687.146634
340.356003,100,687.344259
439.099718,100,687.539012
286.321396,100,687.818241
278.772721,100,699.370249
424.26172,100,699.621431
328.949016,100,699.851125
311.932479,100,700.082773
386.736603,100,700.294837
436.658273,100,700.507528
363.119675,100,700.71489
430.36854,100,700.912422
368.894906,100,701.131572
409.497882,100,701.320901
337.650769,100,715.314543
339.0245,100,715.617796
312.177922,100,715.916896
346.22606,100,716.238494
292.415726,100,716.503252
389.361591,100,716.785393
347.331199,100,717.098131
360.904087,100,717.401907
353.535616,100,717.708517
366.846518,100,718.014556
338.673802,100,731.178289
333.988043,100,731.463787
328.541036,100,731.748533
439.754436,100,732.065363
290.114663,100,732.36031
321.020082,100,732.575517
345.071226,100,732.867387
410.657673,100,733.163324
345.932504,100,733.45489
346.664935,100,733.747953
357.619945,100,747.526202
341.465409,100,747.664472
327.526227,100,747.798516
352.36765,100,747.936585
337.053896,100,748.082869
392.561249,100,748.222299
359.959272,100,748.419011
362.883005,100,748.624845
348.593283,100,748.777891
336.08445,100,748.937981
393.879962,100,761.264644
404.769076,100,761.417598
385.603789,100,761.583695
328.742844,100,761.735248
416.632173,100,761.889068
307.959875,100,762.049331
368.735322,100,762.206551
366.213676,100,762.368143
368.417119,100,762.521334
292.753039,100,762.694192
276.789717,100,774.834849
426.821287,100,775.073509
335.771185,100,775.351847
332.1211,100,775.618679
377.790867,100,775.892827
328.574953,100,776.184764
420.626232,100,776.45989
363.391745,100,776.725623
326.861641,100,776.989481
329.718651,100,777.234984
278.701128,100,788.260683
387.135223,100,788.435886
381.340681,100,788.601717
382.076935,100,788.883091
370.378525,100,789.081662
323.301603,100,789.274306
313.454694,100,789.455819
336.295019,100,789.624613
397.979295,100,789.804439
352.140175,100,789.980573
431.594487,100,802.118915
422.028228,100,802.505873
306.276887,100,802.858018
433.676956,100,803.1577
280.311447,100,803.476638
426.05928,100,803.810342
387.155408,100,804.170592
350.005571,100,804.542378
364.961409,100,804.951561
426.2721,100,805.288389
379.207505,100,816.911246
311.777967,100,817.084184
414.165761,100,817.268352
310.976926,100,817.425229
381.540988,100,817.565507
347.49447,100,817.719342
390.684909,100,817.869127
367.937354,100,818.037004
428.856532,100,818.219923
380.744359,100,818.372403
356.415922,100,829.786363
406.604077,100,829.936315
372.039921,100,830.103587
331.428691,100,830.266068
384.92353,100,830.430152
346.893604,100,830.586777
317.213501,100,830.817911
386.425313,100,831.016649
329.758613,100,831.195728
302.151959,100,831.347558
290.468206,100,842.020527
405.196365,100,842.198645
380.719751,100,842.37217
355.418895,100,842.545305
385.949354,100,842.756806
355.119291,100,842.995234
323.210534,100,843.189442
316.453488,100,843.371317
368.098664,100,843.549095
409.370763,100,843.731859
387.220124,100,854.327223
350.615827,100,854.471934
357.568717,100,854.610807
343.281269,100,854.860589
396.367861,100,855.117122
404.712699,100,855.409227
269.540067,100,855.718688
322.347864,100,856.033594
327.381807,100,856.34547
386.294589,100,856.664329
388.452076,100,867.762746
357.550223,100,867.908757
391.011949,100,868.066162
407.252665,100,868.208378
387.205852,100,868.351787
384.365459,100,868.494084
301.909628,100,868.641031
366.557884,100,868.79552
352.179388,100,869.028814
340.867638,100,869.200568
384.179407,100,881.45588
348.748598,100,881.607582
388.529195,100,881.766203
383.300771,100,881.932558
326.382537,100,882.106021
293.992676,100,882.257092
399.175524,100,882.412742
309.924138,100,882.560812
431.466871,100,882.715096
336.442905,100,882.883133
414.621257,100,894.594147
357.849135,100,894.76192
408.04054,100,894.921182
321.651573,100,895.192597
343.508591,100,895.357025
442.844792,100,895.524963
328.460152,100,895.667233
273.399199,100,895.817548
416.151644,100,895.973918
349.246395,100,896.135225
313.050106,100,907.776644
417.308585,100,907.937012
336.800513,100,908.110291
283.809535,100,908.27952
366.065884,100,908.422493
366.330286,100,908.57113
383.058253,100,908.72354
403.647983,100,908.893016
375.655735,100,909.145412
339.634428,100,909.305879
440.157606,100,921.530879
398.100566,100,921.674127
266.464838,100,921.82482
341.160767,100,921.98161
413.915381,100,922.145632
356.87844,100,922.300628
390.692469,100,922.45588
442.544475,100,922.61688
365.252797,100,922.765938
461.944979,100,922.921135
388.66474,100,934.802588
372.567586,100,934.967287
309.199763,100,935.220159
396.833964,100,935.373855
366.950429,100,935.540882
283.326326,100,935.681972
302.597552,100,935.826072
428.606374,100,935.974213
367.198605,100,936.129932
381.992893,100,936.436804
365.730066,100,948.640626
416.441631,100,948.79466
352.699061,100,948.961754
334.472822,100,949.221353
409.199304,100,949.369718
425.310992,100,949.540564
394.564656,100,949.687828
422.667631,100,949.838154
313.651483,100,949.987725
371.89076,100,950.152736
412.689346,100,960.804365
402.332995,100,960.992316
445.615939,100,961.239456
312.323251,100,961.387779
348.177471,100,961.551808
250.620777,100,961.693579
309.749914,100,961.849693
405.187904,100,962.038644
417.903193,100,962.2388
353.650828,100,962.404212
349.533259,100,973.618787
445.386562,100,973.782015
421.043214,100,973.955309
334.883792,100,974.120836
326.446566,100,974.287743
376.274226,100,974.464047
373.050528,100,974.632925
345.375663,100,974.801414
382.005329,100,974.991485
454.194746,100,975.217157
365.146155,100,987.875876
385.160899,100,988.056298
383.248405,100,988.222528
361.480305,100,988.399918
391.197609,100,988.552604
400.079723,100,988.697309
356.391948,100,988.85671
321.45757,100,989.084389
317.352698,100,989.274072
397.168157,100,989.455356
379.15123,100,1000.371291
410.050105,100,1000.53983
408.101629,100,1000.698457
411.877156,100,1000.856263
405.382625,100,1001.08518
330.855126,100,1001.281638
329.068893,100,1001.457958
317.762535,100,1001.63393
267.040951,100,1001.806842
387.284791,100,1001.98573
370.743904,100,1013.908216
395.530835,100,1014.067091
304.065817,100,1014.216357
258.787261,100,1014.374664
377.214785,100,1014.532741
411.693553,100,1014.679816
384.712802,100,1014.820025
331.143343,100,1014.978445
422.437669,100,1015.193514
322.910537,100,1015.357391
329.322308,100,1026.342432
320.696298,100,1026.478836
391.353362,100,1026.621893
264.906998,100,1026.770097
355.130163,100,1026.935889
363.029929,100,1027.157149
341.522774,100,1027.379975
364.93228,100,1027.529335
364.284015,100,1027.683928
336.006821,100,1027.853339
347.307383,100,1038.568134
344.891091,100,1038.715919
387.529717,100,1038.867303
332.64613,100,1039.047436
350.792225,100,1039.311531
379.308165,100,1039.469485
399.097024,100,1039.63699
359.528567,100,1039.793636
376.744741,100,1039.955925
411.769128,100,1040.117703
306.900489,100,1051.814368
392.582262,100,1052.000802
448.689194,100,1052.171658
324.367879,100,1052.334924
398.396652,100,1052.474617
396.106505,100,1052.614813
414.89844,100,1052.757413
346.447072,100,1052.917415
378.762519,100,1053.077951
343.357291,100,1053.243986
279.791029,100,1064.081919
292.405181,100,1064.250313
441.646696,100,1064.419987
325.10649,100,1064.569884
327.915001,100,1064.726649
341.919753,100,1064.897555
323.865635,100,1065.057704
371.361182,100,1065.199938
353.332734,100,1065.34495
324.099667,100,1065.495803
340.022383,100,1077.139389
426.312103,100,1077.313077
435.617634,100,1077.484474
308.807348,100,1077.683985
419.550869,100,1077.941388
358.373046,100,1078.146503
392.051007,100,1078.338112
385.335673,100,1078.51763
405.965405,100,1078.701896
322.976579,100,1078.902536
363.065442,100,1090.719993
397.772125,100,1090.892538
369.738077,100,1091.051368
397.038435,100,1091.198254
413.163451,100,1091.355962
326.539602,100,1091.504432
368.368604,100,1091.731205
431.707178,100,1092.05976
341.848095,100,1092.237445
398.830821,100,1092.414062
267.815764,100,1104.153619
421.776318,100,1104.342622
395.202992,100,1104.505262
357.074772,100,1104.657834
380.325349,100,1104.804658
267.251199,100,1104.97286
359.172809,100,1105.152721
336.614578,100,1105.332941
331.434036,100,1105.492511
321.864832,100,1105.64509
427.253555,100,1116.943207
321.980749,100,1117.110712
384.471587,100,1117.273691
374.406465,100,1117.451856
364.573927,100,1117.624885
416.221108,100,1117.793824
431.441641,100,1117.963405
326.479976,100,1118.175737
300.666543,100,1118.397816
403.01285,100,1118.590799
372.9203,100,1131.37233
457.253399,100,1131.540486
376.14459,100,1131.698327
306.91752,100,1131.871469
408.038849,100,1132.108518
412.625255,100,1132.408281
351.184264,100,1132.59065
380.302815,100,1132.772927
352.340283,100,1132.939427
425.973624,100,1133.100307
344.53821,100,1145.21122
356.483469,100,1145.397213
281.107761,100,1145.586926
346.828401,100,1145.760485
360.151133,100,1145.953704
449.633215,100,1146.192412
330.4696,100,1146.407111
366.965812,100,1146.556755
408.421467,100,1146.724724
423.968124,100,1146.883636
402.11767,100,1160.345271
386.651156,100,1160.596846
374.428114,100,1160.877255
427.451797,100,1161.177193
375.334104,100,1161.46851
328.423064,100,1161.762863
225.172123,100,1162.115187
384.23069,100,1162.47183
413.80528,100,1162.730696
397.903949,100,1163.04824
334.26269,100,1174.879832
371.432839,100,1175.041382
322.740986,100,1175.197692
363.33216,100,1175.368271
435.326973,100,1175.530491
392.156066,100,1175.678113
362.360298,100,1175.837067
436.04296,100,1175.998869
329.165021,100,1176.2192
347.282389,100,1176.416657
276.223605,100,1188.598823
350.488148,100,1188.754182
312.977406,100,1188.906562
316.388428,100,1189.079741
359.077063,100,1189.236473
355.074981,100,1189.396715
370.884272,100,1189.567968
427.919438,100,1189.736311
334.117374,100,1189.889312
310.363484,100,1190.053934
338.957759,100,1201.172293
369.219468,100,1201.328925
388.269575,100,1201.480385
416.607088,100,1201.62668
418.54069,100,1201.782544
344.128975,100,1201.95722
288.458295,100,1202.189752
343.177681,100,1202.400885
403.78793,100,1202.575277
322.460976,100,1202.732682
367.38274,100,1215.060728
339.982189,100,1215.230653
434.450715,100,1215.397795
346.136051,100,1215.560217
331.996615,100,1215.713622
350.400092,100,1215.884163
332.751366,100,1216.075519
405.580755,100,1216.344309
314.610648,100,1216.523128
301.77851,100,1216.697408
382.295402,100,1229.23393
324.957384,100,1229.43383
259.756249,100,1229.63092
301.607911,100,1229.819896
287.022214,100,1230.018537
356.935762,100,1230.317467
318.028575,100,1230.49894
305.504953,100,1230.689443
359.393466,100,1230.855077
357.211334,100,1231.028444
332.397298,100,1243.600992
451.50033,100,1243.756166
377.756977,100,1243.928623
411.023391,100,1244.09284
462.83381,100,1244.334339
326.867195,100,1244.479956
336.680761,100,1244.65227
351.901992,100,1244.805533
265.987476,100,1244.956253
422.794946,100,1245.11439
404.15436,100,1257.451571
411.219968,100,1257.774628
360.555181,100,1258.110391
375.039324,100,1258.443298
336.352168,100,1258.71827
325.553357,100,1259.034329
437.940721,100,1259.364993
355.601018,100,1259.690969
367.326843,100,1260.020918
329.519018,100,1260.377207
321.365336,100,1273.575344
362.830121,100,1273.737985
390.702117,100,1273.919833
283.794943,100,1274.09156
400.553822,100,1274.25081
343.206066,100,1274.515126
325.766053,100,1274.67588
364.526279,100,1274.865355
254.923879,100,1275.036214
339.863622,100,1275.199772
264.733622,100,1287.195774
403.171192,100,1287.355746
430.156053,100,1287.51995
298.908121,100,1287.678364
306.18924,100,1287.843659
400.031979,100,1288.00691
410.656503,100,1288.156712
444.44187,100,1288.336743
342.981421,100,1288.576273
359.174006,100,1288.734471
346.417729,100,1301.518394
315.502573,100,1301.680079
389.714888,100,1301.838982
363.316629,100,1302.022846
340.29912,100,1302.201639
401.439804,100,1302.421569
398.591422,100,1302.621406
431.561891,100,1302.767486
435.565971,100,1302.934228
401.693221,100,1303.086015
330.196788,100,1315.241768
359.917868,100,1315.389354
369.284985,100,1315.54355
373.828178,100,1315.726888
375.734531,100,1315.876111
346.241413,100,1316.027583
343.031676,100,1316.173888
379.182527,100,1316.353488
371.879759,100,1316.588593
387.196137,100,1316.729293
445.016793,100,1327.787002
430.895426,100,1327.937179
398.361384,100,1328.086282
337.012103,100,1328.266904
279.71255,100,1328.42073
335.314343,100,1328.602274
381.095815,100,1328.839523
398.314273,100,1329.004947
391.744283,100,1329.169133
374.790375,100,1329.317449
333.833539,100,1344.295827
371.164826,100,1344.434495
356.080299,100,1344.600578
377.490978,100,1344.832771
347.103093,100,1345.008718
298.569881,100,1345.191749
343.752339,100,1345.364946
314.190489,100,1345.535531
330.268041,100,1345.688449
343.556108,100,1345.840483
393.731271,100,1358.14819
432.402795,100,1358.301885
313.787916,100,1358.437283
350.806177,100,1358.578937
278.521105,100,1358.722025
413.526662,100,1358.973563
398.358978,100,1359.154444
310.886647,100,1359.33408
304.768804,100,1359.494972
338.017282,100,1359.640553
324.065195,100,1371.058783
437.512463,100,1371.2448
403.959175,100,1371.439245
380.912876,100,1371.60919
320.437922,100,1371.77994
422.658293,100,1371.983235
341.252069,100,1372.203839
378.969589,100,1372.3883
409.469849,100,1372.596802
348.292076,100,1372.827433
444.847057,100,1385.777568
390.421648,100,1385.958135
419.73259,100,1386.134722
355.680769,100,1386.301118
389.738346,100,1386.46606
296.75099,100,1386.645183
343.427035,100,1386.827346
409.482792,100,1387.091734
422.504788,100,1387.340095
371.3793,100,1387.559055
330.442048,100,1399.854137
405.374353,100,1400.035357
367.432283,100,1400.210985
318.702415,100,1400.385851
350.755329,100,1400.555999
364.815857,100,1400.740605
393.124907,100,1400.92518
324.167915,100,1401.137384
371.651723,100,1401.38823
360.850457,100,1401.529709
342.506767,100,1413.691856
375.901691,100,1413.8616
339.200469,100,1414.028286
414.639442,100,1414.183413
417.304038,100,1414.340231
293.593391,100,1414.491215
401.51084,100,1414.653346
303.980566,100,1414.832593
447.011766,100,1415.004261
391.232076,100,1415.261164
305.455288,100,1428.616994
396.416661,100,1428.777243
402.084839,100,1428.936656
404.62896,100,1429.104867
351.988744,100,1429.266357
339.483498,100,1429.558182
269.88036,100,1429.737032
368.747991,100,1429.92188
439.012792,100,1430.094145
323.877719,100,1430.259786
348.259075,100,1445.492258
297.336138,100,1445.682021
341.064006,100,1445.875915
420.683219,100,1446.054638
388.811206,100,1446.214553
408.936204,100,1446.380272
339.056156,100,1446.539288
401.488004,100,1446.700256
373.623216,100,1446.852771
458.755625,100,1447.047534
440.999221,100,1461.059302
409.520501,100,1461.387442
421.882448,100,1461.691734
333.211938,100,1462.074131
420.016908,100,1462.534319
401.869808,100,1462.908696
420.64543,100,1463.256824
314.620019,100,1463.649128
384.507599,100,1463.959327
407.25579,100,1464.277694
348.104462,100,1483.312983
360.773814,100,1483.508889
323.793567,100,1483.703985
337.150132,100,1484.052347
408.22234,100,1484.239527
297.155466,100,1484.461946
389.422696,100,1484.703724
397.365951,100,1484.901501
375.975871,100,1485.108645
283.785777,100,1485.296658
277.983551,100,1500.001237
404.94554,100,1500.20972
328.636578,100,1500.4247
350.289301,100,1500.620081
378.214423,100,1500.807866
409.666336,100,1501.090314
357.639895,100,1501.26026
326.636914,100,1501.436664
363.804921,100,1501.627087
382.520618,100,1501.808368
306.22949,100,1517.501436
322.801448,100,1517.67858
345.58191,100,1517.856754
304.541561,100,1518.066983
340.864504,100,1518.298187
296.050074,100,1518.464639
417.275697,100,1518.718975
374.175647,100,1518.979867
360.440644,100,1519.293573
456.614534,100,1519.541402
339.600275,100,1532.788515
301.995214,100,1533.027748
342.135954,100,1533.261406
317.608273,100,1533.40706
318.856527,100,1533.59475
412.700381,100,1533.764962
338.555376,100,1533.924488
379.515651,100,1534.101499
413.678903,100,1534.279212
360.318181,100,1534.437441
425.589143,100,1546.236614
387.435714,100,1546.41641
440.554456,100,1546.585211
395.143974,100,1546.773993
420.193838,100,1547.011781
414.029756,100,1547.231862
352.498204,100,1547.413414
339.514664,100,1547.604949
447.830654,100,1547.804481
272.292154,100,1547.993822
367.214363,100,1562.301976
359.475251,100,1562.454812
378.649466,100,1562.631243
419.63669,100,1562.782819
407.121429,100,1562.939562
348.475649,100,1563.200665
426.01795,100,1563.38675
426.000835,100,1563.564614
305.638419,100,1563.72296
380.219859,100,1563.873683
375.979603,100,1577.633306
385.19242,100,1577.797866
384.662394,100,1577.97105
284.012672,100,1578.156899
358.966824,100,1578.341724
408.18429,100,1578.498104
405.138575,100,1578.654978
300.955174,100,1578.822773
361.069833,100,1578.980245
318.933102,100,1579.251488
455.991797,100,1592.629591
350.261988,100,1592.793169
390.08602,100,1592.963552
425.272748,100,1593.171419
400.078058,100,1593.403729
423.410623,100,1593.561887
325.456381,100,1593.745395
387.039834,100,1593.89941
408.631018,100,1594.05826
366.320013,100,1594.211773
413.382919,100,1606.558845
366.877002,100,1606.724876
380.356887,100,1606.872379
363.561096,100,1607.023936
375.660033,100,1607.215786
428.015686,100,1607.432987
362.308772,100,1607.586699
345.602521,100,1607.760907
423.458814,100,1607.914182
408.229935,100,1608.069801
310.742499,100,1620.216684
409.694111,100,1620.401168
351.765916,100,1620.560587
399.505099,100,1620.743001
374.394189,100,1620.916996
433.633078,100,1621.080623
353.348777,100,1621.369583
360.233887,100,1621.563519
320.102002,100,1621.753267
344.526137,100,1621.909191
357.50021,100,1633.726792
398.378481,100,1633.906965
338.086485,100,1634.087283
383.478769,100,1634.253932
389.631043,100,1634.422948
317.621715,100,1634.601414
422.281696,100,1634.794955
348.352201,100,1634.968777
450.529047,100,1635.161514
483.347968,100,1635.388979
400.581416,100,1647.29824
321.583666,100,1647.466509
307.164576,100,1647.613583
377.545429,100,1647.782035
402.732934,100,1647.930518
429.398117,100,1648.089266
365.983126,100,1648.2382
386.608628,100,1648.388974
417.329954,100,1648.532476
366.433963,100,1648.683447
321.988925,100,1659.920506
334.86378,100,1660.076916
382.751453,100,1660.234166
403.949776,100,1660.385755
364.883123,100,1660.547913
390.719048,100,1660.70397
321.252862,100,1660.864219
423.821754,100,1661.024128
312.027668,100,1661.232008
308.171751,100,1661.435954
337.953089,100,1673.027964
419.633014,100,1673.226785
377.073848,100,1673.44198
357.918106,100,1673.58638
417.649157,100,1673.771002
437.576387,100,1673.929829
304.947068,100,1674.068959
349.122562,100,1674.210917
377.940888,100,1674.371955
419.214023,100,1674.512535
330.55413,100,1686.258804
373.083427,100,1686.416198
406.177027,100,1686.568524
361.122553,100,1686.726722
430.543546,100,1686.882654
371.447292,100,1687.031591
352.81339,100,1687.177911
443.148289,100,1687.332088
409.32944,100,1687.499231
340.586482,100,1687.756674
419.675938,100,1699.697753
326.027864,100,1699.892608
431.947486,100,1700.1225
320.373397,100,1700.296829
390.14207,100,1700.480807
390.463885,100,1700.687934
310.152585,100,1700.882012
428.215148,100,1701.062988
392.710481,100,1701.232484
311.615232,100,1701.397373
309.317832,100,1713.026873
412.185839,100,1713.180475
385.67907,100,1713.337728
367.226644,100,1713.497578
292.531081,100,1713.773488
314.151826,100,1713.963787
336.623465,100,1714.14902
302.273947,100,1714.326863
409.058692,100,1714.501713
354.074149,100,1714.674056
457.926142,100,1730.025911
332.097142,100,1730.203753
295.330574,100,1730.383304
297.01831,100,1730.557671
343.887586,100,1730.742988
308.760293,100,1730.918005
465.092886,100,1731.099838
436.223948,100,1731.291462
423.283123,100,1731.475477
389.56802,100,1731.75323
396.394227,100,1.563512
359.61456,100,1.793489
420.968107,100,1.996558
307.018736,100,2.200946
411.728421,100,2.367656
318.385223,100,2.545814
401.477381,100,2.697849
407.24661,100,2.866241
321.553198,100,3.03722
310.400538,100,3.194939
369.657543,100,14.903852
282.851621,100,15.070903
349.199891,100,15.23689
328.388982,100,15.408376
399.438927,100,15.591493
381.53141,100,15.836452
393.244532,100,16.03013
343.646586,100,16.198523
324.485493,100,16.370524
375.165741,100,16.54222
356.777137,100,29.501813
367.116404,100,29.684198
416.156209,100,29.871413
338.030561,100,30.078418
368.578491,100,30.280841
325.940733,100,30.575822
395.801225,100,30.766306
299.221937,100,30.970172
438.021874,100,31.168117
333.054403,100,31.357579
330.345696,100,46.162365
387.286605,100,46.412964
402.216398,100,46.641191
449.091784,100,46.847492
472.004365,100,47.047963
301.651642,100,47.270843
370.969114,100,47.473634
350.424056,100,47.653328
443.607364,100,47.802797
374.821338,100,47.966903
329.819226,100,60.110147
430.498457,100,60.268564
308.931495,100,60.534073
398.033649,100,60.700841
418.377679,100,60.87703
381.897489,100,61.054935
374.204805,100,61.226569
331.617695,100,61.392159
329.480858,100,61.58092
405.225761,100,61.749872
298.424189,100,74.979907
281.752231,100,75.144297
463.592564,100,75.330465
407.018648,100,75.50949
339.324705,100,75.670124
435.813643,100,75.833793
396.307662,100,75.983938
461.64713,100,76.135805
339.434737,100,76.28745
366.438883,100,76.540371
410.64132,100,89.132263
371.606959,100,89.312923
371.022018,100,89.496893
260.72883,100,89.679474
334.644963,100,89.873257
368.381969,100,90.068064
378.45341,100,90.270844
348.448769,100,90.475331
382.032019,100,90.755322
366.409775,100,90.948853
361.080023,100,103.873435
368.662772,100,104.027903
327.330351,100,104.175509
316.004768,100,104.330508
397.426864,100,104.54973
359.688329,100,104.76993
330.941443,100,104.944898
378.888865,100,105.100518
425.56736,100,105.271259
323.550313,100,105.450228
356.754461,100,117.712195
367.108032,100,117.904889
262.594684,100,118.090494
286.60487,100,118.27028
413.377284,100,118.457767
342.091089,100,118.72094
330.513964,100,118.95051
394.434115,100,119.123825
300.633567,100,119.293915
299.982287,100,119.448681
375.492352,100,131.447098
372.274332,100,131.594455
374.46815,100,131.771051
368.648302,100,131.932355
410.397469,100,132.098043
348.971939,100,132.300183
402.95799,100,132.478931
374.615861,100,132.725635
413.584215,100,132.879311
407.588115,100,133.044953
409.997055,100,145.30763
394.209246,100,145.479624
351.351047,100,145.63748
333.308719,100,145.802636
285.986153,100,145.97358
401.808689,100,146.15622
392.156592,100,146.338784
328.129695,100,146.54794
441.270186,100,146.75306
379.797552,100,146.924331
336.793983,100,159.417045
277.798492,100,159.558536
359.028404,100,159.714128
341.511442,100,159.876566
323.467571,100,160.02726
370.352134,100,160.179838
408.252283,100,160.329455
333.607574,100,160.47405
362.44478,100,160.614941
362.38474,100,160.873099
294.857071,100,171.960443
359.623507,100,172.111054
378.042687,100,172.277278
346.152458,100,172.445917
305.151603,100,172.588406
331.257437,100,172.845735
316.455562,100,173.023019
344.187554,100,173.221102
386.861785,100,173.374823
347.267646,100,173.520778
426.053547,100,187.357302
422.259637,100,187.567096
385.479636,100,187.738977
334.032919,100,187.89622
354.370751,100,188.051393
353.065345,100,188.215549
387.273056,100,188.395402
331.737216,100,188.563376
417.391225,100,188.78282
392.491732,100,188.987024
263.275607,100,203.4376
372.96974,100,203.672962
414.174277,100,203.914848
411.672555,100,204.224315
319.460955,100,204.543189
382.275288,100,204.844456
337.599665,100,205.068634
353.721313,100,205.334212
378.738638,100,205.636164
385.762022,100,205.93592
372.283344,100,218.321218
332.375634,100,218.485422
334.109966,100,218.788255
372.612044,100,219.059416
400.078502,100,219.351111
381.954851,100,219.72193
339.307664,100,220.088961
387.941101,100,220.455758
386.447029,100,220.867969
412.337242,100,221.195002
301.441042,100,233.951727
323.303459,100,234.101746
322.788543,100,234.261288
418.409247,100,234.428468
374.89149,100,234.580254
381.305645,100,234.779282
346.34507,100,234.989149
451.756347,100,235.163228
406.177192,100,235.319927
330.797483,100,235.481201
304.565752,100,247.990485
298.599025,100,248.145307
455.100851,100,248.30422
444.998282,100,248.459137
378.531114,100,248.60183
421.885222,100,248.81764
428.98133,100,248.999008
473.031784,100,249.161828
441.214402,100,249.327511
368.362105,100,249.481827
402.617162,100,261.270068
333.952988,100,261.452065
365.9639,100,261.637782
331.895799,100,261.812365
357.769345,100,261.993837
386.747634,100,262.16329
342.930791,100,262.37027
371.078411,100,262.551523
377.540406,100,262.773665
349.739315,100,263.008675
451.559646,100,275.796221
416.19064,100,275.938596
394.775505,100,276.087391
316.344214,100,276.240608
282.835832,100,276.376191
288.689432,100,276.510103
336.354168,100,276.645563
358.582327,100,276.794059
383.736103,100,277.042488
338.532009,100,277.184684
390.761992,100,288.045546
331.698341,100,288.20555
324.08154,100,288.343989
393.282464,100,288.492636
450.503779,100,288.628542
335.141716,100,288.76835
370.250492,100,289.020954
362.506609,100,289.209152
412.471111,100,289.398848
370.67319,100,289.567547
387.452338,100,303.296225
361.441061,100,303.473446
399.251051,100,303.625588
372.831281,100,303.77278
409.839722,100,303.91909
330.484156,100,304.064964
311.833058,100,304.218984
396.665899,100,304.372269
353.843516,100,304.540995
358.008307,100,304.69324
394.48009,100,316.651556
475.588865,100,316.797876
377.541545,100,316.94775
372.345571,100,317.098682
368.940875,100,317.258638
395.112496,100,317.505781
330.834288,100,317.707428
352.823203,100,317.871851
410.544831,100,318.059177
326.818485,100,318.226436
424.528075,100,328.807219
337.591966,100,328.942272
352.69644,100,329.07408
397.357771,100,329.213421
442.481216,100,329.35265
377.811508,100,329.584145
424.46558,100,329.738749
366.901088,100,329.960705
459.191997,100,330.119067
394.290438,100,330.283986
401.555086,100,343.226232
410.510729,100,343.383042
358.926964,100,343.639536
379.412112,100,343.780585
341.097144,100,343.937997
362.764169,100,344.086677
347.87693,100,344.229048
403.593007,100,344.382644
426.400072,100,344.547811
325.199769,100,344.702756
326.393497,100,356.261767
408.812748,100,356.436417
397.15438,100,356.587436
402.056056,100,356.729932
391.600114,100,356.873777
397.076317,100,357.018385
417.618115,100,357.198396
399.453923,100,357.382963
359.898784,100,357.534646
341.784894,100,357.680522
378.334456,100,369.352078
329.189267,100,369.505337
271.997102,100,369.667162
379.40979,100,369.813995
318.264379,100,370.014324
369.45183,100,370.243403
406.741508,100,370.394552
386.424828,100,370.571507
345.334905,100,370.730374
285.602984,100,370.880748
353.34909,100,382.633982
340.188097,100,382.82193
414.909641,100,382.987911
334.28016,100,383.147928
410.658512,100,383.290462
430.11249,100,383.438559
397.632149,100,383.579887
331.766614,100,383.722761
339.281239,100,383.871843
354.584298,100,384.008738
442.92458,100,395.546198
403.179219,100,395.714307
306.249577,100,395.88558
354.961123,100,396.050067
380.1571,100,396.225759
358.243564,100,396.411598
338.485364,100,396.577191
364.955905,100,396.757669
359.817195,100,397.04157
354.635475,100,397.233858
371.768859,100,410.106562
458.299003,100,410.388904
327.696439,100,410.669113
437.312077,100,410.97873
391.630306,100,411.223012
373.684249,100,411.514784
358.607197,100,411.786745
386.199807,100,412.066131
300.331445,100,412.357166
353.212523,100,412.650851
354.791416,100,426.231059
375.299703,100,426.379259
286.667119,100,426.527197
384.087924,100,426.666854
337.594299,100,426.878961
413.818201,100,427.076014
364.860687,100,427.246144
367.851353,100,427.427263
440.712607,100,427.584674
438.348646,100,427.736275
382.332655,100,438.718804
336.796285,100,438.895413
364.149415,100,439.127553
352.330885,100,439.272542
393.69801,100,439.440984
394.476472,100,439.591692
318.334667,100,439.745193
346.423893,100,439.903681
291.158362,100,440.049695
373.542667,100,440.196858
355.822271,100,455.703351
402.408063,100,455.844322
303.810496,100,455.98722
407.428359,100,456.147347
390.629338,100,456.294163
417.503767,100,456.440455
398.607577,100,456.576815
368.645813,100,456.718467
384.236081,100,456.883561
368.029451,100,457.079675
296.454936,100,467.768475
329.077137,100,467.930916
314.134779,100,468.08732
358.310755,100,468.24248
429.810312,100,468.414087
462.253161,100,468.567999
446.887211,100,468.715317
355.578846,100,468.886947
431.58488,100,469.12073
249.53464,100,469.287574
399.278845,100,479.953935
412.948875,100,480.132199
345.578955,100,480.303838
414.540299,100,480.474491
336.48888,100,480.631948
345.911558,100,480.788881
370.26092,100,480.939393
279.355632,100,481.11757
333.170022,100,481.337222
350.483674,100,481.554107
347.488575,100,492.819229
370.045548,100,492.971505
325.581071,100,493.128137
298.973479,100,493.340083
339.151357,100,493.578579
311.766002,100,493.728678
349.870655,100,493.892094
359.615856,100,494.037533
373.520684,100,494.188568
443.794219,100,494.344909
450.528336,100,505.83804
402.230312,100,506.016184
394.568721,100,506.162268
402.653219,100,506.319258
348.065703,100,506.487225
428.479869,100,506.64751
343.066678,100,506.793648
284.751572,100,506.948025
243.809365,100,507.107737
426.979343,100,507.326033
384.806594,100,519.080512
308.357526,100,519.325775
428.899024,100,519.545304
354.222198,100,519.762807
316.281666,100,520.000152
377.089822,100,520.171581
298.451536,100,520.35036
428.059802,100,520.508842
440.496846,100,520.654996
342.371368,100,520.799184
357.037036,100,531.88431
375.032404,100,532.044427
318.788312,100,532.217626
385.444666,100,532.402955
302.593027,100,532.568448
375.89856,100,532.737575
443.699797,100,532.904025
367.201071,100,533.070722
317.119203,100,533.235978
441.037865,100,533.497803
423.921188,100,548.850012
350.757769,100,548.99984
355.88773,100,549.155277
374.324656,100,549.358863
420.784819,100,549.564662
352.386045,100,549.726042
352.518597,100,549.890521
403.564033,100,550.045955
407.839643,100,550.210179
356.088913,100,550.36538
343.413854,100,564.915494
332.151168,100,565.072135
387.460121,100,565.225179
345.188545,100,565.477631
430.731556,100,565.633405
412.761679,100,565.787628
422.876481,100,565.956278
349.998344,100,566.107303
358.059652,100,566.267483
347.704347,100,566.431533
306.208125,100,578.172386
346.643761,100,578.326383
329.539815,100,578.481199
408.777064,100,578.627172
374.165022,100,578.770953
368.246936,100,578.916694
399.481737,100,579.060593
377.247117,100,579.212638
383.478086,100,579.462912
400.266679,100,579.616531
350.700654,100,590.93754
437.52781,100,591.069325
399.963798,100,591.210632
357.490161,100,591.460749
426.771196,100,591.643223
256.300896,100,591.809025
429.027045,100,591.957309
321.087635,100,592.097173
349.590623,100,592.275424
369.031125,100,592.444256
340.852457,100,603.48663
355.71074,100,603.729951
401.421298,100,603.967836
348.295851,100,604.271412
343.099924,100,604.568285
432.451888,100,604.868666
417.852052,100,605.159775
386.669011,100,605.467822
413.563164,100,605.708254
333.960251,100,605.970514
319.880648,100,617.717164
334.884314,100,617.891014
380.318246,100,618.026059
389.241372,100,618.170282
381.925016,100,618.313931
366.317704,100,618.465979
277.20684,100,618.618858
354.824465,100,618.761267
365.499575,100,618.898343
385.744908,100,619.037043
360.858696,100,632.551144
310.550061,100,632.707582
342.190146,100,632.859274
372.580025,100,633.023564
444.601084,100,633.180961
396.870612,100,633.349936
392.3743,100,633.514631
414.484735,100,633.690322
382.239009,100,633.910591
310.338304,100,634.074846
431.738946,100,645.630291
370.999859,100,645.926976
410.99693,100,646.165942
412.169832,100,646.369392
339.292735,100,646.535589
419.617759,100,646.706022
318.304197,100,646.918111
393.462699,100,647.084244
423.149745,100,647.272348
287.003981,100,647.476307
296.552343,100,660.56221
423.006655,100,660.714865
297.384553,100,660.876094
283.844201,100,661.042702
371.922579,100,661.198277
352.211233,100,661.34745
430.727645,100,661.511544
338.595052,100,661.691605
336.908681,100,661.951228
367.727308,100,662.108063
294.276654,100,675.784013
351.786788,100,676.12835
391.460568,100,676.43179
358.809419,100,676.667223
354.694828,100,676.896256
338.724418,100,677.125934
332.858605,100,677.29114
342.667803,100,677.548685
409.39589,100,677.740691
352.006292,100,677.932006
341.083232,100,691.625865
304.173826,100,691.777069
376.062554,100,691.944951
352.084393,100,692.21556
359.370702,100,692.377193
388.086716,100,692.556889
397.04209,100,692.711634
445.219329,100,692.871223
387.508612,100,693.032631
448.66034,100,693.213547
411.295774,100,706.713166
382.984826,100,706.931523
378.292596,100,707.124821
300.314832,100,707.326327
349.172037,100,707.50329
416.101641,100,707.681105
308.440571,100,707.850845
343.598014,100,708.089097
449.475296,100,708.327656
291.901566,100,708.530943
301.07956,100,721.646817
432.329361,100,721.820378
325.226811,100,721.968006
327.270752,100,722.125643
379.912774,100,722.363633
439.975309,100,722.572182
361.795053,100,722.763299
421.41283,100,722.944679
375.685507,100,723.097607
426.520793,100,723.300951
328.876408,100,736.450648
344.741915,100,736.620191
305.384432,100,736.816832
347.159567,100,736.986386
307.853574,100,737.155294
395.939638,100,737.363825
349.314424,100,737.583466
389.825846,100,737.765183
345.922287,100,737.941004
338.936614,100,738.10648
336.112831,100,751.946819
337.093724,100,752.242298
343.161469,100,752.523011
439.227933,100,752.761949
289.321268,100,753.031246
333.504461,100,753.332029
350.070726,100,753.637068
408.9713,100,753.939633
354.705691,100,754.240316
362.864858,100,754.581478
364.001274,100,767.607463
339.808402,100,767.758809
361.9483,100,767.933072
342.800033,100,768.085583
350.438569,100,768.256227
420.0829,100,768.49389
375.843723,100,768.672078
372.571877,100,768.829094
348.413166,100,768.993495
321.054596,100,769.223227
403.083242,100,781.252817
412.008382,100,781.414641
395.062431,100,781.579356
342.281802,100,781.720529
422.829676,100,781.870905
282.583122,100,782.011929
378.125377,100,782.152788
364.332442,100,782.39408
380.851076,100,782.560842
309.247465,100,782.730318
294.792829,100,794.503207
421.793839,100,794.658651
340.737436,100,794.827865
342.682481,100,794.973213
395.983468,100,795.127275
338.187782,100,795.286244
418.834194,100,795.44954
347.096927,100,795.622598
337.017854,100,795.771195
341.33975,100,795.929294
298.547628,100,807.056911
374.419747,100,807.21941
401.540262,100,807.410515
365.681672,100,807.588633
374.53812,100,807.743455
328.961134,100,807.899474
323.610414,100,808.042082
356.265326,100,808.187069
404.721661,100,808.447693
356.141814,100,808.606539
440.836442,100,819.994797
437.531858,100,820.131249
316.178202,100,820.344472
437.635987,100,820.560764
288.657546,100,820.743486
425.307999,100,820.920235
395.842058,100,821.08849
353.572467,100,821.278511
371.30247,100,821.460478
424.771499,100,821.624329
392.919615,100,834.937143
317.936404,100,835.080489
417.19207,100,835.229761
323.330216,100,835.385384
403.388525,100,835.546123
360.611452,100,835.70212
392.890533,100,835.877376
371.876342,100,836.046793
431.929619,100,836.210548
391.824037,100,836.424502
370.969952,100,851.516313
410.890434,100,851.672472
380.615792,100,851.823675
331.745836,100,851.978522
409.105654,100,852.135378
342.869232,100,852.306772
324.177917,100,852.566613
401.472592,100,852.741204
327.691103,100,852.90565
303.686065,100,853.051393
299.0098,100,865.148839
404.499807,100,865.317122
374.492826,100,865.49366
329.220947,100,865.662447
401.420543,100,865.834569
366.538237,100,865.99379
333.194447,100,866.149831
318.252135,100,866.303362
321.31277,100,866.573699
433.936322,100,866.722539
413.569032,100,878.452944
348.187541,100,878.830149
342.112504,100,879.192248
355.794984,100,879.41958
392.910607,100,879.572539
413.243848,100,879.726493
270.316643,100,879.87813
332.741887,100,880.033217
335.881625,100,880.181863
400.85706,100,880.342888
392.676181,100,892.381217
341.615196,100,892.541101
399.872717,100,892.887303
407.445631,100,893.075147
402.072042,100,893.274329
397.623824,100,893.435101
313.605071,100,893.60247
362.974046,100,893.764333
355.910932,100,893.956075
340.126535,100,894.132128
403.357135,100,906.329524
346.713227,100,906.494578
406.043862,100,906.652572
405.575425,100,906.93333
356.909849,100,907.113317
283.489254,100,907.332814
395.164779,100,907.564248
313.681599,100,907.758276
410.4572,100,907.954385
333.599223,100,908.136526
428.326827,100,921.935616
350.865661,100,922.12494
400.397301,100,922.340483
315.814218,100,922.548563
345.947115,100,922.764677
435.595759,100,923.011475
303.61261,100,923.200382
255.964099,100,923.388139
415.292521,100,923.575218
369.780698,100,923.739876
325.289146,100,935.36522
414.007417,100,935.517346
349.764902,100,935.660425
273.50544,100,935.809834
353.377231,100,935.959292
370.587242,100,936.101494
365.341601,100,936.262543
379.473921,100,936.430985
371.840238,100,936.58252
348.711323,100,936.766721
449.237551,100,949.882762
403.925302,100,950.049057
282.344452,100,950.22068
356.201396,100,950.394524
419.399961,100,950.556267
339.671754,100,950.712107
399.964765,100,950.976158
424.633728,100,951.168142
361.624325,100,951.380696
462.134127,100,951.539202
391.639556,100,962.56215
383.468306,100,962.707791
308.937208,100,962.904527
402.341624,100,963.120487
365.134897,100,963.296834
300.915604,100,963.463673
315.134838,100,963.612543
426.183444,100,963.770816
367.892188,100,963.924184
366.267047,100,964.075264
378.943413,100,975.792654
415.969355,100,975.955536
346.648076,100,976.112877
341.062281,100,976.27693
427.777582,100,976.432251
435.847133,100,976.587497
408.437961,100,976.739864
434.994594,100,976.895388
326.714963,100,977.167289
350.855855,100,977.353185
411.666604,100,989.662411
387.975249,100,989.838463
448.750503,100,990.007161
317.418432,100,990.18641
355.776305,100,990.362843
274.391729,100,990.528437
311.681969,100,990.683385
398.986216,100,990.840839
438.025487,100,991.074479
356.584536,100,991.28108
360.302471,100,1003.047251
446.210385,100,1003.312864
431.898804,100,1003.527035
339.791673,100,1003.710095
308.587313,100,1003.874544
381.339125,100,1004.046932
378.361934,100,1004.222154
336.433349,100,1004.384188
387.907012,100,1004.551696
463.185099,100,1004.72008
366.869746,100,1015.896079
369.859299,100,1016.040301
384.059908,100,1016.198204
358.614606,100,1016.363766
402.523011,100,1016.524327
394.353486,100,1016.670544
363.009041,100,1016.812798
334.142691,100,1016.95962
328.365325,100,1017.101097
397.794609,100,1017.337664
377.072863,100,1032.634364
432.521641,100,1032.79254
403.104376,100,1032.947693
430.787034,100,1033.125662
419.855201,100,1033.390117
334.482236,100,1033.563785
339.975676,100,1033.748036
329.538236,100,1033.886005
276.243005,100,1034.032615
391.960777,100,1034.175735
373.919727,100,1045.155478
393.492982,100,1045.417194
283.058101,100,1045.573648
259.712681,100,1045.754216
394.012232,100,1045.897476
413.831854,100,1046.03752
397.082008,100,1046.18211
346.422319,100,1046.343456
411.572216,100,1046.507403
337.091236,100,1046.643613
340.891177,100,1058.154047
322.634221,100,1058.302144
399.909259,100,1058.452149
283.619703,100,1058.59729
355.943812,100,1058.744051
340.334188,100,1058.886816
341.929742,100,1059.049189
361.272328,100,1059.238359
384.570793,100,1059.479175
340.866981,100,1059.688527
339.514209,100,1070.948528
348.408991,100,1071.094284
401.103672,100,1071.245271
306.271012,100,1071.442485
352.759409,100,1071.670788
379.554792,100,1071.838065
393.632075,100,1071.995996
366.290134,100,1072.14126
385.735713,100,1072.314541
393.328504,100,1072.474924
308.385579,100,1085.995984
394.848419,100,1086.183826
435.268871,100,1086.368949
329.470917,100,1086.541794
410.156561,100,1086.708695
391.760956,100,1086.869215
422.235503,100,1087.053456
350.740478,100,1087.219528
375.771811,100,1087.475696
349.359835,100,1087.775045
282.47414,100,1102.559378
289.194541,100,1102.713688
431.433548,100,1102.862965
309.531112,100,1103.014369
336.317604,100,1103.169116
337.989833,100,1103.326151
328.340631,100,1103.476877
379.520408,100,1103.628185
345.57378,100,1103.873927
339.287468,100,1104.043919
344.478321,100,1115.330758
429.474651,100,1115.493044
446.734807,100,1115.661061
297.818862,100,1115.927406
419.56463,100,1116.090548
344.754297,100,1116.258196
382.011794,100,1116.420985
377.04092,100,1116.564795
400.276289,100,1116.724374
326.999162,100,1116.880565
369.498542,100,1127.764013
377.574749,100,1127.918245
372.277725,100,1128.128076
399.561754,100,1128.34402
414.340946,100,1128.51148
333.129227,100,1128.68045
345.62374,100,1128.829316
416.878997,100,1128.973132
354.165109,100,1129.120779
397.321205,100,1129.270442
265.877911,100,1141.061116
427.443423,100,1141.221276
383.961961,100,1141.389574
344.994092,100,1141.548244
384.588401,100,1141.707191
261.124408,100,1141.932493
342.29605,100,1142.169086
325.362363,100,1142.412124
331.508163,100,1142.619572
323.855219,100,1142.800178
421.584735,100,1154.730746
299.354496,100,1154.863284
387.736185,100,1155.006818
385.104571,100,1155.156736
353.381008,100,1155.308383
419.327037,100,1155.461581
428.581536,100,1155.603574
344.240917,100,1155.757265
299.9114,100,1155.901455
399.836172,100,1156.074359
369.750449,100,1169.267233
450.207934,100,1169.421683
367.293608,100,1169.555616
314.389531,100,1169.685996
371.319962,100,1169.82051
414.401517,100,1169.974533
314.480174,100,1170.152624
377.198426,100,1170.397801
335.529405,100,1170.545186
423.704484,100,1170.70961
358.262389,100,1181.844963
364.9707,100,1181.984659
283.027212,100,1182.162928
355.675053,100,1182.412294
348.960602,100,1182.56656
446.402003,100,1182.727229
325.166223,100,1182.893542
365.74091,100,1183.032436
426.821586,100,1183.168527
419.802053,100,1183.327999
409.236023,100,1195.86783
383.881581,100,1196.032997
380.048896,100,1196.325891
431.414683,100,1196.509008
353.034081,100,1196.701432
310.034993,100,1196.886318
223.664186,100,1197.052866
392.156115,100,1197.237667
417.36611,100,1197.436109
405.218792,100,1197.617474
349.347547,100,1209.19957
388.413171,100,1209.37904
345.736221,100,1209.556751
345.401964,100,1209.726343
411.698384,100,1209.912305
392.800612,100,1210.079904
358.162762,100,1210.378296
443.096591,100,1210.564274
334.378093,100,1210.763636
340.103277,100,1210.937559
272.358739,100,1223.704497
334.316248,100,1223.868474
324.925658,100,1224.028617
308.834407,100,1224.19852
364.922652,100,1224.415131
339.600737,100,1224.629119
355.413104,100,1224.804143
437.217296,100,1224.986745
335.17057,100,1225.143597
299.128884,100,1225.308558
349.638738,100,1236.912058
356.530032,100,1237.066579
396.135551,100,1237.201797
419.156255,100,1237.356008
424.322955,100,1237.522177
354.227118,100,1237.685792
282.508524,100,1237.831104
350.21524,100,1237.989685
398.964988,100,1238.132411
315.187765,100,1238.279514
380.057148,100,1251.750521
340.945005,100,1251.905939
443.017064,100,1252.055219
347.741972,100,1252.201695
336.84627,100,1252.357557
340.624492,100,1252.511157
328.007787,100,1252.780691
408.392524,100,1252.94174
307.259432,100,1253.118252
296.05429,100,1253.267804
374.277811,100,1265.796566
351.59504,100,1265.968196
253.811319,100,1266.139632
295.66924,100,1266.303159
268.97531,100,1266.468882
368.201807,100,1266.632636
317.883606,100,1266.893011
294.856493,100,1267.07097
349.923814,100,1267.232049
377.48768,100,1267.418263
340.520254,100,1279.222407
466.312057,100,1279.395683
358.196927,100,1279.562473
405.214527,100,1279.734804
463.230045,100,1279.909813
323.367135,100,1280.061013
332.708492,100,1280.216409
338.705031,100,1280.391847
277.448153,100,1280.543119
436.280321,100,1280.703506
400.3258,100,1291.610349
397.998623,100,1291.757861
363.853768,100,1291.90925
382.181031,100,1292.054965
344.069375,100,1292.194289
317.793627,100,1292.341375
444.754181,100,1292.48155
358.915678,100,1292.623967
378.181262,100,1292.840862
327.168512,100,1293.026494
337.337273,100,1303.417613
339.666727,100,1303.564336
387.898652,100,1303.715431
318.667492,100,1303.858578
396.044931,100,1304.018133
337.618471,100,1304.188367
322.565114,100,1304.343389
358.511566,100,1304.514664
256.857418,100,1304.666978
338.109483,100,1304.926084
268.602328,100,1318.754038
389.974658,100,1319.019288
419.286146,100,1319.236703
299.96437,100,1319.427604
292.853918,100,1319.612045
405.917563,100,1319.797918
383.03106,100,1319.984395
443.41204,100,1320.159155
331.211485,100,1320.35557
350.036647,100,1320.54641
351.360581,100,1334.461358
320.580169,100,1334.616056
395.179049,100,1334.852042
356.022835,100,1335.047602
353.038487,100,1335.200351
401.309014,100,1335.372087
407.979829,100,1335.522563
433.536451,100,1335.665598
439.040142,100,1335.808186
395.959203,100,1335.96826
331.872852,100,1348.291694
357.221453,100,1348.443722
382.799559,100,1348.596023
374.807378,100,1348.781193
375.2304,100,1349.000904
348.502437,100,1349.162603
351.863161,100,1349.326183
385.671671,100,1349.472827
385.585461,100,1349.613541
371.429546,100,1349.764884
435.286832,100,1361.537153
419.882344,100,1361.68279
390.542415,100,1361.821151
341.825466,100,1361.970675
302.212983,100,1362.124223
325.726643,100,1362.286589
377.734497,100,1362.438689
384.799371,100,1362.587077
381.594567,100,1362.769652
379.081607,100,1362.990215
309.280199,100,1373.851907
360.934297,100,1374.016165
368.417077,100,1374.188447
383.228551,100,1374.352421
357.888867,100,1374.514964
299.708944,100,1374.676528
336.817084,100,1374.937977
313.72269,100,1375.112899
334.142988,100,1375.301816
332.01864,100,1375.456441
393.37643,100,1387.015822
409.784588,100,1387.172196
332.937995,100,1387.368902
352.137705,100,1387.575223
293.459536,100,1387.756516
417.579022,100,1387.952043
397.57573,100,1388.111885
302.63792,100,1388.268677
313.459959,100,1388.425382
329.357546,100,1388.581513
311.797673,100,1399.821537
451.401933,100,1399.984803
414.635704,100,1400.128681
377.48841,100,1400.27422
315.157483,100,1400.430033
434.433666,100,1400.576484
329.568908,100,1400.726612
382.002305,100,1400.932237
420.441549,100,1401.154235
330.358375,100,1401.307259
437.636044,100,1412.774507
382.338545,100,1412.951208
416.098303,100,1413.177192
347.810631,100,1413.337647
377.606366,100,1413.519023
294.694776,100,1413.683288
342.255429,100,1413.831033
404.987326,100,1413.986142
429.645265,100,1414.136488
381.354009,100,1414.297568
316.139829,100,1427.476648
408.385455,100,1427.666857
366.667014,100,1427.848881
322.694801,100,1428.051854
355.220498,100,1428.248662
350.555796,100,1428.442529
357.481407,100,1428.631612
352.392806,100,1428.80534
350.484726,100,1429.050801
377.056937,100,1429.257196
330.213754,100,1442.975962
372.978699,100,1443.197348
346.589652,100,1443.391022
408.073643,100,1443.546689
413.594073,100,1443.704938
282.108915,100,1443.859149
403.68724,100,1444.017045
270.575831,100,1444.173406
453.949862,100,1444.329348
386.512341,100,1444.478289
300.535921,100,1456.200466
388.864337,100,1456.353916
394.134944,100,1456.507106
397.360327,100,1456.666435
354.909479,100,1456.826739
334.747427,100,1457.056384
286.460105,100,1457.250239
371.508667,100,1457.451845
445.37669,100,1457.634389
324.592359,100,1457.795016
344.01671,100,1470.468482
298.036853,100,1470.615429
339.256927,100,1470.768239
416.854054,100,1470.957848
408.750562,100,1471.184873
389.703919,100,1471.34283
292.935917,100,1471.519457
384.076679,100,1471.690415
379.415344,100,1471.847451
451.378442,100,1472.015171
433.867145,100,1483.550563
405.054216,100,1483.698892
419.566656,100,1483.846319
311.360693,100,1484.007813
416.774529,100,1484.178223
371.670868,100,1484.339261
422.160451,100,1484.495038
311.006804,100,1484.642896
386.992643,100,1484.798515
379.178764,100,1484.994519
340.629103,100,1498.476866
353.881552,100,1498.619004
322.254173,100,1498.764015
347.723434,100,1498.909744
410.849863,100,1499.166811
288.843709,100,1499.319087
388.136358,100,1499.489509
387.00775,100,1499.636669
379.184419,100,1499.7838
285.888827,100,1499.937088
287.928496,100,1512.071625
413.517511,100,1512.267558
330.586061,100,1512.449454
344.157732,100,1512.627426
388.027306,100,1512.804165
413.43888,100,1513.025177
347.782588,100,1513.237953
306.167768,100,1513.430571
343.510889,100,1513.588199
373.629902,100,1513.740777
311.250402,100,1524.850407
317.774419,100,1524.987531
337.264636,100,1525.190321
314.336482,100,1525.395441
330.360916,100,1525.560546
286.692002,100,1525.712659
419.932042,100,1525.852376
361.511658,100,1526.016459
370.032251,100,1526.1721
469.72764,100,1526.334901
338.783175,100,1539.001541
315.580044,100,1539.239352
335.020977,100,1539.440938
313.818739,100,1539.591331
312.998729,100,1539.766398
416.977046,100,1539.935287
325.031227,100,1540.092418
377.966667,100,1540.248305
399.489363,100,1540.415304
367.823421,100,1540.576893
433.605005,100,1551.84151
379.409075,100,1551.994881
443.935308,100,1552.166009
380.876879,100,1552.3429
418.397422,100,1552.509674
410.052739,100,1552.672813
380.067023,100,1552.83166
337.19731,100,1553.000994
446.183573,100,1553.26627
261.465601,100,1553.432095
358.629877,100,1564.393405
353.792427,100,1564.626155
374.219012,100,1564.776493
427.969533,100,1564.946238
399.814145,100,1565.082873
333.476223,100,1565.22866
424.23796,100,1565.370146
422.294029,100,1565.529465
320.001153,100,1565.670345
390.42683,100,1565.81291
378.945875,100,1579.9656
392.103769,100,1580.270186
385.277734,100,1580.578812
300.224418,100,1580.817499
350.484882,100,1581.096462
393.341557,100,1581.403811
397.153405,100,1581.704617
300.107163,100,1581.999606
344.478893,100,1582.307164
305.164548,100,1582.609597
445.701028,100,1596.734282
340.664673,100,1596.905195
388.043714,100,1597.081871
418.309572,100,1597.257615
404.180164,100,1597.444782
413.849337,100,1597.602584
328.700403,100,1597.76744
388.787921,100,1597.935841
396.633154,100,1598.095847
359.034676,100,1598.249475
420.682287,100,1610.313042
374.021476,100,1610.501813
388.638185,100,1610.719578
353.422818,100,1610.868355
381.123703,100,1611.02783
429.729349,100,1611.176492
374.611004,100,1611.326506
348.718592,100,1611.477439
426.336626,100,1611.638278
408.00376,100,1611.785475
319.200449,100,1623.320402
399.853775,100,1623.480466
359.01292,100,1623.648959
403.6949,100,1623.793567
385.485909,100,1623.951128
431.761673,100,1624.090505
357.883163,100,1624.228128
361.233342,100,1624.371862
329.256366,100,1624.628872
345.47794,100,1624.781948
356.238128,100,1636.749559
407.417684,100,1637.17281
333.671118,100,1637.633287
387.277174,100,1637.93094
397.506622,100,1638.182585
312.003625,100,1638.450585
410.095037,100,1638.730738
343.824184,100,1638.963055
455.626158,100,1639.176263
477.334418,100,1639.40094
399.19441,100,1653.355254
334.15368,100,1653.503409
297.5099,100,1653.663981
364.657256,100,1653.808203
384.591375,100,1653.958811
420.761637,100,1654.103235
341.845175,100,1654.253211
405.08916,100,1654.438214
409.874955,100,1654.678645
380.684383,100,1654.847098
330.130862,100,1667.547097
329.208596,100,1667.710249
402.261333,100,1667.879903
390.448119,100,1668.048527
348.447219,100,1668.217562
394.162072,100,1668.395044
320.708783,100,1668.688267
407.575171,100,1668.845189
295.556488,100,1669.012345
291.174724,100,1669.161728
342.180773,100,1684.32312
398.051612,100,1684.482547
382.337541,100,1684.638172
353.043981,100,1684.791543
407.294719,100,1684.932022
394.595938,100,1685.140175
284.101224,100,1685.335582
353.260965,100,1685.505234
372.168108,100,1685.676949
399.409534,100,1685.85393
319.803895,100,1697.112989
391.123382,100,1697.261055
389.593018,100,1697.543578
376.55134,100,1697.71513
419.870584,100,1697.887594
372.944663,100,1698.04179
346.802118,100,1698.197255
435.871605,100,1698.362879
394.063007,100,1698.524635
319.51864,100,1698.680929
411.702671,100,1710.780518
317.110042,100,1710.946697
427.979774,100,1711.121488
304.354651,100,1711.296662
389.121652,100,1711.579285
387.667766,100,1711.765923
310.753048,100,1711.944728
429.484487,100,1712.115044
381.286016,100,1712.286092
294.524233,100,1712.461835
309.596321,100,1724.513443
423.964838,100,1724.671436
381.929403,100,1724.823148
375.300485,100,1724.970973
291.28068,100,1725.114315
319.889617,100,1725.260198
328.96935,100,1725.507382
307.484688,100,1725.675243
408.428218,100,1725.855461
367.606931,100,1726.013626
457.913138,100,1738.369208
320.263017,100,1738.542281
286.807364,100,1738.723381
307.270122,100,1738.908869
343.587156,100,1739.124533
316.309251,100,1739.32424
459.674091,100,1739.566305
430.441105,100,1739.744248
422.735632,100,1739.905168
387.132278,100,1740.063932
