#{"t_start": 1784399297.727277, "env_id": "None"}
r,l,t
233.63187,100,2.173684
112.629343,100,2.48962
154.009745,100,2.747154
146.962567,100,2.987289
87.559506,100,3.233026
174.736201,100,3.485873
146.766895,100,3.711876
155.031919,100,3.923064
116.844782,100,4.160151
223.599909,100,4.414227
203.971857,100,19.062182
136.353596,100,19.302289
175.298928,100,19.606674
207.967012,100,19.911924
140.137623,100,20.225238
159.74707,100,20.528622
191.732546,100,20.857195
139.623141,100,21.171119
127.642679,100,21.492713
145.448717,100,21.823759
236.264082,100,33.89944
198.804049,100,34.049788
164.8169,100,34.197741
178.663599,100,34.349729
204.456125,100,34.525111
177.229846,100,34.689278
218.751263,100,34.855276
171.847941,100,35.002841
143.459967,100,35.17771
165.504872,100,35.418
204.330844,100,46.791344
168.051565,100,47.162351
170.452525,100,47.496561
182.568833,100,47.762262
194.392669,100,48.064009
208.70035,100,48.393018
202.602328,100,48.72249
166.667416,100,49.021863
221.739365,100,49.307927
181.894543,100,49.60906
184.405678,100,62.329013
220.203404,100,62.49273
220.56235,100,62.673113
152.943387,100,62.841139
191.162752,100,63.027793
255.338105,100,63.219461
187.181991,100,63.481484
211.269614,100,63.651809
179.340457,100,63.846233
193.655556,100,64.02974
184.817906,100,75.590156
173.522852,100,75.757389
153.730308,100,75.932164
265.987159,100,76.108752
165.210072,100,76.291135
189.830787,100,76.495966
213.369614,100,76.728709
167.85232,100,76.927659
206.03748,100,77.11511
278.445337,100,77.28103
206.942011,100,90.420215
184.718652,100,90.741516
228.181703,100,91.077435
233.152999,100,91.420224
199.800916,100,91.724634
130.887339,100,92.009421
128.453399,100,92.338909
182.288294,100,92.654588
228.464641,100,92.989411
209.699193,100,93.301231
131.813022,100,107.903192
215.381754,100,108.095263
217.734782,100,108.2977
183.803566,100,108.49394
185.552686,100,108.689367
160.962982,100,108.881582
161.0477,100,109.054236
144.40976,100,109.22511
231.349105,100,109.489641
170.635551,100,109.670825
169.54277,100,124.400089
148.079555,100,124.563145
201.276856,100,124.721296
169.821714,100,124.877685
156.473475,100,125.046551
248.415021,100,125.21433
231.638442,100,125.3713
171.214468,100,125.539727
196.12159,100,125.734702
227.685979,100,125.975072
181.761227,100,145.417985
205.112522,100,145.846117
188.571784,100,146.189947
175.677379,100,146.600264
176.341144,100,147.005726
190.394032,100,147.390257
178.783249,100,147.804453
249.96733,100,148.019275
213.774365,100,148.20012
233.828079,100,148.352635
162.509647,100,161.309905
179.677492,100,161.494928
249.221139,100,161.724136
228.303292,100,161.97223
255.967363,100,162.119164
263.508412,100,162.294953
193.854383,100,162.452556
222.628937,100,162.612431
218.960168,100,162.78321
222.446851,100,162.961357
224.458842,100,177.283824
201.861229,100,177.608615
225.225453,100,177.932836
247.005622,100,178.196941
271.55897,100,178.513679
237.812475,100,178.847015
233.29412,100,179.163004
185.773009,100,179.488104
164.727507,100,179.835058
214.054156,100,180.092128
204.132734,100,191.401827
253.530942,100,191.541316
222.052421,100,191.707007
243.950646,100,191.962013
238.246118,100,192.129311
207.426013,100,192.312368
241.017297,100,192.472943
246.473795,100,192.626236
160.029119,100,192.793479
207.752772,100,192.968889
266.783728,100,207.236611
222.272908,100,207.412306
183.91687,100,207.602962
229.802259,100,207.861187
211.611658,100,208.073652
224.284443,100,208.268227
276.512718,100,208.457425
268.176144,100,208.641677
277.005391,100,208.825371
202.753074,100,209.024908
222.923235,100,221.208182
275.234428,100,221.364714
208.230493,100,221.520718
195.36515,100,221.696818
190.025861,100,221.956006
229.347238,100,222.107635
267.857906,100,222.265651
228.990987,100,222.449533
214.615114,100,222.617954
214.065432,100,222.791534
170.532608,100,235.444653
272.728229,100,235.662681
303.690258,100,235.971199
290.85887,100,236.141456
239.959019,100,236.346714
256.964866,100,236.550294
192.948191,100,236.768045
249.153953,100,237.019558
184.594448,100,237.218828
210.024009,100,237.422628
246.776204,100,253.946419
205.856638,100,254.287313
285.786793,100,254.597678
272.802366,100,254.90993
162.961358,100,255.252196
204.572719,100,255.583692
258.129147,100,255.89884
256.442164,100,256.189463
237.149128,100,256.392593
303.205146,100,256.594583
228.863437,100,272.544325
322.129094,100,272.848637
234.490233,100,273.173268
277.310386,100,273.488842
166.860316,100,273.805547
254.375114,100,274.125604
156.96582,100,274.386151
279.377897,100,274.552741
263.929954,100,274.711622
191.645651,100,274.854892
302.161629,100,287.224593
269.218514,100,287.401334
226.741651,100,287.594851
171.872228,100,287.785114
247.114054,100,287.949893
232.491682,100,288.130523
197.95051,100,288.411218
269.86115,100,288.588629
219.617283,100,288.791076
191.929087,100,288.962028
256.152107,100,302.349627
230.056523,100,302.538304
250.015635,100,302.72489
250.049089,100,302.9264
258.36721,100,303.090684
296.662996,100,303.240756
257.838743,100,303.403319
231.969188,100,303.562953
188.667843,100,303.707339
219.667719,100,303.846763
192.371972,100,316.227003
281.815798,100,316.503888
201.462552,100,316.700663
294.320198,100,316.928014
299.353767,100,317.100061
307.783893,100,317.275349
354.519176,100,317.463369
261.076601,100,317.639241
222.568369,100,317.821824
241.225278,100,318.007745
275.867055,100,330.176997
269.903286,100,330.404704
214.628065,100,330.62493
227.378844,100,330.810842
175.594569,100,331.001268
218.306018,100,331.173009
204.96322,100,331.344915
262.469776,100,331.50811
177.241007,100,331.688258
234.04103,100,331.859504
246.080301,100,344.434799
317.196146,100,344.631433
218.772232,100,344.865809
244.493829,100,345.03943
200.66503,100,345.211142
206.069579,100,345.384928
254.776137,100,345.568101
251.129424,100,345.769789
296.013266,100,345.948207
289.834394,100,346.108094
265.441419,100,361.147312
225.153205,100,361.335312
272.447562,100,361.512152
252.166668,100,361.708658
254.976834,100,361.894221
208.683241,100,362.076416
328.698822,100,362.248796
300.855042,100,362.512357
225.421415,100,362.713394
364.847154,100,362.92135
293.335978,100,375.304117
209.024945,100,375.447997
258.896521,100,375.605603
346.408136,100,375.761009
266.818169,100,375.931609
286.487981,100,376.092877
244.879922,100,376.244212
274.942501,100,376.391369
251.234021,100,376.615912
267.887239,100,376.893252
265.56677,100,389.587621
186.728824,100,389.77224
265.747638,100,389.968121
217.208619,100,390.169969
256.556706,100,390.356706
349.396468,100,390.551416
235.589703,100,390.785388
240.541972,100,391.064112
307.728787,100,391.285407
228.940181,100,391.474513
290.608348,100,402.403145
221.164153,100,402.543317
247.579901,100,402.688967
291.182303,100,402.84205
235.198747,100,403.104339
370.066598,100,403.271946
238.609602,100,403.477106
283.969593,100,403.651269
287.653544,100,403.821368
286.028078,100,403.995859
241.144192,100,415.92344
272.446236,100,416.07637
239.181087,100,416.225384
209.17256,100,416.367929
267.063786,100,416.515506
327.988958,100,416.682129
346.644613,100,416.841794
272.196224,100,417.008456
237.738523,100,417.155093
296.403544,100,417.389538
271.112744,100,430.19388
345.161059,100,430.434055
266.740003,100,430.69691
243.28286,100,430.954528
281.677092,100,431.200077
271.502245,100,431.456981
269.910924,100,431.743839
264.19524,100,432.000902
277.553349,100,432.246228
278.80221,100,432.478652
201.214213,100,445.014426
267.553241,100,445.167368
254.72199,100,445.323834
264.173833,100,445.535332
356.089309,100,445.789572
236.748789,100,445.970243
251.388887,100,446.120884
237.702479,100,446.27099
254.362937,100,446.424923
260.444578,100,446.592735
276.189711,100,458.787585
261.504352,100,458.949706
249.629234,100,459.127162
317.669364,100,459.297224
191.888875,100,459.523546
232.595891,100,459.738282
346.125946,100,459.889778
280.942547,100,460.058092
219.917314,100,460.220703
301.300463,100,460.373276
385.454429,100,472.169338
297.734487,100,472.358026
359.951597,100,472.528631
254.128628,100,472.701909
209.391857,100,472.876638
214.767882,100,473.039778
311.176538,100,473.205982
296.258647,100,473.371017
248.752454,100,473.52291
274.955372,100,473.748651
303.489954,100,487.831078
239.471014,100,488.01559
259.725374,100,488.296923
316.406211,100,488.510653
274.699184,100,488.713741
233.301577,100,488.894537
291.62258,100,489.072305
301.210109,100,489.25141
217.253448,100,489.440064
312.705851,100,489.623049
321.096129,100,502.108053
199.729102,100,502.293064
302.674036,100,502.478681
307.402061,100,502.744026
273.240884,100,502.960303
325.825105,100,503.186802
216.923939,100,503.376349
310.808113,100,503.561715
310.310667,100,503.747187
296.682719,100,503.933568
262.202482,100,516.453059
338.866636,100,516.623958
260.719359,100,516.785821
267.111998,100,517.065463
245.416614,100,517.238181
214.463574,100,517.401857
271.98645,100,517.555951
347.005461,100,517.711992
217.938481,100,517.863312
256.865023,100,518.020568
274.066545,100,530.731797
260.183441,100,531.061912
339.923788,100,531.27213
304.096222,100,531.478379
249.8005,100,531.662275
298.419136,100,531.840309
220.762456,100,532.007147
245.347322,100,532.16828
218.140827,100,532.33105
240.547713,100,532.48558
269.139445,100,545.990126
230.028327,100,546.15161
267.363503,100,546.335302
329.444465,100,546.512903
254.065278,100,546.71024
306.846529,100,546.895674
273.143382,100,547.090014
228.477525,100,547.353908
288.514004,100,547.565936
348.992166,100,547.786521
312.817985,100,562.229968
282.583698,100,562.398182
243.229128,100,562.571908
309.907381,100,562.761095
259.675291,100,562.949355
313.987417,100,563.11528
325.203629,100,563.28028
264.790444,100,563.448976
327.296228,100,563.699567
317.028066,100,563.89032
299.539957,100,579.737169
178.776143,100,579.899096
281.838918,100,580.048008
304.742931,100,580.206398
308.869374,100,580.37652
318.871935,100,580.565445
312.250905,100,580.768332
267.915191,100,580.950145
298.134954,100,581.208248
347.829387,100,581.424197
265.174196,100,593.691285
313.368312,100,593.881308
284.480177,100,594.053585
337.585714,100,594.244534
293.763559,100,594.417734
275.418367,100,594.59922
322.38777,100,594.765837
346.723669,100,594.913899
286.815541,100,595.074105
225.032208,100,595.238181
310.484287,100,607.269294
251.61474,100,607.421298
213.850286,100,607.607212
322.398651,100,607.8046
284.954153,100,608.084241
311.553037,100,608.257629
301.046778,100,608.443305
241.531938,100,608.617092
311.416432,100,608.800624
256.258026,100,608.984067
275.895606,100,619.741297
292.794123,100,620.034666
253.602593,100,620.216199
358.782575,100,620.414207
278.678152,100,620.599006
313.073997,100,620.807657
292.912091,100,621.026006
314.715252,100,621.223621
353.224062,100,621.40984
292.577286,100,621.600981
314.220211,100,634.292062
285.220817,100,634.4882
322.700466,100,634.690742
287.445359,100,634.899457
330.591699,100,635.090216
289.77332,100,635.257243
250.366089,100,635.416991
317.330156,100,635.59906
372.50128,100,635.816616
267.221725,100,636.073861
323.849937,100,647.543184
242.179849,100,647.703473
286.141634,100,647.973732
300.916428,100,648.132669
336.693979,100,648.307469
287.505572,100,648.472801
370.588327,100,648.62536
295.648297,100,648.782296
342.133843,100,648.934914
319.064887,100,649.110393
296.968461,100,661.315325
249.189121,100,661.469739
340.972704,100,661.631002
292.800267,100,661.82869
250.828035,100,662.055656
297.116741,100,662.209658
306.115587,100,662.393225
332.751477,100,662.560164
258.873138,100,662.730324
293.919712,100,662.896211
318.455048,100,675.524265
295.320128,100,675.841131
207.834623,100,676.093262
237.217096,100,676.279043
311.577609,100,676.454229
258.857516,100,676.624549
201.001012,100,676.780465
310.345612,100,676.93273
261.821663,100,677.106845
349.319246,100,677.253125
324.775443,100,689.755444
263.018381,100,689.948939
285.505805,100,690.256269
341.885414,100,690.474343
302.07062,100,690.68925
292.743154,100,690.961112
256.953414,100,691.171654
328.249885,100,691.367036
273.712919,100,691.5395
241.396187,100,691.718846
322.708774,100,703.483319
324.485222,100,703.670867
313.258917,100,703.866099
370.382687,100,704.091161
346.952851,100,704.351302
340.335903,100,704.565111
328.029305,100,704.769251
285.748999,100,704.939118
313.660383,100,705.121879
342.014446,100,705.30552
319.349873,100,716.648989
336.702197,100,716.794547
223.535143,100,716.935163
317.838547,100,717.074464
246.516538,100,717.219268
235.598758,100,717.372013
357.413178,100,717.527276
296.777819,100,717.681609
380.994033,100,717.833237
340.474487,100,717.975672
362.568337,100,729.466221
317.236921,100,729.669535
341.27014,100,729.864397
314.622594,100,730.071265
311.926864,100,730.369026
241.567157,100,730.572794
300.127495,100,730.787084
359.230951,100,731.002146
293.504424,100,731.182883
296.097104,100,731.387891
307.564174,100,743.843503
300.443976,100,744.156145
261.105034,100,744.472946
300.408038,100,744.747956
310.928264,100,745.055418
296.464411,100,745.371028
310.368166,100,745.683102
234.200077,100,746.007891
258.460539,100,746.318218
314.40834,100,746.602903
250.870131,100,759.76506
281.805823,100,759.903827
365.339134,100,760.040258
284.94972,100,760.179737
279.058848,100,760.317553
280.134479,100,760.579998
337.052476,100,760.778578
331.454306,100,760.946008
287.345297,100,761.108872
297.826992,100,761.262779
235.085902,100,772.489168
230.174702,100,772.722535
267.587166,100,772.912895
292.775761,100,773.082209
317.223722,100,773.265972
349.294518,100,773.454357
334.399501,100,773.631354
204.897377,100,773.825428
355.072993,100,774.009321
393.641143,100,774.178122
390.285277,100,785.301007
292.749506,100,785.441162
260.332053,100,785.59364
276.236734,100,785.768122
287.967562,100,785.928235
291.07131,100,786.086578
262.096892,100,786.22771
328.482461,100,786.362107
312.889912,100,786.505186
341.358955,100,786.738272
291.800586,100,798.408026
314.368311,100,798.65433
224.657229,100,798.901044
352.929342,100,799.132952
319.371006,100,799.325741
317.581116,100,799.515065
351.006774,100,799.724664
412.459802,100,799.905616
298.104733,100,800.090916
295.85844,100,800.269387
393.184902,100,812.197905
330.363996,100,812.362216
267.274181,100,812.531186
290.399882,100,812.793461
324.496001,100,812.93494
336.9838,100,813.085147
387.24528,100,813.262802
325.401886,100,813.41715
342.73422,100,813.576034
248.682298,100,813.762624
278.245326,100,824.530411
245.251134,100,824.769255
293.138449,100,824.948705
289.869496,100,825.110087
280.277239,100,825.26253
330.832318,100,825.40145
247.419608,100,825.552395
285.989761,100,825.703375
409.821841,100,825.852582
288.461516,100,826.015062
323.193867,100,839.361238
294.7514,100,839.550423
347.105205,100,839.729697
302.420561,100,839.891844
325.96941,100,840.057938
393.038375,100,840.209364
257.114677,100,840.356158
280.685747,100,840.534971
307.826951,100,840.736229
278.203432,100,841.002629
298.322155,100,851.396738
328.982673,100,851.54241
296.421672,100,851.686046
346.015378,100,851.836435
294.500948,100,851.979071
311.604792,100,852.11881
275.918142,100,852.285739
348.440037,100,852.45111
260.366843,100,852.623893
286.799028,100,852.859896
295.082281,100,867.320527
353.065659,100,867.625979
313.895396,100,867.944637
285.46694,100,868.257502
413.000072,100,868.561021
304.697264,100,868.883788
307.211611,100,869.152191
315.314436,100,869.399605
312.758007,100,869.701546
335.032215,100,870.012317
307.776318,100,882.337287
316.253377,100,882.520038
287.72661,100,882.699168
255.158614,100,882.929901
245.857286,100,883.13608
346.813109,100,883.323133
304.208369,100,883.513555
304.475265,100,883.700649
368.565969,100,883.888655
374.772304,100,884.074211
269.315605,100,895.494008
250.396891,100,895.690268
287.262586,100,895.867846
351.475081,100,896.030071
370.608023,100,896.193746
234.28603,100,896.37596
351.167147,100,896.54407
264.422055,100,896.708961
292.526923,100,896.872222
273.752642,100,897.052693
259.49491,100,910.086886
281.25355,100,910.250761
225.271267,100,910.412097
333.235747,100,910.598584
339.719161,100,910.775886
256.680282,100,910.935338
264.657725,100,911.092433
255.343871,100,911.358554
275.709444,100,911.537003
310.57294,100,911.743234
265.599182,100,924.536781
341.316717,100,924.68416
355.023016,100,924.831935
259.85343,100,924.985714
306.460819,100,925.169125
302.928026,100,925.408227
277.880788,100,925.558603
308.115138,100,925.7312
310.753737,100,925.874621
285.673732,100,926.016276
325.71657,100,938.489726
360.997653,100,938.796803
352.508426,100,939.108091
305.847737,100,939.387615
355.013061,100,939.552608
353.608102,100,939.726931
293.341915,100,939.871258
271.351745,100,940.007696
284.431224,100,940.144798
246.183362,100,940.295832
312.242457,100,952.023148
354.070785,100,952.186288
357.048358,100,952.345114
268.996564,100,952.50685
321.711422,100,952.674957
330.978952,100,952.833195
425.937066,100,952.984377
287.000737,100,953.146991
313.947655,100,953.395356
267.082737,100,953.574368
321.006662,100,967.068456
376.825476,100,967.345203
325.760888,100,967.599318
277.062445,100,967.822425
376.371354,100,968.036543
342.061297,100,968.247724
294.759541,100,968.470542
365.09365,100,968.692017
259.679126,100,968.88935
318.406455,100,969.097566
202.048164,100,982.338084
283.936359,100,982.503419
259.172923,100,982.660328
303.042417,100,982.814136
261.556135,100,982.969955
241.030203,100,983.155332
285.088286,100,983.403765
284.383731,100,983.554817
326.272119,100,983.732914
378.768644,100,983.88797
366.810349,100,994.64875
425.25519,100,994.797822
377.438411,100,994.9369
291.905883,100,995.074513
338.564912,100,995.322162
417.389537,100,995.482161
359.558149,100,995.663384
339.568972,100,995.821147
349.862453,100,995.982932
306.347593,100,996.129973
417.680158,100,1007.662919
329.135252,100,1007.84237
406.384341,100,1008.005032
309.862809,100,1008.16377
330.753679,100,1008.326004
300.880533,100,1008.487008
311.888457,100,1008.64151
318.022911,100,1008.78857
296.998935,100,1008.943483
274.566892,100,1009.093016
295.644712,100,1020.331685
401.598305,100,1020.485065
307.511058,100,1020.626352
335.908155,100,1020.806006
385.411996,100,1020.960167
269.807503,100,1021.10311
341.843616,100,1021.376821
344.785567,100,1021.527671
389.800957,100,1021.703063
281.426876,100,1021.867035
399.050452,100,1034.668908
294.384968,100,1034.85825
318.030145,100,1035.053255
296.675367,100,1035.326751
279.965639,100,1035.529416
330.638847,100,1035.748564
277.582357,100,1035.926906
316.132286,100,1036.122379
324.52804,100,1036.310194
316.938674,100,1036.496713
340.925962,100,1048.033742
329.061346,100,1048.183444
322.001014,100,1048.341275
354.932211,100,1048.496032
321.818442,100,1048.649433
289.282244,100,1048.806024
349.101383,100,1048.982781
371.798181,100,1049.162924
333.638281,100,1049.41153
261.682387,100,1049.573767
275.144432,100,1061.036136
315.862352,100,1061.199906
242.165579,100,1061.474715
307.505551,100,1061.631691
338.505592,100,1061.818837
269.974732,100,1061.976263
393.224116,100,1062.121537
348.990307,100,1062.266751
359.625431,100,1062.426995
375.355988,100,1062.575449
369.110946,100,1074.109955
261.354719,100,1074.264588
340.954557,100,1074.439526
395.771535,100,1074.609028
263.913912,100,1074.774369
348.214774,100,1074.91994
304.68312,100,1075.07091
434.495442,100,1075.225275
309.741633,100,1075.490381
354.593075,100,1075.644511
280.77569,100,1089.869466
338.944567,100,1090.059863
299.903318,100,1090.24689
326.507211,100,1090.444211
395.067938,100,1090.642687
344.741447,100,1090.835417
354.430246,100,1091.036709
314.800328,100,1091.246484
286.505164,100,1091.50839
382.666498,100,1091.692196
366.359404,100,1106.294484
337.15509,100,1106.632246
303.550915,100,1106.972602
324.72641,100,1107.329899
286.65571,100,1107.674588
410.267614,100,1108.034191
335.830015,100,1108.388427
326.048882,100,1108.765329
359.698528,100,1109.150067
387.940448,100,1109.506813
342.796964,100,1122.512083
265.671837,100,1122.687411
278.905021,100,1122.846029
299.271112,100,1123.005977
247.390557,100,1123.16329
237.477894,100,1123.31582
296.517622,100,1123.610654
282.2198,100,1123.886558
260.488321,100,1124.191018
344.249244,100,1124.501357
312.568146,100,1136.314375
293.031766,100,1136.622591
379.113482,100,1136.942678
297.851921,100,1137.247206
223.570071,100,1137.559728
392.203953,100,1137.815358
267.451532,100,1138.113243
328.27526,100,1138.417424
423.398927,100,1138.739822
295.349623,100,1139.05696
303.350412,100,1150.564025
292.594095,100,1150.741018
405.438027,100,1150.917975
368.837766,100,1151.081102
374.772163,100,1151.249789
347.007711,100,1151.488959
302.133887,100,1151.651111
303.100563,100,1151.833343
363.718041,100,1151.991277
353.659645,100,1152.144828
260.610772,100,1163.143172
387.664224,100,1163.290731
373.236162,100,1163.543478
368.438838,100,1163.704926
361.052965,100,1163.881713
399.489805,100,1164.034293
304.80144,100,1164.188166
310.08694,100,1164.334768
283.164813,100,1164.49174
326.933308,100,1164.656745
366.631271,100,1175.295946
337.587915,100,1175.549973
384.782211,100,1175.722008
350.475436,100,1175.89923
364.610983,100,1176.061537
320.035938,100,1176.219016
332.477701,100,1176.387534
391.044374,100,1176.565709
282.891277,100,1176.752866
386.799419,100,1176.922735
388.081745,100,1188.315511
300.477065,100,1188.466877
320.577783,100,1188.647897
373.487374,100,1188.804396
322.579561,100,1188.95891
294.611558,100,1189.109938
311.269626,100,1189.275373
338.602135,100,1189.51096
246.909474,100,1189.681729
313.089033,100,1189.837937
323.966613,100,1201.369471
331.753461,100,1201.667195
324.458128,100,1201.894774
227.883849,100,1202.070399
332.249939,100,1202.245627
334.635374,100,1202.432199
374.750901,100,1202.625072
325.16642,100,1202.806054
332.093945,100,1203.009478
375.192195,100,1203.185959
351.151627,100,1216.813285
311.460534,100,1216.98474
260.992511,100,1217.142006
337.03717,100,1217.310351
402.827766,100,1217.564663
323.779079,100,1217.731912
353.211948,100,1217.910644
289.442968,100,1218.090949
398.307723,100,1218.254049
351.78009,100,1218.419823
388.016482,100,1230.513951
267.304479,100,1230.746374
366.170573,100,1230.945956
362.795989,100,1231.119411
338.99554,100,1231.291282
267.376091,100,1231.581428
381.686712,100,1231.781688
321.526295,100,1231.971923
352.218251,100,1232.114166
380.207907,100,1232.259404
339.407666,100,1242.954358
410.842855,100,1243.102541
378.328225,100,1243.249194
261.694694,100,1243.474594
413.252174,100,1243.653349
285.419839,100,1243.828026
319.389317,100,1243.979075
318.215506,100,1244.129114
340.756479,100,1244.283647
379.884121,100,1244.449156
405.787176,100,1257.936444
361.983473,100,1258.168451
304.732084,100,1258.391752
261.316991,100,1258.622732
371.969096,100,1258.834858
264.351463,100,1259.054605
313.405414,100,1259.282243
362.77325,100,1259.627704
349.486998,100,1259.829738
380.606911,100,1260.035304
268.034923,100,1272.661824
300.732817,100,1273.025517
370.440082,100,1273.405906
317.966702,100,1273.788311
335.366334,100,1274.130046
282.02511,100,1274.353537
283.610627,100,1274.497093
295.729995,100,1274.642519
292.283581,100,1274.806712
412.276862,100,1274.946376
339.915349,100,1286.385903
366.672446,100,1286.550837
351.99518,100,1286.705807
358.467379,100,1286.850249
291.571693,100,1287.006602
298.740007,100,1287.148053
254.075297,100,1287.288219
320.041111,100,1287.492698
273.768705,100,1287.71326
285.426212,100,1287.855957
299.841633,100,1298.678876
278.729667,100,1298.852134
338.020453,100,1299.006194
312.88106,100,1299.15485
360.278718,100,1299.324667
345.757856,100,1299.528956
368.40467,100,1299.758729
344.762821,100,1299.917989
364.311699,100,1300.088797
399.78074,100,1300.238692
340.184266,100,1311.304915
264.692802,100,1311.505209
288.284596,100,1311.758556
341.032209,100,1311.930265
278.804775,100,1312.112468
345.54719,100,1312.276662
350.188027,100,1312.44438
363.656235,100,1312.623313
350.430592,100,1312.799889
349.013363,100,1312.944303
271.515915,100,1328.440334
391.526466,100,1328.61494
367.954348,100,1328.787193
315.679523,100,1328.979197
315.432206,100,1329.139143
251.368537,100,1329.27968
296.712044,100,1329.424259
317.041039,100,1329.569943
397.992439,100,1329.801997
409.058393,100,1329.980985
376.394368,100,1343.876885
379.820904,100,1344.131052
400.44587,100,1344.430386
399.647304,100,1344.716466
235.411297,100,1344.999812
226.467289,100,1345.2946
398.975433,100,1345.575792
325.750665,100,1345.863981
356.233971,100,1346.103828
413.491118,100,1346.376325
380.177932,100,1361.242748
321.60701,100,1361.424903
349.049225,100,1361.623869
313.257468,100,1361.81496
299.201476,100,1361.984661
276.363977,100,1362.149565
355.126002,100,1362.362947
346.99631,100,1362.585584
321.42005,100,1362.794665
336.249279,100,1362.969033
309.835771,100,1375.361139
378.624951,100,1375.519303
371.797339,100,1375.677688
322.050376,100,1375.830927
324.939813,100,1375.974588
382.346343,100,1376.126161
333.543959,100,1376.277982
363.017413,100,1376.527205
388.080348,100,1376.685459
373.663891,100,1376.853947
359.169091,100,1388.105167
299.514409,100,1388.257587
292.625277,100,1388.416733
407.874242,100,1388.686906
294.071607,100,1388.868535
320.714935,100,1389.020967
254.07463,100,1389.194778
370.846463,100,1389.344885
326.36974,100,1389.507696
325.483978,100,1389.689793
307.780022,100,1403.180717
361.392403,100,1403.357215
290.917773,100,1403.523841
366.206347,100,1403.698654
352.711788,100,1403.877046
364.150224,100,1404.062447
235.14346,100,1404.24704
345.163674,100,1404.416694
346.057763,100,1404.694527
302.919171,100,1404.867537
363.200956,100,1416.015448
309.760709,100,1416.156918
349.550032,100,1416.298152
381.234941,100,1416.438452
353.353863,100,1416.588014
291.038508,100,1416.788856
291.880079,100,1417.009896
386.888134,100,1417.16413
307.811618,100,1417.323241
413.204256,100,1417.467337
403.770081,100,1428.882645
288.858396,100,1429.054411
313.24377,100,1429.238792
384.822782,100,1429.393594
338.13196,100,1429.552816
338.676093,100,1429.70576
288.232621,100,1429.867144
304.319487,100,1430.010544
357.671402,100,1430.152774
291.018187,100,1430.296125
316.464154,100,1441.594381
323.093973,100,1441.748253
337.086443,100,1441.905777
247.279033,100,1442.072605
307.523599,100,1442.243004
281.765119,100,1442.395624
322.044519,100,1442.542986
391.984267,100,1442.692852
347.163911,100,1442.945333
329.539921,100,1443.11655
260.746782,100,1454.766404
322.100912,100,1455.001621
296.997379,100,1455.153723
418.426896,100,1455.320085
385.993065,100,1455.460459
297.810368,100,1455.618292
340.165812,100,1455.781209
321.184468,100,1455.939709
364.021376,100,1456.098463
208.796156,100,1456.259843
415.929996,100,1467.715286
283.907492,100,1467.889403
335.449827,100,1468.059719
403.847994,100,1468.216418
286.573649,100,1468.358846
286.936979,100,1468.502957
349.13685,100,1468.653431
343.362828,100,1468.916389
355.997263,100,1469.118991
235.989522,100,1469.290012
331.892479,100,1481.873075
397.884473,100,1482.032727
317.450826,100,1482.169163
377.455147,100,1482.310266
376.806334,100,1482.446995
372.947441,100,1482.60884
410.318815,100,1482.813879
393.423556,100,1483.034711
355.622793,100,1483.19385
317.123285,100,1483.372901
347.31484,100,1496.009734
297.910776,100,1496.200412
388.422156,100,1496.39306
268.335491,100,1496.595808
370.426266,100,1496.847345
333.696618,100,1497.111162
310.473657,100,1497.337968
408.432337,100,1497.53859
353.752845,100,1497.752584
395.785848,100,1497.970835
341.036015,100,1511.955961
390.673346,100,1512.140643
276.991293,100,1512.315797
355.406608,100,1512.492248
266.256364,100,1512.671601
371.028851,100,1512.929759
360.213057,100,1513.113177
333.584683,100,1513.314461
295.307642,100,1513.490297
338.232546,100,1513.662842
311.400475,100,1529.894104
382.311315,100,1530.07319
294.536809,100,1530.264011
373.62945,100,1530.477088
296.974,100,1530.687778
352.322525,100,1530.905967
331.788253,100,1531.196788
326.335539,100,1531.401701
300.873419,100,1531.594761
317.375035,100,1531.78805
329.839103,100,1547.53601
363.377835,100,1547.680556
383.624625,100,1547.836746
305.654343,100,1548.018987
295.016989,100,1548.21281
376.696085,100,1548.384057
358.666611,100,1548.535674
279.461235,100,1548.686932
369.281804,100,1548.847648
296.994505,100,1549.046052
297.737372,100,1560.54686
301.177178,100,1560.721839
397.130564,100,1560.915545
315.297543,100,1561.154692
300.390796,100,1561.362642
327.092671,100,1561.525736
409.122292,100,1561.693623
234.349468,100,1561.857904
381.021025,100,1562.019499
370.841234,100,1562.170648
344.682547,100,1573.326965
324.490108,100,1573.496865
293.590086,100,1573.671211
287.844226,100,1573.821326
351.590902,100,1573.960862
341.170062,100,1574.103349
358.072528,100,1574.25721
304.731343,100,1574.398952
399.413299,100,1574.564453
315.706849,100,1574.712242
296.441158,100,1586.078703
363.36367,100,1586.235531
386.645226,100,1586.405964
356.741977,100,1586.571025
423.012821,100,1586.71683
359.949937,100,1586.8669
352.662232,100,1587.022435
282.950911,100,1587.172344
300.357398,100,1587.331284
350.955761,100,1587.494602
348.643238,100,1602.763141
324.321598,100,1602.94957
431.685988,100,1603.144328
430.442854,100,1603.333905
323.513529,100,1603.523256
373.305898,100,1603.73467
300.936034,100,1603.959311
365.15785,100,1604.289858
332.302523,100,1604.534325
395.986647,100,1604.768744
354.289982,100,1617.147056
376.84849,100,1617.332045
290.247414,100,1617.541311
400.552233,100,1617.737459
312.316663,100,1617.925239
388.700935,100,1618.11317
303.065509,100,1618.387709
399.572412,100,1618.588257
356.010746,100,1618.814053
351.176669,100,1619.021576
362.459382,100,1634.796129
343.403192,100,1635.140854
332.451152,100,1635.53817
306.884163,100,1635.914332
363.114393,100,1636.299635
349.750439,100,1636.698335
376.10294,100,1637.038694
321.646734,100,1637.408798
378.04002,100,1637.749436
312.403285,100,1637.920648
363.743,100,1649.906113
327.388848,100,1650.071386
333.965721,100,1650.249144
416.781828,100,1650.429887
354.190227,100,1650.689754
374.016975,100,1650.943289
373.85873,100,1651.15746
376.842407,100,1651.34288
332.964372,100,1651.517625
327.155131,100,1651.726549
328.344203,100,1665.370996
384.549044,100,1665.534972
389.284409,100,1665.695997
365.992676,100,1665.862848
319.484687,100,1666.031506
369.43595,100,1666.185166
281.557924,100,1666.344379
415.846446,100,1666.494591
366.12787,100,1666.652966
299.010862,100,1666.806536
463.163083,100,1678.43353
263.645159,100,1678.586722
331.153718,100,1678.746563
371.546877,100,1678.98827
285.680296,100,1679.237753
466.964128,100,1679.44977
347.163615,100,1679.629663
349.380712,100,1679.801082
341.407072,100,1679.966234
352.113233,100,1680.136692
338.122985,100,1691.735941
350.651461,100,1691.900626
376.785108,100,1692.057075
328.273002,100,1692.214778
302.688995,100,1692.377711
389.788613,100,1692.545043
363.026283,100,1692.717345
333.501537,100,1692.947948
342.210579,100,1693.147879
400.049627,100,1693.306584
341.442137,100,1704.388834
361.147391,100,1704.548887
397.925523,100,1704.707293
359.652005,100,1704.900166
359.489189,100,1705.120392
355.933502,100,1705.271767
390.255737,100,1705.443153
348.875645,100,1705.603091
422.875078,100,1705.764163
381.368949,100,1705.915616
376.27766,100,1718.50846
388.118161,100,1718.896522
378.921776,100,1719.144345
392.775011,100,1719.304983
367.049763,100,1719.460271
383.547172,100,1719.61374
325.234413,100,1719.781027
276.516726,100,1719.930463
332.19602,100,1720.096597
334.511604,100,1720.256359
442.405551,100,1731.646804
370.286729,100,1731.795691
376.011922,100,1731.970285
345.774872,100,1732.116979
322.041084,100,1732.271192
357.927365,100,1732.422451
371.321855,100,1732.573992
360.947545,100,1732.734099
377.196135,100,1732.945376
449.623597,100,1733.156431
273.751905,100,1745.251843
339.077224,100,1745.426924
396.313707,100,1745.588959
380.91242,100,1745.742381
385.174328,100,1745.902749
411.505528,100,1746.071217
356.378729,100,1746.234203
345.117282,100,1746.381651
386.457081,100,1746.531179
387.253039,100,1746.68411
421.40578,100,1758.750558
250.762402,100,1758.971706
332.914287,100,1759.168917
390.213044,100,1759.322262
361.312117,100,1759.492883
350.636739,100,1759.64659
282.973604,100,1759.792122
410.611445,100,1759.94844
330.717825,100,1760.11319
387.439831,100,1760.255927
296.612042,100,1771.911053
333.176612,100,1772.077314
401.226364,100,1772.231731
339.144532,100,1772.388133
299.718118,100,1772.554079
414.627861,100,1772.710876
285.756549,100,1772.881677
416.707092,100,1773.127731
315.770053,100,1773.274922
419.190836,100,1773.45605
316.836241,100,1786.012586
399.89234,100,1786.18922
417.979903,100,1786.354079
401.957907,100,1786.532701
344.903007,100,1786.728517
372.600328,100,1786.960174
414.496916,100,1787.168203
372.523985,100,1787.360993
412.27128,100,1787.548155
350.156556,100,1787.736687
417.04109,100,1.696437
261.533153,100,1.883413
313.303814,100,2.086831
323.47482,100,2.335657
234.932598,100,2.557928
379.722162,100,2.748647
353.195943,100,2.94007
367.767425,100,3.100317
296.042724,100,3.259602
420.413773,100,3.408474
404.727297,100,15.760259
271.127676,100,15.903983
347.418598,100,16.047481
423.176614,100,16.202024
341.077826,100,16.472165
326.918569,100,16.622762
391.144495,100,16.780955
299.289236,100,16.935634
252.384758,100,17.087273
288.210211,100,17.244005
438.504684,100,30.216789
371.53086,100,30.474326
381.109163,100,30.634649
360.571895,100,30.799969
402.399681,100,30.95255
347.838761,100,31.098603
426.987441,100,31.244602
366.594849,100,31.406141
280.542629,100,31.564795
373.636456,100,31.738275
364.517727,100,43.74945
322.686965,100,43.899205
324.761999,100,44.049211
351.245931,100,44.195189
350.867305,100,44.377094
386.915795,100,44.611173
336.547056,100,44.782142
335.848287,100,44.976123
443.146549,100,45.131519
362.730945,100,45.300467
365.482722,100,58.56062
391.167261,100,58.744074
402.910288,100,58.964736
310.977191,100,59.154363
352.936624,100,59.338145
410.526313,100,59.549951
354.271787,100,59.745233
384.248874,100,59.942492
386.558398,100,60.152983
363.795441,100,60.395607
323.91114,100,72.106181
349.81159,100,72.29227
299.890935,100,72.469862
424.772572,100,72.691283
314.310247,100,72.971283
341.422957,100,73.168738
369.605555,100,73.359009
321.758979,100,73.528922
373.304981,100,73.723846
455.294088,100,73.93238
368.419291,100,85.879343
321.559379,100,86.044131
358.769392,100,86.199576
412.717553,100,86.352103
353.470101,100,86.499495
275.15577,100,86.642167
260.036628,100,86.907744
352.959798,100,87.117186
375.903824,100,87.271948
376.331227,100,87.42254
273.622916,100,97.892857
360.613657,100,98.051337
397.891344,100,98.203692
330.002589,100,98.392265
358.175964,100,98.545015
300.895465,100,98.692414
293.255859,100,98.83961
305.109861,100,99.089112
363.353379,100,99.268879
291.421375,100,99.442197
317.167994,100,110.206685
256.049015,100,110.363399
360.621005,100,110.522379
276.481868,100,110.676364
306.472017,100,110.83452
406.571353,100,111.058703
372.277874,100,111.254787
303.835271,100,111.411189
342.576104,100,111.577642
370.225956,100,111.726968
328.97198,100,123.766708
321.397104,100,123.912496
328.970336,100,124.078658
310.573838,100,124.228374
292.028917,100,124.376796
350.030544,100,124.52197
326.504711,100,124.665685
406.424488,100,124.805779
322.945768,100,124.99333
385.246674,100,125.22413
266.811124,100,135.888848
326.719955,100,136.051014
400.072702,100,136.213279
395.693486,100,136.370277
405.859017,100,136.5291
438.536634,100,136.684404
328.146339,100,136.843909
342.661041,100,137.083338
376.444786,100,137.268469
358.895107,100,137.422099
378.407358,100,148.056304
344.263897,100,148.219129
364.34993,100,148.385162
364.9819,100,148.542659
407.785373,100,148.701391
353.853532,100,148.864745
361.429332,100,149.113993
311.033139,100,149.29466
288.960238,100,149.470215
354.099816,100,149.625952
299.318203,100,160.174787
394.785298,100,160.358719
371.260485,100,160.542186
402.783992,100,160.708918
378.873888,100,160.887769
318.400525,100,161.169975
381.369678,100,161.350574
371.187272,100,161.543168
269.317453,100,161.700957
346.078722,100,161.876366
407.333372,100,174.49809
349.783979,100,174.674225
274.515393,100,174.855388
342.333132,100,175.057086
349.534837,100,175.306254
380.087167,100,175.488233
387.55506,100,175.666748
421.829369,100,175.839374
408.756511,100,176.022217
364.414321,100,176.190432
340.346284,100,189.97113
399.097275,100,190.138636
296.236374,100,190.288192
329.386748,100,190.447392
323.222366,100,190.593018
353.181548,100,190.74502
392.96928,100,190.897089
351.023061,100,191.078989
347.85851,100,191.362277
338.858688,100,191.526772
266.818854,100,202.555821
384.657075,100,202.729908
421.837606,100,202.898189
422.605779,100,203.068
365.42814,100,203.232811
373.023309,100,203.493829
317.241351,100,203.641338
386.712867,100,203.811264
320.832651,100,203.983669
352.536559,100,204.150242
378.811207,100,220.114619
289.196384,100,220.268081
378.926818,100,220.427989
390.03672,100,220.589965
269.185889,100,220.741796
329.182942,100,220.895231
390.983025,100,221.049752
380.432036,100,221.210655
342.549066,100,221.477889
408.529283,100,221.6408
332.249299,100,236.324262
429.059184,100,236.502789
345.105319,100,236.678252
391.394887,100,236.850163
250.570449,100,237.02977
375.267967,100,237.199712
262.651552,100,237.452663
392.113558,100,237.651922
383.760133,100,237.864394
263.384887,100,238.051667
420.297096,100,250.488345
375.663557,100,250.692473
346.947402,100,250.896693
280.672148,100,251.108792
340.701113,100,251.351597
370.605013,100,251.564992
291.798495,100,251.726319
385.757075,100,251.890861
320.243312,100,252.063334
305.340088,100,252.219421
335.544607,100,264.560664
326.811416,100,264.719196
342.444745,100,264.865521
339.217155,100,265.021495
384.403936,100,265.177694
413.49591,100,265.424398
372.788317,100,265.606345
350.975613,100,265.758526
276.585114,100,265.921511
320.528341,100,266.080725
268.175843,100,278.47131
410.609445,100,278.744483
313.439207,100,279.046447
407.39905,100,279.350828
409.299154,100,279.631511
424.010739,100,279.922082
458.799768,100,280.219106
390.775371,100,280.512389
318.72735,100,280.814251
325.321848,100,281.137533
381.684259,100,296.2599
379.477726,100,296.419868
330.25272,100,296.569072
326.192244,100,296.717854
247.145314,100,296.895411
340.841519,100,297.050499
294.671271,100,297.202415
373.882365,100,297.457425
247.884352,100,297.610238
356.966088,100,297.772775
337.794553,100,309.85728
423.871193,100,310.058784
331.708598,100,310.253992
356.811621,100,310.453958
309.82907,100,310.633803
285.754533,100,310.801725
343.533068,100,310.964523
353.575664,100,311.120695
406.350598,100,311.268985
407.289387,100,311.417269
378.019495,100,322.286513
337.969344,100,322.585096
373.265705,100,322.884964
331.040876,100,323.179756
348.770044,100,323.48883
286.112189,100,323.804896
443.438548,100,324.097096
390.299839,100,324.364707
290.262632,100,324.67986
451.504447,100,325.004606
401.36358,100,337.452622
318.351355,100,337.593809
366.647088,100,337.818179
428.28831,100,337.996999
368.964159,100,338.166939
399.406186,100,338.319367
357.554528,100,338.471126
388.288824,100,338.634315
355.726698,100,338.789009
362.750783,100,338.961537
385.996917,100,350.721449
257.636663,100,350.891057
353.320921,100,351.062245
304.585991,100,351.216061
374.832524,100,351.367968
445.80112,100,351.519042
325.567815,100,351.692688
287.644335,100,351.926978
428.662073,100,352.102337
332.340465,100,352.289545
390.374536,100,365.645144
294.315796,100,365.90565
334.569724,100,366.073055
391.557685,100,366.24638
310.961452,100,366.394534
489.751355,100,366.552339
294.927451,100,366.701712
383.798408,100,366.861992
384.688585,100,367.027954
388.999968,100,367.200379
314.448217,100,377.991653
351.593184,100,378.146137
357.42956,100,378.329998
295.892911,100,378.469753
367.156268,100,378.611687
438.472713,100,378.763184
443.281616,100,378.921284
365.472253,100,379.079417
348.322944,100,379.222838
398.252351,100,379.373364
356.486149,100,391.344764
437.077124,100,391.483243
380.423464,100,391.634202
362.510683,100,391.774936
380.564056,100,391.968173
394.490819,100,392.186547
365.188397,100,392.347673
364.181907,100,392.495087
377.866789,100,392.653469
347.18338,100,392.791919
310.193808,100,403.980592
377.805036,100,404.170173
337.078061,100,404.3932
348.236868,100,404.58123
442.47769,100,404.777117
337.751658,100,404.942016
331.767881,100,405.090447
311.433528,100,405.252781
355.803673,100,405.422822
333.776531,100,405.582224
368.615708,100,418.339662
356.39582,100,418.514601
331.920237,100,418.702029
386.489038,100,418.872886
262.886237,100,419.044519
344.030468,100,419.217283
461.459104,100,419.407339
363.627376,100,419.588385
295.115479,100,419.761986
395.174708,100,419.949878
476.028867,100,431.485625
385.820124,100,431.661496
454.531929,100,431.818215
336.769653,100,431.985798
284.374203,100,432.213072
310.91651,100,432.430274
400.218808,100,432.594904
393.846474,100,432.764886
323.570213,100,432.920424
343.893483,100,433.077487
392.683977,100,444.591076
329.022275,100,444.729871
333.499626,100,444.871138
419.900646,100,445.031944
369.125526,100,445.188015
316.248394,100,445.337612
375.992449,100,445.477461
392.581586,100,445.616487
308.699096,100,445.754225
403.688252,100,445.899194
403.738478,100,457.597148
290.676029,100,457.778233
381.544189,100,457.951975
404.265065,100,458.158065
363.025274,100,458.398758
413.89079,100,458.605447
287.747142,100,458.774964
403.217895,100,458.94465
408.101284,100,459.112896
373.82887,100,459.279313
357.144161,100,471.193701
431.327278,100,471.396419
332.313525,100,471.573814
334.364681,100,471.748424
353.637819,100,471.921463
318.51701,100,472.160256
347.87775,100,472.446428
423.329994,100,472.666872
284.4886,100,472.867064
361.671346,100,473.061701
342.427131,100,486.928041
355.464582,100,487.230682
425.513432,100,487.532296
395.956633,100,487.839638
326.186568,100,488.152834
392.860041,100,488.42069
297.814299,100,488.635819
326.690856,100,488.935906
298.592786,100,489.23367
317.486777,100,489.531739
332.408702,100,501.748692
330.817972,100,501.921096
364.666385,100,502.112174
423.260939,100,502.29475
340.796216,100,502.526031
386.382076,100,502.743674
366.28266,100,502.944018
293.489911,100,503.133432
385.024028,100,503.309723
433.555288,100,503.489732
418.159251,100,515.680109
353.63551,100,515.840272
313.361374,100,516.007277
383.19034,100,516.18
346.316488,100,516.351546
393.851868,100,516.602693
425.412098,100,516.795202
359.77127,100,516.972285
381.196252,100,517.127786
401.554209,100,517.270909
359.744041,100,528.956793
264.768833,100,529.106881
363.294732,100,529.248135
382.390786,100,529.39833
386.008758,100,529.547503
413.479067,100,529.709154
392.558547,100,529.870071
323.286733,100,530.04454
366.094702,100,530.196953
423.194974,100,530.33946
335.801175,100,541.476314
393.118885,100,541.623685
373.902823,100,541.808073
410.820703,100,542.021022
352.857223,100,542.247478
366.344802,100,542.44499
403.699631,100,542.687569
425.082122,100,542.864367
362.685263,100,543.069998
322.42105,100,543.25248
410.719935,100,555.244156
334.397194,100,555.378892
279.960193,100,555.515544
396.870288,100,555.650989
350.324596,100,555.794089
382.0005,100,555.953913
380.735502,100,556.098501
320.71261,100,556.237655
401.040872,100,556.387612
327.621566,100,556.531179
346.313079,100,568.519724
382.233075,100,568.795831
289.645668,100,568.985125
436.492022,100,569.187928
345.928496,100,569.35641
379.680905,100,569.527729
377.310684,100,569.698299
394.902585,100,569.886807
431.406781,100,570.033889
377.911965,100,570.19079
395.058227,100,581.448437
350.845657,100,581.595072
398.252807,100,581.743017
356.484695,100,581.909731
404.246708,100,582.093864
356.299492,100,582.257016
339.13008,100,582.408225
381.580168,100,582.566976
446.541878,100,582.710859
343.501549,100,582.875242
406.350249,100,593.549104
331.907908,100,593.698366
364.995802,100,593.856197
365.720439,100,594.011516
409.605175,100,594.167914
347.362307,100,594.319286
429.594127,100,594.464417
369.28518,100,594.605996
413.388636,100,594.747015
390.027259,100,594.888439
370.986139,100,605.741609
303.786982,100,605.890348
428.484952,100,606.036841
368.303987,100,606.195669
333.239676,100,606.336316
371.322437,100,606.474625
377.70666,100,606.616107
411.162028,100,606.769404
317.697305,100,606.934409
341.185701,100,607.196113
389.91829,100,618.470095
379.386479,100,618.632571
266.7012,100,618.824483
308.812059,100,619.05499
364.861404,100,619.28264
307.230595,100,619.470996
275.376444,100,619.637607
375.76242,100,619.811648
351.375417,100,619.991801
394.579074,100,620.174423
402.40886,100,632.369595
350.692664,100,632.526649
345.627293,100,632.674998
423.222875,100,632.82443
372.810329,100,632.97629
357.461341,100,633.132447
335.234449,100,633.282241
399.878365,100,633.476069
332.888228,100,633.697469
313.087379,100,633.856708
367.569086,100,645.91977
409.619632,100,646.09301
381.635084,100,646.246482
434.533145,100,646.401539
410.125752,100,646.536191
394.078417,100,646.684308
391.07431,100,646.83803
365.671559,100,646.993353
385.584596,100,647.151739
400.594555,100,647.296643
395.774089,100,658.222135
414.659801,100,658.365459
291.465704,100,658.504753
342.377746,100,658.652509
310.891742,100,658.8337
291.979034,100,659.023228
402.253903,100,659.211429
348.498812,100,659.392815
451.237098,100,659.616535
407.959802,100,659.84812
440.541536,100,671.351176
371.225114,100,671.647218
382.679112,100,671.935834
355.72988,100,672.169827
356.177178,100,672.330284
306.34536,100,672.468738
350.852282,100,672.614592
419.984043,100,672.756221
343.330951,100,672.90116
361.673928,100,673.044658
370.882102,100,686.003975
351.108247,100,686.205343
330.684243,100,686.392216
339.476012,100,686.559061
384.726302,100,686.741945
345.295421,100,686.948906
367.066749,100,687.14754
289.259623,100,687.345454
350.870859,100,687.539403
384.702725,100,687.818781
329.583121,100,699.371459
331.111558,100,699.621986
419.533849,100,699.852302
348.365938,100,700.083747
342.250626,100,700.295775
324.5636,100,700.508502
388.334982,100,700.715923
397.795481,100,700.913733
337.692846,100,701.132918
353.441037,100,701.322284
299.232264,100,715.315018
270.687949,100,715.618328
329.801845,100,715.917449
377.684279,100,716.23922
380.134733,100,716.503986
415.237239,100,716.78588
417.058599,100,717.098477
277.963559,100,717.402461
412.995497,100,717.708977
435.959187,100,718.015222
453.696032,100,731.17938
355.150094,100,731.464152
310.511172,100,731.749456
361.083213,100,732.061565
329.620048,100,732.361223
329.600052,100,732.576031
302.169865,100,732.86788
384.258853,100,733.16398
357.488501,100,733.45582
407.649375,100,733.748351
333.965777,100,747.52786
351.818475,100,747.666125
284.909968,100,747.800175
415.08087,100,747.938152
376.025133,100,748.084444
379.440555,100,748.223922
409.864035,100,748.419867
467.869182,100,748.626513
353.162705,100,748.77778
329.41093,100,748.939678
436.601057,100,761.266194
394.808827,100,761.41915
316.55796,100,761.585275
362.939391,100,761.736829
381.880729,100,761.890733
378.967772,100,762.050945
436.756908,100,762.208007
394.363891,100,762.369758
390.393128,100,762.522906
279.805458,100,762.69489
338.076699,100,774.835444
301.415578,100,775.074695
327.21246,100,775.352371
344.813172,100,775.619412
336.979541,100,775.893652
398.142776,100,776.185396
294.126313,100,776.460813
358.341734,100,776.726472
470.881043,100,776.990583
370.820533,100,777.235798
383.898551,100,788.262074
324.469497,100,788.43734
405.051936,100,788.603333
372.486589,100,788.884756
388.45142,100,789.083176
430.294359,100,789.27579
336.069705,100,789.45735
349.265096,100,789.626119
351.617464,100,789.805909
326.123919,100,789.98208
335.206706,100,802.119138
376.532507,100,802.506104
342.129807,100,802.858656
401.118898,100,803.158062
333.877325,100,803.477516
346.765155,100,803.810793
327.052176,100,804.170799
390.135297,100,804.542339
300.273276,100,804.952352
327.050294,100,805.288821
337.564138,100,816.912893
423.734424,100,817.085782
359.957416,100,817.269856
339.943001,100,817.426784
445.229517,100,817.56713
345.277407,100,817.72091
357.220844,100,817.870811
367.0046,100,818.03841
351.213978,100,818.221601
373.630709,100,818.373981
390.719558,100,829.787429
372.915464,100,829.937891
325.090102,100,830.10503
294.134726,100,830.267398
284.523989,100,830.431473
391.009721,100,830.588241
367.200947,100,830.818667
353.432127,100,831.017354
406.768354,100,831.197216
418.385827,100,831.349156
308.2248,100,842.022055
338.223325,100,842.200093
322.466722,100,842.37336
388.812379,100,842.546668
400.516847,100,842.757519
274.267625,100,842.996762
392.5199,100,843.190778
308.609691,100,843.372645
333.492885,100,843.550693
303.985545,100,843.732929
319.422794,100,854.32879
303.134673,100,854.47362
238.956479,100,854.612368
383.561355,100,854.861166
379.240067,100,855.118253
343.136404,100,855.409535
321.445311,100,855.719184
307.368606,100,856.034037
297.694551,100,856.345908
337.420135,100,856.664759
331.656997,100,867.764389
388.948172,100,867.910417
421.141019,100,868.067669
303.796884,100,868.210004
339.991136,100,868.353418
352.819198,100,868.495659
314.230537,100,868.642707
349.525993,100,868.797006
345.703935,100,869.030435
347.766197,100,869.202239
382.937665,100,881.457377
405.096591,100,881.609163
406.205646,100,881.767772
364.68885,100,881.934188
381.104454,100,882.107701
411.625303,100,882.258683
337.911856,100,882.41429
289.286861,100,882.562474
334.619013,100,882.716422
278.035829,100,882.884771
362.966771,100,894.595546
385.310347,100,894.763474
407.699089,100,894.922655
315.149054,100,895.193692
378.861602,100,895.358714
393.905484,100,895.526609
464.488938,100,895.668799
335.07797,100,895.818515
332.725719,100,895.975584
291.851559,100,896.13678
358.413466,100,907.77821
416.682252,100,907.938581
384.599898,100,908.111804
299.152627,100,908.281087
445.083754,100,908.424158
389.063445,100,908.572671
327.134712,100,908.725224
404.08494,100,908.894683
295.828876,100,909.146095
367.117996,100,909.307534
227.552399,100,921.532415
345.107751,100,921.675622
278.276082,100,921.826202
321.431396,100,921.983212
325.004943,100,922.147175
287.957608,100,922.302147
327.07506,100,922.457519
345.276037,100,922.618457
371.285596,100,922.766896
423.758671,100,922.92236
430.30709,100,934.804215
458.124077,100,934.965721
420.078431,100,935.221829
333.981573,100,935.375443
379.691078,100,935.542534
459.610708,100,935.683623
388.070008,100,935.827729
372.675435,100,935.975811
407.057288,100,936.131332
342.919839,100,936.436605
460.787814,100,948.642084
390.193369,100,948.795534
436.783035,100,948.962607
353.171582,100,949.223008
380.212039,100,949.370957
345.486672,100,949.54221
353.647889,100,949.689377
356.486813,100,949.839821
317.354256,100,949.989288
327.67847,100,950.154307
319.748877,100,960.805978
443.790128,100,960.993053
358.027025,100,961.240963
382.720692,100,961.389413
424.006018,100,961.553464
302.352241,100,961.695149
379.734434,100,961.851329
384.638112,100,962.039858
420.576417,100,962.240438
325.250417,100,962.405442
434.365721,100,973.62041
314.317376,100,973.783264
355.13396,100,973.956834
339.881198,100,974.12248
340.691615,100,974.288887
368.919967,100,974.465694
337.623738,100,974.634042
351.818224,100,974.802617
355.957066,100,974.992096
365.964342,100,975.2188
386.07496,100,987.877386
354.310197,100,988.05792
368.190913,100,988.224082
398.955038,100,988.401554
358.246116,100,988.554241
325.854919,100,988.698956
404.475136,100,988.858361
419.00739,100,989.085219
369.983933,100,989.275384
319.056125,100,989.456109
312.078355,100,1000.372775
353.916744,100,1000.54123
278.984923,100,1000.700111
349.976649,100,1000.857697
366.866848,100,1001.086283
294.434822,100,1001.283297
417.533357,100,1001.459258
403.785694,100,1001.635304
409.999501,100,1001.808356
411.681097,100,1001.986521
396.309104,100,1013.90977
280.141148,100,1014.068758
365.370464,100,1014.218039
424.772412,100,1014.376174
306.31932,100,1014.53433
396.088465,100,1014.681446
366.037623,100,1014.821683
477.025453,100,1014.97909
333.901419,100,1015.195172
378.324889,100,1015.359037
301.02423,100,1026.344056
388.042537,100,1026.480409
336.59517,100,1026.623492
347.318247,100,1026.771671
432.313227,100,1026.937058
399.070808,100,1027.158121
400.204081,100,1027.381585
350.115104,100,1027.530958
320.956943,100,1027.685237
416.574648,100,1027.854927
390.839012,100,1038.569759
371.261991,100,1038.717532
313.768494,100,1038.868505
363.124906,100,1039.049039
302.945775,100,1039.312135
431.998074,100,1039.471039
374.62095,100,1039.637738
371.116116,100,1039.795156
383.141273,100,1039.957261
425.438112,100,1040.119344
379.580095,100,1051.815055
322.474604,100,1052.002423
307.260939,100,1052.173167
333.800618,100,1052.336598
279.13247,100,1052.476269
281.474185,100,1052.616473
340.98119,100,1052.759063
323.466826,100,1052.919071
301.754812,100,1053.079514
387.156376,100,1053.245653
329.265315,100,1064.083506
328.936254,100,1064.251907
417.356744,100,1064.421048
337.549703,100,1064.571451
244.541529,100,1064.728236
412.995447,100,1064.899036
295.84355,100,1065.059365
351.758601,100,1065.201615
436.044127,100,1065.346546
314.968818,100,1065.497405
335.639903,100,1077.1407
319.300678,100,1077.314495
435.691488,100,1077.485687
399.451007,100,1077.684105
412.165759,100,1077.942839
403.483392,100,1078.146887
318.607145,100,1078.339415
331.779859,100,1078.519061
411.974715,100,1078.703239
386.311914,100,1078.904059
292.244421,100,1090.721501
420.532282,100,1090.894175
412.209975,100,1091.052874
388.203705,100,1091.199849
381.900681,100,1091.357526
439.554108,100,1091.505961
337.431357,100,1091.731915
348.686908,100,1092.060687
319.532462,100,1092.238888
366.876184,100,1092.415645
396.343986,100,1104.155231
374.031769,100,1104.343221
406.172035,100,1104.506903
387.503641,100,1104.659382
396.024606,100,1104.806204
344.020397,100,1104.97428
360.034792,100,1105.154047
442.486763,100,1105.334343
313.800538,100,1105.494002
420.210252,100,1105.645223
432.089518,100,1116.944724
322.613734,100,1117.11219
340.896319,100,1117.275208
398.100805,100,1117.45329
355.15824,100,1117.626391
354.045913,100,1117.79528
329.70985,100,1117.964954
381.848842,100,1118.176594
286.881974,100,1118.399308
350.505356,100,1118.592273
353.578246,100,1131.373904
373.788034,100,1131.54187
355.721611,100,1131.69997
247.815579,100,1131.873016
364.346391,100,1132.109202
352.974135,100,1132.409848
419.958555,100,1132.59205
357.956317,100,1132.77345
369.282731,100,1132.940931
419.079077,100,1133.101955
386.841396,100,1145.212614
336.378459,100,1145.398681
289.365371,100,1145.588118
363.54501,100,1145.762058
434.265743,100,1145.955168
359.808765,100,1146.193326
413.021438,100,1146.408763
314.400389,100,1146.558382
435.410992,100,1146.726337
379.721426,100,1146.885242
413.564479,100,1160.346223
310.086154,100,1160.598009
395.30876,100,1160.877805
410.120092,100,1161.177662
369.599153,100,1161.468962
294.613865,100,1161.763419
406.811957,100,1162.114692
356.602471,100,1162.471722
377.222572,100,1162.731433
396.255672,100,1163.048789
360.45429,100,1174.88046
437.607281,100,1175.042752
404.087516,100,1175.199367
277.517624,100,1175.369728
436.971743,100,1175.532137
307.156846,100,1175.679754
357.230693,100,1175.838289
358.48113,100,1176.000422
351.486998,100,1176.219503
393.436158,100,1176.418154
431.102784,100,1188.600327
375.839594,100,1188.755759
361.323324,100,1188.90808
279.757491,100,1189.081256
385.68027,100,1189.238018
308.041229,100,1189.398158
336.389368,100,1189.569261
401.252949,100,1189.737474
388.864674,100,1189.890865
397.881555,100,1190.055492
294.444443,100,1201.173442
326.533696,100,1201.330014
408.589669,100,1201.482016
328.132176,100,1201.628252
365.511597,100,1201.784096
311.106279,100,1201.958787
307.975914,100,1202.190129
344.494461,100,1202.40204
343.807018,100,1202.576775
447.629478,100,1202.734223
371.122904,100,1215.062235
399.71884,100,1215.232023
373.249854,100,1215.399259
369.852402,100,1215.561754
309.488375,100,1215.715206
326.901987,100,1215.885715
288.538956,100,1216.076696
338.828969,100,1216.345835
316.564235,100,1216.524612
319.43227,100,1216.698729
327.711539,100,1229.235293
328.900064,100,1229.43522
353.783897,100,1229.632269
351.200566,100,1229.82138
376.801028,100,1230.019877
382.963478,100,1230.318916
404.085703,100,1230.500329
396.698404,100,1230.691065
396.057345,100,1230.856528
404.088426,100,1231.029957
350.930337,100,1243.602351
321.640698,100,1243.757388
301.037093,100,1243.93008
373.924309,100,1244.093527
319.706406,100,1244.335931
349.739915,100,1244.481598
391.520855,100,1244.653754
398.583164,100,1244.807061
398.291913,100,1244.957652
360.598884,100,1245.115963
283.69773,100,1257.452221
404.974494,100,1257.775081
403.029394,100,1258.110853
350.363234,100,1258.44402
344.445558,100,1258.719026
293.069934,100,1259.035023
324.433157,100,1259.36548
348.615121,100,1259.691574
414.778997,100,1260.021397
423.692614,100,1260.377763
402.436434,100,1273.576856
401.156518,100,1273.739655
415.096195,100,1273.921328
422.819053,100,1274.093095
271.694063,100,1274.25241
254.422736,100,1274.515959
420.288733,100,1274.677449
356.180585,100,1274.866855
380.043179,100,1275.037787
441.203766,100,1275.201349
389.657853,100,1287.197348
350.33117,100,1287.356514
364.816016,100,1287.5216
353.649142,100,1287.679998
315.605792,100,1287.845155
293.160399,100,1288.008088
394.34298,100,1288.158105
366.518277,100,1288.337627
342.117838,100,1288.577598
358.474805,100,1288.736034
360.689496,100,1301.519222
418.888943,100,1301.681714
402.809155,100,1301.840169
374.43034,100,1302.024433
361.18053,100,1302.203257
396.196313,100,1302.417017
364.379597,100,1302.623016
407.698183,100,1302.768464
409.902802,100,1302.93576
387.193668,100,1303.087673
378.192763,100,1315.243159
318.691485,100,1315.390838
341.67746,100,1315.545174
412.86847,100,1315.728339
306.027418,100,1315.87772
348.969949,100,1316.029192
297.15605,100,1316.175323
387.557651,100,1316.354213
349.75931,100,1316.5896
360.701027,100,1316.730939
327.516172,100,1327.788473
393.521464,100,1327.938746
312.565206,100,1328.087334
381.528363,100,1328.267718
376.596748,100,1328.422302
401.242323,100,1328.60299
246.897522,100,1328.841133
387.22419,100,1329.006477
367.742716,100,1329.17043
321.412435,100,1329.319052
376.264462,100,1344.29746
310.767483,100,1344.436128
378.771345,100,1344.601256
387.543735,100,1344.834396
359.978628,100,1345.010289
307.055678,100,1345.193397
310.601998,100,1345.366432
410.770035,100,1345.537182
338.806705,100,1345.690057
441.185201,100,1345.842069
416.657081,100,1358.149134
319.862833,100,1358.303519
327.653393,100,1358.438914
407.961854,100,1358.580422
359.104144,100,1358.723641
366.038973,100,1358.974171
314.704848,100,1359.156003
321.976788,100,1359.33572
370.770302,100,1359.496632
303.416783,100,1359.642131
330.697519,100,1371.060215
361.961498,100,1371.246003
382.821248,100,1371.44088
260.943268,100,1371.610685
317.532442,100,1371.781352
298.796718,100,1371.98461
349.145587,100,1372.205299
418.444951,100,1372.389699
369.026753,100,1372.598271
355.049668,100,1372.828033
272.2714,100,1385.779
369.739116,100,1385.958783
317.247011,100,1386.136347
445.613181,100,1386.302632
387.747031,100,1386.467392
333.942056,100,1386.646717
375.225902,100,1386.828707
368.261056,100,1387.092527
387.001852,100,1387.341509
234.263763,100,1387.560395
432.218898,100,1399.855514
302.588436,100,1400.036905
345.555137,100,1400.212657
427.627514,100,1400.387361
304.37935,100,1400.557418
308.76163,100,1400.741722
380.321736,100,1400.926679
357.731423,100,1401.138074
388.223133,100,1401.389741
245.063379,100,1401.531358
346.511986,100,1413.693487
421.487266,100,1413.863161
335.717281,100,1414.029689
405.466096,100,1414.184956
407.160397,100,1414.341704
394.517689,100,1414.492877
447.244268,100,1414.654363
418.076987,100,1414.834064
374.53696,100,1415.005666
324.958319,100,1415.262508
382.230667,100,1428.618638
316.600936,100,1428.778052
398.770705,100,1428.938138
287.642682,100,1429.106407
377.272613,100,1429.267947
368.755171,100,1429.559299
319.612996,100,1429.738445
409.189423,100,1429.923522
369.92308,100,1430.09551
428.147897,100,1430.261418
372.160251,100,1445.493002
411.951358,100,1445.68367
305.920143,100,1445.876665
382.978094,100,1446.056117
281.74495,100,1446.21623
390.650239,100,1446.381915
379.512063,100,1446.540933
349.609992,100,1446.701909
324.941955,100,1446.854366
373.042246,100,1447.049094
334.445614,100,1461.059905
416.979218,100,1461.387784
320.277876,100,1461.692906
376.51661,100,1462.073147
320.853194,100,1462.534795
382.202809,100,1462.90925
361.173149,100,1463.256824
349.801993,100,1463.649092
325.822596,100,1463.959936
354.112403,100,1464.277876
354.426294,100,1483.314281
396.735403,100,1483.509682
406.894085,100,1483.705601
318.462668,100,1484.053734
320.912704,100,1484.241069
414.820405,100,1484.463577
377.663422,100,1484.704664
306.638714,100,1484.902887
389.819039,100,1485.110087
326.062575,100,1485.297757
340.089684,100,1500.002814
304.7285,100,1500.210701
417.583588,100,1500.426325
339.806707,100,1500.621682
348.41448,100,1500.809369
362.119773,100,1501.091741
427.18826,100,1501.261893
256.483743,100,1501.43775
389.374871,100,1501.628178
378.571573,100,1501.808799
370.59079,100,1517.502851
337.100443,100,1517.680153
332.269423,100,1517.858253
314.854819,100,1518.067763
378.535456,100,1518.299754
375.366054,100,1518.466103
368.237191,100,1518.720468
328.548165,100,1518.979042
416.710175,100,1519.295126
331.780463,100,1519.542392
302.391824,100,1532.789901
374.707827,100,1533.028437
402.123361,100,1533.263026
395.68357,100,1533.408692
429.06695,100,1533.595867
373.328117,100,1533.766471
382.723213,100,1533.926036
328.032232,100,1534.102979
326.880705,100,1534.280488
361.896379,100,1534.439059
367.663399,100,1546.238054
359.390528,100,1546.417918
445.040723,100,1546.586644
458.386309,100,1546.775486
330.744352,100,1547.012459
397.86656,100,1547.233214
349.924649,100,1547.414941
377.285782,100,1547.606414
352.154301,100,1547.805736
413.170725,100,1547.995147
370.423259,100,1562.303537
405.587328,100,1562.456356
313.964057,100,1562.632842
427.315862,100,1562.784194
321.458616,100,1562.941069
403.839803,100,1563.201696
317.799534,100,1563.388399
416.79038,100,1563.566199
382.311753,100,1563.724413
383.869315,100,1563.874836
394.167319,100,1577.63469
359.77676,100,1577.79942
350.493398,100,1577.972533
310.89557,100,1578.157209
397.961441,100,1578.343277
395.779448,100,1578.499714
394.493135,100,1578.656509
346.171438,100,1578.824385
409.084314,100,1578.981882
320.308727,100,1579.253082
384.304162,100,1592.631069
353.43354,100,1592.794639
349.322417,100,1592.964959
439.050829,100,1593.171414
376.197613,100,1593.405335
392.382143,100,1593.563449
396.046438,100,1593.746955
394.725064,100,1593.900344
352.830635,100,1594.059885
335.370066,100,1594.213384
344.868414,100,1606.560382
404.943565,100,1606.72651
399.739718,100,1606.873937
387.285165,100,1607.025424
340.437772,100,1607.216616
390.39436,100,1607.434644
311.589206,100,1607.588259
447.350826,100,1607.762364
378.892296,100,1607.91513
314.875998,100,1608.071228
472.487713,100,1620.218147
293.120613,100,1620.402744
357.543165,100,1620.562167
391.924673,100,1620.744271
308.088265,100,1620.91851
475.995209,100,1621.082119
368.016334,100,1621.369805
352.921008,100,1621.565034
365.398789,100,1621.754897
360.593149,100,1621.910787
348.420339,100,1633.728192
362.814864,100,1633.908404
386.086542,100,1634.088658
350.902804,100,1634.255535
322.476191,100,1634.424443
405.285426,100,1634.602746
390.964889,100,1634.796352
347.207501,100,1634.970348
354.980565,100,1635.162455
419.777127,100,1635.390441
352.402067,100,1647.298723
389.545488,100,1647.468073
412.745089,100,1647.615104
376.385249,100,1647.783694
392.456874,100,1647.932087
387.233205,100,1648.09088
423.245426,100,1648.239858
374.646053,100,1648.390649
437.587214,100,1648.533713
419.597926,100,1648.685024
391.696143,100,1659.921679
400.310412,100,1660.07861
403.054996,100,1660.235719
399.240059,100,1660.387297
369.619334,100,1660.549517
388.764882,100,1660.705612
346.102294,100,1660.865792
296.878957,100,1661.025783
358.284481,100,1661.232371
349.400082,100,1661.437427
464.25963,100,1673.02945
386.104357,100,1673.227419
400.532809,100,1673.443472
350.897495,100,1673.588058
334.598325,100,1673.77247
362.069306,100,1673.93148
375.451916,100,1674.070603
374.556951,100,1674.212394
392.978628,100,1674.373547
458.756663,100,1674.514182
303.418832,100,1686.260362
352.077902,100,1686.416969
406.811274,100,1686.570181
392.643999,100,1686.728299
393.719062,100,1686.884174
417.571052,100,1687.033224
379.879185,100,1687.179595
356.072242,100,1687.333423
403.085157,100,1687.499813
422.433157,100,1687.758202
446.628495,100,1699.698312
274.321136,100,1699.894099
351.624788,100,1700.124027
403.56279,100,1700.298257
380.387585,100,1700.482224
367.019027,100,1700.688719
325.456905,100,1700.883435
425.611537,100,1701.064484
341.844224,100,1701.233884
420.172881,100,1701.398798
319.521454,100,1713.028098
336.699457,100,1713.18203
422.492986,100,1713.339138
348.549309,100,1713.49897
299.28518,100,1713.775089
419.94717,100,1713.965317
303.94061,100,1714.150329
440.35386,100,1714.32799
327.025186,100,1714.503086
442.985163,100,1714.67501
322.078195,100,1730.027508
416.16528,100,1730.20531
442.811302,100,1730.384469
401.78311,100,1730.558998
353.878551,100,1730.744492
391.557948,100,1730.919538
440.152656,100,1731.101344
395.471094,100,1731.292466
415.192181,100,1731.476709
372.612366,100,1731.752967
438.698565,100,1.564352
270.329577,100,1.793961
327.575431,100,1.997754
353.210533,100,2.202035
252.047668,100,2.368674
397.102893,100,2.546978
378.711611,100,2.699025
376.371352,100,2.867413
303.576938,100,3.038124
427.547208,100,3.196052
403.820848,100,14.904924
271.444024,100,15.071913
341.005932,100,15.237885
428.317558,100,15.409475
358.148948,100,15.592049
362.364841,100,15.837047
405.258433,100,16.031224
309.118948,100,16.199613
261.081923,100,16.371651
316.334806,100,16.543262
432.54102,100,29.502848
388.207171,100,29.685138
384.821666,100,29.872288
391.952364,100,30.078447
416.711244,100,30.280687
360.006046,100,30.576949
448.256019,100,30.76723
366.211887,100,30.970691
297.679763,100,31.169101
380.641162,100,31.358597
364.959192,100,46.163372
354.536439,100,46.412742
359.775617,100,46.642336
365.035115,100,46.848425
371.394161,100,47.048998
409.674217,100,47.271607
354.934081,100,47.474837
338.562661,100,47.654131
432.817791,100,47.803449
394.911954,100,47.967883
376.001118,100,60.111047
419.896497,100,60.269772
413.212346,100,60.535191
354.909197,100,60.701978
383.08777,100,60.877897
431.025566,100,61.055893
363.991512,100,61.227686
395.451739,100,61.393226
389.118779,100,61.58187
374.816454,100,61.750746
354.114872,100,74.98092
358.841721,100,75.145247
324.837575,100,75.330734
456.94367,100,75.510648
323.08888,100,75.67117
345.945421,100,75.834851
384.090946,100,75.985074
334.21308,100,76.136299
392.373862,100,76.288604
459.724924,100,76.541512
386.126662,100,89.133198
342.989097,100,89.313917
374.986313,100,89.49789
447.678667,100,89.680239
372.244109,100,89.874105
318.040815,100,90.068885
276.645041,100,90.271907
352.901066,100,90.475754
376.851267,100,90.756206
382.408634,100,90.948972
286.472178,100,103.874574
375.481796,100,104.029032
405.04095,100,104.176661
364.606662,100,104.331618
368.939077,100,104.549988
316.57885,100,104.771109
305.994837,100,104.945892
305.264218,100,105.101672
372.540176,100,105.272322
304.899504,100,105.451278
334.655693,100,117.713071
274.898948,100,117.905867
391.877499,100,118.091458
280.820524,100,118.271318
325.345579,100,118.457977
414.793717,100,118.721578
400.781501,100,118.950824
322.763167,100,119.124912
378.243411,100,119.295063
381.655395,100,119.449835
334.39294,100,131.447867
340.409909,100,131.595491
341.837168,100,131.771959
333.374842,100,131.933465
305.324791,100,132.099192
379.839563,100,132.301286
336.514531,100,132.479115
420.920072,100,132.726763
334.155491,100,132.880418
390.997561,100,133.046087
288.722913,100,145.308779
344.442989,100,145.480579
419.988659,100,145.638618
399.974207,100,145.803667
416.018072,100,145.974578
451.583851,100,146.157127
349.581822,100,146.339766
368.940593,100,146.548615
389.4115,100,146.754136
371.980545,100,146.925444
390.566585,100,159.418172
356.101121,100,159.559734
376.451199,100,159.715194
368.549557,100,159.877592
434.350402,100,160.028413
352.15432,100,160.181001
374.95081,100,160.330633
328.966818,100,160.475207
316.293447,100,160.615909
365.156314,100,160.874169
313.687453,100,171.961486
409.407073,100,172.112198
390.231412,100,172.278365
414.105309,100,172.44695
394.702405,100,172.589565
322.571849,100,172.846039
391.496664,100,173.023977
390.652498,100,173.22225
291.931787,100,173.375962
362.246176,100,173.521592
425.355931,100,187.358305
352.643873,100,187.568145
277.981681,100,187.739959
360.22018,100,187.897387
392.175561,100,188.052203
392.328878,100,188.216544
405.692024,100,188.396446
432.133893,100,188.563991
413.996971,100,188.783942
369.38249,100,188.988133
337.687772,100,203.437908
402.822188,100,203.673424
309.711276,100,203.91497
346.906966,100,204.224278
349.625489,100,204.543232
385.705354,100,204.845062
397.292491,100,205.069386
365.889133,100,205.334191
357.944988,100,205.636261
342.232612,100,205.935959
267.875354,100,218.322207
388.100652,100,218.486569
434.070328,100,218.787679
441.261724,100,219.059579
393.629297,100,219.350863
383.712376,100,219.721852
332.963104,100,220.088554
413.171384,100,220.455492
347.01021,100,220.868225
355.520759,100,221.194128
405.450113,100,233.952509
291.086891,100,234.102529
388.481646,100,234.262234
418.576682,100,234.429511
288.770177,100,234.580813
345.898474,100,234.779328
430.069562,100,234.989566
393.282169,100,235.164147
350.135885,100,235.321088
414.274957,100,235.482352
339.797838,100,247.991226
442.382584,100,248.145925
349.581098,100,248.305323
395.220671,100,248.460261
271.845123,100,248.603025
389.139021,100,248.818182
277.546965,100,248.999479
402.871698,100,249.16294
409.636616,100,249.32857
274.716399,100,249.483029
417.644139,100,261.270886
390.982037,100,261.45291
374.310111,100,261.638811
301.311638,100,261.813158
356.586363,100,261.994798
379.425708,100,262.164313
303.547286,100,262.371211
402.555294,100,262.552399
334.414366,100,262.773875
308.629118,100,263.009619
347.964155,100,275.797035
336.707246,100,275.939788
355.117098,100,276.088495
359.957186,100,276.241703
403.636463,100,276.377345
415.902705,100,276.511158
385.234536,100,276.64676
378.406036,100,276.795207
275.109594,100,277.043563
330.751889,100,277.185827
275.062718,100,288.046673
422.540701,100,288.206734
329.801255,100,288.345078
420.59528,100,288.493832
440.604511,100,288.629702
431.171653,100,288.769355
459.549952,100,289.021038
398.19808,100,289.210216
319.581922,100,289.399889
342.583404,100,289.56855
388.009893,100,303.297389
382.577501,100,303.474019
349.947239,100,303.626451
325.126353,100,303.773779
271.017239,100,303.920251
368.812086,100,304.066136
308.787249,100,304.220152
383.810152,100,304.373141
245.11242,100,304.542051
363.336933,100,304.694193
342.658421,100,316.652601
437.96224,100,316.798905
345.818576,100,316.948935
370.349335,100,317.099871
326.235376,100,317.259808
300.908695,100,317.505387
367.527416,100,317.708586
366.897196,100,317.87233
423.301005,100,318.060174
415.962727,100,318.227259
385.991853,100,328.808367
333.111797,100,328.94344
385.742574,100,329.075182
346.726767,100,329.214535
355.225769,100,329.353385
304.389881,100,329.585186
444.408915,100,329.739543
420.344375,100,329.961869
319.732568,100,330.119991
466.762149,100,330.285072
395.247533,100,343.227323
336.167263,100,343.383793
383.802274,100,343.64067
419.431706,100,343.781748
381.702576,100,343.938363
414.308442,100,344.087821
368.101472,100,344.230102
391.953457,100,344.383838
356.787296,100,344.548249
370.82608,100,344.703929
361.480581,100,356.259088
267.336871,100,356.436874
363.034585,100,356.58858
296.175909,100,356.731119
379.986853,100,356.874572
447.773885,100,357.019535
328.559193,100,357.199306
292.730541,100,357.384048
442.431053,100,357.535781
328.113242,100,357.681639
402.412994,100,369.353089
298.383787,100,369.506399
343.573577,100,369.668035
424.154582,100,369.815078
313.895322,100,370.014486
481.322329,100,370.244429
306.710865,100,370.395695
394.752411,100,370.572593
405.886018,100,370.731441
373.290791,100,370.881851
317.036376,100,382.63376
337.468817,100,382.823022
362.984902,100,382.989033
305.572442,100,383.149091
375.446717,100,383.291633
434.90288,100,383.439747
443.516182,100,383.580964
380.816894,100,383.723929
342.972525,100,383.872979
407.21539,100,384.009952
358.033316,100,395.547004
435.876687,100,395.715338
386.581662,100,395.886411
391.21806,100,396.05095
382.958284,100,396.226661
394.934635,100,396.412621
369.418898,100,396.578323
396.124981,100,396.757875
404.886213,100,397.04247
349.009819,100,397.233997
329.865037,100,410.106839
389.528746,100,410.389008
352.80463,100,410.669139
361.418337,100,410.979298
445.244318,100,411.223204
350.940706,100,411.51516
338.725603,100,411.787001
306.989212,100,412.066313
356.278004,100,412.357225
349.95896,100,412.651186
372.066746,100,426.232188
376.367599,100,426.380388
356.702644,100,426.528257
401.45569,100,426.668047
259.047721,100,426.878774
361.376916,100,427.077109
464.814675,100,427.247131
368.081285,100,427.42751
304.8304,100,427.585767
406.031192,100,427.737442
476.931153,100,438.719953
387.545676,100,438.895755
450.662311,100,439.12792
354.087325,100,439.273436
292.492192,100,439.44208
339.308026,100,439.59287
403.17578,100,439.74627
409.422587,100,439.904543
322.929863,100,440.050907
351.087972,100,440.197914
393.844804,100,455.704454
343.293773,100,455.845258
343.839007,100,455.988303
422.036232,100,456.148494
376.656522,100,456.295233
309.666845,100,456.4416
388.598936,100,456.577942
416.973494,100,456.719537
324.7381,100,456.884094
425.822041,100,457.080851
405.952193,100,467.769451
314.401896,100,467.932104
393.610226,100,468.088416
404.643961,100,468.243407
360.983332,100,468.415062
412.673522,100,468.568959
289.397752,100,468.716293
392.946169,100,468.887181
410.52005,100,469.121892
387.149878,100,469.288669
378.42473,100,479.955028
436.335139,100,480.133092
342.816865,100,480.304805
351.498772,100,480.474941
375.742861,100,480.632958
315.016079,100,480.790013
354.572899,100,480.940545
429.375801,100,481.118567
302.329488,100,481.337815
361.794867,100,481.555259
350.657435,100,492.820259
351.294683,100,492.972514
421.910254,100,493.129047
414.851122,100,493.340287
340.910334,100,493.579623
395.752159,100,493.729883
292.753932,100,493.893222
345.399338,100,494.038704
318.048019,100,494.189679
314.689648,100,494.346069
334.577304,100,505.839162
343.559108,100,506.017285
377.963507,100,506.163327
420.920162,100,506.320408
356.556963,100,506.488367
390.241167,100,506.648679
364.35911,100,506.794577
299.455619,100,506.949188
385.456643,100,507.108863
447.90637,100,507.326207
422.072233,100,519.080783
360.45687,100,519.325823
315.508937,100,519.545791
384.627972,100,519.7636
357.51856,100,520.001256
420.6369,100,520.172653
433.768696,100,520.351519
343.047263,100,520.509413
401.909693,100,520.656047
392.779314,100,520.800258
373.762618,100,531.885139
251.979342,100,532.045331
374.854936,100,532.218565
383.048037,100,532.403979
400.045599,100,532.569433
427.635741,100,532.73849
411.708008,100,532.905027
341.717215,100,533.071692
372.940042,100,533.236936
426.446864,100,533.49856
350.12348,100,548.851143
389.434807,100,549.001013
381.530172,100,549.156418
415.653446,100,549.358961
353.998523,100,549.56584
374.107888,100,549.726831
415.428451,100,549.891633
443.436225,100,550.046865
363.531771,100,550.211331
343.364019,100,550.366506
423.328683,100,564.916568
330.280479,100,565.073132
271.588667,100,565.226145
407.330159,100,565.478796
363.087485,100,565.633579
366.85408,100,565.788747
409.419225,100,565.957343
332.827645,100,566.108451
408.959301,100,566.268575
340.879564,100,566.432533
348.141943,100,578.173454
391.262105,100,578.327412
319.300174,100,578.482246
434.092822,100,578.628188
355.629531,100,578.772135
400.373631,100,578.917701
393.870535,100,579.061695
399.802667,100,579.21382
424.493826,100,579.463371
375.252796,100,579.617487
398.714114,100,590.938666
368.377352,100,591.070479
408.380191,100,591.211635
369.772023,100,591.460872
402.045504,100,591.644368
371.072656,100,591.809328
340.350049,100,591.958391
420.309499,100,592.098265
462.111401,100,592.276144
353.987377,100,592.445346
404.166748,100,603.487172
335.863665,100,603.730518
377.339917,100,603.967849
369.856215,100,604.271537
418.262591,100,604.568375
337.861808,100,604.868843
444.49117,100,605.159945
372.858279,100,605.468081
430.601817,100,605.708434
401.497896,100,605.970194
378.779309,100,617.718305
304.729969,100,617.89219
429.55521,100,618.027198
383.260724,100,618.171328
339.515028,100,618.315076
389.108228,100,618.466364
382.348848,100,618.620028
407.615385,100,618.762435
321.235562,100,618.899511
348.686297,100,619.03759
402.483684,100,632.551871
386.206797,100,632.708671
284.99217,100,632.860298
327.860076,100,633.024223
391.962662,100,633.181336
340.668759,100,633.351005
274.237226,100,633.515777
372.737466,100,633.690897
359.81332,100,633.911773
411.069549,100,634.075777
413.220663,100,645.631391
340.754473,100,645.926812
354.476827,100,646.166441
412.746922,100,646.370455
375.282864,100,646.536644
370.119492,100,646.706949
357.366377,100,646.919146
404.2117,100,647.085247
350.514034,100,647.273315
318.022649,100,647.477332
378.719705,100,660.563369
433.685176,100,660.715943
396.050426,100,660.877209
438.123372,100,661.042286
423.372515,100,661.199235
419.376653,100,661.34858
403.516555,100,661.512729
343.414051,100,661.69168
370.619777,100,661.952358
401.092782,100,662.108625
407.815772,100,675.785005
428.188378,100,676.128823
291.251156,100,676.43277
354.624636,100,676.668199
309.869565,100,676.897305
303.212312,100,677.127003
405.868507,100,677.29218
363.840928,100,677.549558
450.436119,100,677.741604
417.247342,100,677.933166
464.90954,100,691.626945
379.468576,100,691.778204
391.276877,100,691.946102
380.685515,100,692.216126
368.758334,100,692.378345
302.083309,100,692.55779
347.867533,100,692.712802
426.022519,100,692.872337
357.90336,100,693.033795
374.757112,100,693.214632
377.871686,100,706.714041
343.176325,100,706.93251
331.728282,100,707.125681
356.89796,100,707.326689
372.192274,100,707.504283
350.914378,100,707.682094
388.592726,100,707.851984
303.968343,100,708.089103
335.162962,100,708.328417
383.645949,100,708.531967
342.05262,100,721.647847
335.45116,100,721.821472
419.239253,100,721.969178
348.703402,100,722.126812
348.520319,100,722.363553
328.526836,100,722.572965
393.938691,100,722.763586
389.897868,100,722.945815
328.454444,100,723.098791
384.671763,100,723.301689
295.579644,100,736.451618
268.664372,100,736.621118
318.311552,100,736.817901
366.913842,100,736.98729
397.118283,100,737.156168
424.467766,100,737.364635
423.863508,100,737.58438
300.754778,100,737.766164
417.2711,100,737.941971
433.915304,100,738.107453
457.741135,100,751.946656
337.74017,100,752.242232
325.881821,100,752.523203
349.944237,100,752.76249
341.025007,100,753.031324
355.965316,100,753.332132
310.116689,100,753.637111
373.363471,100,753.939572
349.786654,100,754.240406
420.249359,100,754.581025
351.811404,100,767.608509
373.514854,100,767.759802
280.886368,100,767.934161
433.986693,100,768.086675
393.755709,100,768.256533
385.335527,100,768.494514
410.756578,100,768.673148
472.070319,100,768.82989
356.291545,100,768.994553
344.954601,100,769.223536
427.983983,100,781.253896
401.743977,100,781.41567
328.129398,100,781.580523
350.575743,100,781.721625
362.386205,100,781.872069
395.941735,100,782.013085
461.020517,100,782.153958
406.137433,100,782.394276
389.581013,100,782.561751
292.010659,100,782.731097
349.123957,100,794.504337
286.899807,100,794.659831
357.878648,100,794.82885
342.317554,100,794.974292
337.187724,100,795.128287
411.917571,100,795.287313
302.99675,100,795.450605
350.106494,100,795.62368
475.076065,100,795.772289
364.586773,100,795.930305
403.294048,100,807.057668
332.841371,100,807.220198
392.422318,100,807.41164
347.250568,100,807.589822
389.008508,100,807.744473
439.937215,100,807.90056
344.554069,100,808.043054
352.711966,100,808.188163
348.311424,100,808.448133
336.781069,100,808.607625
343.09689,100,819.995926
392.556085,100,820.132226
354.888443,100,820.344771
425.646064,100,820.561654
312.078193,100,820.744386
352.785853,100,820.921158
338.670594,100,821.089114
404.93797,100,821.279012
303.927545,100,821.461482
339.854773,100,821.625059
326.576208,100,834.93734
410.817521,100,835.081543
365.298196,100,835.230841
340.915973,100,835.386442
442.255327,100,835.547188
353.537915,100,835.703277
358.294918,100,835.87802
385.679189,100,836.047909
353.80759,100,836.211596
384.704129,100,836.425006
401.383251,100,851.517342
380.382893,100,851.673584
330.982273,100,851.824833
311.854028,100,851.979553
280.129675,100,852.136518
393.263681,100,852.307547
354.247341,100,852.567678
351.091588,100,852.741465
407.533915,100,852.906618
431.210427,100,853.05258
308.730294,100,865.149822
345.220399,100,865.318224
318.199177,100,865.494188
384.788939,100,865.663399
414.658723,100,865.835537
272.047413,100,865.994956
412.130214,100,866.150977
317.786013,100,866.304387
342.919468,100,866.574835
316.404941,100,866.723586
327.489843,100,878.452481
298.468967,100,878.829966
247.095564,100,879.191743
389.177402,100,879.420665
388.247423,100,879.573553
336.451001,100,879.727425
325.299303,100,879.879232
303.73298,100,880.03426
307.363827,100,880.182834
342.6407,100,880.343697
333.041341,100,892.38216
377.889246,100,892.542226
443.280227,100,892.887262
312.793353,100,893.076206
363.918892,100,893.27529
353.39209,100,893.435616
308.8515,100,893.603531
357.381906,100,893.765352
380.581903,100,893.957225
369.841732,100,894.133003
376.462955,100,906.330448
410.769144,100,906.495601
413.283344,100,906.653602
366.444741,100,906.934373
383.572139,100,907.113685
395.340874,100,907.333349
333.080665,100,907.564934
309.239487,100,907.759151
328.348922,100,907.955324
284.326106,100,908.137031
347.856534,100,921.936575
394.717406,100,922.12586
405.536794,100,922.341351
319.343005,100,922.549317
382.441091,100,922.764843
396.557068,100,923.012464
460.58696,100,923.201305
343.279039,100,923.388895
345.869209,100,923.575439
300.115258,100,923.74059
367.635037,100,935.366258
406.543037,100,935.518424
398.063612,100,935.661504
308.679356,100,935.810973
442.806961,100,935.960437
404.246292,100,936.102609
323.683714,100,936.263514
420.055228,100,936.432094
302.751537,100,936.583635
374.092777,100,936.767113
236.909134,100,949.883878
349.215644,100,950.049905
285.668011,100,950.221666
323.322797,100,950.395417
318.208751,100,950.55727
291.992273,100,950.713098
325.10811,100,950.97653
330.122925,100,951.168975
374.276837,100,951.38183
429.364594,100,951.540291
433.086695,100,962.563229
463.820128,100,962.70889
406.093863,100,962.905221
329.638509,100,963.121597
385.470643,100,963.296847
462.861872,100,963.464542
377.43611,100,963.6136
363.816186,100,963.771501
407.105283,100,963.925143
351.693998,100,964.076217
461.785945,100,975.79287
369.753907,100,975.956422
434.260119,100,976.113931
357.845344,100,976.277948
395.976321,100,976.433392
357.8697,100,976.588439
364.161055,100,976.740882
364.341304,100,976.896501
318.606625,100,977.16817
330.421084,100,977.354165
339.052679,100,989.663503
432.15828,100,989.83938
336.911947,100,990.008271
382.290901,100,990.187523
433.706196,100,990.363536
300.96333,100,990.529585
393.518295,100,990.684426
372.916149,100,990.841993
426.211583,100,991.075115
324.687835,100,991.281736
431.482819,100,1003.047056
345.043411,100,1003.313684
350.237643,100,1003.527669
331.8612,100,1003.711115
348.991061,100,1003.875579
378.970772,100,1004.047944
337.583652,100,1004.223173
339.182499,100,1004.385211
357.89525,100,1004.552597
361.349637,100,1004.72107
400.011903,100,1015.897218
363.464542,100,1016.041412
379.714481,100,1016.199253
399.277078,100,1016.364851
357.490111,100,1016.525151
338.571411,100,1016.67161
407.430232,100,1016.813658
412.51509,100,1016.960756
376.481418,100,1017.102133
295.487457,100,1017.33805
348.950278,100,1032.635399
353.847854,100,1032.793545
283.10954,100,1032.948628
373.643572,100,1033.126774
351.967568,100,1033.390128
304.562792,100,1033.564861
418.511761,100,1033.749073
404.993076,100,1033.887163
406.922288,100,1034.03376
418.127257,100,1034.176875
402.282401,100,1045.156569
276.475646,100,1045.418224
361.796678,100,1045.574816
421.491689,100,1045.755383
301.657471,100,1045.898624
393.986046,100,1046.038546
352.931076,100,1046.18318
475.627779,100,1046.344508
347.523026,100,1046.508536
387.153068,100,1046.644777
316.531608,100,1058.155092
373.364744,100,1058.303279
313.686116,100,1058.453297
358.521993,100,1058.59833
437.785917,100,1058.745191
401.603958,100,1058.88784
393.557841,100,1059.050319
332.01587,100,1059.238965
318.92691,100,1059.478915
428.593423,100,1059.689244
404.824929,100,1070.949592
368.724362,100,1071.095378
339.851616,100,1071.246167
374.594413,100,1071.44257
291.205514,100,1071.671937
443.191367,100,1071.839085
379.935036,100,1071.997143
364.057216,100,1072.142302
386.877285,100,1072.315586
430.763728,100,1072.476053
387.449678,100,1085.996913
295.224992,100,1086.184579
313.584362,100,1086.369503
319.629329,100,1086.542629
290.480097,100,1086.709608
282.739288,100,1086.870054
337.592378,100,1087.054194
319.981649,100,1087.220587
317.436055,100,1087.475767
382.700314,100,1087.77609
327.517913,100,1102.55917
338.113954,100,1102.714826
422.316267,100,1102.864142
337.957566,100,1103.015534
258.13124,100,1103.170138
418.792598,100,1103.327212
295.810991,100,1103.477747
354.333506,100,1103.629324
436.538183,100,1103.874138
305.78342,100,1104.044111
347.303771,100,1115.33191
318.259594,100,1115.494194
444.724016,100,1115.661395
404.442208,100,1115.928468
412.893933,100,1116.091691
380.023234,100,1116.258797
305.849007,100,1116.422088
349.818357,100,1116.565892
401.299472,100,1116.725437
390.819452,100,1116.881519
280.488045,100,1127.764894
407.382391,100,1127.919359
404.429279,100,1128.128188
394.072885,100,1128.34497
392.236175,100,1128.512335
446.42935,100,1128.681476
337.800745,100,1128.830387
364.707208,100,1128.974279
321.973611,100,1129.121914
342.890005,100,1129.271581
390.295341,100,1141.061792
387.546459,100,1141.222429
405.99567,100,1141.39063
402.490126,100,1141.549331
406.332927,100,1141.70822
365.727427,100,1141.932624
363.227272,100,1142.169206
437.904881,100,1142.412794
311.252169,100,1142.62058
419.750079,100,1142.801173
442.603045,100,1154.731906
340.983668,100,1154.864105
357.56229,100,1155.007913
409.135919,100,1155.157883
349.243541,100,1155.308845
350.283538,100,1155.462691
321.59086,100,1155.604695
355.514579,100,1155.758273
283.901674,100,1155.902529
355.015456,100,1156.074831
364.08983,100,1169.268331
359.40883,100,1169.422837
354.654352,100,1169.556777
251.163232,100,1169.68715
363.050739,100,1169.821622
373.609485,100,1169.975538
428.953368,100,1170.152897
335.749294,100,1170.398953
344.883104,100,1170.546252
427.027959,100,1170.710224
384.389802,100,1181.846038
335.614427,100,1181.985822
284.402231,100,1182.162562
368.255971,100,1182.413422
424.835264,100,1182.567403
337.762421,100,1182.728283
405.133649,100,1182.894621
312.552353,100,1183.03358
436.1454,100,1183.16961
375.445546,100,1183.329122
421.672645,100,1195.868927
298.968712,100,1196.03391
400.830901,100,1196.325867
416.883999,100,1196.509177
364.787217,100,1196.70238
311.798516,100,1196.887166
425.408378,100,1197.053837
355.871444,100,1197.238595
395.09273,100,1197.436913
394.121288,100,1197.618269
368.877182,100,1209.200422
444.218055,100,1209.379949
411.591038,100,1209.557905
294.910871,100,1209.7274
425.5716,100,1209.913207
324.564919,100,1210.080847
358.551851,100,1210.378781
353.862287,100,1210.565095
358.538861,100,1210.76461
415.123099,100,1210.938499
431.047703,100,1223.705484
370.99198,100,1223.869396
348.880791,100,1224.029542
276.773223,100,1224.199522
365.693912,100,1224.415902
273.291214,100,1224.630103
339.682395,100,1224.805115
395.396003,100,1224.987749
391.823496,100,1225.144668
411.043698,100,1225.309395
279.417495,100,1236.913198
304.422716,100,1237.067505
405.877454,100,1237.202931
320.222137,100,1237.357128
371.256998,100,1237.523252
339.069757,100,1237.686887
314.761216,100,1237.832189
350.369212,100,1237.990857
337.51423,100,1238.133482
446.101927,100,1238.28053
376.114275,100,1251.751419
405.442275,100,1251.906061
387.362368,100,1252.05629
377.781497,100,1252.202852
323.798419,100,1252.358608
329.793642,100,1252.512079
276.746492,100,1252.781686
333.355609,100,1252.942486
311.539691,100,1253.119421
297.770686,100,1253.26888
329.60049,100,1265.797506
302.417112,100,1265.969155
355.901103,100,1266.140654
367.221915,100,1266.304175
378.447303,100,1266.469947
387.317366,100,1266.633625
397.624239,100,1266.893245
383.140415,100,1267.071619
395.19019,100,1267.232269
403.045883,100,1267.419252
350.578074,100,1279.223477
308.541729,100,1279.396526
295.978299,100,1279.563487
372.794738,100,1279.735793
317.957734,100,1279.910949
345.23648,100,1280.062121
374.812973,100,1280.217437
398.636009,100,1280.392893
399.513931,100,1280.544218
380.171866,100,1280.703544
284.605312,100,1291.61127
402.993063,100,1291.759009
413.692492,100,1291.910161
339.535096,100,1292.056036
328.588315,100,1292.195299
279.071904,100,1292.342453
322.8528,100,1292.482648
358.776118,100,1292.62499
395.771966,100,1292.84131
437.774833,100,1293.027607
403.928107,100,1303.41858
392.096631,100,1303.565366
423.330436,100,1303.716485
422.092862,100,1303.859649
270.25102,100,1304.019076
257.461449,100,1304.189429
408.297025,100,1304.344349
353.90433,100,1304.515653
393.041303,100,1304.667861
448.688137,100,1304.926788
395.446959,100,1318.754181
336.020279,100,1319.020199
374.77031,100,1319.237092
339.220727,100,1319.428661
329.486746,100,1319.61292
286.659314,100,1319.798941
383.421815,100,1319.985405
369.582176,100,1320.160144
357.014242,100,1320.356002
361.188274,100,1320.547247
324.415541,100,1334.462353
415.457797,100,1334.6171
395.665497,100,1334.852245
361.767275,100,1335.048673
351.198301,100,1335.201381
401.244904,100,1335.373158
374.932409,100,1335.523755
401.14664,100,1335.666752
421.558877,100,1335.809336
393.616369,100,1335.969357
384.533563,100,1348.292665
330.128785,100,1348.444861
338.224925,100,1348.59707
421.054597,100,1348.781444
306.895664,100,1349.001976
349.267492,100,1349.162403
292.035072,100,1349.3273
383.825092,100,1349.473805
338.575101,100,1349.614455
356.434066,100,1349.76597
318.638988,100,1361.538184
378.18442,100,1361.683922
307.754148,100,1361.822153
390.391754,100,1361.971841
373.538067,100,1362.125188
384.704917,100,1362.287597
237.123481,100,1362.439808
359.220876,100,1362.588225
377.424261,100,1362.769869
327.131739,100,1362.991258
390.104088,100,1373.852941
319.788027,100,1374.017291
381.704756,100,1374.189358
394.01804,100,1374.353544
393.915086,100,1374.515856
302.185564,100,1374.677537
309.521214,100,1374.93883
406.918911,100,1375.113992
331.956524,100,1375.302974
441.001833,100,1375.457536
404.145037,100,1387.016919
305.5257,100,1387.172898
335.726128,100,1387.369933
410.333336,100,1387.576273
353.311886,100,1387.757346
360.004861,100,1387.952989
306.345458,100,1388.112624
313.814892,100,1388.269852
367.923695,100,1388.426321
306.471163,100,1388.58259
325.391132,100,1399.822634
347.353959,100,1399.985767
374.959741,100,1400.129843
264.191823,100,1400.275147
308.385398,100,1400.431158
305.948338,100,1400.577491
353.45447,100,1400.727741
421.71611,100,1400.930849
398.124485,100,1401.155345
351.776562,100,1401.30805
286.407064,100,1412.775509
356.081717,100,1412.951515
326.081571,100,1413.178195
437.09357,100,1413.337841
417.628995,100,1413.52006
319.43494,100,1413.684427
383.554024,100,1413.832068
351.648406,100,1413.987233
393.371884,100,1414.137502
229.987948,100,1414.298602
423.154369,100,1427.477567
296.089679,100,1427.667844
345.063668,100,1427.849577
428.850714,100,1428.052809
294.407379,100,1428.249242
315.160909,100,1428.443371
388.878587,100,1428.632509
359.74986,100,1428.806225
379.815759,100,1429.050848
244.417741,100,1429.258124
335.059806,100,1442.976155
420.566876,100,1443.198501
339.263419,100,1443.392067
391.062673,100,1443.547628
413.676582,100,1443.705993
380.582373,100,1443.860224
432.560226,100,1444.018184
415.705326,100,1444.17454
380.904963,100,1444.330465
336.248912,100,1444.479323
385.947022,100,1456.201547
305.040682,100,1456.35499
412.844407,100,1456.508249
289.748365,100,1456.667313
389.236952,100,1456.827903
366.389551,100,1457.056392
316.959679,100,1457.251362
413.805089,100,1457.452602
383.033335,100,1457.635551
424.833967,100,1457.79615
375.968432,100,1470.469603
409.703913,100,1470.616471
292.622694,100,1470.769264
390.14936,100,1470.957822
288.985207,100,1471.186009
397.068735,100,1471.343975
358.164593,100,1471.520451
365.121067,100,1471.691289
321.329613,100,1471.848464
365.071221,100,1472.016212
349.969458,100,1483.551547
409.920887,100,1483.69997
320.907891,100,1483.847463
386.760071,100,1484.008919
322.07623,100,1484.179213
384.878116,100,1484.340269
359.970757,100,1484.496043
348.85594,100,1484.644007
321.598921,100,1484.799066
335.815388,100,1484.99494
358.631607,100,1498.477615
398.854837,100,1498.620152
412.500657,100,1498.765167
325.78075,100,1498.909864
322.502436,100,1499.167914
412.463979,100,1499.320153
359.776059,100,1499.490652
303.956077,100,1499.637637
417.31622,100,1499.784706
315.822779,100,1499.938147
337.732557,100,1512.072618
315.100067,100,1512.268397
397.857584,100,1512.450393
328.664021,100,1512.628074
322.03699,100,1512.804893
362.712217,100,1513.02498
414.906802,100,1513.238902
234.720184,100,1513.431575
389.765769,100,1513.589192
384.875816,100,1513.741901
374.382311,100,1524.851397
327.898302,100,1524.988628
341.029557,100,1525.190405
301.926744,100,1525.396588
395.278463,100,1525.560589
358.127037,100,1525.713732
381.038353,100,1525.853214
325.908108,100,1526.017138
413.870027,100,1526.173082
343.376826,100,1526.335912
304.635167,100,1539.002429
393.403275,100,1539.239172
404.397011,100,1539.44208
390.81826,100,1539.592344
427.14538,100,1539.767469
363.522645,100,1539.935987
384.986689,100,1540.093464
313.158998,100,1540.249335
316.321791,100,1540.415412
347.492983,100,1540.577982
366.482492,100,1551.842383
361.130286,100,1551.995851
446.446019,100,1552.166875
455.641993,100,1552.344004
338.242029,100,1552.510855
401.287692,100,1552.673643
354.15906,100,1552.832833
377.563442,100,1553.002059
361.383864,100,1553.266305
373.873748,100,1553.43312
353.683625,100,1564.393794
406.067875,100,1564.62715
296.197026,100,1564.777576
413.797424,100,1564.947282
322.152652,100,1565.084038
410.58219,100,1565.229819
320.084654,100,1565.371254
414.859141,100,1565.530488
383.649985,100,1565.671483
382.98645,100,1565.814056
379.987739,100,1579.96555
369.834446,100,1580.270198
349.255225,100,1580.579039
310.357211,100,1580.817471
390.338652,100,1581.096446
400.574451,100,1581.403919
396.332858,100,1581.704588
347.546778,100,1581.99964
390.175785,100,1582.307042
315.995891,100,1582.609772
363.537281,100,1596.735184
338.896708,100,1596.906132
350.586267,100,1597.082832
440.793924,100,1597.258599
385.72253,100,1597.445829
389.817282,100,1597.603757
408.68536,100,1597.768523
408.377444,100,1597.936862
352.395608,100,1598.096896
337.69447,100,1598.250515
356.835441,100,1610.314181
401.416574,100,1610.502105
383.851316,100,1610.720659
387.7933,100,1610.868623
317.814181,100,1611.028911
391.56442,100,1611.177655
299.624181,100,1611.327546
454.007726,100,1611.478512
371.067722,100,1611.639348
327.152128,100,1611.786481
476.852546,100,1623.321358
288.692009,100,1623.481463
341.289883,100,1623.649536
392.566128,100,1623.794601
298.20875,100,1623.952206
480.449455,100,1624.091638
345.824668,100,1624.229252
364.936725,100,1624.372982
352.015129,100,1624.628853
352.31521,100,1624.783078
355.168092,100,1636.748791
378.156915,100,1637.171482
383.895475,100,1637.633384
341.577945,100,1637.931221
313.929953,100,1638.183074
395.816024,100,1638.450619
386.248963,100,1638.73115
329.896962,100,1638.963999
345.098042,100,1639.176754
411.542868,100,1639.401684
362.940591,100,1653.356352
398.936954,100,1653.504483
427.399617,100,1653.665032
360.561747,100,1653.80924
365.156694,100,1653.959857
390.684748,100,1654.104264
420.844798,100,1654.254165
352.274385,100,1654.438536
448.595238,100,1654.679664
417.617181,100,1654.848209
398.087381,100,1667.547367
385.770837,100,1667.711341
397.434217,100,1667.88086
392.475713,100,1668.049424
345.744185,100,1668.218619
361.400797,100,1668.39609
333.751025,100,1668.689244
319.200851,100,1668.846346
346.478683,100,1669.012923
330.439674,100,1669.16288
458.741103,100,1684.324148
365.364852,100,1684.483572
409.059408,100,1684.639205
346.505753,100,1684.79265
308.943905,100,1684.93297
341.152192,100,1685.139416
384.973348,100,1685.336645
377.787587,100,1685.50631
378.966694,100,1685.677902
452.478972,100,1685.854475
294.649029,100,1697.114108
352.494623,100,1697.262101
406.272457,100,1697.544483
390.192599,100,1697.716034
396.441337,100,1697.888589
415.294972,100,1698.042806
374.235189,100,1698.198225
333.321073,100,1698.36396
401.370189,100,1698.525801
393.875789,100,1698.682059
432.419099,100,1710.781341
278.426182,100,1710.947583
356.089869,100,1711.122421
400.992013,100,1711.296867
390.543625,100,1711.580174
361.088788,100,1711.76683
308.525072,100,1711.945759
394.133525,100,1712.115934
335.764829,100,1712.2871
411.855812,100,1712.462806
322.90847,100,1724.514462
313.067537,100,1724.672562
407.968477,100,1724.824194
341.893672,100,1724.972107
310.329898,100,1725.115424
429.549617,100,1725.260951
308.941829,100,1725.50736
443.471703,100,1725.676285
330.178732,100,1725.856227
441.137668,100,1726.014652
312.81201,100,1738.370236
415.415618,100,1738.5432
449.233085,100,1738.724297
400.753658,100,1738.909836
365.994358,100,1739.125319
395.033933,100,1739.32515
428.438787,100,1739.566512
383.140011,100,1739.744442
425.927535,100,1739.906121
372.024198,100,1740.064679
