#{"t_start": 1784411697.6625648, "env_id": "None"}
r,l,t
194.443685,100,1.509921
218.833841,100,1.649899
152.590849,100,1.838264
216.750459,100,2.05668
170.723778,100,2.31863
217.073542,100,2.484606
167.544394,100,2.658752
174.634655,100,2.82405
157.324797,100,2.990861
151.181543,100,3.145187
142.256168,100,14.739801
221.986228,100,14.910996
246.984109,100,15.066752
196.488274,100,15.234998
169.808071,100,15.394909
203.856108,100,15.54209
184.292687,100,15.701407
244.263068,100,15.848644
212.5338,100,16.010299
177.833916,100,16.162766
187.653283,100,28.200486
157.341717,100,28.37546
199.076148,100,28.613539
244.348536,100,28.801799
248.359821,100,28.972869
158.194911,100,29.145935
160.336011,100,29.304063
160.150084,100,29.453548
215.290358,100,29.610043
189.68404,100,29.787167
229.288291,100,41.131221
220.535701,100,41.299804
157.710013,100,41.451783
172.899008,100,41.616339
204.433192,100,41.787354
125.571036,100,41.95764
173.146149,100,42.107674
202.169647,100,42.261482
202.15654,100,42.413065
206.350764,100,42.654485
170.68112,100,53.869117
203.52543,100,54.238238
206.690777,100,54.609885
200.32978,100,54.793915
250.555236,100,54.957752
218.800219,100,55.111259
199.587731,100,55.251968
226.163704,100,55.401768
157.697205,100,55.555679
180.27415,100,55.73548
161.795324,100,67.646691
217.713659,100,67.894003
171.154288,100,68.134965
156.499869,100,68.362098
237.015135,100,68.678837
222.959739,100,68.898495
154.490666,100,69.100682
184.321694,100,69.311029
142.892939,100,69.515498
154.284432,100,69.732936
207.148936,100,83.283238
192.182573,100,83.481046
199.490454,100,83.692299
213.532306,100,83.920041
180.894346,100,84.11054
224.677675,100,84.307097
148.623693,100,84.548378
234.543,100,84.828734
227.784201,100,85.06135
250.352866,100,85.261637
240.100934,100,98.093151
129.633015,100,98.413629
215.02971,100,98.735797
176.580885,100,98.991832
179.913106,100,99.298266
150.89928,100,99.606117
180.478831,100,99.916374
192.465725,100,100.219577
171.855184,100,100.526632
187.356936,100,100.818319
200.577464,100,111.990412
240.703024,100,112.158771
183.744295,100,112.326483
165.727919,100,112.506989
162.776936,100,112.780301
199.941294,100,112.929539
240.614479,100,113.100324
191.522905,100,113.263717
161.612619,100,113.421609
171.828106,100,113.570064
257.697865,100,125.992029
291.373193,100,126.308405
208.653878,100,126.635615
264.496051,100,126.913125
246.589384,100,127.184152
210.748365,100,127.48645
274.722648,100,127.792248
232.552028,100,127.989656
234.302539,100,128.165056
211.48809,100,128.331361
214.730999,100,142.351701
178.998855,100,142.518769
216.443935,100,142.671285
206.417775,100,142.919274
250.167374,100,143.078489
188.345162,100,143.256264
248.433043,100,143.435767
162.188,100,143.595412
270.973006,100,143.75083
228.89456,100,143.911709
215.456684,100,157.165818
245.833319,100,157.360325
238.133832,100,157.500754
245.269868,100,157.644181
239.55446,100,157.80586
220.544466,100,157.960458
220.693238,100,158.122652
268.420329,100,158.284442
151.037783,100,158.43629
183.919096,100,158.59195
202.484529,100,171.765924
227.728624,100,171.985609
190.220303,100,172.20768
188.486788,100,172.409932
283.845639,100,172.610774
245.462263,100,172.846427
221.980604,100,173.084311
228.532809,100,173.307995
205.957142,100,173.492196
268.152898,100,173.679519
222.138211,100,189.246022
245.257837,100,189.426563
216.73501,100,189.592781
297.735128,100,189.793377
235.157763,100,189.970817
211.218196,100,190.175757
203.67201,100,190.364167
257.250055,100,190.550172
253.425751,100,190.723616
208.428482,100,191.033321
280.844661,100,206.882471
205.559023,100,207.04935
166.635114,100,207.391012
194.16598,100,207.743231
325.057884,100,208.128965
170.982131,100,208.518577
210.788821,100,208.905236
200.482361,100,209.305169
253.583581,100,209.649277
252.963896,100,209.954399
266.390867,100,223.923042
324.288759,100,224.286058
173.724729,100,224.647738
167.365025,100,225.022952
275.680654,100,225.369989
233.261822,100,225.692907
229.852138,100,225.884615
180.23323,100,226.041859
240.540397,100,226.192008
202.756319,100,226.343768
263.647513,100,237.788417
224.353159,100,237.952163
236.9564,100,238.110707
273.966094,100,238.264834
201.999445,100,238.431796
233.336319,100,238.596552
223.095922,100,238.760922
233.752116,100,238.933963
226.283829,100,239.093474
237.150577,100,239.36778
176.965161,100,252.230105
225.160772,100,252.3918
276.541629,100,252.55356
212.198205,100,252.708393
204.930891,100,252.881943
253.302899,100,253.047894
211.337642,100,253.2808
184.227373,100,253.472162
178.406052,100,253.649875
274.469442,100,253.816744
226.443864,100,265.099616
220.213405,100,265.364694
237.971873,100,265.541323
288.129975,100,265.716963
288.270498,100,265.863604
285.003374,100,266.004372
328.895342,100,266.149493
289.166477,100,266.298681
196.003926,100,266.443082
303.774463,100,266.586724
276.848831,100,279.807166
225.910586,100,279.985404
247.658101,100,280.152673
273.974186,100,280.328942
255.823135,100,280.497408
225.321113,100,280.663208
288.890127,100,280.848941
262.109569,100,281.023313
294.560211,100,281.24984
233.900659,100,281.485795
271.825231,100,295.092585
270.412794,100,295.281992
228.96591,100,295.599901
158.872244,100,295.844756
231.164048,100,296.063002
286.252335,100,296.268509
271.836479,100,296.46347
245.045138,100,296.651338
222.128504,100,296.82331
229.288739,100,296.997819
251.590655,100,309.637849
267.207757,100,309.817307
224.185053,100,309.965048
286.197832,100,310.118577
235.014365,100,310.262397
258.165221,100,310.414709
246.775234,100,310.56744
292.775195,100,310.722516
285.004237,100,310.878262
213.327915,100,311.031794
213.183371,100,322.211593
243.076212,100,322.363378
255.936966,100,322.523891
284.397694,100,322.675792
250.214911,100,322.843101
290.174908,100,323.000972
204.098801,100,323.17415
212.949264,100,323.343652
308.546004,100,323.603775
205.902054,100,323.773047
225.446873,100,335.927124
225.197096,100,336.077375
242.160488,100,336.225359
224.992777,100,336.381565
300.418586,100,336.541424
266.189293,100,336.717735
248.315376,100,336.881299
238.446612,100,337.041584
250.159683,100,337.20072
310.214545,100,337.406683
229.500357,100,352.075968
302.843653,100,352.234336
281.889058,100,352.402996
206.942768,100,352.557401
261.346452,100,352.705455
363.720753,100,352.860492
280.750919,100,353.012722
242.530229,100,353.171779
284.159933,100,353.313292
269.818333,100,353.460992
202.255855,100,364.958103
222.488074,100,365.124501
268.318408,100,365.280421
287.140105,100,365.426894
221.462256,100,365.567218
185.63091,100,365.716996
294.023271,100,365.973984
279.641689,100,366.150809
195.700697,100,366.322084
249.807561,100,366.478597
266.94061,100,378.270043
347.969313,100,378.464992
293.940393,100,378.651316
252.077965,100,378.85298
199.186675,100,379.02789
177.032022,100,379.179331
267.163261,100,379.347935
306.918357,100,379.504665
277.603034,100,379.68099
234.749435,100,379.919859
241.287912,100,393.611673
254.700911,100,393.989695
230.053091,100,394.285477
224.177723,100,394.666538
279.850086,100,395.037575
247.093149,100,395.39488
213.977274,100,395.769951
270.052296,100,396.152249
268.720724,100,396.44639
294.056858,100,396.635664
269.115086,100,409.329827
218.578175,100,409.718142
289.572825,100,410.097778
237.804078,100,410.45155
264.893847,100,410.870606
263.804946,100,411.19601
228.425863,100,411.522522
313.355477,100,411.847793
242.453217,100,412.166257
282.403295,100,412.433844
296.929677,100,427.33792
299.083718,100,427.502321
328.807099,100,427.688534
284.982493,100,427.893223
329.751263,100,428.20939
303.157609,100,428.407624
258.759967,100,428.590942
278.688545,100,428.773849
251.340297,100,428.957969
229.554333,100,429.144996
306.542837,100,440.850856
216.258963,100,441.007015
329.041296,100,441.155718
219.082776,100,441.305745
240.754979,100,441.449145
305.743677,100,441.596428
256.413038,100,441.748505
296.941796,100,441.908644
243.399548,100,442.186801
284.557893,100,442.350777
216.789075,100,454.397663
247.818187,100,454.588674
290.419093,100,454.769604
297.15935,100,454.924863
232.9323,100,455.065635
258.058046,100,455.226307
326.417107,100,455.386577
265.323454,100,455.561487
209.632,100,455.727759
292.072737,100,455.878345
300.057195,100,467.312345
326.320575,100,467.505607
301.077435,100,467.711159
199.89543,100,467.893844
286.241787,100,468.063352
290.218423,100,468.228406
267.943635,100,468.394868
214.241981,100,468.558576
210.528368,100,468.828829
283.631639,100,469.056916
304.019802,100,479.900175
296.592009,100,480.048526
231.413345,100,480.193522
269.075807,100,480.337076
277.876847,100,480.475578
251.537364,100,480.639035
297.592712,100,480.894219
250.760851,100,481.05017
302.744222,100,481.229696
270.9734,100,481.398063
301.111586,100,491.934663
229.869176,100,492.089059
331.637482,100,492.239493
198.883801,100,492.39765
259.798024,100,492.563691
278.983476,100,492.804119
280.078664,100,492.983654
289.821041,100,493.155102
325.573725,100,493.308314
289.613812,100,493.459696
217.712714,100,504.589373
319.633586,100,504.899323
307.154835,100,505.079801
290.702451,100,505.290114
267.298551,100,505.486743
342.309988,100,505.680231
309.165809,100,505.879384
326.366227,100,506.053513
345.105262,100,506.220548
256.766505,100,506.393334
284.489854,100,520.36192
324.952963,100,520.526782
201.470797,100,520.7816
244.301058,100,521.007296
238.346251,100,521.197001
241.174823,100,521.39145
314.041926,100,521.585254
335.361611,100,521.803994
270.785292,100,522.005859
276.989067,100,522.205073
309.391878,100,534.86235
339.336571,100,535.008059
287.743154,100,535.178831
259.505373,100,535.342793
311.240116,100,535.486032
226.791957,100,535.659403
333.842583,100,535.83677
262.274769,100,535.991601
260.666123,100,536.161976
261.749643,100,536.314113
251.121843,100,549.427705
268.723736,100,549.570784
284.493598,100,549.724651
211.230141,100,549.89038
273.61385,100,550.056175
309.025661,100,550.204985
221.630809,100,550.361489
233.808142,100,550.507623
196.52791,100,550.702651
280.913594,100,550.976708
259.269004,100,562.305605
293.838627,100,562.460677
262.286593,100,562.626056
317.214579,100,562.887015
282.759482,100,563.063573
248.542646,100,563.203303
280.823699,100,563.350291
335.499255,100,563.492993
323.712688,100,563.644749
291.089852,100,563.802839
292.968422,100,574.685885
266.566948,100,574.837799
264.748479,100,575.068893
299.005505,100,575.257296
356.778061,100,575.426981
218.773404,100,575.588246
339.078182,100,575.735733
320.11878,100,575.880184
250.698395,100,576.026885
340.341206,100,576.184144
335.253846,100,589.704138
367.159377,100,589.862638
295.417155,100,590.009666
330.744722,100,590.15772
282.580075,100,590.3
192.96209,100,590.442833
209.985541,100,590.59713
353.602411,100,590.760476
324.037316,100,590.920022
289.286457,100,591.176853
305.121065,100,601.7959
309.368239,100,601.945072
271.436485,100,602.100568
281.006001,100,602.255639
268.926218,100,602.404032
245.217766,100,602.551545
340.515817,100,602.705653
351.732346,100,602.85832
257.912926,100,603.060315
319.048098,100,603.280481
342.065847,100,614.770985
248.538072,100,614.98102
271.334197,100,615.253666
287.796851,100,615.428241
288.289406,100,615.634234
236.043899,100,615.843063
209.503524,100,616.022385
298.764138,100,616.204877
335.468172,100,616.394165
333.325885,100,616.580673
289.912552,100,627.422465
315.596592,100,627.574009
273.558624,100,627.733828
262.674374,100,627.956922
253.775238,100,628.210517
349.486322,100,628.45612
283.164361,100,628.763566
291.146295,100,629.079323
299.628866,100,629.358316
282.689501,100,629.648573
309.801752,100,643.29374
338.33769,100,643.599329
317.825468,100,643.764698
260.774349,100,643.918819
250.677658,100,644.069078
347.746583,100,644.234961
241.067952,100,644.39584
316.311695,100,644.560968
300.91838,100,644.710897
261.140628,100,644.862956
262.815156,100,659.088811
341.061927,100,659.276028
201.31335,100,659.544874
339.2504,100,659.72636
368.045835,100,659.925441
307.045779,100,660.104838
314.978347,100,660.282585
374.645858,100,660.468489
297.892858,100,660.662899
273.931928,100,660.871898
255.764878,100,673.868187
282.162013,100,674.019912
259.419667,100,674.169669
245.003564,100,674.32502
352.300563,100,674.478442
307.344357,100,674.662131
348.781925,100,674.81994
258.894962,100,674.980555
305.223499,100,675.13696
303.296783,100,675.337669
247.605466,100,687.108965
287.470695,100,687.252521
320.238152,100,687.399244
225.030904,100,687.547583
309.174262,100,687.824036
267.226071,100,687.979424
310.019968,100,688.151632
340.427181,100,688.317628
322.21193,100,688.459499
304.246346,100,688.608274
235.855897,100,699.909558
315.475818,100,700.11292
276.018134,100,700.29755
333.867684,100,700.48948
320.561076,100,700.696841
412.407005,100,700.945891
245.729459,100,701.14684
363.598964,100,701.334117
268.34441,100,701.520802
209.34764,100,701.798704
312.920738,100,715.982481
314.912876,100,716.17647
276.555889,100,716.364338
316.364054,100,716.554121
215.381265,100,716.759579
270.357601,100,716.955798
296.95475,100,717.149359
267.550002,100,717.345
260.017352,100,717.538655
233.453233,100,717.798368
299.194798,100,729.048771
307.753105,100,729.208293
290.345482,100,729.367015
248.111462,100,729.510318
308.886082,100,729.687712
250.569314,100,729.920738
315.319091,100,730.067325
331.442415,100,730.240343
335.86744,100,730.391395
233.797941,100,730.557725
311.258151,100,742.728947
290.922857,100,742.900666
287.608836,100,743.0651
326.188189,100,743.224021
304.88981,100,743.401513
243.670571,100,743.558388
275.614589,100,743.773017
271.784262,100,743.973834
316.708804,100,744.143122
307.400652,100,744.300643
239.605881,100,755.278413
332.346865,100,755.440095
266.216178,100,755.617779
291.355992,100,755.930306
254.815082,100,756.108434
280.252978,100,756.293802
352.281457,100,756.456739
257.081435,100,756.629
211.761929,100,756.825247
349.819877,100,757.016968
385.496205,100,768.51673
280.2398,100,768.691876
299.56627,100,768.837741
321.167181,100,769.004862
314.335426,100,769.152858
264.422862,100,769.316541
292.509922,100,769.477083
342.651412,100,769.637117
309.177579,100,769.799735
275.071398,100,769.961661
315.080161,100,783.904801
263.69454,100,784.078485
342.223537,100,784.270799
307.491285,100,784.456178
219.39881,100,784.773025
355.121195,100,784.972517
305.67163,100,785.219514
269.785679,100,785.427903
194.586587,100,785.632723
309.298786,100,785.851256
251.07971,100,801.389804
298.712899,100,801.530919
285.911248,100,801.675454
268.853169,100,801.837349
282.099843,100,801.980315
289.558125,100,802.127995
239.390927,100,802.27083
261.207032,100,802.411982
346.857627,100,802.604054
236.074418,100,802.814461
252.31581,100,816.905551
306.894031,100,817.085879
285.702866,100,817.238104
223.012793,100,817.397527
371.516435,100,817.553401
269.14513,100,817.717707
366.502746,100,817.883403
293.006399,100,818.045022
337.059251,100,818.207269
304.274908,100,818.371679
285.950144,100,830.055738
304.963384,100,830.218549
250.367557,100,830.373673
361.688792,100,830.538923
309.934011,100,830.82192
289.544401,100,831.002711
290.156651,100,831.171446
349.804644,100,831.334022
274.250228,100,831.49047
282.241524,100,831.669775
368.702955,100,845.174977
294.744994,100,845.335078
290.462925,100,845.49669
305.476958,100,845.66261
245.222398,100,845.828273
347.98226,100,845.976195
293.890125,100,846.130048
363.239864,100,846.290716
273.348818,100,846.444853
352.652567,100,846.67375
268.852932,100,860.460652
376.215129,100,860.828297
373.899208,100,861.113226
268.343253,100,861.441608
272.233936,100,861.794588
351.971126,100,862.157184
297.102137,100,862.532585
325.896167,100,862.795629
320.768684,100,862.948835
281.174206,100,863.125077
352.076755,100,875.121201
233.776593,100,875.273083
255.678884,100,875.431496
259.018498,100,875.596487
383.816765,100,875.76909
321.601717,100,875.921623
396.26515,100,876.062946
320.665091,100,876.207021
314.546849,100,876.354102
335.607919,100,876.494609
321.402564,100,889.149495
312.91872,100,889.300601
303.392683,100,889.450413
282.50031,100,889.609032
257.856482,100,889.76153
372.293301,100,889.912243
340.612482,100,890.060039
277.879868,100,890.222375
362.451379,100,890.376436
319.629677,100,890.534245
240.84003,100,901.631522
300.372992,100,901.812698
350.853662,100,901.973318
275.331025,100,902.130046
369.662445,100,902.291014
352.420433,100,902.455337
311.912276,100,902.62027
316.457998,100,902.783017
267.189298,100,902.949054
368.874067,100,903.146933
366.779542,100,914.469631
364.564531,100,914.623682
286.538632,100,914.784046
291.253585,100,914.953364
295.323116,100,915.138906
334.957662,100,915.366249
345.096427,100,915.52006
309.726584,100,915.71289
300.480425,100,915.864851
260.419319,100,916.01132
341.851695,100,926.832979
297.244495,100,926.977042
294.519603,100,927.188051
381.106446,100,927.406339
347.56637,100,927.569647
246.051359,100,927.753366
270.933437,100,927.914069
304.569343,100,928.068989
291.020601,100,928.250405
388.930749,100,928.420759
288.84337,100,940.395337
231.904966,100,940.580598
365.3083,100,940.786133
294.479792,100,940.985884
323.092949,100,941.221354
299.41003,100,941.422098
361.399343,100,941.605592
292.665715,100,941.787755
374.212638,100,941.963609
319.635074,100,942.131747
324.429623,100,953.909418
340.794303,100,954.062887
329.665802,100,954.219126
247.555211,100,954.39683
312.372632,100,954.546881
213.101152,100,954.73778
354.667822,100,954.889492
233.526529,100,955.042645
321.9826,100,955.191918
324.067796,100,955.355356
291.274792,100,968.930785
267.327474,100,969.086925
357.22365,100,969.244754
316.712671,100,969.394793
346.546509,100,969.667428
319.94962,100,969.811072
321.498807,100,969.97783
308.592031,100,970.126093
252.233154,100,970.277749
316.735013,100,970.428818
334.439702,100,981.368697
354.181417,100,981.632015
334.363539,100,981.801588
277.18281,100,981.960363
376.710081,100,982.126884
362.12183,100,982.268793
283.905614,100,982.413795
267.626734,100,982.566585
313.103379,100,982.730842
345.35666,100,982.879256
323.396536,100,995.252097
292.729186,100,995.388784
384.948046,100,995.648565
276.284245,100,995.805865
327.084829,100,995.974287
366.805027,100,996.123312
251.793302,100,996.270972
255.950242,100,996.4188
271.714656,100,996.56911
313.970613,100,996.727013
406.941985,100,1010.860317
307.682785,100,1011.018994
347.864321,100,1011.178249
360.032661,100,1011.336943
370.693849,100,1011.558932
278.427668,100,1011.752968
357.004359,100,1011.945891
343.66965,100,1012.111425
258.640568,100,1012.261898
277.415931,100,1012.415926
344.583868,100,1024.243905
299.847048,100,1024.424086
312.802189,100,1024.595383
330.038695,100,1024.788171
378.358135,100,1024.9695
331.494814,100,1025.140632
340.105589,100,1025.300329
300.129957,100,1025.502773
305.253042,100,1025.743841
340.158502,100,1025.932976
313.358035,100,1039.948602
364.408367,100,1040.119692
301.972484,100,1040.269187
376.007896,100,1040.414677
380.786996,100,1040.566507
321.754316,100,1040.739105
337.615882,100,1040.918464
339.779516,100,1041.078852
321.060526,100,1041.2234
218.487169,100,1041.378968
270.844527,100,1052.810276
265.653881,100,1052.94692
262.602524,100,1053.083342
293.128753,100,1053.227161
291.270767,100,1053.371758
327.913404,100,1053.633718
288.43646,100,1053.778733
390.106035,100,1053.951357
275.322958,100,1054.097768
386.981232,100,1054.237603
302.544857,100,1065.179589
299.145297,100,1065.37136
316.232747,100,1065.636947
265.180041,100,1065.886394
303.991786,100,1066.097056
320.174515,100,1066.307646
314.769587,100,1066.539313
350.526545,100,1066.770406
252.625683,100,1067.03013
313.46293,100,1067.293145
294.24547,100,1081.189623
385.352817,100,1081.343493
381.185578,100,1081.585246
267.325089,100,1081.77292
362.599975,100,1081.947171
374.541515,100,1082.11107
378.237992,100,1082.260651
362.204309,100,1082.429675
306.561994,100,1082.598637
345.481333,100,1082.777365
318.000722,100,1093.373962
362.778091,100,1093.620355
347.80838,100,1093.775095
359.900784,100,1093.950581
303.968365,100,1094.095612
365.358982,100,1094.241763
262.805677,100,1094.390244
314.368113,100,1094.540342
372.074553,100,1094.696888
392.303798,100,1094.8573
331.431062,100,1106.72556
387.767721,100,1106.910308
297.913493,100,1107.065757
341.874384,100,1107.218887
332.525446,100,1107.381985
319.816212,100,1107.628177
313.275377,100,1107.801906
300.773233,100,1107.954708
295.945933,100,1108.114403
373.425866,100,1108.254406
292.742806,100,1121.648266
365.189446,100,1121.903771
304.210807,100,1122.165034
360.566457,100,1122.467794
285.394656,100,1122.773866
345.258399,100,1123.087605
333.294686,100,1123.386995
317.023631,100,1123.698403
338.745297,100,1123.934332
363.942164,100,1124.219483
344.057491,100,1138.095745
358.414041,100,1138.2339
356.386373,100,1138.457181
345.157317,100,1138.641526
390.663521,100,1138.807938
362.550046,100,1138.97705
393.013669,100,1139.138416
314.896149,100,1139.294335
339.092935,100,1139.448269
356.19335,100,1139.611374
391.635519,100,1151.459403
292.681382,100,1151.618452
315.805109,100,1151.80694
265.81724,100,1151.988618
309.128451,100,1152.165984
274.208038,100,1152.334034
319.177034,100,1152.516891
361.487527,100,1152.769083
251.040624,100,1152.955767
357.79777,100,1153.126448
330.901372,100,1164.351488
367.530856,100,1164.50052
370.506785,100,1164.768831
367.466433,100,1164.923491
340.253004,100,1165.086881
347.681827,100,1165.239125
334.574326,100,1165.398799
331.260329,100,1165.542293
247.89039,100,1165.716412
286.131506,100,1165.887437
358.499081,100,1176.395422
249.172591,100,1176.591369
303.937448,100,1176.799837
281.832033,100,1176.968993
302.596531,100,1177.138824
305.362428,100,1177.28791
314.491994,100,1177.441457
309.380389,100,1177.5917
350.820248,100,1177.740911
346.907679,100,1177.911317
378.160126,100,1189.967168
352.730755,100,1190.264918
384.6412,100,1190.584733
325.852085,100,1190.877679
278.964825,100,1191.127256
312.875535,100,1191.432516
338.875051,100,1191.738874
234.591099,100,1192.052549
297.259263,100,1192.371381
282.506139,100,1192.705575
307.910264,100,1205.636514
304.154908,100,1205.812064
325.223857,100,1205.979508
294.728606,100,1206.147139
309.908978,100,1206.314038
293.333673,100,1206.501692
295.455471,100,1206.690172
407.581828,100,1206.935674
403.023064,100,1207.16506
295.868839,100,1207.375624
332.596261,100,1219.378736
297.033215,100,1219.551769
372.403529,100,1219.701731
381.939583,100,1219.857642
296.761649,100,1220.009081
404.965797,100,1220.167595
355.216848,100,1220.329418
327.823882,100,1220.473659
268.603815,100,1220.622425
387.15817,100,1220.781371
385.586865,100,1233.612794
349.459216,100,1233.781923
295.383235,100,1233.943407
333.659416,100,1234.115603
411.396694,100,1234.293124
247.86987,100,1234.469549
404.843071,100,1234.665812
268.76741,100,1234.874295
370.065099,100,1235.094156
339.886469,100,1235.275978
290.522872,100,1248.869171
269.614532,100,1249.092574
343.065056,100,1249.256384
374.317585,100,1249.413849
272.917315,100,1249.561137
307.05111,100,1249.806878
382.691961,100,1249.995424
250.406445,100,1250.166866
255.750573,100,1250.33881
351.633104,100,1250.512326
361.568189,100,1262.668126
364.022713,100,1262.854971
344.886295,100,1263.093869
292.861206,100,1263.258948
327.595809,100,1263.413387
300.96068,100,1263.598477
307.059866,100,1263.774666
411.909659,100,1263.941534
318.024149,100,1264.099689
388.360246,100,1264.281498
372.979366,100,1278.668307
334.783098,100,1278.873158
344.965375,100,1279.183658
349.219688,100,1279.383993
302.877814,100,1279.581272
317.255038,100,1279.777058
284.499631,100,1279.959665
324.254163,100,1280.151002
322.374011,100,1280.344921
333.175479,100,1280.535468
299.838549,100,1292.751708
384.641831,100,1292.914975
371.658053,100,1293.174675
346.369241,100,1293.336694
410.234224,100,1293.507315
332.502724,100,1293.661066
295.1016,100,1293.814249
290.402172,100,1293.965423
355.365186,100,1294.128369
382.37306,100,1294.29174
289.654593,100,1306.05865
368.856025,100,1306.376333
274.202377,100,1306.71493
345.007361,100,1307.044643
307.652224,100,1307.360389
321.598724,100,1307.64566
379.658665,100,1307.975482
409.155195,100,1308.285234
256.472471,100,1308.600914
325.859169,100,1308.919645
325.06726,100,1320.159716
280.463908,100,1320.304962
412.404897,100,1320.460401
328.107683,100,1320.608788
362.735419,100,1320.769981
333.524499,100,1320.923612
324.880765,100,1321.142936
360.620697,100,1321.330135
409.218754,100,1321.497979
296.920616,100,1321.654316
356.42794,100,1333.48898
416.0664,100,1333.695734
289.170522,100,1333.88316
329.5479,100,1334.065139
336.098442,100,1334.266435
345.039587,100,1334.452761
379.18884,100,1334.63884
368.191442,100,1334.829012
323.447058,100,1335.044097
305.928303,100,1335.311743
403.601879,100,1345.875525
341.523247,100,1346.020376
327.709571,100,1346.165766
277.539377,100,1346.345898
294.270039,100,1346.511391
386.83599,100,1346.683832
327.667415,100,1346.855036
386.477022,100,1347.039113
288.384621,100,1347.264662
414.597326,100,1347.438858
391.25846,100,1361.255919
353.157506,100,1361.432617
269.932477,100,1361.626725
309.482228,100,1361.803908
357.382254,100,1361.979108
383.646049,100,1362.147811
337.747892,100,1362.326593
368.464635,100,1362.494009
403.4363,100,1362.672457
331.88565,100,1362.849766
366.435,100,1375.254153
345.12366,100,1375.439008
299.306771,100,1375.687748
321.801836,100,1375.883004
353.514108,100,1376.070271
363.450796,100,1376.230819
363.783772,100,1376.41094
402.379993,100,1376.598066
335.993815,100,1376.783058
324.131833,100,1376.943541
301.76301,100,1388.923022
359.784739,100,1389.143295
348.067713,100,1389.367318
296.170867,100,1389.646434
356.800459,100,1389.85654
344.763911,100,1390.045154
307.10832,100,1390.213653
320.976057,100,1390.390237
332.766421,100,1390.569823
354.258227,100,1390.767516
313.378846,100,1402.106379
307.352401,100,1402.250977
394.900306,100,1402.404766
282.59348,100,1402.560496
390.639496,100,1402.729167
383.513209,100,1402.880643
419.209717,100,1403.025756
286.649007,100,1403.171042
347.462249,100,1403.319451
396.45496,100,1403.459833
275.649847,100,1417.120803
372.245806,100,1417.304846
392.608457,100,1417.481987
394.743188,100,1417.764318
376.200947,100,1417.952142
321.68412,100,1418.148181
426.151256,100,1418.341727
425.691569,100,1418.526457
389.601178,100,1418.707253
383.587128,100,1418.895654
320.592599,100,1432.648791
297.85471,100,1432.830323
309.607731,100,1432.983425
332.797641,100,1433.150085
300.205651,100,1433.306944
353.650438,100,1433.521744
403.334384,100,1433.817899
391.338008,100,1433.972867
257.213802,100,1434.146964
335.112404,100,1434.294222
275.150148,100,1448.319478
320.712527,100,1448.478009
281.910162,100,1448.633388
340.392351,100,1448.788933
374.700102,100,1448.946104
398.084232,100,1449.117594
303.610395,100,1449.260092
338.856551,100,1449.405617
322.69553,100,1449.594492
319.203308,100,1449.826654
362.052499,100,1461.988261
362.546097,100,1462.180331
344.006098,100,1462.375821
359.413891,100,1462.561437
365.689176,100,1462.740609
366.947406,100,1462.930008
237.585279,100,1463.110183
391.486709,100,1463.278403
256.206355,100,1463.45511
406.028974,100,1463.728137
369.667498,100,1477.396416
294.484406,100,1477.57445
370.594819,100,1477.818112
271.537857,100,1478.013583
409.562764,100,1478.170976
324.461517,100,1478.341076
404.85811,100,1478.486302
286.761212,100,1478.627099
448.670015,100,1478.772152
274.479568,100,1478.927422
364.6285,100,1491.089318
288.263425,100,1491.247518
300.870279,100,1491.416858
404.19366,100,1491.582838
339.751047,100,1491.737907
400.431897,100,1491.906763
375.336829,100,1492.066433
406.466456,100,1492.219787
271.458692,100,1492.483645
299.271172,100,1492.65896
330.023682,100,1504.0314
358.50133,100,1504.177278
302.842941,100,1504.336045
364.177309,100,1504.484918
269.911755,100,1504.759554
444.094825,100,1504.918276
331.957505,100,1505.101608
324.983006,100,1505.264902
252.824956,100,1505.429364
311.437036,100,1505.586889
341.415552,100,1521.04357
279.602122,100,1521.415071
264.059037,100,1521.790566
295.066654,100,1522.164854
350.948054,100,1522.529544
270.371753,100,1522.904805
348.386658,100,1523.22836
336.608467,100,1523.599901
334.787256,100,1523.968068
331.034778,100,1524.326934
321.758872,100,1540.340084
334.102433,100,1540.501786
348.383424,100,1540.702485
416.751186,100,1540.960518
314.601059,100,1541.146814
364.884287,100,1541.324035
389.048548,100,1541.48385
373.85889,100,1541.641873
362.853966,100,1541.810576
415.567119,100,1541.979132
293.079424,100,1556.002304
446.12523,100,1556.306291
399.142518,100,1556.610428
330.390121,100,1556.907068
447.074706,100,1557.130822
266.408393,100,1557.408158
294.837985,100,1557.690418
300.277428,100,1557.943012
340.540524,100,1558.146793
345.257278,100,1558.373402
333.309718,100,1570.334621
264.676744,100,1570.477591
398.186364,100,1570.619624
320.692135,100,1570.774892
325.575933,100,1570.948862
299.935969,100,1571.252397
427.811528,100,1571.409282
352.735914,100,1571.590496
354.441877,100,1571.75928
327.112651,100,1571.904997
366.217242,100,1583.279154
358.241081,100,1583.441179
393.352383,100,1583.595793
355.503767,100,1583.743886
363.828348,100,1583.890662
364.064447,100,1584.041558
387.886499,100,1584.193175
393.631641,100,1584.343054
373.902531,100,1584.486802
322.179287,100,1584.633996
347.222129,100,1597.801839
271.641398,100,1598.152167
346.434422,100,1598.504755
403.440337,100,1598.858984
304.738787,100,1599.009856
305.47838,100,1599.183708
392.733973,100,1599.422842
411.848431,100,1599.566763
375.679349,100,1599.746727
385.33597,100,1599.893464
330.938879,100,1611.838921
316.159474,100,1611.994713
348.242783,100,1612.145838
373.058519,100,1612.292537
338.80799,100,1612.457665
391.031606,100,1612.61712
368.456963,100,1612.778908
317.470892,100,1612.928477
352.637508,100,1613.081344
307.440648,100,1613.337068
344.759494,100,1625.838887
301.966486,100,1626.000942
335.803209,100,1626.170895
367.499796,100,1626.333631
347.435577,100,1626.511169
415.465246,100,1626.67916
397.674336,100,1626.844326
394.694646,100,1627.011107
357.276802,100,1627.180517
260.250722,100,1627.450094
367.333754,100,1638.326352
368.695555,100,1638.472895
390.348337,100,1638.628599
389.373356,100,1638.787487
376.202162,100,1638.943607
344.613995,100,1639.103566
356.684237,100,1639.259763
306.47389,100,1639.41086
296.793361,100,1639.664693
387.507059,100,1639.81526
422.311873,100,1652.333014
374.605957,100,1652.636112
354.682232,100,1652.933267
387.768416,100,1653.220996
416.324147,100,1653.528315
289.711913,100,1653.802573
318.084693,100,1654.019232
324.887126,100,1654.318275
353.917388,100,1654.625448
280.438716,100,1654.929543
323.746054,100,1666.855672
325.650113,100,1667.035519
323.265273,100,1667.203008
322.41012,100,1667.378588
321.264175,100,1667.564029
295.174794,100,1667.84212
265.314278,100,1668.01199
413.044436,100,1668.227774
348.179489,100,1668.413267
285.120169,100,1668.595351
326.754423,100,1682.010562
397.126922,100,1682.204987
412.692031,100,1682.415831
440.034792,100,1682.57984
370.577536,100,1682.735587
415.01334,100,1682.911721
355.838236,100,1683.072781
335.150787,100,1683.216712
397.238516,100,1683.371976
314.870708,100,1683.52018
330.189439,100,1696.21349
397.130737,100,1696.384045
427.813508,100,1696.549103
289.091851,100,1696.725627
321.472386,100,1696.912414
423.703297,100,1697.113829
323.178382,100,1697.312031
317.681854,100,1697.510916
381.191093,100,1697.816812
424.908862,100,1698.030361
338.098782,100,1710.640817
426.427333,100,1710.823681
349.052651,100,1710.990428
370.978049,100,1711.136517
297.296327,100,1711.282515
401.483663,100,1711.430961
280.474046,100,1711.593146
401.061609,100,1711.839886
337.642423,100,1711.988149
336.379831,100,1712.167037
416.188922,100,1724.72241
322.426963,100,1724.883802
353.827025,100,1725.036475
293.388901,100,1725.186694
327.658805,100,1725.338442
283.102679,100,1725.483302
300.097906,100,1725.674769
326.740518,100,1725.888361
316.843527,100,1726.040833
336.881057,100,1726.212274
398.748063,100,1738.550434
302.404414,100,1738.725877
282.903131,100,1738.912519
377.788954,100,1739.091873
280.431116,100,1739.27635
339.175203,100,1739.452345
327.925008,100,1739.669336
424.721983,100,1739.908552
387.75758,100,1740.099971
339.244136,100,1740.273062
370.908341,100,1754.478955
338.854657,100,1754.62299
357.285499,100,1754.770041
341.705472,100,1754.929809
357.139665,100,1755.080284
318.88187,100,1755.222786
321.600774,100,1755.37211
375.022261,100,1755.518636
253.305207,100,1755.745818
352.641919,100,1755.92002
324.006611,100,1769.549715
347.126221,100,1769.706739
340.492822,100,1769.861721
381.274252,100,1770.000989
314.821685,100,1770.143612
372.814699,100,1770.331858
309.758467,100,1770.559099
259.424626,100,1770.714343
433.895724,100,1770.890614
321.428887,100,1771.044873
379.891385,100,1.534971
412.704399,100,1.691678
286.384713,100,1.834055
434.115371,100,1.982086
350.367758,100,2.148546
423.808812,100,2.300565
332.455648,100,2.442014
341.277163,100,2.585025
314.944109,100,2.722961
306.885313,100,2.865451
315.74307,100,15.645755
372.331789,100,15.826574
439.699799,100,16.008185
371.007773,100,16.193836
324.434922,100,16.356436
366.92433,100,16.50704
308.620392,100,16.662561
417.428848,100,16.822631
371.690131,100,16.971386
398.514335,100,17.182371
349.492976,100,28.761544
324.324668,100,28.936296
405.096846,100,29.11955
443.050315,100,29.379705
417.310618,100,29.602396
311.656286,100,29.818986
327.608372,100,29.973478
315.11642,100,30.123643
427.621568,100,30.276361
358.320496,100,30.420142
387.078098,100,41.83643
397.425389,100,42.133018
266.523276,100,42.441491
316.762383,100,42.744075
328.426261,100,43.039807
288.610602,100,43.360307
342.248411,100,43.570088
389.373461,100,43.747551
399.667315,100,43.914593
345.594379,100,44.070479
326.128393,100,55.925368
372.514204,100,56.090758
392.408878,100,56.249461
360.570678,100,56.414711
432.228239,100,56.601467
401.234542,100,56.780754
376.542583,100,56.93152
397.777084,100,57.087567
293.751221,100,57.271297
369.831578,100,57.508354
297.351315,100,69.738607
384.462201,100,69.948659
348.012174,100,70.140765
331.128947,100,70.341718
424.702105,100,70.545372
394.745077,100,70.73383
297.413708,100,70.919699
360.20312,100,71.097714
296.484381,100,71.319574
277.789117,100,71.557305
338.107061,100,84.470703
338.868043,100,84.67836
322.778557,100,84.87114
362.368915,100,85.053578
319.215445,100,85.240512
379.414703,100,85.439816
304.633902,100,85.757478
380.823433,100,85.966168
389.640574,100,86.186821
418.116211,100,86.415644
388.247194,100,98.832274
265.073547,100,98.984748
377.57724,100,99.126289
309.108275,100,99.269549
320.128156,100,99.422626
280.374505,100,99.585235
312.405407,100,99.841757
328.710091,100,100.000445
299.380987,100,100.166549
321.009713,100,100.312017
350.174543,100,110.921242
356.467444,100,111.084554
325.889482,100,111.25241
285.82765,100,111.399764
318.55899,100,111.558701
320.638909,100,111.832148
387.038925,100,112.05634
340.376612,100,112.357259
329.144631,100,112.654575
275.506799,100,112.961091
416.478303,100,124.463677
446.168732,100,124.645595
357.277865,100,124.82404
427.598146,100,125.028459
416.343063,100,125.21185
323.142671,100,125.394694
426.332996,100,125.577781
362.354355,100,125.84155
362.947303,100,126.013506
360.106607,100,126.207242
353.756844,100,138.460278
303.070111,100,138.624401
340.839941,100,138.786715
325.883523,100,138.967717
388.653813,100,139.164925
325.713209,100,139.344835
392.753308,100,139.505134
295.414526,100,139.752611
426.849921,100,139.940369
365.222565,100,140.131327
331.181293,100,156.461426
396.5033,100,156.772604
382.507639,100,157.076487
381.567888,100,157.393342
383.653703,100,157.699737
340.646894,100,157.948164
341.829893,100,158.194444
401.447348,100,158.410405
273.410293,100,158.614084
321.289868,100,158.842018
286.745491,100,171.919108
390.776237,100,172.125418
298.127327,100,172.365354
297.245076,100,172.579781
418.571636,100,172.751781
367.745532,100,172.925463
384.755288,100,173.10135
376.42264,100,173.271697
358.018325,100,173.440244
409.030742,100,173.615298
358.484838,100,188.301343
365.503872,100,188.457645
332.851992,100,188.601388
439.168378,100,188.763639
369.293739,100,188.927575
339.759703,100,189.0878
318.133687,100,189.257629
361.77264,100,189.4385
366.831701,100,189.591458
341.744822,100,189.810208
392.375049,100,203.190013
338.010169,100,203.348664
278.667926,100,203.506075
318.807039,100,203.671231
457.986775,100,203.941477
252.262996,100,204.100583
331.098374,100,204.286508
319.222972,100,204.454756
393.96254,100,204.607459
386.045027,100,204.767317
380.312622,100,215.888516
448.938844,100,216.052466
295.294533,100,216.223706
279.189989,100,216.38382
403.572115,100,216.543255
358.798546,100,216.701588
379.050168,100,216.858835
288.120197,100,217.006162
384.387557,100,217.157237
298.484026,100,217.308171
386.719558,100,229.228599
344.029695,100,229.391832
356.006383,100,229.552008
407.446563,100,229.714667
308.198167,100,229.984455
352.820261,100,230.16683
322.410117,100,230.373222
352.495772,100,230.557792
359.727574,100,230.739027
366.223204,100,230.917185
288.910537,100,243.967607
329.555714,100,244.151498
393.956795,100,244.357748
305.489291,100,244.540086
299.269604,100,244.712294
419.618412,100,244.885058
330.80862,100,245.090057
299.98247,100,245.290209
314.129647,100,245.476821
406.260296,100,245.654979
317.520632,100,257.707759
331.134765,100,257.969168
345.377519,100,258.149301
402.620776,100,258.33308
404.274218,100,258.482816
398.988626,100,258.634073
444.238808,100,258.787557
412.780079,100,258.950823
336.51356,100,259.116296
420.429827,100,259.277191
396.75608,100,271.37769
333.009542,100,271.54308
360.491505,100,271.723012
402.393539,100,271.970626
369.193508,100,272.131648
343.346618,100,272.316312
401.67662,100,272.459699
358.365559,100,272.606531
403.353109,100,272.761514
360.367562,100,272.910656
378.752531,100,289.810732
377.21764,100,289.952304
324.031155,100,290.09368
284.547319,100,290.244634
338.204127,100,290.501377
392.809214,100,290.656432
371.470308,100,290.83222
334.068492,100,290.996457
338.626261,100,291.152018
320.376106,100,291.299651
378.572085,100,303.32982
373.69819,100,303.707782
338.794399,100,304.076639
406.115369,100,304.466304
356.994781,100,304.846288
388.698395,100,305.133493
350.909349,100,305.408142
400.417898,100,305.724493
408.238658,100,306.042933
335.324893,100,306.347638
306.329551,100,317.955819
356.175513,100,318.109865
373.567641,100,318.26696
390.854148,100,318.426496
328.468076,100,318.573716
388.139008,100,318.765114
296.429346,100,318.976706
316.539367,100,319.124193
416.866471,100,319.285324
337.09663,100,319.450408
317.942938,100,330.456618
332.846491,100,330.599664
343.879362,100,330.830605
331.098546,100,331.069382
406.275691,100,331.309949
386.961301,100,331.527133
357.585226,100,331.754833
372.290877,100,331.962756
358.587995,100,332.181005
416.729163,100,332.393444
336.335049,100,347.06938
408.666941,100,347.216957
388.442963,100,347.380133
313.023635,100,347.513213
333.611062,100,347.649629
475.011792,100,347.788932
377.523985,100,347.935152
351.813096,100,348.098125
400.182629,100,348.252383
351.120814,100,348.404373
295.837001,100,359.533592
338.099291,100,359.67979
378.171996,100,359.840907
395.95187,100,360.011287
308.715083,100,360.17284
274.060696,100,360.332792
390.344695,100,360.494696
349.353278,100,360.665122
274.85219,100,360.810709
359.658799,100,361.059706
370.959329,100,372.502999
455.052093,100,372.661059
384.095568,100,372.811452
354.171867,100,373.068092
314.453828,100,373.252211
283.760742,100,373.431832
352.946613,100,373.597717
420.69888,100,373.744809
364.165635,100,373.914102
309.923969,100,374.083479
341.267839,100,386.138063
349.175347,100,386.298528
339.619985,100,386.458085
333.59608,100,386.619302
366.006682,100,386.774778
364.020286,100,386.927989
302.08768,100,387.086236
368.776371,100,387.351484
369.42835,100,387.516298
386.78611,100,387.688135
370.598978,100,400.346944
303.462621,100,400.520725
401.848954,100,400.681593
319.989683,100,400.836273
358.776984,100,401.001559
345.662092,100,401.199254
322.46572,100,401.407353
386.931491,100,401.577026
313.458818,100,401.746456
387.083898,100,401.895708
402.782926,100,414.50657
403.943873,100,414.816556
433.449601,100,415.139134
383.812931,100,415.458651
430.424953,100,415.706473
398.739885,100,416.020356
339.165538,100,416.33315
357.800785,100,416.632843
333.56152,100,416.935832
329.970857,100,417.247016
395.984238,100,430.099579
265.616356,100,430.270852
431.409437,100,430.429809
305.404736,100,430.602669
313.348574,100,430.763019
392.978019,100,430.913696
358.569166,100,431.063706
387.245052,100,431.28893
335.655154,100,431.450612
368.941049,100,431.641176
279.987302,100,442.051845
347.57572,100,442.194231
372.235424,100,442.335334
382.991961,100,442.504754
304.154633,100,442.644966
361.021688,100,442.780858
412.343597,100,442.921799
347.934378,100,443.065573
305.091459,100,443.310086
387.557041,100,443.478578
409.967144,100,454.248388
401.083519,100,454.419391
377.878124,100,454.57736
269.690715,100,454.73846
379.406257,100,454.893309
393.906084,100,455.054149
326.183893,100,455.297368
292.756875,100,455.48513
322.948811,100,455.649915
368.570852,100,455.799792
385.977409,100,469.211541
359.337543,100,469.532219
304.442669,100,469.815284
327.519935,100,470.092576
360.297226,100,470.419569
338.724118,100,470.624163
382.804046,100,470.809737
348.933184,100,470.988093
409.644829,100,471.188693
337.624651,100,471.407361
388.853915,100,484.291937
326.978766,100,484.424984
420.810481,100,484.582446
297.808802,100,484.750872
343.340263,100,484.91668
366.434316,100,485.092033
386.051784,100,485.279224
364.702863,100,485.545762
422.358434,100,485.72074
375.754996,100,485.883975
301.315144,100,496.393258
408.822139,100,496.543204
393.674201,100,496.708374
388.673572,100,496.862256
369.012988,100,497.018617
412.8946,100,497.17029
394.417484,100,497.30917
411.122436,100,497.543305
443.145852,100,497.69453
335.353938,100,497.862422
369.094105,100,510.681386
412.344438,100,510.839665
267.718432,100,510.999055
323.351585,100,511.153403
318.469819,100,511.316042
301.299546,100,511.570461
382.823815,100,511.727291
436.62795,100,511.903293
367.951694,100,512.048043
375.261142,100,512.198278
397.702017,100,522.734274
420.910877,100,522.865155
359.949365,100,523.002466
360.051749,100,523.164614
378.094972,100,523.329318
323.667655,100,523.578705
420.773552,100,523.721985
340.978926,100,523.889765
327.90572,100,524.045292
348.972011,100,524.21144
333.556444,100,535.171484
340.742008,100,535.309171
364.804524,100,535.543112
288.3287,100,535.712642
360.776351,100,535.888736
384.689583,100,536.043291
320.964768,100,536.185053
323.434408,100,536.334523
255.945113,100,536.482444
351.586559,100,536.625082
340.033899,100,547.984195
370.584093,100,548.17169
340.182928,100,548.359869
375.116462,100,548.56029
363.449986,100,548.73876
330.345817,100,548.912941
354.051731,100,549.086061
408.601822,100,549.262218
414.527136,100,549.540653
376.085721,100,549.715842
371.840257,100,561.279451
350.264235,100,561.505707
343.910443,100,561.68554
371.9419,100,561.827842
449.724336,100,561.9818
281.616482,100,562.121155
394.920915,100,562.267581
383.798804,100,562.414185
339.995316,100,562.574218
449.405052,100,562.72278
420.426778,100,574.982577
462.449139,100,575.130713
376.937814,100,575.287219
404.25808,100,575.519514
337.751008,100,575.702407
254.611192,100,575.859737
298.051951,100,576.025393
397.376642,100,576.18758
398.856116,100,576.363328
350.849106,100,576.531788
405.006246,100,588.195062
408.774994,100,588.341228
320.624648,100,588.485263
356.286637,100,588.629376
342.078442,100,588.768214
328.884112,100,588.899859
420.943497,100,589.036758
423.526349,100,589.17698
360.917787,100,589.319858
396.593787,100,589.56912
415.540847,100,601.033984
326.351997,100,601.201236
330.87648,100,601.377114
365.798868,100,601.590932
369.992408,100,601.82867
310.003209,100,602.033059
256.181357,100,602.204206
370.913537,100,602.383306
408.225584,100,602.553237
399.391194,100,602.762296
358.877963,100,614.089582
397.880755,100,614.247715
360.312937,100,614.408057
345.320381,100,614.56853
333.894698,100,614.716513
428.766429,100,614.874712
333.869771,100,615.019762
354.630901,100,615.164749
404.401887,100,615.312363
367.198106,100,615.464759
372.663115,100,628.39849
433.121947,100,628.701116
391.163742,100,629.030573
332.635252,100,629.386526
328.996358,100,629.727382
431.599549,100,630.0478
297.333812,100,630.361053
404.340402,100,630.612558
379.154818,100,630.88932
350.52697,100,631.190686
349.510546,100,645.61928
414.656994,100,645.802423
263.305594,100,645.99151
413.576878,100,646.177149
444.730462,100,646.454094
371.25382,100,646.644617
371.200237,100,646.83474
440.199545,100,647.010037
374.214397,100,647.19572
337.962989,100,647.361641
335.950147,100,657.993915
370.002842,100,658.145168
310.859437,100,658.414392
332.300018,100,658.615592
431.069907,100,658.776675
401.436132,100,658.933307
424.232619,100,659.075031
298.400266,100,659.230223
386.013717,100,659.383377
370.455716,100,659.543071
314.777328,100,670.536667
347.347141,100,670.794717
389.25109,100,670.955263
329.476027,100,671.100869
380.02953,100,671.270151
321.118673,100,671.410078
399.487095,100,671.550299
419.429644,100,671.7062
401.262892,100,671.861284
372.571564,100,672.018059
308.002858,100,683.71006
384.756691,100,683.855942
348.356377,100,684.001324
418.683371,100,684.145067
375.717908,100,684.305174
453.987389,100,684.448666
296.78579,100,684.63915
433.166701,100,684.853458
353.991466,100,684.998758
265.033884,100,685.168079
384.616123,100,695.624395
361.999883,100,695.801428
315.647253,100,695.962713
376.943652,100,696.126981
291.256937,100,696.287728
315.366936,100,696.441515
368.311272,100,696.639451
309.775447,100,696.861832
316.387436,100,697.017124
274.525026,100,697.190153
353.83396,100,711.633604
381.00706,100,711.93041
367.531004,100,712.250241
308.179137,100,712.552814
370.105891,100,712.855637
313.110335,100,713.164569
386.526267,100,713.42136
390.152519,100,713.663142
405.753965,100,713.973587
312.331249,100,714.289171
375.994401,100,727.482259
370.174602,100,727.652756
369.959133,100,727.788465
383.209992,100,727.9247
351.563922,100,728.060572
300.241183,100,728.216027
338.930936,100,728.383827
325.547942,100,728.528127
386.808401,100,728.68492
376.571057,100,728.839089
324.115408,100,739.599205
408.432079,100,739.762447
344.943277,100,739.915414
342.324317,100,740.066227
325.397509,100,740.215296
322.679138,100,740.379223
418.807171,100,740.55155
317.279949,100,740.708339
276.402089,100,740.859048
410.780021,100,741.013674
439.321072,100,751.677178
351.025171,100,751.839398
350.205867,100,751.989164
392.460649,100,752.140347
378.180725,100,752.297337
313.564497,100,752.447031
365.474797,100,752.592723
417.004536,100,752.733732
369.683709,100,752.870842
322.346693,100,753.015772
383.35022,100,764.390338
338.67752,100,764.564304
411.798901,100,764.736282
372.029652,100,764.908239
284.384911,100,765.07663
402.660569,100,765.280975
377.917934,100,765.534752
322.962695,100,765.704671
263.631612,100,765.880193
380.113268,100,766.034771
326.09353,100,779.639414
336.095619,100,779.896046
315.104763,100,780.197327
340.404638,100,780.514464
335.933723,100,780.831048
351.984471,100,781.148624
322.360828,100,781.464926
334.615502,100,781.759471
396.23571,100,781.9785
302.440766,100,782.29811
293.513189,100,794.597159
358.232983,100,794.75864
374.223415,100,794.914629
276.295092,100,795.08415
424.092138,100,795.250204
325.947187,100,795.39776
427.646369,100,795.582797
339.997332,100,795.812495
390.776679,100,795.964319
350.419119,100,796.14313
322.08212,100,806.928159
364.489747,100,807.08847
282.910445,100,807.25852
396.464822,100,807.419274
360.321993,100,807.61276
336.647742,100,807.83118
347.055507,100,808.008469
403.791585,100,808.209632
318.929859,100,808.404099
358.608399,100,808.586366
409.996717,100,822.558427
343.475521,100,822.70642
354.561366,100,822.850392
376.000721,100,823.004396
314.941557,100,823.1624
389.407693,100,823.30702
332.664779,100,823.447466
406.387077,100,823.650784
302.500031,100,823.836567
404.837402,100,823.996063
339.751203,100,835.815639
413.000924,100,836.040238
441.237312,100,836.328859
296.284478,100,836.621744
308.812016,100,836.909889
446.252484,100,837.197671
353.50682,100,837.482035
372.50536,100,837.787217
391.394495,100,838.046158
316.952433,100,838.33259
387.041713,100,850.408333
283.66513,100,850.56073
305.195467,100,850.719582
313.737342,100,850.886477
443.358847,100,851.043664
375.256765,100,851.193828
433.79284,100,851.339958
367.543921,100,851.483829
348.373903,100,851.719751
374.069645,100,851.880646
393.03392,100,864.309596
341.319188,100,864.471934
362.657141,100,864.635862
334.028427,100,864.806976
310.050077,100,864.964847
416.534764,100,865.129939
383.448164,100,865.285012
303.575205,100,865.440635
401.20022,100,865.647949
364.177471,100,865.85504
284.676847,100,876.891598
359.789803,100,877.047944
409.055854,100,877.199268
335.367882,100,877.350027
410.987579,100,877.503146
396.156429,100,877.762758
358.458461,100,877.920299
357.715977,100,878.085666
323.158211,100,878.232391
414.91079,100,878.384795
434.692036,100,888.765771
415.011052,100,888.926096
335.292994,100,889.083045
327.826017,100,889.234
331.825634,100,889.37734
374.025395,100,889.528799
412.292696,100,889.773545
371.342467,100,889.923028
350.672532,100,890.089164
310.353818,100,890.238742
398.96072,100,903.042787
375.69698,100,903.349084
362.307603,100,903.635863
436.637104,100,903.902704
407.15192,100,904.15945
283.620073,100,904.454093
313.209899,100,904.758143
359.410802,100,905.053095
320.804903,100,905.368194
437.327796,100,905.67862
352.133273,100,917.492697
275.421444,100,917.735125
403.993675,100,917.879823
348.131083,100,918.029652
391.154686,100,918.198635
378.04814,100,918.349098
399.44566,100,918.501445
334.733006,100,918.660377
418.812768,100,918.812489
383.014121,100,918.954413
356.715301,100,930.939532
395.93813,100,931.108446
379.733898,100,931.273046
292.468452,100,931.440766
364.303222,100,931.650034
236.69864,100,931.860099
402.800636,100,932.046046
293.247627,100,932.215584
374.713901,100,932.380423
362.756683,100,932.559819
331.64357,100,944.332708
299.369286,100,944.499715
384.831149,100,944.664418
354.630589,100,944.833199
389.9251,100,944.997657
375.609735,100,945.187568
346.749615,100,945.368071
349.707626,100,945.528457
303.978599,100,945.784252
374.417079,100,945.951026
392.008369,100,958.839494
389.301932,100,958.989265
365.838,100,959.142052
318.98459,100,959.306565
403.039697,100,959.472239
387.404569,100,959.644657
329.567333,100,959.799206
308.720918,100,959.948209
341.198475,100,960.113447
389.675961,100,960.370321
375.44788,100,971.941205
332.033596,100,972.097867
424.700675,100,972.370801
337.345568,100,972.551102
379.850187,100,972.728359
430.307221,100,972.90464
296.129382,100,973.077318
309.404265,100,973.268673
321.095679,100,973.453051
359.814513,100,973.602618
432.514437,100,986.39768
338.099004,100,986.588124
380.479642,100,986.802966
416.65042,100,986.951498
423.948803,100,987.120411
306.835623,100,987.273386
398.469647,100,987.416668
390.999272,100,987.567412
295.825023,100,987.736365
311.524958,100,987.884736
379.99329,100,1001.104386
322.883426,100,1001.290219
366.211726,100,1001.451767
385.730993,100,1001.608627
412.3683,100,1001.767978
368.246474,100,1001.941137
392.791025,100,1002.109838
323.742933,100,1002.284965
348.644227,100,1002.456832
388.422961,100,1002.666761
355.09073,100,1017.408501
412.888803,100,1017.592666
339.072176,100,1017.773364
417.435046,100,1017.945138
428.865815,100,1018.11774
375.465405,100,1018.326356
392.131492,100,1018.531185
386.833502,100,1018.83712
354.954815,100,1019.018555
255.062527,100,1019.223551
319.669592,100,1033.336869
307.091524,100,1033.555067
305.429103,100,1033.768911
318.273596,100,1034.001121
346.07402,100,1034.216831
364.098201,100,1034.405271
299.590712,100,1034.628416
416.979265,100,1034.907278
320.052477,100,1035.115697
421.616437,100,1035.321262
332.179735,100,1046.729204
353.632787,100,1046.935175
354.393144,100,1047.100581
287.328655,100,1047.270709
323.293523,100,1047.418408
354.85259,100,1047.570099
344.861589,100,1047.725084
389.066734,100,1047.883971
283.495171,100,1048.030622
344.754002,100,1048.184204
352.146789,100,1059.369606
431.411252,100,1059.51628
396.137212,100,1059.656667
288.958404,100,1059.807184
389.519464,100,1059.958814
403.344412,100,1060.107711
429.202726,100,1060.251044
385.611787,100,1060.391843
348.919,100,1060.551596
380.751633,100,1060.776521
339.886497,100,1071.368492
412.459833,100,1071.522446
398.122644,100,1071.67426
385.301552,100,1071.838644
332.849798,100,1072.008392
396.065583,100,1072.170668
318.065351,100,1072.331451
356.812332,100,1072.484691
420.340048,100,1072.640221
430.736332,100,1072.874666
370.672898,100,1083.869989
419.132124,100,1084.01975
318.029621,100,1084.17672
367.377242,100,1084.31677
369.501154,100,1084.473069
339.915556,100,1084.620616
333.954451,100,1084.824171
341.571295,100,1085.01735
311.461216,100,1085.176763
412.900227,100,1085.341104
342.841463,100,1097.311473
392.821641,100,1097.476599
322.723479,100,1097.62886
391.927111,100,1097.777577
325.858118,100,1097.936977
374.621069,100,1098.083567
377.500999,100,1098.246355
345.2311,100,1098.411961
377.183919,100,1098.561368
395.459198,100,1098.703938
371.93825,100,1109.695581
403.119659,100,1109.851801
385.5452,100,1110.025358
386.989283,100,1110.19739
431.062919,100,1110.355014
389.015927,100,1110.514527
426.748593,100,1110.672505
373.432926,100,1110.908645
375.790811,100,1111.103473
399.843473,100,1111.303821
428.267434,100,1122.956371
322.839557,100,1123.106461
360.982376,100,1123.285501
304.448578,100,1123.439789
328.610395,100,1123.591517
301.961291,100,1123.744191
356.527157,100,1123.903911
399.213041,100,1124.088151
283.606123,100,1124.254148
396.87363,100,1124.432672
351.940893,100,1136.471698
406.012574,100,1136.61568
393.840795,100,1136.800178
403.282797,100,1137.027018
359.200613,100,1137.217404
375.981405,100,1137.371298
372.76417,100,1137.517931
372.891107,100,1137.657543
282.920568,100,1137.81112
310.81167,100,1138.015196
393.247938,100,1149.966753
270.523602,100,1150.11549
353.713944,100,1150.266145
319.636248,100,1150.428829
338.501483,100,1150.594238
338.23377,100,1150.742131
347.356285,100,1150.889939
359.317469,100,1151.048927
405.54552,100,1151.21597
366.228407,100,1151.429695
402.15925,100,1163.891205
358.744924,100,1164.037743
413.053196,100,1164.207794
356.201841,100,1164.365256
329.835967,100,1164.514944
357.469773,100,1164.672954
376.751904,100,1164.828054
273.392225,100,1164.990634
338.968772,100,1165.146855
307.90354,100,1165.411274
336.679108,100,1179.848508
348.869549,100,1179.997189
338.351698,100,1180.144809
340.202276,100,1180.307043
378.866599,100,1180.474122
303.168626,100,1180.631414
333.969965,100,1180.791516
436.126919,100,1180.951286
438.842635,100,1181.102869
319.494789,100,1181.332946
356.510984,100,1192.126768
323.161426,100,1192.284339
413.901519,100,1192.43181
412.497596,100,1192.59113
315.340574,100,1192.74946
431.684556,100,1192.896791
377.275005,100,1193.060018
348.732024,100,1193.265615
300.697315,100,1193.472828
413.451419,100,1193.633506
413.687048,100,1204.558451
378.42559,100,1204.729593
309.983983,100,1204.898167
357.819295,100,1205.059344
435.950261,100,1205.318808
283.783778,100,1205.544406
415.282445,100,1205.747826
301.343004,100,1205.918909
402.313844,100,1206.095283
384.423108,100,1206.292342
328.525139,100,1217.283047
287.754752,100,1217.538237
380.597534,100,1217.689571
393.892112,100,1217.850164
308.080616,100,1218.008833
336.985637,100,1218.163761
407.114136,100,1218.318073
291.900894,100,1218.456218
284.892171,100,1218.61263
391.546361,100,1218.763606
384.512452,100,1230.159971
383.068099,100,1230.300961
372.351829,100,1230.441659
329.736905,100,1230.584508
351.932562,100,1230.73964
340.977,100,1230.894714
346.976392,100,1231.049373
452.504478,100,1231.197807
348.535055,100,1231.348378
408.172046,100,1231.496306
407.473465,100,1243.733817
360.434584,100,1243.903068
373.672529,100,1244.080463
373.469034,100,1244.243667
307.221907,100,1244.400311
356.02778,100,1244.551636
335.45011,100,1244.704123
350.801877,100,1244.86751
352.76105,100,1245.022372
354.920686,100,1245.188755
329.785577,100,1255.94409
411.789315,100,1256.182309
385.606218,100,1256.343605
382.088611,100,1256.541404
448.176873,100,1256.728466
345.889277,100,1256.900143
320.624439,100,1257.060816
331.304442,100,1257.242337
383.119939,100,1257.411441
409.6457,100,1257.561771
314.883147,100,1269.255801
402.275958,100,1269.612472
287.772505,100,1269.958573
357.977453,100,1270.233922
352.84584,100,1270.489541
336.724632,100,1270.792146
394.285132,100,1271.096927
427.353428,100,1271.392777
277.428452,100,1271.687139
355.429141,100,1271.993601
319.883709,100,1284.688289
329.981609,100,1284.84434
421.90296,100,1284.991262
338.614953,100,1285.152108
376.985373,100,1285.318766
356.029929,100,1285.481268
334.494559,100,1285.650496
374.487456,100,1285.807172
423.961423,100,1286.040137
336.006224,100,1286.223667
385.015526,100,1301.173583
432.50285,100,1301.357395
322.491956,100,1301.524448
370.843635,100,1301.684786
371.330033,100,1301.840298
369.967036,100,1302.024846
398.166242,100,1302.295262
385.662412,100,1302.467433
324.394706,100,1302.660632
338.136628,100,1302.836456
428.512229,100,1314.549635
370.526158,100,1314.760979
373.18013,100,1314.91445
294.231333,100,1315.090543
317.299198,100,1315.258057
437.869261,100,1315.412513
344.604623,100,1315.55831
409.744694,100,1315.712769
305.376267,100,1315.855968
439.577808,100,1315.995047
409.590024,100,1328.852175
378.102955,100,1329.054239
291.283805,100,1329.239692
351.423884,100,1329.411031
369.268532,100,1329.576406
404.767068,100,1329.748853
359.846187,100,1329.95665
388.436817,100,1330.144079
421.194209,100,1330.317709
341.209437,100,1330.492409
393.928949,100,1343.434206
361.095369,100,1343.571924
318.726589,100,1343.722048
367.883165,100,1343.874687
386.281818,100,1344.023101
375.233555,100,1344.173
392.207982,100,1344.319521
423.800916,100,1344.461068
379.706539,100,1344.637701
353.492586,100,1344.845851
334.22068,100,1357.520349
384.619989,100,1357.695502
358.369576,100,1357.865666
315.861809,100,1358.051375
376.749828,100,1358.239847
374.610541,100,1358.425631
351.303056,100,1358.596502
346.750527,100,1358.765682
346.173808,100,1359.01444
362.64008,100,1359.22097
337.929107,100,1370.99598
348.941637,100,1371.20641
410.568621,100,1371.394571
310.857031,100,1371.588226
405.184931,100,1371.784016
386.940711,100,1371.977626
429.820589,100,1372.171043
304.334748,100,1372.353363
392.452732,100,1372.54024
402.894376,100,1372.732824
292.933113,100,1384.800651
389.656682,100,1385.03447
404.037616,100,1385.210563
411.607815,100,1385.363858
397.816812,100,1385.536811
338.370018,100,1385.69363
433.606566,100,1385.860845
441.398934,100,1386.025252
415.628592,100,1386.194498
395.914745,100,1386.361313
347.407559,100,1398.477115
313.788918,100,1398.640442
331.821931,100,1398.812696
351.424673,100,1399.074928
336.656375,100,1399.238723
382.975783,100,1399.409261
421.750511,100,1399.554358
402.155106,100,1399.695529
285.408165,100,1399.84536
346.857986,100,1400.005108
302.650506,100,1410.51132
340.885342,100,1410.643912
307.593593,100,1410.783761
355.594877,100,1410.997392
384.141386,100,1411.269515
423.453001,100,1411.489219
341.957706,100,1411.685547
350.007846,100,1411.879993
336.576348,100,1412.074981
348.042156,100,1412.292011
371.857287,100,1426.461756
390.296348,100,1426.609266
363.319033,100,1426.763162
388.832126,100,1427.004002
391.693512,100,1427.188994
387.235667,100,1427.362395
253.003074,100,1427.518307
406.271419,100,1427.672451
281.408585,100,1427.826681
405.20369,100,1427.995419
376.655826,100,1438.971426
328.382719,100,1439.182039
397.240356,100,1439.387582
278.345311,100,1439.529544
435.242651,100,1439.696868
361.760254,100,1439.837008
424.348229,100,1439.977775
307.932295,100,1440.126226
473.814814,100,1440.28696
319.542674,100,1440.441984
379.276859,100,1452.383151
310.155138,100,1452.540509
304.659578,100,1452.679559
419.850305,100,1452.81848
360.349036,100,1452.961604
428.711222,100,1453.158829
396.281693,100,1453.356751
421.517581,100,1453.524853
277.254268,100,1453.657175
330.570926,100,1453.791461
356.840909,100,1468.177923
378.204907,100,1468.501289
303.312364,100,1468.8136
377.612809,100,1469.120571
286.932026,100,1469.408195
455.95562,100,1469.64932
359.992452,100,1469.950735
343.989994,100,1470.27381
297.791719,100,1470.560131
349.773912,100,1470.833197
355.18989,100,1484.706274
304.742244,100,1484.882682
297.4053,100,1485.074378
312.628296,100,1485.347299
388.789297,100,1485.551808
288.892931,100,1485.757921
360.0428,100,1485.936557
360.258078,100,1486.117109
351.188777,100,1486.313209
342.030556,100,1486.503512
347.291451,100,1499.961264
352.599851,100,1500.160811
381.824214,100,1500.38387
439.780136,100,1500.601174
338.294146,100,1500.800846
392.919825,100,1500.990438
412.059741,100,1501.265946
380.753264,100,1501.480815
384.478128,100,1501.686405
431.595399,100,1501.860867
326.040195,100,1514.23414
438.921352,100,1514.38765
403.818008,100,1514.540973
364.477728,100,1514.695171
467.48962,100,1514.852211
292.422586,100,1514.995104
332.172884,100,1515.253918
297.009054,100,1515.49212
333.486601,100,1515.65643
367.405704,100,1515.84282
337.868242,100,1528.597486
304.36539,100,1528.76187
402.542048,100,1528.90925
347.147614,100,1529.056531
338.68786,100,1529.319681
312.302794,100,1529.470238
438.416745,100,1529.638129
401.233705,100,1529.777774
381.0666,100,1529.918665
346.949523,100,1530.058631
380.520376,100,1540.511872
376.68782,100,1540.679629
415.79375,100,1540.836695
382.869749,100,1540.982521
388.313412,100,1541.184211
388.573251,100,1541.379146
403.715628,100,1541.538522
429.835537,100,1541.684347
398.658747,100,1541.838198
350.421703,100,1541.982489
352.6788,100,1555.322987
315.320111,100,1555.583059
370.603931,100,1555.763763
408.859316,100,1555.946386
302.864937,100,1556.120994
326.75749,100,1556.298965
397.762826,100,1556.486692
427.486783,100,1556.676334
387.351277,100,1556.841347
394.276503,100,1556.998257
360.314514,100,1568.85308
326.234671,100,1568.995179
359.864353,100,1569.13902
384.557927,100,1569.312207
356.312333,100,1569.554969
399.969666,100,1569.706649
393.627814,100,1569.873617
334.58471,100,1570.028197
364.900846,100,1570.186636
335.846064,100,1570.346596
364.170953,100,1581.300814
324.435849,100,1581.59393
368.64451,100,1581.859774
384.528423,100,1582.163092
359.598018,100,1582.474113
424.792968,100,1582.778903
402.79424,100,1583.087172
409.538713,100,1583.397045
372.439569,100,1583.669923
280.828454,100,1583.935963
376.698878,100,1596.448329
388.758027,100,1596.614668
414.925321,100,1596.791867
403.878277,100,1596.945101
393.919003,100,1597.089128
364.826098,100,1597.237997
359.140564,100,1597.486673
332.35119,100,1597.637843
324.004266,100,1597.822504
410.13084,100,1598.009405
441.612837,100,1611.195127
395.971113,100,1611.357245
380.375984,100,1611.624438
389.244494,100,1611.778487
424.06769,100,1611.9483
311.51506,100,1612.120592
334.248724,100,1612.286623
339.463427,100,1612.4474
365.767747,100,1612.611653
282.828315,100,1612.785818
357.031389,100,1625.24314
320.198063,100,1625.670123
343.915757,100,1626.05554
338.336878,100,1626.477736
345.192024,100,1626.846078
309.7204,100,1627.203761
275.682327,100,1627.544711
426.495216,100,1627.817028
355.124885,100,1628.145914
293.999739,100,1628.499089
339.310375,100,1640.143404
419.124404,100,1640.304591
445.689862,100,1640.459833
455.236162,100,1640.613573
391.823772,100,1640.778575
435.955416,100,1640.933123
368.66559,100,1641.096035
352.629541,100,1641.253005
416.55571,100,1641.4646
314.039719,100,1641.662589
347.272948,100,1654.409177
403.510065,100,1654.709741
443.67619,100,1655.037555
304.636147,100,1655.403328
352.026526,100,1655.743023
431.861797,100,1656.066752
330.436646,100,1656.425145
325.208056,100,1656.774382
398.5346,100,1657.104663
438.93128,100,1657.450743
349.882296,100,1670.87568
449.117635,100,1671.023223
352.20738,100,1671.17643
387.419088,100,1671.321972
323.322316,100,1671.59756
413.711498,100,1671.762882
294.603565,100,1671.935699
414.636572,100,1672.091451
359.091269,100,1672.244131
357.721153,100,1672.390833
434.296708,100,1684.773754
345.306873,100,1684.968333
369.929957,100,1685.162303
301.580991,100,1685.354714
345.314954,100,1685.630795
294.985736,100,1685.817873
321.42972,100,1686.027152
348.112861,100,1686.213857
306.411318,100,1686.416233
364.663564,100,1686.627508
408.729021,100,1698.156653
302.854011,100,1698.312442
305.357403,100,1698.458654
395.918928,100,1698.611655
295.126744,100,1698.758351
345.629034,100,1698.899433
364.2847,100,1699.04694
442.528154,100,1699.193741
397.868113,100,1699.340053
346.003647,100,1699.614167
382.852005,100,1710.334452
360.232674,100,1710.509822
373.268814,100,1710.676166
359.684114,100,1710.842637
377.585303,100,1711.00279
328.841737,100,1711.172556
311.730347,100,1711.343653
387.651962,100,1711.516527
271.973784,100,1711.732654
377.082348,100,1711.947753
329.497219,100,1726.418036
347.272267,100,1726.717572
336.632725,100,1727.018759
402.215306,100,1727.324208
331.346256,100,1727.619712
385.663565,100,1727.929416
342.16942,100,1728.190259
281.299096,100,1728.432507
443.212227,100,1728.731155
327.130789,100,1729.023621
392.725438,100,1.64261
424.24951,100,1.792853
308.787096,100,1.952678
443.278915,100,2.122888
359.100448,100,2.274325
429.230555,100,2.427145
359.915626,100,2.634609
365.526633,100,2.865069
327.343936,100,3.034077
313.275663,100,3.205499
334.517702,100,13.982114
374.87376,100,14.127984
455.133534,100,14.277145
384.747896,100,14.420583
344.478859,100,14.556701
387.110934,100,14.693298
313.537481,100,14.87139
429.186975,100,15.101521
388.824198,100,15.250256
415.912395,100,15.4115
370.620868,100,26.381076
352.645558,100,26.529841
411.853057,100,26.680288
456.989339,100,26.846023
430.726499,100,27.094272
324.166836,100,27.249489
355.146691,100,27.417676
351.538341,100,27.572027
442.852376,100,27.727612
383.987396,100,27.892991
402.793658,100,39.289157
418.815895,100,39.460432
292.337142,100,39.609088
343.294302,100,39.764739
345.840996,100,39.923323
323.114977,100,40.08254
372.598084,100,40.235497
417.963333,100,40.387326
419.711304,100,40.537968
353.41447,100,40.703552
351.178666,100,54.519044
380.641406,100,54.696095
386.266738,100,54.951354
370.005122,100,55.208765
444.845342,100,55.418851
414.160238,100,55.605309
401.626233,100,55.762627
409.502259,100,55.934683
300.537464,100,56.103564
380.595681,100,56.26493
303.851999,100,67.274423
405.294578,100,67.44006
359.118511,100,67.585031
365.290022,100,67.735076
434.859163,100,67.884384
409.148344,100,68.053097
316.599061,100,68.207989
375.956195,100,68.350433
332.093691,100,68.494694
291.533416,100,68.652389
353.969058,100,81.937109
358.552174,100,82.249434
339.639653,100,82.554001
364.202856,100,82.853259
331.272641,100,83.190412
395.622282,100,83.48736
297.819407,100,83.812665
392.924694,100,84.148926
396.430292,100,84.459706
424.37568,100,84.766287
409.940571,100,97.951797
299.85077,100,98.133477
400.01347,100,98.29465
333.272399,100,98.448615
346.562298,100,98.610046
300.320571,100,98.743914
333.484268,100,98.889128
342.901738,100,99.045814
295.682966,100,99.31227
345.230702,100,99.507472
363.250569,100,111.658497
376.036306,100,111.804772
354.382461,100,111.965924
316.23849,100,112.122597
343.919322,100,112.286577
332.786194,100,112.428647
393.034061,100,112.57136
375.920643,100,112.717426
339.1733,100,112.869106
307.269809,100,113.022107
438.80262,100,126.176702
451.185885,100,126.350894
366.739316,100,126.522415
447.368128,100,126.689794
417.48228,100,126.863187
335.85933,100,127.033952
431.93505,100,127.318572
385.929377,100,127.506834
375.635162,100,127.705979
370.828388,100,127.878083
352.249892,100,141.008347
319.371513,100,141.255959
345.782349,100,141.41012
368.662268,100,141.583695
403.110119,100,141.726547
346.467622,100,141.879517
407.315264,100,142.026039
298.415149,100,142.181663
447.69701,100,142.32307
373.780318,100,142.469826
343.856824,100,154.738623
398.125238,100,154.929764
383.241171,100,155.182499
392.18756,100,155.414493
411.549595,100,155.613671
347.511703,100,155.822149
361.031376,100,156.028008
413.716184,100,156.252558
293.480768,100,156.452682
333.34958,100,156.648802
298.712265,100,168.515484
398.176325,100,168.694152
315.578385,100,168.868729
315.513121,100,169.049959
451.598286,100,169.341471
371.140358,100,169.54428
407.03013,100,169.716144
396.25424,100,169.882302
350.659831,100,170.055467
418.087847,100,170.229421
368.619214,100,182.457333
373.764385,100,182.600552
353.684631,100,182.740843
436.152782,100,182.892627
374.309094,100,183.047629
357.170573,100,183.315992
352.89271,100,183.470526
381.896464,100,183.645898
382.869059,100,183.803517
370.14716,100,183.967317
413.2502,100,196.525052
364.492839,100,196.886531
308.09188,100,197.249316
348.352854,100,197.545471
469.238329,100,197.89927
265.516793,100,198.264009
347.08111,100,198.620393
350.602724,100,198.971851
402.506076,100,199.329205
394.839057,100,199.650384
399.863942,100,212.977456
467.281791,100,213.346379
317.048098,100,213.623302
308.552403,100,213.912341
419.259828,100,214.070597
365.701212,100,214.216095
403.719969,100,214.375877
307.394404,100,214.515633
378.338086,100,214.661284
318.982108,100,214.81375
392.898677,100,226.788011
356.664219,100,226.970604
356.021073,100,227.229438
406.216411,100,227.433851
315.220504,100,227.625985
371.569931,100,227.789387
345.509834,100,227.965583
376.68241,100,228.14028
369.474011,100,228.318105
382.184715,100,228.487057
313.115369,100,240.035287
331.729029,100,240.185721
404.264671,100,240.337865
320.051743,100,240.476875
307.052418,100,240.615753
423.965785,100,240.751727
338.296017,100,240.900795
315.263167,100,241.048812
333.282771,100,241.332827
413.927433,100,241.504447
340.173594,100,253.24631
346.199878,100,253.515627
361.27625,100,253.821208
404.900255,100,254.121197
401.647341,100,254.413042
410.345019,100,254.708473
453.850825,100,255.022428
418.659136,100,255.341376
360.460461,100,255.565139
413.811122,100,255.861185
398.125159,100,267.761058
355.3593,100,267.929502
363.956818,100,268.095127
425.42579,100,268.255117
383.633899,100,268.404039
359.885917,100,268.552971
406.390164,100,268.699422
353.436274,100,268.837826
430.691872,100,269.00089
370.093662,100,269.227125
384.294355,100,279.723515
375.580169,100,279.951724
323.134188,100,280.107742
303.312619,100,280.273163
336.942491,100,280.413516
389.235305,100,280.557333
367.903469,100,280.705107
354.713398,100,280.865739
338.067707,100,281.021028
319.694007,100,281.176833
376.212849,100,292.506021
381.633394,100,292.650564
350.630392,100,292.790653
423.730973,100,292.942512
379.743495,100,293.088642
387.252736,100,293.226616
356.235286,100,293.370575
407.276935,100,293.5129
416.446551,100,293.688106
346.536179,100,293.92816
308.208505,100,304.914237
359.567183,100,305.132719
387.47721,100,305.32729
404.910749,100,305.539098
333.656105,100,305.829238
379.576158,100,306.063683
299.749016,100,306.299926
311.874836,100,306.499906
411.870262,100,306.701705
359.439671,100,306.911699
334.21882,100,318.528224
344.234142,100,318.709977
371.281373,100,318.890111
325.618062,100,319.080939
424.536758,100,319.27368
395.624111,100,319.444734
368.394249,100,319.629624
372.089351,100,319.893776
347.704318,100,320.075402
429.288928,100,320.266092
344.456676,100,333.160028
408.118123,100,333.325087
420.465615,100,333.490481
335.61036,100,333.668206
345.040807,100,333.958374
469.885098,100,334.151603
398.662767,100,334.367689
349.147665,100,334.539724
412.091627,100,334.717981
365.107947,100,334.901821
331.145437,100,348.732912
349.33759,100,349.018259
367.507341,100,349.210391
417.607463,100,349.383716
328.691902,100,349.555963
292.108584,100,349.733293
403.604888,100,349.914048
348.931842,100,350.084588
305.123681,100,350.250646
372.174303,100,350.430784
386.492794,100,362.259341
447.681191,100,362.409436
392.105209,100,362.554885
359.594481,100,362.697939
308.63861,100,362.965849
278.559433,100,363.127704
368.590298,100,363.309029
425.198805,100,363.464635
368.953221,100,363.623247
331.8722,100,363.776738
348.074524,100,375.698608
350.469719,100,375.845692
328.572776,100,375.995622
356.64031,100,376.15409
376.19029,100,376.303102
353.487857,100,376.450056
298.185707,100,376.596409
371.660604,100,376.737536
363.27272,100,376.980553
393.766696,100,377.139256
368.004982,100,387.904688
328.096974,100,388.062351
385.020585,100,388.218636
314.560891,100,388.368598
364.997306,100,388.52244
344.532785,100,388.687382
318.454755,100,388.920587
401.513587,100,389.123384
319.589647,100,389.301223
405.695817,100,389.464735
414.237528,100,401.253754
402.875779,100,401.442638
459.100003,100,401.61692
398.229218,100,401.788219
433.301663,100,401.982054
418.358015,100,402.167651
363.429852,100,402.350396
362.715496,100,402.523887
327.30549,100,402.71007
333.014322,100,402.992534
409.870433,100,416.314684
269.643462,100,416.498311
433.301326,100,416.676928
304.012545,100,416.968113
329.407607,100,417.164789
373.075114,100,417.385535
358.851235,100,417.578388
389.348214,100,417.778002
333.651138,100,417.986125
391.909813,100,418.185331
290.652169,100,431.712866
349.461766,100,431.910641
372.464231,100,432.125987
390.797291,100,432.320125
330.623262,100,432.522031
354.416175,100,432.710431
412.84956,100,433.014895
367.632153,100,433.235815
303.712389,100,433.432
383.594161,100,433.634897
401.575391,100,446.540654
417.75937,100,446.688711
365.761445,100,446.917247
268.032597,100,447.104022
404.742915,100,447.275679
407.467595,100,447.436389
328.288357,100,447.587973
302.957307,100,447.74042
338.634617,100,447.904433
375.00152,100,448.090809
399.872893,100,459.733206
377.155001,100,459.887731
316.898023,100,460.051743
322.733239,100,460.202562
359.502178,100,460.350006
355.372321,100,460.5024
383.392651,100,460.656262
349.028999,100,460.867919
416.728741,100,461.094276
359.442338,100,461.296468
392.949665,100,474.961608
343.111586,100,475.208338
429.033246,100,475.49832
308.076813,100,475.777346
355.656813,100,476.060949
359.123403,100,476.341326
393.920644,100,476.614484
384.543014,100,476.813831
423.610145,100,477.068889
390.592355,100,477.258538
305.678221,100,490.562461
418.23615,100,490.733513
403.902912,100,491.008065
381.581366,100,491.185666
369.748029,100,491.369717
414.731918,100,491.534926
403.893477,100,491.696526
421.073366,100,491.863296
442.212268,100,492.039876
348.782048,100,492.210087
368.283853,100,503.267258
410.094741,100,503.408375
280.736396,100,503.549674
338.802192,100,503.693038
322.854715,100,503.912306
298.617704,100,504.096563
394.483117,100,504.267413
447.306492,100,504.41349
354.018653,100,504.555371
381.239805,100,504.69781
400.202506,100,519.11897
452.543562,100,519.401522
362.303278,100,519.720512
381.054343,100,520.029066
369.641671,100,520.337488
318.843086,100,520.650485
414.043744,100,520.964134
351.172474,100,521.207549
344.264519,100,521.484395
362.234654,100,521.797766
312.106769,100,534.060373
353.634912,100,534.211075
373.430381,100,534.363993
298.988059,100,534.505622
359.751522,100,534.641364
384.051026,100,534.813962
316.814906,100,535.031572
359.991479,100,535.187597
283.532276,100,535.347874
346.883757,100,535.488494
349.022923,100,547.213481
381.48543,100,547.411742
342.596403,100,547.579841
387.398622,100,547.767852
374.024072,100,547.98755
346.746345,100,548.221128
352.719513,100,548.444638
433.926143,100,548.666491
429.153267,100,548.940983
386.029887,100,549.227455
367.424599,100,560.608002
357.375061,100,560.81615
340.13693,100,561.071385
390.349463,100,561.254365
437.26711,100,561.43237
300.218454,100,561.608223
389.756791,100,561.795271
389.138569,100,561.994399
339.857768,100,562.191603
447.515503,100,562.361909
418.478682,100,573.116931
468.083663,100,573.271561
371.644335,100,573.433808
403.070849,100,573.585057
343.440939,100,573.740644
278.956221,100,573.897109
304.470216,100,574.058848
375.414445,100,574.211021
396.122316,100,574.362925
361.16121,100,574.509809
411.605574,100,587.767235
408.579077,100,587.916993
317.801885,100,588.083755
354.575126,100,588.23961
367.450376,100,588.379006
329.775263,100,588.519246
436.859437,100,588.661878
429.716774,100,588.804152
361.434834,100,589.041407
400.166705,100,589.20997
425.27874,100,599.909421
337.635707,100,600.085807
352.569229,100,600.229938
367.553272,100,600.375009
370.664589,100,600.521476
317.372931,100,600.678843
258.824026,100,600.831527
376.192605,100,601.099676
416.042488,100,601.245109
395.594465,100,601.419619
361.827206,100,613.787114
411.155051,100,613.944034
372.392024,100,614.106944
339.301178,100,614.267198
352.313812,100,614.430794
441.277672,100,614.58212
325.231412,100,614.729071
363.640491,100,614.928812
386.074358,100,615.175289
402.344274,100,615.339633
371.952299,100,628.344067
425.810435,100,628.484724
396.674978,100,628.630716
333.360263,100,628.768714
336.989827,100,628.968734
444.280876,100,629.153719
312.327565,100,629.387414
428.127871,100,629.556234
388.104566,100,629.696855
365.900961,100,629.850966
348.762851,100,641.662746
414.694493,100,641.832141
261.925211,100,642.021758
421.046518,100,642.198982
445.526667,100,642.369926
378.344527,100,642.543039
362.584948,100,642.725424
436.685446,100,642.963093
373.183183,100,643.190016
354.556552,100,643.366405
326.231332,100,657.50029
380.61096,100,657.677218
333.271076,100,657.829905
326.893571,100,657.98437
418.950095,100,658.147765
402.305557,100,658.310291
436.787851,100,658.460601
319.097197,100,658.61967
389.981616,100,658.770756
369.098631,100,658.984547
318.711658,100,671.498525
348.570295,100,671.665064
394.521732,100,671.840604
328.288311,100,672.0265
388.244855,100,672.210595
318.363239,100,672.389473
393.23294,100,672.558052
420.913227,100,672.734233
392.959772,100,672.951871
365.963344,100,673.197651
311.759195,100,687.437585
392.934208,100,687.614922
341.923491,100,687.802971
427.254338,100,687.98101
387.211067,100,688.171923
431.875553,100,688.35852
304.742886,100,688.536608
431.216571,100,688.710956
353.543247,100,688.912936
269.833819,100,689.191123
369.073939,100,701.582242
375.75411,100,701.745927
339.688271,100,701.890838
380.329523,100,702.037663
296.73823,100,702.191033
331.746086,100,702.344727
377.543904,100,702.492911
315.391369,100,702.646157
339.456916,100,702.796574
286.487816,100,702.964577
359.579148,100,715.293042
369.523375,100,715.44475
360.516189,100,715.594446
314.477621,100,715.841063
377.707363,100,715.985634
315.934599,100,716.165617
397.418882,100,716.314553
406.676216,100,716.475973
414.5459,100,716.642106
318.926989,100,716.805762
375.911708,100,731.264534
352.087145,100,731.452091
354.385606,100,731.624784
387.900256,100,731.789311
361.329975,100,731.962101
319.0153,100,732.137097
339.680019,100,732.390048
338.219805,100,732.579958
398.623705,100,732.772286
382.364426,100,732.952139
331.20399,100,743.745633
414.122171,100,743.890492
338.432556,100,744.049677
354.369282,100,744.223759
324.950849,100,744.44975
328.224813,100,744.603633
435.155253,100,744.782968
314.804102,100,744.93854
284.821335,100,745.087633
416.142078,100,745.234957
434.848081,100,756.682036
340.856318,100,756.847605
348.06355,100,756.991479
396.829691,100,757.147642
383.554784,100,757.289759
328.266741,100,757.445954
361.658753,100,757.593919
414.456174,100,757.748774
392.180358,100,757.90323
336.682126,100,758.069267
402.985379,100,773.15102
337.581084,100,773.384933
396.664157,100,773.602792
374.429844,100,773.806649
271.601478,100,774.037041
415.120769,100,774.291326
389.419946,100,774.561945
328.163828,100,774.797907
248.030324,100,775.003419
373.204859,100,775.219991
329.458007,100,787.425291
343.051233,100,787.571373
339.56902,100,787.709904
339.592189,100,787.855664
338.311447,100,787.999887
341.005211,100,788.159316
321.144151,100,788.428804
339.559439,100,788.611723
397.845878,100,788.819639
295.149294,100,788.998214
287.781429,100,799.884656
362.335733,100,800.03026
368.985504,100,800.165539
296.669978,100,800.305517
427.715394,100,800.54623
306.133202,100,800.696978
415.30847,100,800.866774
341.657803,100,801.021582
383.838191,100,801.164552
362.748157,100,801.30303
326.662574,100,813.375061
363.282936,100,813.522013
301.746654,100,813.681797
408.051639,100,813.829298
359.628929,100,813.975523
329.751361,100,814.118247
347.69638,100,814.257892
432.338324,100,814.460932
331.04112,100,814.629266
349.512768,100,814.813601
409.539777,100,827.63974
345.75292,100,827.807704
361.538998,100,827.974612
386.419446,100,828.143356
288.273407,100,828.296588
389.445815,100,828.45155
340.74278,100,828.617872
421.028717,100,828.767933
304.785258,100,828.91762
408.630752,100,829.071095
346.164623,100,840.608293
417.461523,100,840.758154
430.411626,100,840.910142
296.795716,100,841.073547
315.419088,100,841.236002
421.234538,100,841.50633
345.561648,100,841.71315
374.026508,100,841.909406
373.856642,100,842.092197
313.217376,100,842.247698
389.232908,100,857.283045
289.209483,100,857.553322
320.039058,100,857.746073
308.415828,100,857.938688
446.172689,100,858.151884
384.470319,100,858.332627
435.437663,100,858.505728
382.32093,100,858.679475
337.899049,100,858.85489
390.721833,100,859.025572
391.027702,100,870.577963
357.686183,100,870.75585
360.293681,100,870.946979
338.846758,100,871.126587
311.05746,100,871.295059
405.437866,100,871.464476
393.328034,100,871.725954
318.527435,100,871.906082
409.034391,100,872.114715
359.394924,100,872.282789
296.075687,100,885.315422
368.091503,100,885.451395
397.467108,100,885.708369
340.971624,100,885.872046
417.352012,100,886.03748
396.309262,100,886.19176
367.489081,100,886.338426
366.596598,100,886.479682
300.031532,100,886.638386
420.484294,100,886.783567
420.548574,100,899.042657
421.776703,100,899.182132
325.003808,100,899.326057
309.644995,100,899.462885
321.745421,100,899.718149
382.437107,100,899.87106
406.453506,100,900.052439
364.588483,100,900.198255
353.829719,100,900.340998
303.657157,100,900.484627
384.422047,100,914.956854
363.204561,100,915.135571
317.523504,100,915.293696
434.915501,100,915.459644
390.901722,100,915.622754
282.667275,100,915.894445
317.999046,100,916.049655
360.798543,100,916.220061
327.927045,100,916.366065
439.313533,100,916.511841
353.501186,100,928.317689
277.61829,100,928.473072
414.333486,100,928.627621
347.06949,100,928.785501
367.560896,100,928.942906
374.188359,100,929.104044
397.341257,100,929.266587
329.203785,100,929.425655
427.36284,100,929.575624
381.063744,100,929.76871
380.974234,100,941.186584
376.404294,100,941.327769
364.502608,100,941.467218
299.034485,100,941.610772
332.874941,100,941.846625
253.960855,100,942.015911
406.465108,100,942.260617
293.715078,100,942.420769
350.766439,100,942.581996
329.738809,100,942.74505
327.599391,100,954.879054
291.64348,100,955.057741
361.33457,100,955.223283
356.941442,100,955.375044
383.758425,100,955.520235
369.924966,100,955.683795
358.908618,100,955.888757
352.847359,100,956.119792
307.531016,100,956.290123
368.048111,100,956.476135
398.856316,100,967.679626
381.828465,100,967.825427
370.828805,100,967.973105
302.09997,100,968.204494
391.915732,100,968.403524
405.060255,100,968.549273
323.755884,100,968.714767
311.553333,100,968.865462
329.809042,100,969.018254
396.224978,100,969.170208
384.686561,100,979.93852
338.532436,100,980.16871
417.058873,100,980.396343
341.970733,100,980.572349
385.193023,100,980.753031
430.665961,100,980.928967
286.946146,100,981.10478
302.438197,100,981.277654
332.402272,100,981.448983
366.489597,100,981.61835
435.7642,100,993.364926
349.167365,100,993.513968
367.364065,100,993.664425
404.471899,100,993.83133
431.33485,100,994.000208
307.658265,100,994.253623
417.633759,100,994.421999
404.353857,100,994.584753
285.974721,100,994.752714
320.154025,100,994.904443
380.770432,100,1007.782128
320.32182,100,1007.924998
360.958094,100,1008.096873
397.220331,100,1008.352665
411.84244,100,1008.542479
363.440218,100,1008.722522
390.484515,100,1008.892858
335.318281,100,1009.055379
351.197869,100,1009.231798
393.328748,100,1009.385008
350.884677,100,1021.04581
421.193035,100,1021.232151
337.602332,100,1021.423845
416.988429,100,1021.615988
424.274758,100,1021.793483
374.859774,100,1021.969094
394.361054,100,1022.208795
394.244517,100,1022.415774
354.144936,100,1022.62356
267.461708,100,1022.785288
300.33233,100,1035.659219
311.580364,100,1035.797018
303.234333,100,1035.93585
333.561269,100,1036.100057
337.150312,100,1036.338102
371.286396,100,1036.496157
304.245812,100,1036.673359
419.047869,100,1036.825679
313.909743,100,1036.981477
417.628388,100,1037.142299
324.029062,100,1049.541814
333.128754,100,1049.687272
355.305529,100,1049.851123
330.302347,100,1050.014114
336.218088,100,1050.162848
358.212584,100,1050.397629
341.628436,100,1050.561378
389.460177,100,1050.734911
277.694188,100,1050.886724
336.271222,100,1051.045898
380.049043,100,1069.553081
410.444423,100,1069.718851
398.899223,100,1069.88139
299.767002,100,1070.04671
407.647839,100,1070.206133
407.059324,100,1070.418614
433.051923,100,1070.613471
373.788216,100,1070.768815
342.576292,100,1070.947754
384.932719,100,1071.117967
344.182537,100,1087.557541
429.578143,100,1087.706853
394.987782,100,1087.863233
383.26232,100,1088.031728
328.79065,100,1088.189694
404.924709,100,1088.397699
315.266558,100,1088.601091
385.641116,100,1088.762084
415.129834,100,1088.922791
420.723948,100,1089.079892
375.229712,100,1101.518885
409.397943,100,1101.80834
314.161004,100,1102.114532
366.046176,100,1102.419058
377.360592,100,1102.669588
342.72101,100,1102.945353
331.422602,100,1103.252461
324.781095,100,1103.539629
307.0109,100,1103.828973
426.727899,100,1104.137856
334.349694,100,1116.104779
386.879256,100,1116.266822
311.977892,100,1116.528159
398.014463,100,1116.68115
331.165281,100,1116.854301
366.631408,100,1117.020666
379.399424,100,1117.17848
342.283183,100,1117.318009
368.094196,100,1117.46847
393.069528,100,1117.61821
393.442451,100,1128.910039
412.383577,100,1129.066982
374.724978,100,1129.21356
379.55411,100,1129.371241
421.299704,100,1129.519976
404.257138,100,1129.669377
427.395638,100,1129.808689
362.814335,100,1129.957761
362.127479,100,1130.105723
396.601504,100,1130.293637
418.056531,100,1145.26658
326.254189,100,1145.447126
357.011058,100,1145.65369
296.148856,100,1145.823572
339.126562,100,1146.00064
317.825716,100,1146.175096
360.014075,100,1146.333151
386.045274,100,1146.495418
273.529396,100,1146.662907
397.075728,100,1146.921937
357.039403,100,1158.848734
409.631146,100,1159.029802
380.728265,100,1159.193477
397.085316,100,1159.36758
360.034869,100,1159.525547
380.918176,100,1159.687581
347.145801,100,1159.833465
379.741805,100,1160.008597
284.115744,100,1160.178853
309.300049,100,1160.349429
388.683597,100,1173.774566
293.542506,100,1173.940051
334.099089,100,1174.11359
323.765343,100,1174.267957
336.732,100,1174.423449
333.983271,100,1174.580763
343.990985,100,1174.806235
339.468061,100,1175.032456
371.839126,100,1175.205394
380.694677,100,1175.383114
403.294756,100,1188.244091
380.508941,100,1188.400333
398.968011,100,1188.558544
351.122042,100,1188.758048
323.807536,100,1188.990125
360.380022,100,1189.146752
369.954941,100,1189.312304
289.44355,100,1189.460804
340.670764,100,1189.613135
292.622364,100,1189.766208
320.293772,100,1202.407264
335.731182,100,1202.709652
325.039992,100,1203.026819
328.899672,100,1203.255505
368.152773,100,1203.539093
298.737719,100,1203.850078
340.472802,100,1204.168626
434.722315,100,1204.480553
450.644818,100,1204.784017
312.196121,100,1205.06372
364.2893,100,1216.614943
326.658796,100,1216.781608
419.033087,100,1217.044723
415.381719,100,1217.193936
318.55879,100,1217.368966
423.926514,100,1217.520288
384.486008,100,1217.679548
370.385554,100,1217.837302
311.766375,100,1218.003851
413.12961,100,1218.166493
419.254077,100,1229.847858
366.920561,100,1230.03141
309.635949,100,1230.209098
348.323617,100,1230.370789
441.041794,100,1230.534065
282.755304,100,1230.702466
427.151829,100,1230.930483
296.574506,100,1231.153082
404.488075,100,1231.328461
374.955328,100,1231.512965
325.856042,100,1243.049045
281.517439,100,1243.287965
371.258117,100,1243.466564
413.428458,100,1243.655982
309.441371,100,1243.835711
326.441323,100,1244.012567
405.55035,100,1244.1835
268.403929,100,1244.342612
261.370365,100,1244.503656
370.49851,100,1244.669712
397.21214,100,1256.900523
390.055798,100,1257.047024
356.88137,100,1257.254047
341.176305,100,1257.463684
350.367774,100,1257.627935
326.223036,100,1257.809545
346.418974,100,1257.95638
450.808562,100,1258.123641
325.732886,100,1258.307448
422.174101,100,1258.461376
373.87117,100,1269.024234
365.940464,100,1269.260943
353.921344,100,1269.530389
388.619332,100,1269.811446
316.970148,100,1270.129126
338.631508,100,1270.4429
325.538174,100,1270.760471
356.825822,100,1271.073483
348.18637,100,1271.38706
367.126082,100,1271.6596
317.186639,100,1285.037855
414.209193,100,1285.21555
367.816189,100,1285.425533
368.402185,100,1285.581465
431.760205,100,1285.762768
348.962555,100,1285.907235
319.441772,100,1286.050703
321.818265,100,1286.201446
376.453612,100,1286.366219
402.307433,100,1286.502564
307.622976,100,1299.792435
390.44038,100,1299.971997
282.305993,100,1300.165538
364.570966,100,1300.352881
329.396517,100,1300.5386
325.355885,100,1300.724114
415.150266,100,1300.915158
433.700931,100,1301.106801
267.538119,100,1301.383435
360.841792,100,1301.560796
337.157751,100,1314.001785
334.745109,100,1314.177532
428.272822,100,1314.35489
334.849471,100,1314.514026
366.681907,100,1314.668633
351.803035,100,1314.817235
339.746446,100,1314.976019
375.352847,100,1315.132054
422.676482,100,1315.383399
308.097491,100,1315.55198
384.833294,100,1326.066051
432.711172,100,1326.218219
318.62615,100,1326.375646
338.016191,100,1326.539396
376.181549,100,1326.69908
371.836744,100,1326.857523
405.204716,100,1327.016637
399.202848,100,1327.195177
341.300428,100,1327.43195
351.307321,100,1327.585334
415.084296,100,1340.279577
370.04328,100,1340.461147
362.622513,100,1340.64022
273.509624,100,1340.822043
314.542855,100,1340.996071
399.27828,100,1341.177382
337.840123,100,1341.443318
399.59708,100,1341.614615
313.219189,100,1341.80308
430.359708,100,1341.979743
393.10235,100,1354.251775
363.251158,100,1354.404343
286.824825,100,1354.561132
342.382477,100,1354.711621
355.223122,100,1354.864019
386.304783,100,1355.015114
348.617344,100,1355.181675
387.095552,100,1355.435278
414.578483,100,1355.618425
353.849971,100,1355.798728
388.229783,100,1367.01833
362.327449,100,1367.160562
316.590671,100,1367.297924
345.343638,100,1367.458493
399.097243,100,1367.712556
362.339036,100,1367.876365
382.303253,100,1368.061939
410.126091,100,1368.237838
348.462203,100,1368.394725
372.862813,100,1368.558805
319.230209,100,1380.058547
394.761976,100,1380.233754
360.142317,100,1380.390084
306.962518,100,1380.539825
369.118011,100,1380.70973
371.76215,100,1380.88136
334.006094,100,1381.068797
336.112185,100,1381.24941
321.217326,100,1381.428421
368.384514,100,1381.719121
339.127545,100,1392.891023
327.842001,100,1393.039806
391.248631,100,1393.186344
309.475138,100,1393.326901
401.21044,100,1393.471951
407.427379,100,1393.750262
429.654105,100,1393.911009
314.904437,100,1394.091837
380.667568,100,1394.234906
399.163723,100,1394.380552
306.735248,100,1405.549292
374.57073,100,1405.81459
404.560814,100,1405.963987
403.035111,100,1406.140943
385.199397,100,1406.292891
329.814666,100,1406.453518
436.413176,100,1406.596584
436.054987,100,1406.750472
405.06212,100,1406.91178
400.104527,100,1407.067093
345.493229,100,1417.948709
303.86379,100,1418.107435
324.086588,100,1418.303228
354.236126,100,1418.451685
326.721537,100,1418.611003
365.449653,100,1418.771422
416.522215,100,1418.939722
404.791402,100,1419.104743
275.795263,100,1419.283496
338.759318,100,1419.44584
284.255308,100,1430.863827
344.830976,100,1431.02323
311.78571,100,1431.172258
355.529901,100,1431.32299
387.646174,100,1431.472915
409.908754,100,1431.65918
323.037128,100,1431.935757
341.769476,100,1432.103708
341.663181,100,1432.291906
343.03296,100,1432.442411
397.1245,100,1444.801249
376.075787,100,1444.997057
372.438547,100,1445.177608
372.319374,100,1445.371935
386.843325,100,1445.560577
376.048849,100,1445.856648
261.705813,100,1446.033738
398.47592,100,1446.212708
270.36884,100,1446.372796
396.430268,100,1446.538585
369.160623,100,1458.274964
327.956463,100,1458.424684
385.561727,100,1458.578094
279.004719,100,1458.725438
437.701357,100,1458.87986
363.409278,100,1459.027074
405.700134,100,1459.170083
308.449542,100,1459.317537
465.524593,100,1459.450283
301.791809,100,1459.5993
380.373104,100,1471.282893
318.851946,100,1471.431738
307.421764,100,1471.573961
406.03825,100,1471.822101
362.904225,100,1471.975925
419.647697,100,1472.149788
393.356688,100,1472.312287
407.882743,100,1472.475383
286.160736,100,1472.638432
322.421237,100,1472.805875
335.060665,100,1487.288056
377.179557,100,1487.430412
304.426981,100,1487.576392
369.674217,100,1487.814936
313.069897,100,1487.989341
438.66751,100,1488.196083
338.704621,100,1488.358996
324.51897,100,1488.514068
287.663778,100,1488.664157
342.189155,100,1488.824689
358.504979,100,1501.23076
279.257997,100,1501.3976
277.979347,100,1501.540046
311.927209,100,1501.732934
381.722085,100,1501.937307
283.582039,100,1502.119026
347.578598,100,1502.266586
352.86321,100,1502.41205
346.790653,100,1502.561019
350.624379,100,1502.71559
343.360777,100,1514.543289
346.914612,100,1514.705336
364.673505,100,1514.859051
437.404825,100,1515.022839
341.032519,100,1515.184288
376.176334,100,1515.338097
391.924413,100,1515.485775
362.138954,100,1515.631114
376.997055,100,1515.778464
429.623252,100,1515.937257
327.876427,100,1527.586472
437.908891,100,1527.755584
424.596717,100,1527.925584
345.347438,100,1528.108153
447.916129,100,1528.278923
302.245719,100,1528.489736
306.252745,100,1528.744992
312.67145,100,1528.944634
336.905896,100,1529.115943
340.235789,100,1529.28454
338.814517,100,1542.603985
285.570934,100,1542.820811
368.669882,100,1543.034871
318.808355,100,1543.212918
326.366639,100,1543.388914
304.408944,100,1543.562907
423.232201,100,1543.74088
380.795326,100,1543.947947
376.339917,100,1544.136035
334.457634,100,1544.308091
361.235151,100,1557.779936
367.521742,100,1557.957116
395.142934,100,1558.144233
379.771514,100,1558.319467
384.054858,100,1558.548115
382.819711,100,1558.750751
389.391053,100,1558.917096
417.222148,100,1559.08854
383.411885,100,1559.237769
350.506266,100,1559.394651
330.689327,100,1571.809884
330.956536,100,1571.975085
372.654415,100,1572.152039
406.337836,100,1572.327343
302.938272,100,1572.492585
312.124853,100,1572.74028
381.026705,100,1572.924408
425.307579,100,1573.120879
388.991075,100,1573.294711
394.812855,100,1573.461839
367.408089,100,1584.60313
321.192637,100,1584.86503
346.373219,100,1585.034845
379.486003,100,1585.224946
370.145676,100,1585.376706
394.382772,100,1585.535715
373.135834,100,1585.700588
334.786982,100,1585.8699
351.866924,100,1586.049965
329.473979,100,1586.226544
362.140455,100,1597.801797
299.715667,100,1597.979457
360.55328,100,1598.17624
375.143833,100,1598.337794
343.858456,100,1598.494931
426.626165,100,1598.743107
399.408719,100,1598.93494
395.589497,100,1599.094023
369.957456,100,1599.273094
270.916626,100,1599.423203
381.533079,100,1610.55067
363.585464,100,1610.80998
411.283965,100,1610.987156
408.227918,100,1611.177899
385.553473,100,1611.335564
349.126938,100,1611.489976
357.281384,100,1611.66722
318.36569,100,1611.839884
316.826667,100,1612.003813
399.165159,100,1612.166235
428.60977,100,1624.233856
386.057633,100,1624.385538
374.461133,100,1624.534023
394.41354,100,1624.675521
427.741692,100,1624.861412
325.068822,100,1625.095147
313.750844,100,1625.262449
335.990617,100,1625.432031
359.823798,100,1625.586817
268.988848,100,1625.732347
325.574126,100,1637.70278
336.811874,100,1637.86701
320.740558,100,1638.046895
335.39633,100,1638.235865
336.42474,100,1638.398258
326.133601,100,1638.581987
274.561681,100,1638.741822
421.552664,100,1638.995877
354.278695,100,1639.161604
313.025549,100,1639.345676
327.515979,100,1651.295972
404.279022,100,1651.500718
439.280483,100,1651.688271
449.572584,100,1651.883022
386.165126,100,1652.077819
437.637813,100,1652.263381
373.154923,100,1652.439632
345.484132,100,1652.617654
387.796879,100,1652.799808
313.893089,100,1653.073526
349.494164,100,1665.691047
383.238419,100,1665.870327
440.860882,100,1666.039634
304.261436,100,1666.20757
314.997713,100,1666.364464
429.789273,100,1666.526334
317.877451,100,1666.693354
334.575215,100,1666.909203
395.135453,100,1667.125497
444.906291,100,1667.284804
343.69508,100,1683.197266
430.958796,100,1683.460095
331.681679,100,1683.694764
376.992076,100,1683.986555
324.691362,100,1684.296677
402.26306,100,1684.599697
273.405078,100,1684.910513
399.668715,100,1685.224102
357.102856,100,1685.545102
360.080877,100,1685.812058
423.380578,100,1698.482995
344.366996,100,1698.66913
362.618309,100,1698.856971
290.119954,100,1699.059006
342.351751,100,1699.246601
296.94008,100,1699.423648
314.531639,100,1699.606029
343.348509,100,1699.887774
298.179984,100,1700.069852
344.595946,100,1700.259764
398.385597,100,1712.224554
301.741009,100,1712.399337
298.39161,100,1712.571592
399.320191,100,1712.744768
293.447701,100,1712.93511
344.230005,100,1713.124281
350.061461,100,1713.298364
419.66158,100,1713.48002
392.750463,100,1713.658444
336.688294,100,1713.931236
384.287642,100,1725.512917
346.39674,100,1725.73947
345.407512,100,1725.995654
342.861244,100,1726.201246
364.566622,100,1726.37257
315.925861,100,1726.552715
325.73159,100,1726.739506
368.449296,100,1726.923712
274.27657,100,1727.096755
372.352751,100,1727.273818
299.872662,100,1739.198896
328.010844,100,1739.338869
349.675428,100,1739.475903
404.490105,100,1739.615647
309.48484,100,1739.848938
381.689897,100,1740.081853
339.340891,100,1740.244524
275.760437,100,1740.405996
441.141571,100,1740.560678
316.032085,100,1740.714808
