#{"t_start": 1784411697.663439, "env_id": "None"}
r,l,t
204.950435,100,1.50927
163.144724,100,1.64921
184.309627,100,1.837763
141.313162,100,2.056144
206.500177,100,2.317961
147.209475,100,2.483912
219.430111,100,2.658063
187.153612,100,2.823534
158.594954,100,2.990244
148.29401,100,3.144596
178.181969,100,14.73911
146.098953,100,14.910311
166.977294,100,15.066543
168.230639,100,15.234313
206.876265,100,15.394222
194.779732,100,15.541541
211.74191,100,15.700753
152.345393,100,15.847955
160.399836,100,16.009636
191.219397,100,16.162082
177.114058,100,28.199803
186.782822,100,28.374768
249.006114,100,28.61362
195.251056,100,28.801131
166.786884,100,28.972182
157.07065,100,29.145293
219.221633,100,29.303475
152.064099,100,29.452863
229.708101,100,29.609547
166.546325,100,29.786577
174.532985,100,41.130561
197.611102,100,41.299121
193.849016,100,41.451098
270.261583,100,41.615721
264.690238,100,41.78692
172.631238,100,41.956949
189.79982,100,42.106985
198.15147,100,42.26079
243.031875,100,42.4124
196.325995,100,42.654061
174.338958,100,53.869121
244.770192,100,54.237847
132.314884,100,54.609514
218.934448,100,54.793236
245.177869,100,54.957268
213.927859,100,55.110581
179.567955,100,55.251288
158.741955,100,55.401079
161.997333,100,55.55499
198.45859,100,55.734971
137.588222,100,67.646018
109.347805,100,67.893347
282.884482,100,68.134355
211.657178,100,68.361677
190.626183,100,68.678463
235.459738,100,68.897825
197.247007,100,69.100143
272.699372,100,69.310688
197.506651,100,69.514825
176.842994,100,69.732248
225.546667,100,83.282584
229.236118,100,83.480463
201.457533,100,83.691668
141.742473,100,83.919455
193.635548,100,84.109867
205.959894,100,84.306702
214.740225,100,84.548115
209.067821,100,84.828073
220.485042,100,85.060851
193.74227,100,85.260988
219.356334,100,98.092795
197.141306,100,98.413234
194.355549,100,98.735345
170.647591,100,98.991471
203.88296,100,99.297788
193.322274,100,99.605778
177.511328,100,99.91601
192.35045,100,100.219189
226.513865,100,100.52626
196.808548,100,100.817782
190.472664,100,111.989808
210.025818,100,112.15808
160.796053,100,112.325807
173.819147,100,112.506588
247.61579,100,112.779634
153.908573,100,112.928885
195.169624,100,113.099638
229.525176,100,113.263026
140.912277,100,113.420921
165.946842,100,113.569655
204.452894,100,125.991687
188.2886,100,126.308032
214.934324,100,126.63514
197.346499,100,126.912632
242.69584,100,127.183789
221.569511,100,127.486044
209.42487,100,127.791865
221.227541,100,127.989227
238.531476,100,128.164445
225.717386,100,128.330759
213.860307,100,142.351018
228.185377,100,142.518099
211.321629,100,142.670692
208.207341,100,142.91877
187.881734,100,143.077846
243.27081,100,143.255909
233.116669,100,143.435138
190.476112,100,143.59474
290.589904,100,143.750159
228.463434,100,143.911019
207.638071,100,157.165341
187.742905,100,157.35967
208.013237,100,157.500063
208.960364,100,157.643631
198.450762,100,157.80523
232.647177,100,157.959771
227.186833,100,158.121995
162.082177,100,158.28377
241.510257,100,158.435646
215.061321,100,158.591432
165.734509,100,171.765297
235.601004,100,171.985052
217.878663,100,172.207038
218.498439,100,172.409253
180.142653,100,172.610251
205.404562,100,172.845947
186.178941,100,173.083648
207.478995,100,173.308979
205.115396,100,173.49183
209.907905,100,173.678835
260.557473,100,189.245442
259.956516,100,189.425876
249.289706,100,189.592117
198.284319,100,189.792753
212.860538,100,189.970135
233.739724,100,190.175248
236.375192,100,190.363606
212.660389,100,190.549529
254.480368,100,190.723217
245.141585,100,191.03274
195.925456,100,206.881795
228.283983,100,207.048676
261.219557,100,207.390705
256.912927,100,207.74302
212.983603,100,208.12864
233.026723,100,208.51838
224.693943,100,208.904851
202.01556,100,209.304955
232.659313,100,209.649081
231.906058,100,209.95407
234.765488,100,223.92284
195.074582,100,224.285815
220.330598,100,224.647351
231.472123,100,225.022646
255.150718,100,225.369827
239.251901,100,225.692538
218.866396,100,225.883963
273.101851,100,226.041258
243.213588,100,226.191339
284.050205,100,226.343075
230.602483,100,237.787957
205.290921,100,237.95159
220.314913,100,238.110052
265.837465,100,238.264144
241.176616,100,238.431108
246.363773,100,238.595861
216.542108,100,238.760239
301.05174,100,238.933276
243.936979,100,239.092798
218.952869,100,239.367104
195.005613,100,252.229502
210.661459,100,252.39118
314.782074,100,252.552911
309.238352,100,252.70772
255.850324,100,252.881267
276.091543,100,253.047214
308.375874,100,253.280468
338.007258,100,253.471589
327.12973,100,253.64923
236.482124,100,253.816132
242.61278,100,265.098936
228.321579,100,265.364016
233.328756,100,265.540643
224.691669,100,265.716297
249.781614,100,265.862917
244.245267,100,266.003697
215.134716,100,266.148802
230.307533,100,266.297995
232.417424,100,266.442414
227.659838,100,266.586036
317.303131,100,279.806618
291.500483,100,279.984729
247.001872,100,280.15199
202.649645,100,280.328251
204.554731,100,280.49673
169.74628,100,280.662544
185.950438,100,280.848267
218.514758,100,281.022664
247.229679,100,281.249499
224.503667,100,281.485115
265.337331,100,295.091926
224.303426,100,295.281737
216.076062,100,295.599439
238.868575,100,295.844389
320.95799,100,296.062722
213.950869,100,296.267965
244.293632,100,296.463015
254.268593,100,296.650671
278.155605,100,296.822663
264.266282,100,296.997228
276.318658,100,309.637182
252.0783,100,309.816686
300.171455,100,309.964411
239.406762,100,310.117889
324.377887,100,310.261724
218.438422,100,310.414026
204.58752,100,310.566789
270.970226,100,310.721922
227.88628,100,310.877595
225.007006,100,311.031114
269.372699,100,322.210919
363.390009,100,322.362715
249.951328,100,322.523213
231.96268,100,322.675117
261.537821,100,322.842511
280.397479,100,323.000453
202.944896,100,323.173491
252.593342,100,323.343153
297.759773,100,323.603099
206.460381,100,323.772446
312.485185,100,335.926468
203.441707,100,336.076704
250.140178,100,336.224692
304.124865,100,336.380879
300.005653,100,336.540784
287.615391,100,336.717061
294.904778,100,336.880643
259.362146,100,337.040969
332.154257,100,337.200031
314.580906,100,337.40629
261.613955,100,352.075287
269.162877,100,352.233698
236.986919,100,352.402308
254.725289,100,352.556721
236.873061,100,352.704773
236.065293,100,352.859822
251.692377,100,353.012073
258.071693,100,353.171101
285.829452,100,353.312603
216.995005,100,353.460307
250.132248,100,364.957507
279.58628,100,365.123828
280.533212,100,365.279749
300.440939,100,365.426221
283.515398,100,365.566548
306.855839,100,365.716342
281.477656,100,365.973551
286.773119,100,366.150131
273.449044,100,366.321492
253.538605,100,366.477914
279.482345,100,378.269591
253.161235,100,378.46439
199.341966,100,378.65081
268.79042,100,378.852297
227.715054,100,379.027205
243.733265,100,379.178686
297.953292,100,379.34725
252.857805,100,379.504
227.301533,100,379.68031
212.04544,100,379.919383
249.422218,100,393.611546
232.877923,100,393.989355
300.178371,100,394.285115
274.974001,100,394.666185
300.030425,100,395.037214
318.974697,100,395.394714
307.386698,100,395.769763
216.674782,100,396.151906
249.918011,100,396.445851
261.308301,100,396.634989
336.966396,100,409.329539
287.251815,100,409.717878
227.501521,100,410.097262
266.633891,100,410.451099
269.138301,100,410.87025
256.16377,100,411.195689
238.740795,100,411.522084
264.21423,100,411.847476
273.123582,100,412.165733
258.299527,100,412.433518
248.976438,100,427.337464
370.380121,100,427.501654
234.507397,100,427.687937
326.725575,100,427.892758
283.22226,100,428.209285
279.525668,100,428.406949
267.634238,100,428.590295
256.121956,100,428.773425
229.41248,100,428.957385
280.746529,100,429.144346
282.277279,100,440.850198
285.674274,100,441.006356
208.618379,100,441.155126
270.572811,100,441.305065
238.271799,100,441.448656
299.413408,100,441.595779
252.676101,100,441.747831
295.682656,100,441.908301
317.57167,100,442.186466
304.616734,100,442.350106
289.928012,100,454.397121
266.742468,100,454.588031
258.358693,100,454.768919
260.664456,100,454.924179
300.703738,100,455.064956
311.367812,100,455.225659
237.928563,100,455.385894
254.687333,100,455.560823
207.573576,100,455.727072
292.966795,100,455.877672
275.145131,100,467.311666
281.024215,100,467.505026
232.826288,100,467.710917
300.125117,100,467.893224
314.332795,100,468.062678
316.659691,100,468.227839
280.945907,100,468.394199
265.951124,100,468.557901
260.026521,100,468.828541
278.450106,100,469.056426
222.562825,100,479.899515
248.961823,100,480.04794
230.073069,100,480.192832
268.285497,100,480.336411
309.596973,100,480.474923
368.279464,100,480.638661
365.556746,100,480.893542
228.549806,100,481.049578
319.793361,100,481.229014
199.280602,100,481.397474
298.273652,100,491.933986
310.060827,100,492.088459
270.716555,100,492.23881
295.707237,100,492.396968
255.202559,100,492.563002
253.813221,100,492.803798
285.593427,100,492.982979
202.372296,100,493.154553
253.801001,100,493.307635
241.597493,100,493.459012
268.297521,100,504.588722
294.394158,100,504.898678
233.383443,100,505.079134
191.936958,100,505.289684
234.417716,100,505.486526
235.200163,100,505.679628
258.525027,100,505.878714
247.026345,100,506.052831
280.34269,100,506.219868
341.696716,100,506.392658
342.962806,100,520.361238
302.178701,100,520.526105
299.626612,100,520.781231
296.961992,100,521.006771
272.930664,100,521.196389
333.65867,100,521.390943
260.499874,100,521.58474
192.985447,100,521.803536
182.507935,100,522.005275
329.200543,100,522.204544
291.233841,100,534.861694
239.347035,100,535.007462
329.292734,100,535.178357
263.880384,100,535.342114
240.71127,100,535.485377
290.507474,100,535.658741
228.796862,100,535.836091
352.842507,100,535.990922
332.433025,100,536.161288
244.260613,100,536.313711
284.169291,100,549.427029
276.350281,100,549.570215
219.800724,100,549.723969
293.815778,100,549.889751
241.21533,100,550.055629
276.052662,100,550.204298
364.558771,100,550.360804
295.376083,100,550.506952
241.196199,100,550.702192
358.314799,100,550.976039
335.437735,100,562.304972
264.29107,100,562.459994
262.61146,100,562.625706
266.331418,100,562.886368
318.86892,100,563.062896
284.881652,100,563.202632
287.066969,100,563.349618
304.34215,100,563.492305
328.115441,100,563.644079
283.272025,100,563.802168
283.911504,100,574.685236
262.376203,100,574.837115
292.080071,100,575.068547
279.599225,100,575.256638
359.178258,100,575.426298
317.555179,100,575.587569
336.006915,100,575.735138
273.363664,100,575.87953
266.39306,100,576.026471
234.594237,100,576.183486
234.062035,100,589.703502
289.49508,100,589.861962
266.041798,100,590.008981
331.831841,100,590.157035
282.090167,100,590.299318
292.744432,100,590.442162
295.770389,100,590.596576
304.6811,100,590.7598
281.267617,100,590.919365
291.822762,100,591.176193
261.611194,100,601.795214
333.211975,100,601.944472
306.810662,100,602.100154
285.645724,100,602.254956
332.351859,100,602.403465
187.866588,100,602.550859
330.386334,100,602.704984
259.459725,100,602.857651
266.518293,100,603.059782
270.414559,100,603.279803
245.79278,100,614.770405
273.988983,100,614.980808
321.041457,100,615.253111
244.404452,100,615.427572
263.165664,100,615.633692
334.302275,100,615.84256
323.04583,100,616.021701
288.802095,100,616.204207
338.193196,100,616.393669
247.959105,100,616.580114
242.253398,100,627.421782
272.217999,100,627.573323
291.603624,100,627.733287
320.312879,100,627.956485
321.377848,100,628.210078
272.733957,100,628.45556
203.939885,100,628.763166
280.483672,100,629.078948
300.726064,100,629.357928
297.549952,100,629.648192
280.595915,100,643.293792
228.024991,100,643.598676
286.84952,100,643.764162
289.432108,100,643.918146
378.240159,100,644.068485
320.081691,100,644.234357
304.470897,100,644.395168
325.341477,100,644.560299
295.528002,100,644.710209
239.724954,100,644.862282
333.700219,100,659.088292
287.918859,100,659.27569
321.168637,100,659.544392
319.838139,100,659.725871
269.710054,100,659.924913
297.979463,100,660.104284
232.105385,100,660.281912
305.842192,100,660.467854
341.261156,100,660.662367
210.997822,100,660.871255
242.707913,100,673.867532
334.286653,100,674.019229
245.399811,100,674.169049
244.263656,100,674.324415
284.001224,100,674.477767
262.708272,100,674.661553
347.357758,100,674.819256
250.543758,100,674.979864
272.653248,100,675.136338
303.066921,100,675.337151
249.842972,100,687.108281
295.256036,100,687.251839
306.153668,100,687.398563
290.772693,100,687.546952
259.80093,100,687.823878
227.405237,100,687.978756
261.072775,100,688.150947
289.350668,100,688.316944
315.209754,100,688.458812
282.797459,100,688.607589
267.14479,100,699.909062
246.918746,100,700.112488
308.401214,100,700.296996
290.68108,100,700.488993
269.14013,100,700.696459
316.116295,100,700.94543
315.917812,100,701.146171
372.786026,100,701.333766
317.328544,100,701.520309
371.446851,100,701.798308
340.105092,100,715.982041
308.483866,100,716.175899
328.209891,100,716.363948
243.41152,100,716.553708
285.020556,100,716.758888
327.21905,100,716.955292
248.591749,100,717.148693
274.261079,100,717.344476
379.662157,100,717.538093
231.203966,100,717.798014
230.462362,100,729.04809
340.943658,100,729.207624
259.077757,100,729.366405
244.647816,100,729.509851
304.186143,100,729.687311
362.979408,100,729.920059
312.096467,100,730.066643
355.517469,100,730.239771
284.330933,100,730.390722
364.587324,100,730.557104
283.40991,100,742.728308
266.487228,100,742.900039
248.930858,100,743.064539
295.250901,100,743.22339
239.281808,100,743.400833
313.234257,100,743.557718
304.984292,100,743.772461
296.023538,100,743.973161
294.881153,100,744.142738
282.647762,100,744.299955
290.152067,100,755.277759
274.08136,100,755.439609
278.63067,100,755.617111
375.838699,100,755.9299
249.853877,100,756.107778
265.683699,100,756.293252
285.612259,100,756.456072
331.200647,100,756.628357
275.138312,100,756.824567
293.644441,100,757.016457
300.517373,100,768.516046
260.522923,100,768.691366
276.906554,100,768.837059
276.64034,100,769.004185
283.995707,100,769.152175
334.761391,100,769.315857
298.053017,100,769.476478
307.58938,100,769.636828
293.500586,100,769.799075
266.413033,100,769.96098
318.153814,100,783.904128
341.100326,100,784.077812
329.735557,100,784.270128
283.606657,100,784.455563
367.686648,100,784.772516
240.502799,100,784.97199
312.348935,100,785.218892
319.498888,100,785.427478
304.087439,100,785.632046
236.29017,100,785.85072
221.98451,100,801.389117
374.671875,100,801.530244
284.948719,100,801.674786
256.857203,100,801.836695
299.932226,100,801.97963
267.921045,100,802.127528
349.477812,100,802.270148
292.018019,100,802.411405
258.407521,100,802.603709
269.359248,100,802.813775
228.585657,100,816.904885
317.071751,100,817.085207
332.768928,100,817.237524
308.667144,100,817.396852
285.078034,100,817.552718
276.481088,100,817.717037
260.442886,100,817.882724
282.84994,100,818.044409
344.044222,100,818.206599
297.782856,100,818.371008
363.079514,100,830.055221
352.60518,100,830.217881
280.729571,100,830.372984
353.49574,100,830.538511
248.158884,100,830.821239
364.680684,100,831.002046
339.32781,100,831.170767
283.741567,100,831.333429
305.913961,100,831.489799
360.131429,100,831.669322
322.679614,100,845.174367
281.421043,100,845.334487
348.444563,100,845.496022
247.125248,100,845.661935
327.974693,100,845.827602
308.189623,100,845.975565
339.100599,100,846.129456
332.436021,100,846.290121
393.078638,100,846.444182
317.326962,100,846.675753
303.774069,100,860.460223
352.131458,100,860.828005
334.178198,100,861.112876
274.073833,100,861.441359
340.874921,100,861.79436
288.151922,100,862.156764
253.444546,100,862.53223
352.087324,100,862.794941
275.54249,100,862.948153
265.000806,100,863.124494
269.562495,100,875.120726
360.455734,100,875.272787
322.317801,100,875.431037
290.874137,100,875.595817
350.923279,100,875.768462
303.87099,100,875.920935
279.184451,100,876.062262
294.556171,100,876.206356
304.955789,100,876.353441
354.600375,100,876.493933
330.478902,100,889.148815
304.433393,100,889.299917
304.601407,100,889.449735
283.760697,100,889.608514
330.818863,100,889.760844
346.966151,100,889.911671
218.333365,100,890.059384
284.01254,100,890.2217
268.777736,100,890.375785
343.915402,100,890.533838
344.022108,100,901.630849
289.100065,100,901.812019
332.928029,100,901.972656
362.117133,100,902.129435
346.946543,100,902.290377
327.713693,100,902.454669
257.732052,100,902.619608
315.71068,100,902.782371
281.381405,100,902.948457
284.654839,100,903.14654
365.231122,100,914.468957
281.81063,100,914.623
332.31869,100,914.783796
344.871014,100,914.952775
279.597073,100,915.138536
264.845572,100,915.365581
366.342726,100,915.519485
242.982454,100,915.712215
390.525189,100,915.864172
287.689489,100,916.010653
367.230024,100,926.832309
307.101536,100,926.976432
357.248086,100,927.187515
286.046509,100,927.405708
288.954762,100,927.568966
371.614403,100,927.752682
275.97322,100,927.913463
245.065364,100,928.068378
372.556094,100,928.249757
292.390725,100,928.420077
277.917487,100,940.39474
382.159779,100,940.579945
300.241273,100,940.785563
226.749971,100,940.98523
307.248078,100,941.220994
344.094926,100,941.421761
310.032014,100,941.605221
343.709061,100,941.787089
353.650729,100,941.96294
291.20542,100,942.131128
385.703804,100,953.908948
356.578819,100,954.062205
235.673232,100,954.218587
288.547444,100,954.396159
368.231107,100,954.546201
294.340935,100,954.737111
326.123072,100,954.888825
378.738454,100,955.041956
326.555958,100,955.191234
398.41211,100,955.354813
350.669677,100,968.930116
328.684136,100,969.086242
234.842946,100,969.244069
352.506877,100,969.394127
319.501346,100,969.666764
262.362748,100,969.81048
271.080915,100,969.977143
373.546107,100,970.125442
322.309297,100,970.27706
316.971683,100,970.428173
335.654033,100,981.368031
370.066477,100,981.631592
319.10528,100,981.80091
271.470168,100,981.959933
364.246324,100,982.126203
365.879757,100,982.268123
348.495434,100,982.413126
371.80445,100,982.565908
267.710645,100,982.730168
302.99933,100,982.878591
366.686337,100,995.251515
351.06912,100,995.388107
391.164394,100,995.647929
278.13387,100,995.805206
318.549691,100,995.973671
221.514221,100,996.122646
274.495863,100,996.270291
342.087792,100,996.418133
353.745077,100,996.568455
320.031057,100,996.72635
331.907153,100,1010.859711
405.975279,100,1011.018308
361.697274,100,1011.177588
301.366242,100,1011.336259
286.418725,100,1011.558733
340.798753,100,1011.752285
339.523854,100,1011.945215
290.995539,100,1012.110749
345.019832,100,1012.261216
417.896089,100,1012.415241
309.330231,100,1024.243225
337.547243,100,1024.423431
330.500636,100,1024.594928
284.742112,100,1024.787529
348.671337,100,1024.968814
352.403344,100,1025.139956
329.921691,100,1025.299751
288.615497,100,1025.502385
293.144386,100,1025.743166
335.597055,100,1025.932537
331.763737,100,1039.948231
365.059536,100,1040.119023
371.815898,100,1040.26855
368.802006,100,1040.413989
354.396042,100,1040.566018
291.31749,100,1040.738608
270.802688,100,1040.917792
288.782081,100,1041.078171
264.71152,100,1041.222723
354.044965,100,1041.378349
339.723067,100,1052.809604
354.51855,100,1052.946233
283.045996,100,1053.082678
247.868446,100,1053.226515
351.086909,100,1053.37108
368.341423,100,1053.63305
328.715138,100,1053.778052
282.995747,100,1053.950688
353.876326,100,1054.097095
284.984878,100,1054.236915
300.634097,100,1065.178972
296.019471,100,1065.370891
355.794154,100,1065.636493
247.505527,100,1065.885754
324.44216,100,1066.096494
298.373802,100,1066.307058
292.543157,100,1066.538889
321.103586,100,1066.770036
327.353077,100,1067.029678
291.858084,100,1067.292798
306.217241,100,1081.188971
308.218975,100,1081.342816
373.146462,100,1081.584827
283.845548,100,1081.772248
315.66583,100,1081.946683
345.50583,100,1082.110494
354.688875,100,1082.260075
325.046895,100,1082.429001
334.142216,100,1082.597981
362.272034,100,1082.776679
242.906678,100,1093.373291
364.235989,100,1093.61999
402.7157,100,1093.774457
306.542865,100,1093.949901
356.306001,100,1094.09493
373.125158,100,1094.241084
369.386104,100,1094.389565
305.808879,100,1094.539719
340.083456,100,1094.696251
310.940371,100,1094.856657
259.344496,100,1106.724926
257.330624,100,1106.909631
430.667742,100,1107.065081
276.747554,100,1107.218207
303.782268,100,1107.381366
316.08097,100,1107.627551
290.052712,100,1107.801227
340.565837,100,1107.954032
320.193763,100,1108.113727
322.286656,100,1108.253732
315.332352,100,1121.647802
382.259219,100,1121.903186
399.448391,100,1122.164718
283.523424,100,1122.467418
376.841822,100,1122.773648
302.262896,100,1123.087251
338.870416,100,1123.386702
355.399725,100,1123.697937
376.32136,100,1123.9338
305.084512,100,1124.219106
341.109652,100,1138.095061
343.358909,100,1138.233226
331.040403,100,1138.456792
365.968811,100,1138.64085
373.573486,100,1138.807258
285.519279,100,1138.976455
309.651489,100,1139.137792
379.193186,100,1139.293664
316.20521,100,1139.4476
364.460905,100,1139.611002
241.16848,100,1151.458743
376.321026,100,1151.617774
347.268936,100,1151.806267
328.285098,100,1151.987945
345.091368,100,1152.165311
252.808111,100,1152.333373
305.217864,100,1152.516384
300.523323,100,1152.768514
295.016056,100,1152.955316
291.509861,100,1153.125777
389.463121,100,1164.350807
282.088026,100,1164.5
349.89107,100,1164.768162
328.82805,100,1164.92281
308.420004,100,1165.086198
378.58433,100,1165.238589
384.788225,100,1165.398246
304.337195,100,1165.541892
258.72838,100,1165.715758
360.548106,100,1165.886752
331.921793,100,1176.394747
408.914964,100,1176.591003
327.79076,100,1176.799164
277.733921,100,1176.96845
376.344112,100,1177.138146
370.204103,100,1177.287228
317.048997,100,1177.44078
355.09319,100,1177.591027
313.192798,100,1177.740227
384.837478,100,1177.910656
326.630315,100,1189.966847
331.394704,100,1190.264608
248.52297,100,1190.584437
329.142567,100,1190.877313
332.852579,100,1191.126916
410.378,100,1191.432142
296.313337,100,1191.738529
343.528728,100,1192.052181
377.514882,100,1192.371036
397.656214,100,1192.705372
375.396507,100,1205.635887
352.837762,100,1205.811462
327.539793,100,1205.978995
385.960819,100,1206.1466
322.763501,100,1206.313414
299.716944,100,1206.501115
207.474022,100,1206.689574
342.046301,100,1206.935178
369.960966,100,1207.164506
375.040298,100,1207.374947
318.939203,100,1219.378075
332.129439,100,1219.551094
296.965827,100,1219.701072
308.909151,100,1219.856972
379.116215,100,1220.008434
359.766808,100,1220.167009
332.980335,100,1220.328806
410.060506,100,1220.473039
295.241895,100,1220.62175
308.935313,100,1220.780751
254.246142,100,1233.612117
315.101862,100,1233.78127
302.806102,100,1233.942735
274.474414,100,1234.114922
328.573944,100,1234.292577
315.010844,100,1234.468869
336.672587,100,1234.665135
390.169131,100,1234.873928
322.120113,100,1235.093693
290.044257,100,1235.275308
333.748167,100,1248.869038
331.30936,100,1249.091895
365.402698,100,1249.255733
381.694308,100,1249.413171
395.376435,100,1249.560744
332.992414,100,1249.806448
248.067894,100,1249.994775
309.261843,100,1250.166264
374.084024,100,1250.338145
270.972973,100,1250.511845
333.12148,100,1262.667471
317.650366,100,1262.85452
400.173006,100,1263.093206
307.023016,100,1263.258276
303.25813,100,1263.412744
298.336468,100,1263.597803
309.613757,100,1263.773984
361.149939,100,1263.940849
302.071464,100,1264.099021
255.817041,100,1264.280825
365.193201,100,1278.667863
317.327498,100,1278.872519
237.732688,100,1279.18298
269.531056,100,1279.383574
249.679793,100,1279.580802
331.270137,100,1279.776462
299.416792,100,1279.958982
266.418888,100,1280.150519
315.237217,100,1280.344273
333.869336,100,1280.534812
296.452828,100,1292.751089
409.190064,100,1292.914304
335.35209,100,1293.173983
361.774313,100,1293.336011
429.215228,100,1293.506677
293.247349,100,1293.660437
298.255186,100,1293.813604
332.650148,100,1293.964762
250.249861,100,1294.127691
409.236401,100,1294.29106
372.767518,100,1306.058295
399.796851,100,1306.375997
337.257433,100,1306.714639
363.224663,100,1307.044338
316.255663,100,1307.359905
304.211914,100,1307.645351
411.514381,100,1307.97515
334.118403,100,1308.284882
333.94958,100,1308.600612
289.401445,100,1308.919286
297.530921,100,1320.159036
322.876185,100,1320.304279
366.417775,100,1320.459723
274.267736,100,1320.608109
373.826206,100,1320.769355
312.277734,100,1320.922927
288.43782,100,1321.142516
332.415951,100,1321.329597
228.864745,100,1321.497581
312.497672,100,1321.653638
250.696807,100,1333.488305
397.040192,100,1333.695152
377.216125,100,1333.882508
271.1711,100,1334.064656
269.917178,100,1334.265821
363.464777,100,1334.452085
367.689494,100,1334.638442
409.100588,100,1334.828436
311.520401,100,1335.043633
315.608243,100,1335.31106
329.340667,100,1345.874841
291.33602,100,1346.01971
366.862453,100,1346.165081
337.895073,100,1346.345253
317.070151,100,1346.51072
363.548504,100,1346.683392
354.836454,100,1346.854406
421.194369,100,1347.038759
408.262041,100,1347.264013
365.616197,100,1347.438355
319.585609,100,1361.255289
307.332994,100,1361.431948
349.860097,100,1361.626056
341.211219,100,1361.803224
353.896129,100,1361.978577
303.168454,100,1362.147138
297.778375,100,1362.326035
368.022182,100,1362.493404
357.482427,100,1362.672001
346.335193,100,1362.849289
426.263321,100,1375.253498
401.012033,100,1375.438643
377.428955,100,1375.687114
319.97294,100,1375.882386
265.363239,100,1376.069614
296.772849,100,1376.230145
365.851361,100,1376.410281
355.346939,100,1376.597668
353.704265,100,1376.782406
352.534723,100,1376.942881
304.263462,100,1388.922421
339.05589,100,1389.142766
348.160118,100,1389.366668
351.665015,100,1389.645955
339.448239,100,1389.855859
261.585489,100,1390.044508
311.509364,100,1390.213057
275.187022,100,1390.389581
310.450977,100,1390.569139
317.041455,100,1390.766936
367.783996,100,1402.105765
398.789313,100,1402.250288
307.595895,100,1402.40409
324.768777,100,1402.55982
275.179551,100,1402.728667
390.857262,100,1402.879963
404.654189,100,1403.025134
281.306143,100,1403.170505
282.176987,100,1403.318763
325.075882,100,1403.459153
304.522476,100,1417.120141
429.102291,100,1417.304351
362.38065,100,1417.481437
345.030429,100,1417.763738
298.334929,100,1417.952108
398.360174,100,1418.147829
318.143177,100,1418.341061
366.048511,100,1418.525806
392.162483,100,1418.706825
315.77403,100,1418.894974
403.717141,100,1432.648132
347.831698,100,1432.82968
394.894203,100,1432.982755
330.138253,100,1433.149424
372.149073,100,1433.306259
274.174877,100,1433.521316
312.402967,100,1433.817231
365.574867,100,1433.972199
393.670141,100,1434.146291
333.797089,100,1434.293545
276.99573,100,1448.318868
371.430472,100,1448.477388
350.273515,100,1448.632707
293.446011,100,1448.788252
344.459765,100,1448.945465
319.375485,100,1449.116918
348.449587,100,1449.259439
293.527029,100,1449.40495
329.308748,100,1449.594053
349.478738,100,1449.825972
333.675176,100,1461.987586
349.041304,100,1462.179804
325.645157,100,1462.375301
412.481288,100,1462.560781
393.40242,100,1462.740017
255.821033,100,1462.929358
376.207739,100,1463.109632
278.551726,100,1463.277729
420.931662,100,1463.454653
366.951484,100,1463.727841
284.091155,100,1477.395738
377.490778,100,1477.573777
370.370993,100,1477.817745
391.967452,100,1478.012911
332.271594,100,1478.170567
307.736075,100,1478.340481
261.657686,100,1478.485638
341.275595,100,1478.62645
421.161406,100,1478.771494
305.534375,100,1478.926742
317.247885,100,1491.088739
288.645637,100,1491.246844
321.647372,100,1491.416191
394.305864,100,1491.582161
374.448749,100,1491.737232
389.789395,100,1491.906088
293.482265,100,1492.065788
366.386454,100,1492.219118
367.031497,100,1492.483281
450.469655,100,1492.658456
427.090413,100,1504.030721
390.852693,100,1504.176648
381.611225,100,1504.335445
298.70693,100,1504.484241
392.785451,100,1504.758915
368.655983,100,1504.917607
403.702424,100,1505.100929
310.98973,100,1505.26425
349.859274,100,1505.428694
365.556162,100,1505.586211
323.26969,100,1521.043232
340.198941,100,1521.414751
306.697765,100,1521.790244
319.698035,100,1522.164507
380.34302,100,1522.529365
289.094124,100,1522.904474
387.026932,100,1523.228102
343.7733,100,1523.599599
361.474305,100,1523.967744
259.982477,100,1524.326762
282.797531,100,1540.339421
370.498657,100,1540.501315
303.930139,100,1540.70207
330.561611,100,1540.960083
368.664563,100,1541.146186
392.018216,100,1541.323376
307.952527,100,1541.483228
281.17292,100,1541.641197
330.753732,100,1541.809931
361.602863,100,1541.978567
300.312473,100,1556.001938
278.725548,100,1556.305942
323.756207,100,1556.610071
295.653968,100,1556.906594
326.866464,100,1557.130447
266.399207,100,1557.407804
392.205737,100,1557.689811
339.761399,100,1557.942532
346.161467,100,1558.146132
447.262304,100,1558.372751
318.242677,100,1570.333978
295.730357,100,1570.476906
311.110244,100,1570.618941
288.466342,100,1570.774225
295.441841,100,1570.948216
381.611242,100,1571.251774
328.853838,100,1571.408633
351.774021,100,1571.589813
387.960806,100,1571.758613
345.832735,100,1571.904326
394.678838,100,1583.278548
355.669139,100,1583.440584
408.679786,100,1583.595106
359.358564,100,1583.743211
407.91432,100,1583.889971
407.613269,100,1584.040876
358.764744,100,1584.192605
316.196757,100,1584.342502
405.915587,100,1584.486122
249.158625,100,1584.633316
313.708465,100,1597.801308
345.285278,100,1598.151836
374.685713,100,1598.504486
404.758917,100,1598.858387
361.855676,100,1599.00929
337.613273,100,1599.183297
423.430562,100,1599.42217
405.520175,100,1599.566083
290.726958,100,1599.746053
389.807515,100,1599.892791
344.666665,100,1611.838238
366.678859,100,1611.994137
365.402759,100,1612.145166
273.08769,100,1612.291865
316.024708,100,1612.457003
394.267672,100,1612.616599
386.578992,100,1612.778227
263.032589,100,1612.927805
333.20428,100,1613.080685
284.258011,100,1613.336642
453.773617,100,1625.838305
349.670709,100,1626.000294
351.912937,100,1626.170215
394.565758,100,1626.333034
380.171087,100,1626.510555
392.826153,100,1626.678509
316.035667,100,1626.843649
369.225326,100,1627.010615
387.962407,100,1627.17984
348.87273,100,1627.449503
392.301916,100,1638.325691
354.657832,100,1638.472232
366.222049,100,1638.627913
349.061211,100,1638.78682
363.020396,100,1638.942932
406.491672,100,1639.102886
339.016139,100,1639.259094
322.13863,100,1639.410189
400.655907,100,1639.664023
378.430173,100,1639.814632
304.6102,100,1652.33272
386.107197,100,1652.635827
331.628754,100,1652.932894
384.248545,100,1653.220639
365.325406,100,1653.527977
406.714422,100,1653.802037
335.630594,100,1654.01878
333.380022,100,1654.317954
311.474128,100,1654.625072
337.927367,100,1654.929184
332.766399,100,1666.855056
374.747495,100,1667.034883
330.855523,100,1667.202346
368.599248,100,1667.377908
363.564951,100,1667.563525
298.954456,100,1667.84147
416.463519,100,1668.01131
333.013088,100,1668.22739
430.361227,100,1668.412628
472.09139,100,1668.594703
381.207665,100,1682.009902
301.461993,100,1682.20463
295.044235,100,1682.415156
354.321882,100,1682.57916
383.946699,100,1682.734908
402.392817,100,1682.911072
346.788326,100,1683.072092
376.000859,100,1683.216026
390.758514,100,1683.3713
331.068264,100,1683.519689
318.178984,100,1696.212819
309.859783,100,1696.383636
368.177408,100,1696.548523
378.720859,100,1696.724968
347.888188,100,1696.911742
371.324167,100,1697.113151
296.964059,100,1697.311469
396.715073,100,1697.510248
282.127105,100,1697.816778
286.5369,100,1698.030102
319.243422,100,1710.640165
399.344049,100,1710.823179
355.75363,100,1710.989756
322.546327,100,1711.135838
387.507332,100,1711.281865
424.039061,100,1711.430285
303.036729,100,1711.592722
335.761624,100,1711.839234
365.276127,100,1711.987579
403.865117,100,1712.166375
322.056274,100,1724.721892
344.313627,100,1724.883158
384.675987,100,1725.035794
338.917735,100,1725.186013
415.211375,100,1725.338079
341.0316,100,1725.482641
342.844928,100,1725.67434
410.431252,100,1725.887686
402.472238,100,1726.040235
327.258771,100,1726.211601
379.791282,100,1738.54981
302.526485,100,1738.72542
403.775667,100,1738.911982
298.864435,100,1739.091429
365.986877,100,1739.27576
374.298326,100,1739.451676
289.741017,100,1739.668929
410.252618,100,1739.907944
373.377427,100,1740.09952
284.945208,100,1740.272504
270.898271,100,1754.478285
408.835794,100,1754.622312
364.17247,100,1754.769383
337.830535,100,1754.929131
272.587755,100,1755.079614
292.193722,100,1755.222101
333.537245,100,1755.371459
291.513333,100,1755.51796
370.638213,100,1755.745301
340.117051,100,1755.91941
435.628831,100,1769.549046
314.450282,100,1769.706068
285.844165,100,1769.861033
273.842814,100,1770.000366
333.075508,100,1770.142949
307.590853,100,1770.331478
433.28819,100,1770.558451
396.957872,100,1770.713726
415.040063,100,1770.889937
380.66329,100,1771.044193
384.160936,100,1.534778
344.888274,100,1.691385
385.414155,100,1.833766
305.004829,100,1.981924
385.364631,100,2.148261
308.352865,100,2.300282
408.423521,100,2.441732
381.788863,100,2.584755
319.50995,100,2.722704
307.470857,100,2.865168
337.134713,100,15.645561
278.46192,100,15.826283
339.121253,100,16.007941
318.42551,100,16.193809
393.895898,100,16.356152
364.455949,100,16.506775
359.711616,100,16.662285
332.114977,100,16.822344
301.601659,100,16.971101
371.145048,100,17.182292
334.055808,100,28.761637
362.643337,100,28.936056
404.332888,100,29.119292
317.000621,100,29.379653
351.890776,100,29.602304
306.127519,100,29.81872
394.897516,100,29.973207
277.703986,100,30.123432
418.079814,100,30.276071
311.413962,100,30.419862
321.614109,100,41.836506
367.192449,100,42.132949
373.496087,100,42.441531
441.338109,100,42.744017
447.657706,100,43.039859
290.43549,100,43.360312
353.504742,100,43.569821
346.051287,100,43.747374
421.71162,100,43.914315
367.819403,100,44.070191
306.457257,100,55.925095
415.704539,100,56.090493
292.931757,100,56.249193
396.148308,100,56.414451
406.226932,100,56.601216
359.408336,100,56.780493
340.968086,100,56.931231
302.21605,100,57.087285
305.157083,100,57.271572
380.664209,100,57.508064
275.779229,100,69.738342
243.365172,100,69.948533
452.643071,100,70.140728
390.029141,100,70.341451
320.515729,100,70.54509
411.302704,100,70.733583
360.588541,100,70.919457
444.56323,100,71.097449
357.393033,100,71.31977
342.48662,100,71.557022
388.725277,100,84.470649
352.849349,100,84.678173
355.29068,100,84.870878
252.964021,100,85.0533
319.863565,100,85.240229
359.892727,100,85.439787
359.504666,100,85.757256
344.832518,100,85.965891
364.714094,100,86.186776
338.349676,100,86.415616
342.414819,100,98.831989
318.980817,100,98.984595
317.88858,100,99.126008
298.037409,100,99.269312
351.520014,100,99.422331
343.739161,100,99.585306
320.021732,100,99.841502
358.164645,100,100.000172
397.647694,100,100.166264
318.036661,100,100.311761
344.70248,100,110.920961
355.762543,100,111.084376
256.402931,100,111.252136
277.96092,100,111.399564
386.352437,100,111.558787
304.123084,100,111.831985
307.036842,100,112.056296
394.463477,100,112.357286
288.526077,100,112.654635
283.53097,100,112.961103
363.20053,100,124.463464
343.845193,100,124.645375
349.277442,100,124.823937
359.731945,100,125.028187
390.586081,100,125.211662
339.586584,100,125.394451
383.016597,100,125.577826
345.464372,100,125.841263
396.953243,100,126.013376
371.9473,100,126.206983
368.51293,100,138.459996
389.396748,100,138.624124
337.414228,100,138.786451
327.997156,100,138.967528
281.114705,100,139.164741
389.972845,100,139.344763
374.922716,100,139.504876
320.382421,100,139.752329
422.883435,100,139.940095
353.914949,100,140.13105
321.986209,100,156.461474
273.700783,100,156.772391
349.536212,100,157.076561
327.004889,100,157.393359
305.486613,100,157.699752
359.482479,100,157.948147
390.01722,100,158.194258
320.363623,100,158.410223
350.368939,100,158.613814
354.387138,100,158.841886
291.686216,100,171.91884
328.122934,100,172.125153
352.426264,100,172.365349
325.070443,100,172.579526
291.549556,100,172.751634
324.620947,100,172.92518
303.882925,100,173.101151
325.315909,100,173.271409
355.567408,100,173.43996
343.056109,100,173.61501
406.710191,100,188.301091
401.954236,100,188.457368
375.475281,100,188.601233
325.547116,100,188.763361
342.669178,100,188.927292
350.454147,100,189.087539
366.189787,100,189.257352
318.359088,100,189.438233
397.188955,100,189.591179
392.999359,100,189.810171
268.880441,100,203.189759
364.904662,100,203.34839
398.434186,100,203.505796
394.565481,100,203.671081
300.218327,100,203.941204
348.189267,100,204.100318
319.900191,100,204.286366
338.732794,100,204.454573
341.884745,100,204.607185
363.134069,100,204.767029
371.645414,100,215.888242
316.14417,100,216.052191
321.482745,100,216.223438
350.207766,100,216.383581
387.230321,100,216.542961
373.373662,100,216.701303
332.845063,100,216.858651
395.253851,100,217.00588
392.762549,100,217.156964
397.900957,100,217.307896
298.784416,100,229.228341
314.44903,100,229.391701
323.720651,100,229.551738
393.449715,100,229.714865
358.547592,100,229.984179
368.104263,100,230.166659
331.187712,100,230.372946
437.152433,100,230.557596
384.646921,100,230.738883
321.444064,100,230.917139
292.594018,100,243.967349
295.411071,100,244.151214
437.866092,100,244.357644
438.558224,100,244.539824
379.861729,100,244.712016
408.361907,100,244.88483
417.593579,100,245.08994
466.51829,100,245.289928
445.782714,100,245.476625
358.435827,100,245.654721
390.807221,100,257.707784
331.607623,100,257.968887
321.24781,100,258.149027
334.597918,100,258.332808
341.108047,100,258.482644
360.048069,100,258.633834
327.448297,100,258.787326
352.466692,100,258.950654
346.480438,100,259.116008
336.397665,100,259.276911
432.754256,100,271.377446
418.135531,100,271.542803
370.960156,100,271.722933
298.625267,100,271.970341
286.075165,100,272.131479
245.633725,100,272.316059
319.07672,100,272.459435
353.534575,100,272.606291
374.576176,100,272.761232
329.34361,100,272.910462
371.690116,100,289.810572
326.162224,100,289.952016
321.061772,100,290.093398
346.535808,100,290.244459
444.895148,100,290.501092
303.757316,100,290.656156
356.390638,100,290.831939
353.080333,100,290.996188
400.473089,100,291.151782
361.307977,100,291.299367
382.056056,100,303.330023
364.136068,100,303.708018
403.046977,100,304.07684
362.016364,100,304.466303
402.531106,100,304.846268
324.874966,100,305.133335
313.100849,100,305.408172
385.723715,100,305.724529
344.722159,100,306.04303
364.279704,100,306.347697
382.736749,100,317.955575
462.136732,100,318.109613
360.097347,100,318.26672
346.900218,100,318.426213
361.326152,100,318.573501
379.191986,100,318.765009
308.490373,100,318.976475
347.01489,100,319.12391
408.878575,100,319.285044
309.051181,100,319.450138
425.973478,100,330.456384
306.732298,100,330.599388
344.010266,100,330.830593
404.540257,100,331.06946
410.974598,100,331.309738
371.676195,100,331.526975
412.277882,100,331.754698
357.85677,100,331.962615
442.63885,100,332.180755
400.898903,100,332.393258
364.959401,100,347.069106
389.30382,100,347.21669
348.671039,100,347.379858
335.325414,100,347.512928
332.893908,100,347.649349
340.794988,100,347.788815
337.294647,100,347.934865
369.812781,100,348.097852
425.034562,100,348.252115
303.440451,100,348.404266
329.670803,100,359.533321
401.376824,100,359.679616
377.614197,100,359.840627
396.85105,100,360.011028
385.492779,100,360.172587
389.110626,100,360.332864
378.763218,100,360.494523
402.500219,100,360.664865
365.195615,100,360.810449
327.799704,100,361.059498
372.890289,100,372.50274
325.872185,100,372.660788
273.434798,100,372.811352
362.282395,100,373.067881
298.475824,100,373.25195
338.584982,100,373.43164
409.958515,100,373.597458
368.335439,100,373.744571
327.142766,100,373.914155
271.475362,100,374.083187
340.345464,100,386.137815
334.060456,100,386.298258
403.194861,100,386.457825
338.130982,100,386.619026
411.252829,100,386.774616
399.181135,100,386.927738
405.540052,100,387.085957
327.065337,100,387.351213
335.604746,100,387.516013
345.35785,100,387.687891
436.062027,100,400.346726
395.245347,100,400.520614
307.988775,100,400.681309
350.016732,100,400.835989
381.997982,100,401.001272
340.172414,100,401.199161
337.932617,100,401.407071
362.9399,100,401.576751
350.31749,100,401.746177
350.442987,100,401.895487
350.754427,100,414.506737
439.433783,100,414.816624
334.193066,100,415.139194
421.56693,100,415.458713
383.948819,100,415.706552
365.528857,100,416.020374
360.533504,100,416.333182
356.619281,100,416.632886
301.759929,100,416.935818
368.363073,100,417.246997
353.233175,100,430.099304
370.836099,100,430.270697
282.479952,100,430.42967
395.486521,100,430.602382
325.801474,100,430.762793
401.509318,100,430.913455
338.330102,100,431.063451
372.397142,100,431.288998
434.309973,100,431.450555
409.702919,100,431.640904
375.773791,100,442.051674
354.888944,100,442.19397
348.515183,100,442.335056
345.007141,100,442.504561
389.690116,100,442.644698
391.208904,100,442.780636
323.73783,100,442.921557
335.225428,100,443.065349
282.235816,100,443.31006
365.460808,100,443.478297
336.792743,100,454.248106
357.477363,100,454.419144
299.188551,100,454.577078
389.652132,100,454.7382
386.133384,100,454.893115
419.321091,100,455.053875
373.803554,100,455.297382
367.275789,100,455.484863
352.68623,100,455.64965
355.896392,100,455.799636
299.672901,100,469.211618
316.326483,100,469.532274
302.971974,100,469.815142
337.312968,100,470.092666
400.881033,100,470.419679
447.934923,100,470.623877
446.131716,100,470.809526
347.794538,100,470.987817
421.777291,100,471.188613
265.296533,100,471.407227
388.32361,100,484.291663
403.43214,100,484.424737
343.079784,100,484.582173
390.96865,100,484.750628
323.166505,100,484.916395
351.570872,100,485.091832
370.508091,100,485.279094
252.11354,100,485.545796
330.142194,100,485.72048
355.758152,100,485.88395
333.892145,100,496.392979
376.109745,100,496.542933
312.96845,100,496.708101
287.514038,100,496.861977
330.747644,100,497.018345
306.041971,100,497.170013
335.006462,100,497.308894
334.295184,100,497.543267
365.390263,100,497.694257
435.156623,100,497.862256
448.681084,100,510.681128
386.57581,100,510.839381
368.251243,100,510.99878
386.945465,100,511.153123
344.351601,100,511.315775
420.458248,100,511.570183
345.30609,100,511.727004
275.690611,100,511.903022
240.854496,100,512.047771
433.376097,100,512.197995
372.234736,100,522.733998
285.900499,100,522.864883
420.733943,100,523.002198
342.746584,100,523.164346
324.759064,100,523.329053
372.483187,100,523.578506
296.518271,100,523.721809
431.417984,100,523.889561
417.997544,100,524.045005
336.030037,100,524.211157
362.331069,100,535.171232
361.736949,100,535.308892
301.851774,100,535.542853
379.8886,100,535.712377
304.338047,100,535.888661
361.789239,100,536.043009
446.338946,100,536.184793
374.194981,100,536.33424
325.080047,100,536.482167
438.895366,100,536.6248
402.264963,100,547.983918
329.378392,100,548.171456
344.590356,100,548.359858
350.662172,100,548.560009
419.448723,100,548.738505
355.262271,100,548.912816
345.36636,100,549.085896
394.205417,100,549.262032
401.036272,100,549.540699
349.963121,100,549.715665
347.587582,100,561.279217
325.777015,100,561.505769
382.526529,100,561.685257
344.702647,100,561.827661
429.708328,100,561.981618
391.451655,100,562.120891
406.73902,100,562.267312
350.703274,100,562.413912
361.81508,100,562.573948
334.811012,100,562.722688
299.99967,100,574.982288
348.489893,100,575.130454
317.373778,100,575.286981
407.970669,100,575.519569
372.183425,100,575.702123
373.595115,100,575.85955
393.182628,100,576.025139
368.120616,100,576.187514
364.74315,100,576.363269
391.88462,100,576.531605
358.936788,100,588.194803
428.350278,100,588.340948
385.991208,100,588.484982
357.059844,100,588.629115
417.288549,100,588.767927
260.131063,100,588.899595
429.867831,100,589.036626
315.141962,100,589.176725
352.969087,100,589.319669
344.316727,100,589.569161
324.86702,100,601.033859
350.464348,100,601.200963
394.786986,100,601.377023
330.891121,100,601.590874
343.256923,100,601.82839
417.200071,100,602.032802
404.91263,100,602.204227
378.151028,100,602.383024
406.956943,100,602.55296
327.938285,100,602.762017
316.118515,100,614.08935
335.431993,100,614.247677
371.599537,100,614.407891
392.598144,100,614.568258
369.02195,100,614.716233
349.023407,100,614.874494
269.383451,100,615.019615
341.665414,100,615.164498
370.462205,100,615.312167
382.03596,100,615.464619
358.465913,100,628.398607
302.16254,100,628.701296
338.732661,100,629.030736
357.056475,100,629.386739
442.235557,100,629.727534
388.327331,100,630.047777
391.79116,100,630.361136
419.518374,100,630.612382
368.691683,100,630.889356
306.262455,100,631.190504
420.74341,100,645.619209
354.266538,100,645.802151
396.314411,100,645.991233
412.32488,100,646.176882
325.414192,100,646.454087
381.336386,100,646.644336
318.160323,100,646.834485
376.25412,100,647.009916
417.988873,100,647.195588
300.197459,100,647.361601
303.160545,100,657.993658
413.791871,100,658.144886
290.683126,100,658.414357
294.524277,100,658.615681
378.29132,100,658.776399
358.082223,100,658.933023
415.082878,100,659.074851
326.215862,100,659.229975
322.898292,100,659.383107
373.955713,100,659.542791
308.253471,100,670.536484
345.089941,100,670.794525
394.190617,100,670.954987
367.908728,100,671.10067
347.600562,100,671.269889
328.924669,100,671.409853
321.51723,100,671.550015
345.709308,100,671.705933
405.412382,100,671.861004
344.866949,100,672.01778
331.788571,100,683.709792
294.948126,100,683.855663
362.810084,100,684.001039
333.32335,100,684.144875
333.7209,100,684.30499
381.921331,100,684.448381
385.893605,100,684.639066
435.140436,100,684.853186
382.80616,100,684.998572
446.258876,100,685.167802
421.528521,100,695.624112
374.683195,100,695.801158
379.05516,100,695.962497
312.653739,100,696.126915
346.374688,100,696.287574
407.64401,100,696.441231
286.551125,100,696.639518
347.56619,100,696.861579
446.526463,100,697.01697
283.280349,100,697.189882
295.423754,100,711.63388
423.20201,100,711.930523
326.855545,100,712.250283
312.565705,100,712.552918
378.141366,100,712.85571
435.68403,100,713.164654
360.872403,100,713.421265
430.709001,100,713.663167
383.909871,100,713.97368
424.106326,100,714.289221
326.178249,100,727.481989
346.651831,100,727.652543
324.072694,100,727.788185
344.569021,100,727.924468
300.267331,100,728.060288
391.633693,100,728.215759
348.661993,100,728.38364
366.179589,100,728.527849
350.070825,100,728.684893
361.162224,100,728.838823
340.178965,100,739.598934
331.707652,100,739.762189
338.718349,100,739.915127
451.49333,100,740.065949
294.783563,100,740.215018
321.264731,100,740.378945
347.351222,100,740.551266
415.606282,100,740.708057
345.757344,100,740.858769
347.328583,100,741.013428
356.541472,100,751.676925
339.865764,100,751.839178
333.059855,100,751.988879
352.53848,100,752.140069
343.847613,100,752.297083
376.122151,100,752.446784
356.89299,100,752.592466
374.528405,100,752.733538
354.97469,100,752.870709
344.340572,100,753.015512
396.577267,100,764.390071
401.715042,100,764.564034
381.235452,100,764.736003
329.847999,100,764.907959
419.285956,100,765.076562
300.0379,100,765.280963
364.919951,100,765.534528
366.677035,100,765.704466
374.666204,100,765.879923
300.487005,100,766.034515
281.400946,100,779.639486
428.654115,100,779.895905
349.585073,100,780.197337
331.911628,100,780.514469
376.918895,100,780.83117
327.018738,100,781.148673
425.757843,100,781.464913
357.033778,100,781.759349
310.801922,100,781.978537
336.956807,100,782.298219
287.901043,100,794.596882
378.927938,100,794.758507
383.322635,100,794.914348
354.91793,100,795.083874
361.890566,100,795.24992
320.968673,100,795.397516
317.357653,100,795.582708
345.691918,100,795.812223
392.59991,100,795.964041
357.768601,100,796.142988
429.478836,100,806.927992
418.298345,100,807.088192
309.647999,100,807.258397
425.661542,100,807.419032
290.237194,100,807.612641
423.513482,100,807.831064
377.088607,100,808.008355
356.901636,100,808.209351
378.191513,100,808.403977
423.545117,100,808.586096
375.340571,100,822.558387
311.29668,100,822.706395
408.973613,100,822.850121
312.420768,100,823.004124
372.56969,100,823.162224
351.927384,100,823.306743
392.407588,100,823.447194
371.786668,100,823.650745
433.482762,100,823.836282
367.531401,100,823.996074
364.375788,100,835.815579
407.414931,100,836.040215
372.988828,100,836.328892
341.772536,100,836.621828
388.444981,100,836.90995
346.030335,100,837.197776
315.303064,100,837.48207
381.87414,100,837.787263
321.107352,100,838.045978
296.167271,100,838.332666
307.706973,100,850.408069
396.233193,100,850.560486
368.76468,100,850.719314
342.14102,100,850.886356
397.999927,100,851.043388
359.91216,100,851.193666
330.636459,100,851.339685
323.08013,100,851.483611
369.94144,100,851.719817
396.215187,100,851.880367
390.55451,100,864.309355
353.086697,100,864.471777
366.126396,100,864.635682
347.285099,100,864.806834
405.504592,100,864.964745
402.602533,100,865.129742
269.96201,100,865.284764
319.557537,100,865.440357
332.740669,100,865.648019
386.622312,100,865.85478
383.498134,100,876.891323
348.93537,100,877.047672
380.175103,100,877.198994
407.367066,100,877.349807
396.584648,100,877.502873
386.094003,100,877.762582
312.65721,100,877.920026
369.264526,100,878.085429
347.279663,100,878.232129
336.547123,100,878.384543
387.497546,100,888.765737
344.929381,100,888.92582
378.762941,100,889.082783
386.68005,100,889.233962
336.371818,100,889.377063
302.185417,100,889.528823
398.577023,100,889.773282
302.906362,100,889.92277
436.072406,100,890.088953
326.267593,100,890.238488
413.185494,100,903.042864
349.939923,100,903.349168
404.301604,100,903.635896
326.776239,100,903.902654
351.326656,100,904.159533
422.116317,100,904.454141
319.851144,100,904.75821
268.282173,100,905.053145
419.260715,100,905.368277
354.865889,100,905.678713
318.626947,100,917.492432
416.519511,100,917.735188
337.924183,100,917.879575
288.308622,100,918.029397
370.765225,100,918.198351
376.960517,100,918.348827
381.829267,100,918.501161
396.807392,100,918.6601
381.531588,100,918.812218
341.471719,100,918.954136
430.123982,100,930.939256
393.140863,100,931.10819
293.515527,100,931.272788
355.526834,100,931.44057
418.875374,100,931.649988
343.068554,100,931.859819
376.632049,100,932.04578
432.805199,100,932.215322
359.379284,100,932.380234
458.659487,100,932.559564
402.3203,100,944.332502
367.139296,100,944.499535
322.173086,100,944.664325
400.529593,100,944.832989
356.807233,100,944.997372
287.828349,100,945.187298
305.137637,100,945.367888
419.07567,100,945.528205
359.60792,100,945.783974
385.799971,100,945.950996
372.534307,100,958.839312
406.573911,100,958.988976
339.252214,100,959.141898
334.373153,100,959.30635
411.742583,100,959.472005
415.405609,100,959.644379
403.008283,100,959.798939
420.247888,100,959.947935
310.57205,100,960.113437
351.579665,100,960.370039
422.322673,100,971.940933
388.623039,100,972.097931
443.720677,100,972.370569
328.157915,100,972.551107
344.592496,100,972.728138
256.207616,100,972.904361
311.503739,100,973.077212
391.897304,100,973.268559
409.154578,100,973.452794
354.892674,100,973.60234
370.930609,100,986.397428
445.683914,100,986.588136
416.293707,100,986.802733
327.546771,100,986.951702
321.836864,100,987.120138
373.44395,100,987.273102
375.066135,100,987.416401
336.057636,100,987.567135
383.861327,100,987.736085
448.500234,100,987.884479
369.947082,100,1001.104134
376.362762,100,1001.289949
381.580776,100,1001.451517
351.017233,100,1001.608529
394.490728,100,1001.767723
396.407638,100,1001.940889
364.78257,100,1002.109591
308.234591,100,1002.284704
314.363055,100,1002.456578
377.990355,100,1002.666717
374.022512,100,1017.408238
405.784877,100,1017.592588
401.932419,100,1017.773138
406.942906,100,1017.945025
403.303027,100,1018.117553
338.744126,100,1018.326103
326.307539,100,1018.530906
326.000999,100,1018.836885
276.157647,100,1019.018454
386.691965,100,1019.223336
362.38742,100,1033.336698
396.184229,100,1033.554804
308.227652,100,1033.768952
254.818255,100,1034.000974
370.757801,100,1034.216634
421.726971,100,1034.405022
379.932022,100,1034.628849
327.080576,100,1034.907151
415.500613,100,1035.115606
336.251949,100,1035.320987
320.879999,100,1046.729142
320.048502,100,1046.934893
391.580167,100,1047.100307
269.979124,100,1047.270447
352.371241,100,1047.418127
368.941774,100,1047.569836
353.0139,100,1047.724825
363.839967,100,1047.88373
362.039184,100,1048.030346
339.992555,100,1048.183924
339.282943,100,1059.369346
342.958972,100,1059.515998
397.607332,100,1059.656388
332.429382,100,1059.806911
351.477486,100,1059.958837
381.605564,100,1060.107511
396.037902,100,1060.250784
359.454478,100,1060.391609
377.425399,100,1060.551378
397.711967,100,1060.776542
298.668389,100,1071.36822
390.993035,100,1071.522224
445.585263,100,1071.673999
323.312861,100,1071.838377
399.577383,100,1072.008137
389.663544,100,1072.170393
406.542594,100,1072.331247
345.354649,100,1072.484489
370.230305,100,1072.640176
339.045896,100,1072.874385
286.353096,100,1083.869723
295.154579,100,1084.019537
442.692403,100,1084.176476
317.521525,100,1084.316509
337.854263,100,1084.472807
343.798431,100,1084.620445
311.165492,100,1084.824109
374.076402,100,1085.017088
346.545134,100,1085.176641
339.687689,100,1085.340866
348.499965,100,1097.311211
428.483237,100,1097.476331
430.468345,100,1097.62862
296.7179,100,1097.777296
411.010589,100,1097.936805
361.352058,100,1098.083293
400.522598,100,1098.246185
385.191377,100,1098.41187
411.69516,100,1098.561089
333.78419,100,1098.703765
363.076963,100,1109.695312
379.28826,100,1109.851543
354.32463,100,1110.025083
401.644893,100,1110.197106
407.232909,100,1110.354761
331.123869,100,1110.514252
354.869722,100,1110.672229
423.668036,100,1110.908743
339.533584,100,1111.103213
389.728917,100,1111.303773
265.841728,100,1122.956113
412.833975,100,1123.106191
405.376097,100,1123.2853
360.172177,100,1123.43961
395.397008,100,1123.591235
272.54444,100,1123.743919
353.697896,100,1123.903683
331.854195,100,1124.087883
329.012064,100,1124.253914
323.079276,100,1124.432396
426.475409,100,1136.47159
323.895826,100,1136.6154
389.235518,100,1136.800018
374.250809,100,1137.026752
350.772641,100,1137.217141
418.893834,100,1137.371039
426.877279,100,1137.517655
328.141345,100,1137.657259
303.286882,100,1137.811056
400.957755,100,1138.01521
373.873107,100,1149.966498
444.882975,100,1150.115499
357.862217,100,1150.265885
335.771793,100,1150.428903
417.857415,100,1150.593966
398.262031,100,1150.741863
350.292462,100,1150.88967
388.022457,100,1151.048659
364.211154,100,1151.215876
416.60277,100,1151.4295
349.501286,100,1163.890929
358.504739,100,1164.03751
277.735897,100,1164.207603
350.459294,100,1164.364999
366.530186,100,1164.514713
437.408571,100,1164.67283
345.960382,100,1164.8278
368.766223,100,1164.990355
401.389362,100,1165.146843
414.284122,100,1165.410991
409.524021,100,1179.848232
377.217334,100,1179.996909
371.210572,100,1180.144551
414.731095,100,1180.306774
365.867146,100,1180.473848
328.744183,100,1180.631222
235.009246,100,1180.791309
380.32227,100,1180.951014
403.953326,100,1181.10263
397.144263,100,1181.332944
341.038463,100,1192.126524
344.488802,100,1192.284109
333.102338,100,1192.431601
352.097317,100,1192.590861
408.795669,100,1192.749381
391.710238,100,1192.896529
361.7486,100,1193.059758
431.201824,100,1193.265904
315.333089,100,1193.472576
338.934671,100,1193.63324
284.28289,100,1204.558202
337.552919,100,1204.729538
319.606776,100,1204.897883
330.073326,100,1205.059076
372.79159,100,1205.319593
351.703493,100,1205.544132
358.639814,100,1205.747646
425.96967,100,1205.918646
333.565247,100,1206.095038
318.700152,100,1206.292061
354.900011,100,1217.282774
382.880614,100,1217.53799
387.954327,100,1217.689292
403.071075,100,1217.849936
416.547942,100,1218.00863
321.997554,100,1218.16351
274.080777,100,1218.31781
335.007648,100,1218.455939
402.193671,100,1218.612345
314.318986,100,1218.763327
361.784374,100,1230.159735
355.8746,100,1230.300737
430.727336,100,1230.441372
311.447081,100,1230.584372
327.302246,100,1230.739371
362.170212,100,1230.894484
306.422745,100,1231.049109
384.168086,100,1231.197581
322.882395,100,1231.348103
303.035325,100,1231.496025
393.287723,100,1243.733767
333.923363,100,1243.90279
264.796,100,1244.080194
297.371804,100,1244.243453
284.285899,100,1244.400043
364.754057,100,1244.55139
320.843765,100,1244.703873
299.292979,100,1244.867397
336.7045,100,1245.022336
365.333867,100,1245.188548
326.738109,100,1255.944528
449.47478,100,1256.182027
360.685122,100,1256.343326
398.71049,100,1256.541142
443.883866,100,1256.728463
317.258373,100,1256.899882
338.812454,100,1257.060635
355.43223,100,1257.242118
273.827022,100,1257.411174
421.81464,100,1257.56165
403.549338,100,1269.255894
384.795363,100,1269.612581
359.308021,100,1269.9587
362.350467,100,1270.23387
340.817864,100,1270.489537
322.296601,100,1270.79248
431.768685,100,1271.096901
341.620572,100,1271.392821
372.28169,100,1271.68722
307.61266,100,1271.993609
326.01352,100,1284.688021
328.421275,100,1284.844071
379.933956,100,1284.990979
296.96591,100,1285.15185
377.765436,100,1285.3186
347.866976,100,1285.481038
327.278928,100,1285.650237
380.139996,100,1285.806906
259.160219,100,1286.040135
329.631129,100,1286.223386
280.897299,100,1301.173343
402.311824,100,1301.357203
405.184506,100,1301.524198
304.809387,100,1301.684608
296.352866,100,1301.840099
394.97337,100,1302.024922
402.244308,100,1302.294987
432.036134,100,1302.467663
347.349793,100,1302.660366
336.094732,100,1302.836181
348.35115,100,1314.549697
311.037303,100,1314.760701
392.198289,100,1314.914395
352.321008,100,1315.090283
337.241814,100,1315.257901
393.879187,100,1315.412256
384.939594,100,1315.558053
437.277107,100,1315.712535
433.878638,100,1315.855726
385.507074,100,1315.994787
325.333371,100,1328.852191
334.07471,100,1329.054051
356.582266,100,1329.239487
375.292629,100,1329.410765
374.55776,100,1329.576134
344.343916,100,1329.748965
336.225692,100,1329.956578
378.361805,100,1330.143815
374.49077,100,1330.317568
368.465608,100,1330.492151
436.257002,100,1343.433936
429.309318,100,1343.571661
403.832502,100,1343.721794
321.881646,100,1343.874433
290.551132,100,1344.022834
331.273603,100,1344.172731
373.809705,100,1344.319243
394.268353,100,1344.460799
386.707755,100,1344.637732
371.802587,100,1344.845619
343.828516,100,1357.520074
371.63264,100,1357.695226
370.804508,100,1357.865486
371.74932,100,1358.051385
324.772483,100,1358.239629
298.049383,100,1358.425514
332.223721,100,1358.596238
320.448079,100,1358.765401
336.50441,100,1359.014387
338.184929,100,1359.220731
377.570704,100,1370.996178
417.321689,100,1371.206201
325.518586,100,1371.394503
337.891773,100,1371.588039
295.304418,100,1371.783826
406.797791,100,1371.97735
403.809256,100,1372.171113
296.205531,100,1372.353114
298.402082,100,1372.5401
336.186173,100,1372.732634
330.22886,100,1384.800376
440.21834,100,1385.034455
392.574269,100,1385.21029
379.179804,100,1385.363607
308.934799,100,1385.536615
409.397711,100,1385.69337
342.239903,100,1385.860906
370.950792,100,1386.024981
408.837245,100,1386.194222
336.478444,100,1386.361033
434.341261,100,1398.47686
396.892898,100,1398.640192
419.739018,100,1398.812482
354.792516,100,1399.074939
395.559427,100,1399.238545
303.337991,100,1399.408979
343.65683,100,1399.554087
397.601594,100,1399.695303
415.526236,100,1399.845119
364.536753,100,1400.004861
308.152194,100,1410.51104
395.488001,100,1410.643641
351.850256,100,1410.783569
323.205246,100,1410.997267
348.104002,100,1411.269454
356.14789,100,1411.488939
362.244798,100,1411.685272
312.209757,100,1411.880035
362.24941,100,1412.074747
362.54,100,1412.291771
353.954999,100,1426.461735
373.624465,100,1426.608984
344.094142,100,1426.762921
415.391403,100,1427.003891
408.473028,100,1427.188762
289.429591,100,1427.362119
396.314536,100,1427.518026
298.112912,100,1427.672166
435.9306,100,1427.826391
396.941136,100,1427.995155
306.688188,100,1438.971148
383.398932,100,1439.182005
396.562295,100,1439.387309
407.963061,100,1439.529266
350.587806,100,1439.696613
341.62345,100,1439.836736
283.754688,100,1439.977602
363.392422,100,1440.125947
426.285674,100,1440.286731
332.947643,100,1440.441816
331.186103,100,1452.382895
306.743728,100,1452.540228
347.586166,100,1452.679284
410.687505,100,1452.818199
395.327747,100,1452.961358
409.066597,100,1453.158776
321.442936,100,1453.356496
391.904287,100,1453.52474
365.133064,100,1453.656895
453.073137,100,1453.791188
445.567723,100,1468.177981
398.278248,100,1468.501318
398.400462,100,1468.813672
325.944244,100,1469.121157
415.820284,100,1469.408181
394.092568,100,1469.649211
427.401164,100,1469.950867
326.176438,100,1470.273925
360.064472,100,1470.560175
395.122534,100,1470.833193
349.106102,100,1484.705997
346.024636,100,1484.882589
315.434369,100,1485.074435
332.202128,100,1485.347197
410.274093,100,1485.551718
298.86235,100,1485.757651
393.237605,100,1485.936294
368.934016,100,1486.116843
372.234974,100,1486.313182
293.01212,100,1486.503268
292.753786,100,1499.960991
392.766255,100,1500.160655
326.897577,100,1500.383741
345.749383,100,1500.601017
385.780179,100,1500.800807
402.698612,100,1500.990165
353.892113,100,1501.265894
319.838661,100,1501.480596
352.446668,100,1501.686181
384.324018,100,1501.860611
305.750451,100,1514.233875
312.057377,100,1514.387378
345.5847,100,1514.540745
312.526684,100,1514.694905
330.315202,100,1514.851939
286.480935,100,1514.994828
402.482099,100,1515.254182
369.302621,100,1515.491855
354.688167,100,1515.656446
462.285547,100,1515.842579
346.515811,100,1528.597617
307.945029,100,1528.761722
342.240664,100,1528.908969
314.372955,100,1529.056245
315.175905,100,1529.319434
411.740568,100,1529.469965
354.851703,100,1529.637852
369.873383,100,1529.777541
408.850745,100,1529.918386
369.862869,100,1530.058355
422.860975,100,1540.511616
379.788642,100,1540.679372
425.070616,100,1540.836494
380.363319,100,1540.98225
418.020118,100,1541.184106
418.722575,100,1541.378864
346.438861,100,1541.538245
348.713174,100,1541.684084
434.589549,100,1541.837974
272.611883,100,1541.98223
349.37281,100,1555.322861
363.741856,100,1555.582797
390.671529,100,1555.763506
420.539099,100,1555.946147
375.691248,100,1556.120754
332.736248,100,1556.298888
440.538926,100,1556.486484
423.005043,100,1556.676146
317.993263,100,1556.84124
387.822808,100,1556.997974
364.196435,100,1568.852803
384.777761,100,1568.994913
381.311063,100,1569.138769
295.018929,100,1569.312103
343.680562,100,1569.55469
411.237353,100,1569.706374
403.1939,100,1569.873329
303.109235,100,1570.027929
348.490743,100,1570.186362
315.468915,100,1570.346322
454.246853,100,1581.300959
368.034843,100,1581.593792
380.088089,100,1581.859794
412.54792,100,1582.163152
378.787377,100,1582.474164
417.016001,100,1582.778953
322.212545,100,1583.08721
391.202551,100,1583.397078
409.053143,100,1583.669804
361.191495,100,1583.935983
408.701591,100,1596.448077
368.015209,100,1596.614425
371.065312,100,1596.79176
353.405818,100,1596.944916
372.639298,100,1597.088853
419.629582,100,1597.237737
359.056585,100,1597.486395
340.099078,100,1597.637686
417.216411,100,1597.822364
387.679078,100,1598.009243
323.172729,100,1611.194903
391.472417,100,1611.357171
357.366692,100,1611.624182
406.127279,100,1611.778228
376.526691,100,1611.948021
433.247944,100,1612.120306
352.932858,100,1612.286385
349.29042,100,1612.447123
316.805116,100,1612.611379
349.595769,100,1612.785653
351.764239,100,1625.24356
378.172311,100,1625.670007
359.142861,100,1626.05586
382.626557,100,1626.477828
367.201182,100,1626.845917
318.577426,100,1627.203946
416.095729,100,1627.544759
347.45494,100,1627.817085
447.865937,100,1628.146223
482.436814,100,1628.499129
405.032609,100,1640.143232
323.728742,100,1640.304321
322.480593,100,1640.459581
354.127689,100,1640.613295
393.944013,100,1640.778308
418.970252,100,1640.932847
356.062273,100,1641.095783
379.338374,100,1641.252776
406.702964,100,1641.464557
361.630543,100,1641.662314
329.56424,100,1654.408949
340.491144,100,1654.709784
386.982715,100,1655.037674
398.340618,100,1655.403551
359.7056,100,1655.742892
389.322584,100,1656.06677
320.938544,100,1656.425312
405.141722,100,1656.774153
310.266963,100,1657.104891
295.563058,100,1657.45101
334.583161,100,1670.8754
399.578362,100,1671.022971
384.199004,100,1671.176177
353.187514,100,1671.321852
403.501378,100,1671.597597
425.329971,100,1671.762697
311.213144,100,1671.935488
349.133588,100,1672.091171
386.507864,100,1672.243935
423.132308,100,1672.390692
334.754976,100,1684.77351
375.556072,100,1684.968487
402.558653,100,1685.16224
361.897328,100,1685.354737
434.091594,100,1685.630678
342.687035,100,1685.817928
364.672182,100,1686.027018
423.240984,100,1686.213785
398.767915,100,1686.415968
341.735448,100,1686.627587
399.680485,100,1698.156374
333.623186,100,1698.312213
422.537427,100,1698.458394
311.950657,100,1698.611389
379.797675,100,1698.758084
385.431693,100,1698.899153
313.50805,100,1699.046688
424.281374,100,1699.193533
393.753886,100,1699.339781
301.772135,100,1699.613886
299.582446,100,1710.334179
412.828364,100,1710.509759
383.427493,100,1710.675948
365.296713,100,1710.842509
284.352864,100,1711.002566
317.155288,100,1711.17228
337.971941,100,1711.343374
310.200796,100,1711.516255
401.858037,100,1711.732826
363.625016,100,1711.94759
443.338954,100,1726.418048
328.449929,100,1726.717643
279.83916,100,1727.018828
298.792583,100,1727.324259
356.082976,100,1727.61983
298.750845,100,1727.92948
445.856638,100,1728.190138
422.887522,100,1728.432611
431.694988,100,1728.731188
391.554868,100,1729.023699
404.699246,100,1.641987
360.895332,100,1.792276
414.632838,100,1.952002
327.063373,100,2.122211
394.738689,100,2.273687
333.617086,100,2.426497
401.44777,100,2.634201
402.158986,100,2.864496
325.686865,100,3.033607
327.903256,100,3.204849
363.02312,100,13.981704
285.800461,100,14.127516
349.33394,100,14.276504
346.297341,100,14.419902
399.80024,100,14.556029
376.917753,100,14.692625
375.604086,100,14.870963
337.214772,100,15.100851
331.665538,100,15.249602
397.855188,100,15.410823
349.059092,100,26.380439
363.898943,100,26.529433
404.055711,100,26.679615
327.776997,100,26.84551
352.601095,100,27.093609
312.0655,100,27.248806
397.307257,100,27.417
296.205807,100,27.571441
427.807242,100,27.727008
324.594444,100,27.892389
349.046079,100,39.288628
381.908409,100,39.459756
397.043405,100,39.608494
443.001163,100,39.76407
467.199771,100,39.922647
295.276344,100,40.081878
368.881828,100,40.234825
357.142688,100,40.386665
422.212634,100,40.537359
371.03954,100,40.702954
332.08874,100,54.518397
428.691285,100,54.695874
304.365626,100,54.950917
400.175008,100,55.208257
425.273517,100,55.41818
368.961564,100,55.604797
350.656342,100,55.761956
306.389301,100,55.934006
310.690071,100,56.102923
391.688519,100,56.264248
293.380055,100,67.273771
267.78393,100,67.439408
469.696911,100,67.584376
403.071231,100,67.73444
342.002072,100,67.883718
432.963983,100,68.052469
373.017141,100,68.207421
463.46467,100,68.349755
363.397491,100,68.494019
377.657135,100,68.651711
396.791349,100,81.9368
359.192193,100,82.249045
354.251764,100,82.55363
261.477435,100,82.85294
332.309699,100,83.190068
378.874937,100,83.48702
382.238621,100,83.812347
357.658672,100,84.14861
380.574577,100,84.459408
352.657885,100,84.76597
361.362022,100,97.951127
334.094426,100,98.132812
332.054028,100,98.293977
322.228596,100,98.447938
380.89185,100,98.609447
359.709155,100,98.743246
333.797736,100,98.888514
363.365305,100,99.045242
417.043897,100,99.311837
327.05805,100,99.507092
359.010333,100,111.657823
374.968121,100,111.804095
265.510938,100,111.965393
289.983815,100,112.121936
399.370054,100,112.285904
319.641503,100,112.42797
324.696505,100,112.570685
392.45292,100,112.716752
301.641489,100,112.868835
307.007427,100,113.021551
363.029273,100,126.176046
354.450441,100,126.350237
379.705003,100,126.521762
379.020303,100,126.689124
400.151784,100,126.862548
363.557999,100,127.033422
386.802454,100,127.318025
360.340671,100,127.506187
421.736254,100,127.705371
390.110681,100,127.877438
398.159739,100,141.007775
393.734076,100,141.25556
360.354764,100,141.409591
333.605417,100,141.583032
310.718461,100,141.725867
391.420752,100,141.8789
397.845887,100,142.025396
320.786248,100,142.18098
427.776385,100,142.322501
373.636999,100,142.469151
351.13916,100,154.738086
278.789237,100,154.929095
360.026811,100,155.182435
341.016935,100,155.413815
323.470609,100,155.613011
365.081042,100,155.821567
409.501344,100,156.02743
326.435755,100,156.25189
367.616009,100,156.452019
340.993107,100,156.648136
304.950643,100,168.515014
354.938744,100,168.693607
359.340623,100,168.868058
342.038718,100,169.049292
322.338996,100,169.3408
338.676394,100,169.544056
328.473677,100,169.715496
339.935148,100,169.88178
374.395717,100,170.05492
358.374381,100,170.228894
408.591815,100,182.456663
416.558676,100,182.599912
384.237184,100,182.740169
336.983966,100,182.891965
343.601634,100,183.046989
334.508882,100,183.315335
379.207241,100,183.469861
323.903486,100,183.645407
408.654262,100,183.802872
380.134983,100,183.966672
279.101761,100,196.524904
352.088959,100,196.886149
405.480501,100,197.248977
413.633771,100,197.545257
326.757897,100,197.89907
365.061305,100,198.263828
324.093215,100,198.620022
351.452718,100,198.971494
355.644929,100,199.328888
379.500521,100,199.650003
387.784449,100,212.977141
318.369595,100,213.346078
333.432683,100,213.623085
379.225826,100,213.911684
396.420813,100,214.069936
385.932717,100,214.215465
321.386427,100,214.375205
387.915937,100,214.514958
402.337149,100,214.660667
401.556635,100,214.813083
322.83545,100,226.787355
325.985123,100,226.969937
320.106636,100,227.229125
409.730002,100,227.433183
363.002428,100,227.625332
379.848471,100,227.788924
351.500067,100,227.964908
439.026794,100,228.139753
394.354988,100,228.317462
333.874574,100,228.486463
290.405777,100,240.03463
303.523915,100,240.185054
461.98069,100,240.337202
453.12267,100,240.476199
392.214407,100,240.615076
419.503779,100,240.751049
437.819276,100,240.90013
469.634099,100,241.048145
443.91379,100,241.332158
372.508781,100,241.503772
412.374236,100,253.245911
346.414736,100,253.515219
349.332274,100,253.820861
339.090592,100,254.12089
349.560186,100,254.412708
361.95092,100,254.708103
332.705627,100,255.022072
347.80793,100,255.34101
360.679348,100,255.564631
339.157972,100,255.860765
445.275804,100,267.760557
421.489643,100,267.928839
372.143686,100,268.094502
326.613314,100,268.254542
291.116322,100,268.403393
266.397073,100,268.552303
343.622135,100,268.698767
365.267864,100,268.837151
362.290505,100,269.000224
329.848799,100,269.226688
391.242274,100,279.723049
327.12751,100,279.951067
350.24916,100,280.107072
348.195418,100,280.272723
447.988831,100,280.412842
316.958366,100,280.556674
358.170817,100,280.704543
360.320721,100,280.865093
410.896001,100,281.020399
381.848087,100,281.176167
375.962409,100,292.50545
367.855202,100,292.649954
396.661797,100,292.789985
354.091364,100,292.941846
413.998869,100,293.087967
330.198207,100,293.225946
336.385153,100,293.369895
385.462609,100,293.512245
366.717505,100,293.687768
356.471103,100,293.927577
412.301476,100,304.913593
467.063768,100,305.132104
355.275823,100,305.326944
356.039393,100,305.538447
371.204366,100,305.828805
400.776422,100,306.063022
325.253211,100,306.299254
355.075427,100,306.499255
414.373501,100,306.701066
325.545197,100,306.91116
423.081447,100,318.527586
317.737774,100,318.709378
347.88113,100,318.889629
420.254639,100,319.080488
418.936049,100,319.273025
381.529733,100,319.444144
419.606064,100,319.629038
360.089566,100,319.893107
456.304599,100,320.074874
394.810906,100,320.265673
377.456501,100,333.159523
407.642326,100,333.324555
374.320732,100,333.48983
361.305238,100,333.667544
354.286441,100,333.957722
345.348769,100,334.151001
346.564702,100,334.36701
384.140923,100,334.539057
420.144547,100,334.71778
315.043727,100,334.901289
345.880435,100,348.732323
412.20874,100,349.01761
391.830431,100,349.209971
392.480594,100,349.383058
398.371458,100,349.555351
402.794285,100,349.732758
403.309574,100,349.913532
395.205315,100,350.083932
373.671606,100,350.250009
347.534456,100,350.430121
382.408385,100,362.258672
341.388876,100,362.408776
271.914488,100,362.554204
375.940984,100,362.697274
319.17762,100,362.965418
367.376291,100,363.127033
414.319047,100,363.308392
374.90989,100,363.463972
332.188739,100,363.622609
275.269922,100,363.776189
359.103942,100,375.697939
350.423457,100,375.845026
401.611747,100,375.994966
332.603631,100,376.153561
414.855477,100,376.30255
421.836139,100,376.449454
406.540589,100,376.595755
336.097581,100,376.736993
347.329404,100,376.98009
369.290833,100,377.13886
443.013046,100,387.904254
397.237924,100,388.061688
313.037587,100,388.217977
362.483038,100,388.367919
388.088967,100,388.521855
348.532429,100,388.686722
354.174763,100,388.920105
351.645925,100,389.122719
359.737646,100,389.300621
356.729183,100,389.464061
378.528708,100,401.25309
443.129903,100,401.44198
339.079425,100,401.616313
431.334034,100,401.787617
384.521499,100,401.981796
357.099408,100,402.167125
367.649802,100,402.349852
381.541429,100,402.523216
295.883742,100,402.709437
349.36893,100,402.991871
357.650204,100,416.314134
359.379664,100,416.497942
291.510383,100,416.676265
407.263134,100,416.967688
347.605886,100,417.164139
402.321403,100,417.385017
347.659573,100,417.577735
374.234385,100,417.777505
432.07354,100,417.985515
411.395814,100,418.184688
387.695992,100,431.712218
353.008918,100,431.910053
349.635734,100,432.125468
334.810032,100,432.319565
413.830154,100,432.521554
382.130776,100,432.70979
315.033474,100,433.014662
345.320263,100,433.235153
312.49552,100,433.431561
373.424052,100,433.634539
356.460006,100,446.539984
361.917304,100,446.688031
286.599337,100,446.916831
406.855647,100,447.103396
391.469708,100,447.275014
431.47145,100,447.435747
367.281772,100,447.587324
370.725202,100,447.739749
340.924508,100,447.90379
357.347462,100,448.090159
310.123419,100,459.732551
333.814109,100,459.887065
317.33137,100,460.051075
325.664458,100,460.201882
394.512172,100,460.34941
455.951531,100,460.501727
424.287992,100,460.655658
324.492939,100,460.867537
431.459917,100,461.093644
273.703836,100,461.295793
404.584324,100,474.961223
415.587875,100,475.207875
331.979658,100,475.497945
405.196727,100,475.777003
350.040789,100,476.060558
338.44571,100,476.340994
383.64793,100,476.613817
286.661578,100,476.813466
348.204233,100,477.068212
350.711967,100,477.257866
341.181313,100,490.561989
372.445239,100,490.732856
319.442157,100,491.007437
286.147586,100,491.185051
337.82588,100,491.369072
315.42822,100,491.534246
334.521406,100,491.695863
335.859375,100,491.862625
379.824777,100,492.039368
434.292815,100,492.209537
455.812871,100,503.266615
402.064228,100,503.4077
382.648399,100,503.549005
393.804072,100,503.692396
355.882549,100,503.911934
433.961672,100,504.095935
352.456743,100,504.266751
280.147936,100,504.412818
259.915344,100,504.55471
430.268029,100,504.697182
365.282335,100,519.118504
305.943167,100,519.401284
431.136829,100,519.72012
356.154188,100,520.028718
332.443494,100,520.337152
378.20304,100,520.650157
298.580771,100,520.963746
441.345293,100,521.206975
420.030563,100,521.484004
332.22635,100,521.797454
361.31271,100,534.059718
367.529744,100,534.210519
303.610295,100,534.363384
395.668625,100,534.504947
309.607884,100,534.640707
373.693435,100,534.813593
439.410285,100,535.031197
380.364252,100,535.186932
321.325825,100,535.347199
442.212844,100,535.487821
428.695185,100,547.212853
350.440308,100,547.411098
348.854237,100,547.579179
376.485932,100,547.767186
418.304481,100,547.987077
359.664065,100,548.22058
360.656738,100,548.444169
412.156693,100,548.665902
418.353483,100,548.940639
368.022123,100,549.226947
347.208832,100,560.607496
337.515757,100,560.815742
393.366103,100,561.070737
342.415091,100,561.253743
418.462385,100,561.43186
414.161645,100,561.607753
415.095608,100,561.794617
356.218666,100,561.993753
371.504805,100,562.190964
348.673199,100,562.361272
296.250529,100,573.116285
365.272074,100,573.270892
332.560098,100,573.433297
417.491816,100,573.584425
387.553259,100,573.740051
373.829902,100,573.896474
385.652814,100,574.05818
385.644683,100,574.210508
360.358751,100,574.362258
385.903609,100,574.50914
358.886866,100,587.766583
425.083824,100,587.916384
384.302413,100,588.083286
351.475384,100,588.238942
426.866555,100,588.3784
269.444437,100,588.518588
437.624687,100,588.661234
331.135111,100,588.803528
320.554519,100,589.040778
365.674746,100,589.209339
333.646537,100,599.908771
346.779336,100,600.085139
402.178965,100,600.229261
346.203002,100,600.374391
347.832874,100,600.520806
406.76688,100,600.678171
413.293694,100,600.83086
375.77844,100,601.099013
402.282611,100,601.244554
336.258585,100,601.418948
329.141096,100,613.786575
344.858283,100,613.943401
374.370699,100,614.106273
396.256776,100,614.26653
390.971932,100,614.43014
364.594398,100,614.581582
282.080539,100,614.72849
342.497471,100,614.92815
350.445488,100,615.174853
379.329476,100,615.33912
350.995799,100,628.343443
302.315824,100,628.484055
347.758687,100,628.630044
375.073181,100,628.768051
445.817532,100,628.97249
379.611628,100,629.153053
381.077027,100,629.386769
413.767246,100,629.555578
388.809371,100,629.69619
326.099375,100,629.8503
435.044339,100,641.662198
365.472609,100,641.831544
408.662688,100,642.021206
426.094132,100,642.198379
318.906969,100,642.369249
389.661651,100,642.542547
313.856792,100,642.724756
374.272741,100,642.962971
424.5992,100,643.189483
277.932842,100,643.366031
309.193308,100,657.499766
419.044206,100,657.676571
300.384492,100,657.829231
301.527764,100,657.983705
377.590768,100,658.147091
353.928158,100,658.309643
412.662351,100,658.460204
333.582044,100,658.618999
340.170831,100,658.77008
371.002752,100,658.984114
290.183653,100,671.497974
356.372966,100,671.664466
389.034165,100,671.840053
353.83332,100,672.025901
346.240697,100,672.209927
334.023248,100,672.388862
322.938834,100,672.557514
355.680571,100,672.733587
419.921973,100,672.951529
339.567632,100,673.196994
338.384842,100,687.437341
326.840688,100,687.614537
374.233853,100,687.80242
339.264925,100,687.980421
342.845228,100,688.171249
384.64411,100,688.357891
397.139217,100,688.535944
434.838386,100,688.710279
359.656129,100,688.912612
445.47854,100,689.19048
412.948852,100,701.581585
403.60353,100,701.745262
372.042858,100,701.890169
316.300039,100,702.036994
335.165825,100,702.190433
410.849163,100,702.344054
299.456743,100,702.492236
342.885501,100,702.645523
449.102364,100,702.795907
297.757485,100,702.963918
293.526195,100,715.292465
433.32163,100,715.444077
345.393471,100,715.594037
323.453111,100,715.840473
373.313137,100,715.984963
444.415273,100,716.164943
366.03078,100,716.313886
416.607371,100,716.475661
363.788157,100,716.641478
416.268678,100,716.805111
347.741976,100,731.263889
354.273735,100,731.451565
328.863265,100,731.624117
351.025088,100,731.788644
297.66181,100,731.961453
374.309227,100,732.136482
348.256803,100,732.389728
361.279351,100,732.579348
345.095776,100,732.77166
344.227282,100,732.951718
348.499528,100,743.74497
336.633961,100,743.889816
337.031209,100,744.048998
435.222009,100,744.223364
306.92965,100,744.449084
326.751868,100,744.602966
353.305457,100,744.782387
414.823006,100,744.937876
349.89354,100,745.086966
344.510228,100,745.234284
353.052261,100,756.681683
335.326006,100,756.846946
340.526117,100,756.990831
337.78969,100,757.146969
344.389908,100,757.289089
389.067421,100,757.44528
373.510879,100,757.593245
361.915289,100,757.748151
352.526343,100,757.902573
340.981085,100,758.068614
389.745844,100,773.15039
416.124241,100,773.384717
392.062985,100,773.602126
339.613333,100,773.8062
428.734256,100,774.036461
286.352385,100,774.291062
376.79299,100,774.561462
360.479018,100,774.797647
378.823019,100,775.002896
298.384325,100,775.219561
287.43917,100,787.424913
419.732461,100,787.570702
344.431379,100,787.709235
316.694031,100,787.854995
385.232619,100,787.999232
334.112627,100,788.158657
421.744607,100,788.428356
337.738824,100,788.611057
313.104539,100,788.818967
330.266566,100,788.997607
308.236512,100,799.883979
378.789471,100,800.029598
388.149216,100,800.164857
368.054037,100,800.304842
349.383225,100,800.54562
322.056242,100,800.696322
326.350378,100,800.866363
359.684747,100,801.020912
399.543369,100,801.163887
359.883308,100,801.302382
440.461424,100,813.374434
420.466594,100,813.521377
317.772807,100,813.681129
421.462451,100,813.828904
276.447257,100,813.974849
421.867495,100,814.117601
385.058662,100,814.257236
347.876245,100,814.4605
362.216267,100,814.6286
420.597342,100,814.812929
395.606253,100,827.639161
317.208333,100,827.807034
389.538684,100,827.973954
312.410376,100,828.142722
389.667553,100,828.295917
346.535905,100,828.450879
388.907061,100,828.617211
371.960447,100,828.767262
409.845052,100,828.916947
389.150168,100,829.070472
370.493119,100,840.607656
419.989111,100,840.757712
368.585454,100,840.909505
334.280368,100,841.072883
395.140737,100,841.235423
334.907737,100,841.506125
316.558554,100,841.712593
372.024184,100,841.908772
321.43136,100,842.091617
296.359906,100,842.247025
299.594107,100,857.282761
371.187075,100,857.552836
364.477625,100,857.745515
339.296641,100,857.938022
411.806306,100,858.151217
381.03734,100,858.331952
325.839401,100,858.505078
314.647616,100,858.678807
307.560653,100,858.854217
402.14095,100,859.024907
392.254842,100,870.57729
340.483244,100,870.755267
347.681457,100,870.946515
336.275112,100,871.125913
387.1715,100,871.294599
389.538265,100,871.46382
281.730233,100,871.725376
326.448462,100,871.905506
318.338196,100,872.11405
387.028964,100,872.282114
396.101413,100,885.314768
331.845843,100,885.450719
384.317605,100,885.7077
389.976414,100,885.871731
391.650359,100,886.037068
387.672582,100,886.191087
299.709144,100,886.337755
346.517103,100,886.479002
342.231541,100,886.637949
330.365942,100,886.783008
379.74116,100,899.04199
344.764743,100,899.181555
396.224708,100,899.325421
385.121777,100,899.462213
352.816801,100,899.717702
299.825666,100,899.870412
393.955767,100,900.051772
297.039675,100,900.197611
428.045107,100,900.340413
337.807509,100,900.483956
426.104189,100,914.956185
315.511589,100,915.134909
405.196423,100,915.293145
327.371028,100,915.45898
342.654294,100,915.622153
414.439868,100,915.894
310.335177,100,916.048987
267.646612,100,916.219661
394.887786,100,916.365432
347.822094,100,916.511174
334.101098,100,928.317021
430.044715,100,928.47248
327.458618,100,928.626948
276.895756,100,928.784836
345.083087,100,928.942237
371.072328,100,929.103415
373.425936,100,929.26619
394.922951,100,929.424987
368.696825,100,929.57498
342.344648,100,929.768507
444.860585,100,941.185917
394.792065,100,941.327097
273.322677,100,941.466578
342.4984,100,941.610163
424.586575,100,941.846148
344.250228,100,942.01544
388.998812,100,942.260003
422.957626,100,942.420112
326.088566,100,942.581444
454.384929,100,942.744719
393.212062,100,954.878473
349.364202,100,955.057111
312.125161,100,955.222612
377.292091,100,955.374415
346.905165,100,955.519572
301.539557,100,955.683148
326.2079,100,955.888368
420.206645,100,956.119127
352.886505,100,956.289596
372.807918,100,956.475625
381.687399,100,967.679106
404.070427,100,967.824759
362.837279,100,967.972528
342.093022,100,968.204022
393.848906,100,968.402853
421.885525,100,968.548634
399.674979,100,968.71412
421.518494,100,968.864846
305.56248,100,969.017604
323.312791,100,969.169549
405.368889,100,979.937901
371.1679,100,980.168291
445.936055,100,980.395671
322.480789,100,980.571978
349.880494,100,980.752391
254.26225,100,980.928412
302.529474,100,981.104132
385.487795,100,981.276999
404.622683,100,981.448372
344.506473,100,981.61783
382.728114,100,993.364267
432.90697,100,993.513361
416.994984,100,993.663758
330.067919,100,993.830684
320.571199,100,993.999601
372.784804,100,994.252961
379.12797,100,994.421469
355.42845,100,994.584086
387.130209,100,994.752053
452.794988,100,994.903953
345.340608,100,1007.781477
373.962252,100,1007.924357
372.808592,100,1008.096508
341.367324,100,1008.352158
387.655401,100,1008.541815
386.736455,100,1008.722144
361.706976,100,1008.892195
305.335892,100,1009.05472
314.484556,100,1009.231137
390.465428,100,1009.384353
377.940336,100,1021.045361
396.303447,100,1021.231591
401.53173,100,1021.423347
406.15062,100,1021.615483
393.437839,100,1021.792819
334.717738,100,1021.968441
343.363911,100,1022.208539
330.248742,100,1022.415203
285.94586,100,1022.622884
386.405445,100,1022.784634
359.520022,100,1035.658563
392.608963,100,1035.796361
310.265431,100,1035.935178
253.482446,100,1036.099613
393.352537,100,1036.337568
416.610387,100,1036.495525
405.42003,100,1036.672691
338.640747,100,1036.825033
388.945106,100,1036.980829
319.390272,100,1037.14166
333.172994,100,1049.541147
340.597891,100,1049.68661
386.521419,100,1049.8505
296.47475,100,1050.013563
362.051064,100,1050.162346
349.034674,100,1050.397236
335.954825,100,1050.560715
357.524736,100,1050.734247
369.006745,100,1050.886089
334.105044,100,1051.045242
343.256936,100,1069.552705
347.22921,100,1069.718186
385.365754,100,1069.880736
313.606938,100,1070.046061
357.67475,100,1070.20559
376.971136,100,1070.418164
398.634011,100,1070.612797
367.705764,100,1070.768197
381.968564,100,1070.94709
375.676904,100,1071.117292
295.262099,100,1087.556871
382.862339,100,1087.706195
455.02472,100,1087.862601
335.873517,100,1088.031164
409.30296,100,1088.189111
370.419439,100,1088.397043
397.858011,100,1088.600443
346.390632,100,1088.76163
348.462164,100,1088.922162
347.805571,100,1089.079234
291.922818,100,1101.518537
314.350571,100,1101.80797
437.698005,100,1102.114579
316.944538,100,1102.418714
334.58126,100,1102.669036
338.505088,100,1102.945031
307.518114,100,1103.25211
369.277116,100,1103.539242
337.98701,100,1103.828631
349.168553,100,1104.137536
346.103792,100,1116.104123
416.970146,100,1116.266156
426.701342,100,1116.527573
293.34658,100,1116.680597
407.225444,100,1116.853667
347.519165,100,1117.020061
366.381783,100,1117.177808
371.867576,100,1117.317368
407.092146,100,1117.467801
344.219132,100,1117.617584
372.460695,100,1128.90948
380.593808,100,1129.066384
351.075949,100,1129.212899
395.093912,100,1129.370583
409.32519,100,1129.519393
325.201086,100,1129.668717
343.435523,100,1129.808012
430.050112,100,1129.95711
344.157908,100,1130.10506
376.211765,100,1130.293185
269.390195,100,1145.265943
412.687226,100,1145.446619
393.477656,100,1145.653043
349.360984,100,1145.822924
369.901101,100,1145.999974
277.285238,100,1146.174539
349.797114,100,1146.332587
329.740643,100,1146.494798
325.975868,100,1146.662564
314.429229,100,1146.921282
408.596377,100,1158.848335
305.387676,100,1159.029207
389.489738,100,1159.192826
364.853596,100,1159.366921
355.956395,100,1159.524883
418.611043,100,1159.686909
419.342806,100,1159.832792
335.2534,100,1160.007983
305.693055,100,1160.178189
411.732575,100,1160.348791
369.539091,100,1173.773943
439.458549,100,1173.939564
369.333141,100,1174.112924
316.93616,100,1174.267288
414.221864,100,1174.422779
407.698951,100,1174.580115
331.314058,100,1174.805839
395.14487,100,1175.0318
342.351933,100,1175.204965
417.402569,100,1175.382536
354.554475,100,1188.243555
362.434145,100,1188.399688
287.787051,100,1188.557878
356.377876,100,1188.757678
356.498779,100,1188.989487
447.642772,100,1189.14608
348.064414,100,1189.311637
372.492361,100,1189.460212
426.480855,100,1189.612524
426.743946,100,1189.76554
406.402884,100,1202.406968
374.404079,100,1202.709294
365.533032,100,1203.026268
420.084563,100,1203.255088
349.338681,100,1203.538715
308.826697,100,1203.849736
246.632449,100,1204.168339
380.123034,100,1204.479954
421.984819,100,1204.783733
406.476218,100,1205.063077
341.548025,100,1216.614362
363.863887,100,1216.781214
333.973463,100,1217.044062
340.584079,100,1217.193266
396.599584,100,1217.368616
401.765883,100,1217.519639
347.829404,100,1217.678883
440.235883,100,1217.836662
321.999127,100,1218.003188
336.269529,100,1218.165821
284.329432,100,1229.847195
339.193167,100,1230.030993
309.663744,100,1230.20865
317.125953,100,1230.370278
364.242532,100,1230.533512
338.54117,100,1230.701828
356.308115,100,1230.930021
429.15594,100,1231.152598
336.158589,100,1231.327807
314.604451,100,1231.512358
357.194887,100,1243.048701
371.260811,100,1243.287355
387.98963,100,1243.465895
400.240935,100,1243.655349
427.747137,100,1243.835081
336.549995,100,1244.012082
280.884731,100,1244.182965
333.533301,100,1244.341941
405.758029,100,1244.503016
306.964388,100,1244.669079
379.99805,100,1256.899879
357.347262,100,1257.046368
434.249978,100,1257.253688
329.927852,100,1257.463253
327.294539,100,1257.627285
337.162363,100,1257.808874
295.048224,100,1257.955719
389.624641,100,1258.123147
318.851423,100,1258.306783
278.857504,100,1258.460701
362.163945,100,1269.023765
336.983587,100,1269.260598
262.911005,100,1269.529916
319.95001,100,1269.811188
280.76082,100,1270.128819
372.546417,100,1270.442848
331.100212,100,1270.76014
303.309578,100,1271.073128
338.998595,100,1271.386647
381.862032,100,1271.659084
309.566586,100,1285.037195
447.4001,100,1285.214999
363.85859,100,1285.424863
386.902146,100,1285.580957
453.0021,100,1285.762121
314.714864,100,1285.906582
330.924943,100,1286.050062
346.452352,100,1286.200865
295.519397,100,1286.365596
422.451516,100,1286.501895
411.883169,100,1299.791765
383.032625,100,1299.971369
354.715095,100,1300.16489
353.326737,100,1300.352208
341.481808,100,1300.537957
311.874871,100,1300.723559
425.736852,100,1300.91472
355.162758,100,1301.106131
371.091202,100,1301.382781
313.472661,100,1301.560165
341.92206,100,1314.001506
325.842091,100,1314.17688
393.378213,100,1314.354218
314.067329,100,1314.513389
377.219629,100,1314.667965
336.250314,100,1314.816581
338.79704,100,1314.975458
379.38901,100,1315.131443
261.485576,100,1315.382738
324.504625,100,1315.551458
289.754336,100,1326.065432
377.628392,100,1326.217603
406.069718,100,1326.374993
305.668951,100,1326.538731
273.666833,100,1326.698524
393.250507,100,1326.856857
369.973651,100,1327.016038
443.852458,100,1327.194798
326.856507,100,1327.431292
325.659621,100,1327.584708
359.145792,100,1340.278935
315.02803,100,1340.460676
391.483981,100,1340.639557
357.91174,100,1340.821538
331.077381,100,1340.995502
403.844625,100,1341.177146
383.761008,100,1341.442673
416.118959,100,1341.613945
430.52589,100,1341.802433
388.065753,100,1341.979078
318.527545,100,1354.251109
330.83095,100,1354.403706
357.124397,100,1354.560663
371.290291,100,1354.710958
375.504763,100,1354.863501
326.468298,100,1355.014673
349.14704,100,1355.181203
366.778036,100,1355.434897
352.678156,100,1355.617769
363.078916,100,1355.798059
431.533159,100,1367.018178
414.636635,100,1367.159889
384.128461,100,1367.297271
335.856807,100,1367.458205
287.218079,100,1367.711895
328.993454,100,1367.875723
379.796417,100,1368.061275
385.509309,100,1368.237188
379.608504,100,1368.394058
376.451345,100,1368.558144
336.723177,100,1380.05789
366.593618,100,1380.233088
366.570973,100,1380.389464
358.812488,100,1380.53915
313.704873,100,1380.709124
293.654686,100,1380.880726
330.252041,100,1381.068163
279.446989,100,1381.248753
335.274489,100,1381.427907
332.407533,100,1381.718578
382.023959,100,1392.890442
397.318222,100,1393.039152
314.937278,100,1393.18568
315.305394,100,1393.326242
287.692517,100,1393.47163
401.678616,100,1393.74963
390.845839,100,1393.910505
293.907806,100,1394.091167
295.853494,100,1394.234273
354.548034,100,1394.379878
317.576439,100,1405.548633
432.958552,100,1405.813926
374.306158,100,1405.963395
358.630725,100,1406.14051
307.893363,100,1406.29222
401.212595,100,1406.452845
347.748908,100,1406.596098
365.520043,100,1406.7498
404.888969,100,1406.911262
335.957374,100,1407.066538
438.078446,100,1417.948179
383.481992,100,1418.10729
404.529835,100,1418.302588
352.914367,100,1418.45103
388.229709,100,1418.610357
307.649148,100,1418.770757
320.552061,100,1418.939061
390.420504,100,1419.104077
418.462734,100,1419.282832
374.678631,100,1419.44517
318.182039,100,1430.863175
397.576368,100,1431.022582
370.703885,100,1431.171689
316.560328,100,1431.322397
360.853324,100,1431.472332
349.808191,100,1431.659193
363.532084,100,1431.935086
304.502467,100,1432.103067
350.274349,100,1432.291244
349.57991,100,1432.441739
354.776532,100,1444.800734
361.986997,100,1444.996495
350.89776,100,1445.176946
409.368005,100,1445.371414
409.438736,100,1445.559916
287.3198,100,1445.855994
395.314133,100,1446.033072
296.462201,100,1446.212044
444.123814,100,1446.372142
393.391586,100,1446.537951
296.585874,100,1458.274288
397.498164,100,1458.424016
382.639825,100,1458.577444
410.455744,100,1458.724778
349.493085,100,1458.879193
321.297935,100,1459.026536
282.929663,100,1459.169452
357.33174,100,1459.31687
422.967778,100,1459.449698
334.679781,100,1459.598679
329.497123,100,1471.282226
298.409149,100,1471.431144
319.572766,100,1471.573293
409.688685,100,1471.821777
387.945755,100,1471.975257
413.80503,100,1472.149131
318.522236,100,1472.311663
392.048091,100,1472.474729
363.370706,100,1472.637778
452.07876,100,1472.80521
424.827575,100,1487.28748
370.325561,100,1487.429784
395.478843,100,1487.57572
309.059562,100,1487.814588
429.359975,100,1487.988684
391.448028,100,1488.195564
426.197689,100,1488.358355
314.413363,100,1488.513457
351.222628,100,1488.663509
393.166124,100,1488.824056
337.750219,100,1501.230098
353.527936,100,1501.396946
299.339216,100,1501.539474
328.76843,100,1501.732532
409.134627,100,1501.936666
315.122113,100,1502.118454
389.322927,100,1502.265916
366.753945,100,1502.411435
364.08066,100,1502.560374
276.658371,100,1502.714931
290.103371,100,1514.542651
386.866555,100,1514.704685
345.006695,100,1514.858532
336.473901,100,1515.022186
368.557496,100,1515.183646
405.833934,100,1515.337568
338.909274,100,1515.485104
290.87509,100,1515.630576
333.787681,100,1515.777804
370.773906,100,1515.936659
292.961445,100,1527.585811
306.120788,100,1527.754917
332.857186,100,1527.924917
300.516893,100,1528.10751
333.226867,100,1528.278259
292.191419,100,1528.489376
412.589718,100,1528.744355
346.252313,100,1528.944087
338.400111,100,1529.115282
449.525783,100,1529.284176
345.0574,100,1542.603673
301.228185,100,1542.82067
346.077067,100,1543.034528
320.551954,100,1543.212282
301.792447,100,1543.388247
419.337014,100,1543.562244
343.305159,100,1543.740426
373.824196,100,1543.94738
401.294402,100,1544.135444
351.167913,100,1544.307508
423.956173,100,1557.779283
369.190925,100,1557.956475
425.806863,100,1558.143647
354.891421,100,1558.318792
406.890904,100,1558.547747
389.865192,100,1558.750095
315.005635,100,1558.916532
345.098832,100,1559.087918
426.162979,100,1559.23711
268.934731,100,1559.393984
349.011215,100,1571.809241
369.728121,100,1571.974543
381.734245,100,1572.151415
406.202437,100,1572.326711
371.528387,100,1572.491922
344.574531,100,1572.739866
421.660115,100,1572.923733
419.575121,100,1573.120459
319.498077,100,1573.294045
379.819271,100,1573.46118
345.474388,100,1584.602821
377.197024,100,1584.864462
372.021387,100,1585.034182
280.457292,100,1585.224279
330.707335,100,1585.376038
397.920352,100,1585.53505
397.492564,100,1585.699925
303.22956,100,1585.869233
352.979854,100,1586.04934
302.556449,100,1586.225886
445.782037,100,1597.801132
336.142513,100,1597.978792
372.429748,100,1598.175607
415.658134,100,1598.337136
394.334324,100,1598.49427
417.589019,100,1598.742975
325.44201,100,1598.934278
380.598916,100,1599.093458
389.545998,100,1599.272461
358.426516,100,1599.422549
395.569198,100,1610.550001
367.829441,100,1610.809415
385.380607,100,1610.98665
336.364031,100,1611.17724
372.664486,100,1611.334894
395.273414,100,1611.489304
373.12822,100,1611.666628
323.030235,100,1611.83922
390.653017,100,1612.003171
396.001743,100,1612.165608
319.954003,100,1624.233197
398.743132,100,1624.384874
359.073144,100,1624.533376
393.015557,100,1624.674844
370.191176,100,1624.861026
431.962615,100,1625.094604
343.873445,100,1625.261784
343.141409,100,1625.431723
313.352594,100,1625.586155
322.279096,100,1625.73169
339.790768,100,1637.702284
373.224234,100,1637.866495
360.091369,100,1638.046442
363.266029,100,1638.235189
360.373085,100,1638.397665
313.508614,100,1638.581388
416.278695,100,1638.741162
349.31283,100,1638.995486
435.860365,100,1639.160976
451.382298,100,1639.345021
388.52587,100,1651.295329
317.709076,100,1651.500103
310.60367,100,1651.68764
343.765132,100,1651.88253
381.722703,100,1652.077176
417.435227,100,1652.262742
352.97523,100,1652.438967
373.074356,100,1652.617105
400.471609,100,1652.799468
345.638663,100,1653.072867
319.315764,100,1665.690432
331.682791,100,1665.869698
366.051549,100,1666.038976
410.637458,100,1666.206939
359.914698,100,1666.363867
380.948687,100,1666.525722
317.391738,100,1666.692703
398.683066,100,1666.908799
288.777094,100,1667.124831
283.454415,100,1667.284147
337.178759,100,1683.196953
380.057485,100,1683.459724
375.256257,100,1683.694463
354.700611,100,1683.986276
399.912787,100,1684.296366
409.821895,100,1684.599392
297.259559,100,1684.910181
352.531257,100,1685.223809
381.952099,100,1685.544751
398.668308,100,1685.811702
309.038022,100,1698.482426
384.099957,100,1698.668699
380.007972,100,1698.856633
359.13135,100,1699.059007
427.234444,100,1699.246004
347.109468,100,1699.423007
356.850367,100,1699.605493
423.303776,100,1699.887156
394.917304,100,1700.069274
329.182383,100,1700.259102
386.661559,100,1712.223891
330.425408,100,1712.398865
425.249321,100,1712.570941
311.186957,100,1712.74443
389.522411,100,1712.934577
377.145789,100,1713.123666
300.851176,100,1713.297712
408.616409,100,1713.479447
384.666326,100,1713.657953
295.636835,100,1713.930606
281.439839,100,1725.51225
424.606545,100,1725.739262
395.903525,100,1725.995003
361.103134,100,1726.200605
290.712035,100,1726.372077
308.598339,100,1726.552041
316.535258,100,1726.738842
292.465608,100,1726.923243
396.105643,100,1727.096209
339.293236,100,1727.273148
437.947744,100,1739.198231
330.309243,100,1739.338191
273.158652,100,1739.475233
287.083087,100,1739.614977
345.68455,100,1739.848288
301.07783,100,1740.081202
456.74565,100,1740.244138
400.54892,100,1740.405388
403.028576,100,1740.560017
396.819,100,1740.714144
