#{"t_start": 1784411697.6619043, "env_id": "None"}
r,l,t
178.1102,100,1.51048
164.38065,100,1.65047
216.736721,100,1.838683
174.940326,100,2.057208
167.991942,100,2.319199
160.982901,100,2.48517
172.586318,100,2.65931
258.610718,100,2.824543
220.789174,100,2.99142
200.620292,100,3.145755
175.350729,100,14.740365
189.33605,100,14.911562
146.89073,100,15.067315
201.365068,100,15.235563
169.044977,100,15.395478
148.665243,100,15.542653
181.862896,100,15.701916
152.63584,100,15.849212
178.334899,100,16.010791
114.98917,100,16.163338
127.335106,100,28.201037
178.565819,100,28.376017
184.389808,100,28.613753
145.932105,100,28.802351
204.330094,100,28.973435
208.352096,100,29.146456
210.725115,100,29.30462
212.029749,100,29.454112
177.766319,100,29.610532
240.228355,100,29.787711
203.744208,100,41.13176
229.126024,100,41.300373
187.166908,100,41.452347
186.058036,100,41.616878
170.880734,100,41.787919
148.233704,100,41.958196
167.563662,100,42.108236
176.602961,100,42.262036
208.035962,100,42.413633
208.953044,100,42.654905
224.798232,100,53.869498
221.851751,100,54.238487
262.462947,100,54.610308
213.738296,100,54.794466
201.214127,100,54.958231
194.472197,100,55.111771
157.227705,100,55.252535
237.233394,100,55.402337
170.184809,100,55.556242
163.418452,100,55.736021
189.122623,100,67.647253
149.335913,100,67.894539
224.859428,100,68.135384
191.276188,100,68.362661
188.729194,100,68.679403
176.024727,100,68.899004
203.574062,100,69.101126
179.369113,100,69.311587
170.171418,100,69.516037
103.844952,100,69.733489
249.648798,100,83.28378
201.551353,100,83.481564
200.727341,100,83.692771
256.002775,100,83.920601
196.711191,100,84.111028
226.55778,100,84.307649
227.542251,100,84.548807
217.072473,100,84.829167
190.187887,100,85.06181
245.501292,100,85.262198
198.575188,100,98.093534
213.700601,100,98.414031
208.210795,100,98.736285
257.70762,100,98.99227
196.177092,100,99.298642
232.710075,100,99.606523
193.210141,100,99.916741
156.788454,100,100.219985
188.992316,100,100.527012
204.757534,100,100.818773
175.658946,100,111.99081
203.087321,100,112.159336
212.288273,100,112.327047
191.113661,100,112.507433
211.674285,100,112.780844
166.640681,100,112.930037
202.600103,100,113.100884
243.174659,100,113.264284
224.788188,100,113.42217
190.788365,100,113.570535
223.168174,100,125.992414
213.092778,100,126.308813
192.996155,100,126.636063
222.536613,100,126.913603
210.908042,100,127.184537
250.035436,100,127.486822
269.003353,100,127.79276
231.444506,100,127.990007
229.742888,100,128.16557
170.3682,100,128.331846
202.576102,100,142.352264
236.772213,100,142.519319
207.871278,100,142.671824
267.878966,100,142.919709
256.334935,100,143.079037
225.043336,100,143.256664
184.981404,100,143.43633
250.18796,100,143.595978
198.31047,100,143.751381
161.09757,100,143.912274
180.939057,100,157.166381
220.33183,100,157.360816
260.556464,100,157.50132
200.796023,100,157.644701
226.520553,100,157.806393
261.28564,100,157.961002
175.610993,100,158.123192
231.321509,100,158.284993
200.024497,100,158.436771
217.109992,100,158.592502
207.998244,100,171.766485
204.332618,100,171.986168
239.17445,100,172.208119
189.424389,100,172.410494
213.030554,100,172.611332
252.014027,100,172.846872
265.646318,100,173.084792
199.414416,100,173.308555
266.388543,100,173.492757
263.416794,100,173.680067
208.901397,100,189.246497
186.677477,100,189.427123
193.322236,100,189.593282
247.814479,100,189.793893
238.748526,100,189.971379
233.063759,100,190.176204
234.299726,100,190.364642
245.927994,100,190.550733
272.12548,100,190.724035
162.322572,100,191.033803
246.427282,100,206.883022
250.722475,100,207.049913
231.954108,100,207.391494
263.931602,100,207.743565
246.268681,100,208.129232
215.160576,100,208.519001
198.218221,100,208.905439
224.290413,100,209.305632
190.441403,100,209.649642
256.840672,100,209.954771
279.635068,100,223.92342
247.715583,100,224.286512
224.495368,100,224.647993
208.794182,100,225.023311
173.619289,100,225.370371
200.034299,100,225.693287
215.513641,100,225.885039
258.047875,100,226.042428
234.236011,100,226.192578
269.794349,100,226.344335
225.018131,100,237.788956
263.348342,100,237.952721
187.236401,100,238.111268
155.891955,100,238.265402
287.430087,100,238.432363
232.887481,100,238.597116
186.310105,100,238.761477
215.752603,100,238.934524
218.163949,100,239.094006
190.421371,100,239.368333
269.152945,100,252.230667
301.249899,100,252.392368
226.186712,100,252.554026
275.475484,100,252.708907
238.951207,100,252.882501
206.866731,100,253.048436
244.265023,100,253.281226
253.975195,100,253.472723
163.612975,100,253.650429
237.79357,100,253.817288
280.55607,100,265.100178
301.737585,100,265.365249
242.937042,100,265.54186
212.481422,100,265.717528
266.127112,100,265.864148
241.6779,100,266.004932
191.115465,100,266.150053
242.43969,100,266.299245
247.505209,100,266.443646
161.960428,100,266.587285
242.107839,100,279.807679
252.18638,100,279.985938
214.474519,100,280.153237
204.573579,100,280.329498
309.432928,100,280.497939
281.009951,100,280.66375
235.612756,100,280.849481
269.931889,100,281.023807
237.642026,100,281.250254
271.066171,100,281.486355
253.087649,100,295.093054
251.983999,100,295.282454
271.446532,100,295.600368
284.020361,100,295.845303
237.563859,100,296.063564
209.654763,100,296.269072
250.399002,100,296.46385
224.915695,100,296.65188
204.44796,100,296.823799
194.040934,100,296.998375
196.065984,100,309.638413
275.230108,100,309.817871
261.127445,100,309.965596
225.457209,100,310.119136
302.477812,100,310.262952
265.470625,100,310.415277
237.537143,100,310.567965
223.362625,100,310.723039
243.923443,100,310.878793
259.058745,100,311.032357
322.627603,100,322.212131
229.515771,100,322.363937
264.139733,100,322.524448
234.05357,100,322.676355
248.269902,100,322.843627
198.207803,100,323.001525
272.884027,100,323.17471
302.332611,100,323.344133
258.351323,100,323.604331
221.551236,100,323.773609
210.836351,100,335.927687
268.135368,100,336.07794
257.628813,100,336.22584
239.001956,100,336.382131
224.185215,100,336.541953
237.23494,100,336.718299
275.130559,100,336.881803
268.057929,100,337.04215
253.23929,100,337.201279
270.297038,100,337.407098
211.747497,100,352.076523
309.66884,100,352.234796
264.421631,100,352.403556
273.586931,100,352.557945
213.61517,100,352.706002
229.556179,100,352.861032
329.869212,100,353.013281
179.97412,100,353.172343
294.854723,100,353.313835
246.506236,100,353.461549
292.314306,100,364.958655
280.934538,100,365.124973
251.142719,100,365.280981
173.684159,100,365.427461
275.027353,100,365.567765
234.276828,100,365.717555
195.157267,100,365.974453
292.168355,100,366.151377
283.794802,100,366.322647
183.683095,100,366.479149
252.107785,100,378.270487
356.986702,100,378.465553
274.695405,100,378.65178
330.541906,100,378.853538
282.29283,100,379.028453
335.883832,100,379.179796
208.570335,100,379.3485
276.177845,100,379.505231
226.219072,100,379.681539
219.175187,100,379.920322
279.890515,100,393.612059
248.278579,100,393.98989
221.723937,100,394.285681
275.481974,100,394.666898
239.054873,100,395.037797
310.288396,100,395.395273
256.01723,100,395.770369
250.06192,100,396.152516
293.240674,100,396.4469
214.871827,100,396.636171
214.179377,100,409.330084
263.838802,100,409.718697
301.91409,100,410.098245
320.664054,100,410.451786
283.66606,100,410.870998
312.822154,100,411.196422
283.252079,100,411.52292
293.56038,100,411.848206
236.440956,100,412.166728
264.279678,100,412.434266
298.551906,100,427.338428
335.687935,100,427.502879
258.200214,100,427.688951
222.821495,100,427.893736
249.389958,100,428.209765
299.083395,100,428.408168
279.873818,100,428.591505
205.439559,100,428.774315
201.584944,100,428.958527
349.280755,100,429.14555
310.689684,100,440.851405
252.923777,100,441.007581
260.258099,100,441.156281
235.488233,100,441.306303
248.463541,100,441.449707
304.769954,100,441.596895
317.349061,100,441.749057
307.432816,100,441.909072
301.067368,100,442.187292
314.11104,100,442.351342
323.489048,100,454.398145
270.446175,100,454.589209
249.842209,100,454.770149
288.932106,100,454.925426
326.683326,100,455.066202
253.12874,100,455.226799
205.261634,100,455.38714
269.861809,100,455.562035
289.279539,100,455.728322
305.558407,100,455.878906
271.961855,100,467.312907
295.852192,100,467.506157
219.450494,100,467.711681
274.155224,100,467.894407
247.672618,100,468.063829
208.328445,100,468.228968
292.845697,100,468.395432
332.379982,100,468.55913
294.343171,100,468.82919
243.953937,100,469.057463
310.21475,100,479.900743
232.806845,100,480.049064
327.385431,100,480.194081
344.203086,100,480.337644
278.379874,100,480.475968
262.845037,100,480.639467
297.928565,100,480.894763
331.590118,100,481.050732
265.751515,100,481.230258
315.376495,100,481.398626
279.423871,100,491.935226
324.975888,100,492.089627
255.775617,100,492.240052
287.03439,100,492.398218
323.99527,100,492.564257
326.430289,100,492.804529
256.925483,100,492.984207
235.902509,100,493.15566
280.72197,100,493.308853
303.331991,100,493.460231
274.797667,100,504.589896
287.583564,100,504.899778
259.754682,100,505.080362
252.990853,100,505.290679
240.651038,100,505.487125
320.771828,100,505.680773
253.434754,100,505.879884
291.672346,100,506.054071
354.146288,100,506.221106
269.865286,100,506.393883
276.659292,100,520.362481
299.644539,100,520.527346
250.590961,100,520.782023
280.879613,100,521.007838
311.158256,100,521.197558
350.055472,100,521.391824
318.09503,100,521.585688
204.478163,100,521.804473
293.175018,100,522.006399
296.612247,100,522.20561
225.51114,100,534.862813
303.06704,100,535.008616
229.587481,100,535.17926
280.369947,100,535.343354
241.52982,100,535.486591
251.955755,100,535.659937
340.156845,100,535.837337
274.507153,100,535.992163
237.685696,100,536.162535
195.389348,100,536.314541
235.418297,100,549.428267
285.210678,100,549.571347
278.674897,100,549.725204
276.810971,100,549.890841
251.143388,100,550.056736
283.280551,100,550.205547
332.231725,100,550.362045
257.500011,100,550.508141
210.792937,100,550.703105
334.022267,100,550.977269
235.567457,100,562.306164
286.207975,100,562.461236
310.061754,100,562.626505
303.807001,100,562.887571
239.970527,100,563.064128
267.405881,100,563.203843
316.072138,100,563.35083
227.694561,100,563.493557
351.340426,100,563.645316
274.163815,100,563.803404
294.012438,100,574.686444
343.288134,100,574.838363
288.717351,100,575.069328
364.94108,100,575.257831
291.193193,100,575.427545
272.379965,100,575.588791
307.226966,100,575.736291
373.217583,100,575.880747
181.029058,100,576.027431
296.385722,100,576.184714
278.973975,100,589.704702
282.846035,100,589.863146
217.396153,100,590.010208
320.631997,100,590.158282
312.443702,100,590.300564
312.002308,100,590.443396
279.790207,100,590.597678
262.73309,100,590.761026
244.280599,100,590.920587
265.768682,100,591.177399
284.424151,100,601.796461
256.410139,100,601.945599
328.182166,100,602.101037
275.469686,100,602.256201
264.857298,100,602.404573
329.026038,100,602.552105
264.355609,100,602.706216
322.940034,100,602.858877
377.110657,100,603.060785
200.524099,100,603.281036
206.183905,100,614.771535
298.686806,100,614.981457
262.866654,100,615.254228
264.46532,100,615.428743
287.234511,100,615.634723
280.764381,100,615.843612
291.386015,100,616.022938
293.178839,100,616.205433
270.464214,100,616.394625
327.854973,100,616.581002
287.440453,100,627.423022
350.462908,100,627.574569
216.05876,100,627.73438
289.624172,100,627.957319
370.936682,100,628.21092
337.691886,100,628.456661
216.096301,100,628.763982
293.712937,100,629.07969
282.992658,100,629.358773
296.525044,100,629.64899
301.340755,100,643.294149
311.519612,100,643.599749
288.734395,100,643.765254
270.982338,100,643.919382
261.479064,100,644.06964
297.770029,100,644.235518
239.020669,100,644.396397
296.65573,100,644.561464
265.095912,100,644.711452
284.467473,100,644.86351
341.32017,100,659.08937
232.387341,100,659.276434
297.092472,100,659.545386
277.226539,100,659.726717
315.510543,100,659.925992
302.363282,100,660.1054
337.089711,100,660.283119
265.813719,100,660.469034
323.020639,100,660.663461
344.407126,100,660.872302
267.184955,100,673.868743
304.338114,100,674.020467
373.651041,100,674.170201
275.262034,100,674.325568
259.806668,100,674.478965
194.183635,100,674.662692
337.315653,100,674.820488
310.128716,100,674.981119
219.100177,100,675.137522
233.684483,100,675.338102
265.752103,100,687.109532
320.928227,100,687.253062
371.805889,100,687.39979
258.653058,100,687.548119
244.619417,100,687.824483
312.841688,100,687.979933
329.539398,100,688.152195
311.640106,100,688.318192
296.53855,100,688.460058
233.583205,100,688.608813
303.142866,100,699.91011
264.846591,100,700.11348
222.15937,100,700.298063
268.655775,100,700.490018
284.437836,100,700.69705
333.215183,100,700.946423
331.992848,100,701.147404
284.81259,100,701.334585
301.803025,100,701.521352
321.177026,100,701.799091
320.741546,100,715.982783
271.078486,100,716.177012
300.615294,100,716.364899
353.295421,100,716.554684
247.433919,100,716.760145
313.893079,100,716.95633
230.480658,100,717.149896
295.530961,100,717.345476
397.881155,100,717.539222
368.802748,100,717.798734
257.901402,100,729.049332
275.81652,100,729.208829
349.160122,100,729.367571
304.610581,100,729.51081
390.75441,100,729.688135
312.606302,100,729.921297
302.122463,100,730.067854
221.451356,100,730.240785
223.099726,100,730.39193
297.92397,100,730.558287
318.585198,100,742.729492
314.064513,100,742.901201
231.229474,100,743.065593
257.383763,100,743.224584
294.97807,100,743.40208
272.42666,100,743.558929
349.330072,100,743.773517
280.337479,100,743.974394
360.754047,100,744.143559
346.262184,100,744.301208
329.5224,100,755.27898
263.969464,100,755.44065
343.002007,100,755.618332
269.329271,100,755.930752
261.667978,100,756.108899
297.959901,100,756.29434
284.248713,100,756.457271
246.367111,100,756.629547
264.070025,100,756.825783
273.155959,100,757.017458
379.277695,100,768.517292
315.666673,100,768.69241
351.151876,100,768.838304
343.925836,100,769.005419
365.841271,100,769.153424
290.592087,100,769.317095
211.429725,100,769.477637
291.980728,100,769.637659
284.436675,100,769.800255
268.389048,100,769.962212
269.714758,100,783.90536
298.911594,100,784.07901
334.332616,100,784.271363
331.073804,100,784.456741
331.134056,100,784.77351
294.444308,100,784.973048
341.78939,100,785.219792
354.789716,100,785.428465
216.108386,100,785.633282
289.664301,100,785.851803
330.767509,100,801.39037
205.790414,100,801.531486
345.539736,100,801.676007
275.327444,100,801.837817
343.748586,100,801.980856
281.174613,100,802.128421
246.057766,100,802.271395
349.541812,100,802.412547
293.03609,100,802.604495
295.321856,100,802.815017
272.362941,100,816.906085
345.961403,100,817.086441
303.979391,100,817.238669
356.555807,100,817.398083
232.939067,100,817.553956
258.884601,100,817.718267
345.781866,100,817.883932
264.595853,100,818.045583
296.734171,100,818.207808
207.417072,100,818.372245
277.606038,100,830.056299
340.861705,100,830.219107
250.421152,100,830.374238
320.405585,100,830.539395
397.423234,100,830.822481
249.598448,100,831.003263
390.575758,100,831.171992
299.561917,100,831.334577
366.325583,100,831.49103
409.776227,100,831.670238
282.896921,100,845.17546
307.234186,100,845.335636
352.256321,100,845.497253
245.573114,100,845.663162
290.178578,100,845.828799
221.937548,100,845.976762
230.400719,100,846.130587
380.677554,100,846.291225
261.341973,100,846.445415
363.181545,100,846.674168
345.404719,100,860.460896
374.283088,100,860.828676
298.575604,100,861.113588
299.607106,100,861.441998
368.073272,100,861.794977
300.536061,100,862.157592
250.71836,100,862.532958
259.335129,100,862.796193
266.3205,100,862.9494
317.278512,100,863.125645
366.805969,100,875.121723
309.182785,100,875.273632
290.638862,100,875.431978
288.567046,100,875.597043
327.083137,100,875.769658
260.747668,100,875.922184
339.08291,100,876.063514
294.521296,100,876.207587
335.272625,100,876.35467
308.352312,100,876.495165
313.286142,100,889.150057
256.858449,100,889.301165
375.558414,100,889.450954
307.070065,100,889.609497
317.624685,100,889.762077
287.039994,100,889.912746
292.962637,100,890.060605
322.160362,100,890.222928
388.193547,100,890.37693
318.739552,100,890.534639
298.392718,100,901.632081
275.430447,100,901.813261
296.468606,100,901.97385
305.816452,100,902.130604
319.46914,100,902.291578
299.895626,100,902.455833
260.278544,100,902.620776
264.475676,100,902.783569
262.682935,100,902.94962
305.291712,100,903.147428
261.914936,100,914.470184
357.189185,100,914.624246
341.541022,100,914.784606
350.808621,100,914.953825
319.905039,100,915.139317
329.390771,100,915.366783
339.95725,100,915.520619
426.233798,100,915.71345
305.358175,100,915.865415
273.659433,100,916.011807
320.025885,100,926.833545
333.548081,100,926.977567
318.152107,100,927.188539
319.67069,100,927.406823
328.978847,100,927.570206
304.694015,100,927.753925
310.766665,100,927.914632
366.524568,100,928.069528
318.797789,100,928.250829
318.825294,100,928.421323
377.299562,100,940.39569
295.695129,100,940.58113
313.722937,100,940.786695
390.016273,100,940.986279
287.273943,100,941.221775
277.607991,100,941.422523
253.143997,100,941.606007
285.83336,100,941.788312
314.264691,100,941.964087
324.489652,100,942.132308
333.119087,100,953.909831
244.328717,100,954.063453
331.463149,100,954.219616
219.889251,100,954.397393
267.64345,100,954.547441
242.382017,100,954.738346
251.295376,100,954.890017
326.401755,100,955.043204
305.380599,100,955.192478
319.357193,100,955.35581
394.156694,100,968.931347
311.291533,100,969.087479
346.937432,100,969.245317
367.732621,100,969.395356
341.503369,100,969.667933
290.724658,100,969.811631
351.473759,100,969.978392
317.162646,100,970.126656
306.055426,100,970.278311
339.053153,100,970.429384
229.369697,100,981.369078
344.772088,100,981.632441
354.601267,100,981.802148
257.046003,100,981.960775
247.698101,100,982.127445
306.840157,100,982.269357
289.067713,100,982.414358
323.693991,100,982.567143
308.377007,100,982.731397
294.981528,100,982.8798
271.643379,100,995.252659
312.704279,100,995.389349
332.099354,100,995.649065
336.716623,100,995.806419
332.090632,100,995.974785
381.571114,100,996.123842
296.810549,100,996.271525
340.179156,100,996.419364
297.401934,100,996.569659
269.282943,100,996.727572
325.512751,100,1010.860751
339.928824,100,1011.019556
307.010261,100,1011.178792
351.052899,100,1011.337511
307.45058,100,1011.559371
316.182626,100,1011.753531
282.829145,100,1011.946453
314.140666,100,1012.111958
305.542591,100,1012.262464
227.882026,100,1012.416483
290.337571,100,1024.244471
333.228878,100,1024.424647
397.229917,100,1024.595811
291.836672,100,1024.788703
245.750883,100,1024.970063
315.844764,100,1025.141194
350.269713,100,1025.300885
353.63399,100,1025.503222
383.071578,100,1025.744401
231.965521,100,1025.93341
242.006718,100,1039.949047
313.937302,100,1040.120256
293.360902,100,1040.269753
331.776321,100,1040.415237
345.422216,100,1040.566929
334.952368,100,1040.739668
304.144016,100,1040.919018
377.952423,100,1041.079414
368.567216,100,1041.223924
276.153941,100,1041.379501
288.186436,100,1052.81081
340.049669,100,1052.947479
360.174851,100,1053.083852
331.315291,100,1053.227728
325.617782,100,1053.372321
305.233932,100,1053.634234
271.540267,100,1053.779297
269.971782,100,1053.951838
317.085328,100,1054.098325
344.36064,100,1054.238153
412.706791,100,1065.17996
352.491154,100,1065.371752
294.732069,100,1065.637449
319.436291,100,1065.886781
361.251402,100,1066.097478
298.194239,100,1066.308047
383.344162,100,1066.53977
280.185765,100,1066.770767
411.808399,100,1067.030555
364.028225,100,1067.293614
354.767497,100,1081.190169
383.221506,100,1081.344039
287.884378,100,1081.585604
243.821634,100,1081.773476
348.061786,100,1081.947683
348.699672,100,1082.111637
354.501982,100,1082.26122
324.800179,100,1082.430206
257.667032,100,1082.599167
277.317759,100,1082.777924
388.148898,100,1093.374516
353.227672,100,1093.620719
244.675722,100,1093.77566
386.653881,100,1093.951146
294.898602,100,1094.096164
331.916767,100,1094.24232
308.41683,100,1094.390778
407.042978,100,1094.540815
302.020239,100,1094.697388
319.387169,100,1094.857822
321.179751,100,1106.726109
396.038728,100,1106.910841
281.66297,100,1107.066298
299.482932,100,1107.219451
345.980826,100,1107.382486
376.293588,100,1107.628742
343.823527,100,1107.802464
345.371485,100,1107.955273
316.217674,100,1108.114964
303.962522,100,1108.254936
309.222786,100,1121.648731
329.523818,100,1121.904287
304.15221,100,1122.165416
291.491505,100,1122.468213
349.602443,100,1122.774271
389.117047,100,1123.087994
322.112576,100,1123.387396
281.64046,100,1123.698796
381.416106,100,1123.934822
323.702313,100,1124.219868
292.198353,100,1138.096307
363.558454,100,1138.234466
391.324092,100,1138.457645
348.716437,100,1138.642063
325.424043,100,1138.808503
326.989636,100,1138.977617
274.652604,100,1139.138967
314.813509,100,1139.294858
291.88932,100,1139.448802
411.428683,100,1139.611746
240.264819,100,1151.459962
322.417601,100,1151.618974
381.965191,100,1151.807487
344.694761,100,1151.989152
326.573094,100,1152.166545
285.294966,100,1152.33459
274.824816,100,1152.517389
300.042459,100,1152.769646
272.233575,100,1152.956241
366.880244,100,1153.126979
355.449393,100,1164.35204
405.561519,100,1164.50091
318.096773,100,1164.769392
287.683145,100,1164.924051
355.534485,100,1165.087441
336.878914,100,1165.239638
366.581163,100,1165.399359
334.708911,100,1165.542688
329.548114,100,1165.716913
397.010413,100,1165.888002
368.38742,100,1176.395936
325.323402,100,1176.59175
267.707898,100,1176.800392
384.58068,100,1176.96954
360.502647,100,1177.139386
405.710113,100,1177.288477
309.801496,100,1177.441993
420.662399,100,1177.592262
234.964345,100,1177.741461
394.014992,100,1177.91185
342.266362,100,1189.967554
313.304851,100,1190.265298
275.615061,100,1190.585131
326.384609,100,1190.878074
343.230012,100,1191.127625
268.469964,100,1191.432878
354.961522,100,1191.739264
320.659524,100,1192.052939
326.464586,100,1192.371746
374.86098,100,1192.705929
308.237914,100,1205.636915
395.905475,100,1205.812622
241.765705,100,1205.979959
349.412715,100,1206.147703
291.669653,100,1206.314509
268.842955,100,1206.502152
311.692518,100,1206.690731
219.338982,100,1206.936183
245.141627,100,1207.165619
365.754681,100,1207.376186
292.678679,100,1219.379291
263.449953,100,1219.55233
301.998532,100,1219.702287
321.412018,100,1219.858151
271.705181,100,1220.009644
336.625953,100,1220.167989
373.87284,100,1220.32998
260.921115,100,1220.474027
265.172944,100,1220.622979
398.904618,100,1220.781801
317.601426,100,1233.613349
319.086628,100,1233.782442
313.84576,100,1233.943943
359.425121,100,1234.116153
410.108984,100,1234.293555
336.638277,100,1234.470101
343.108043,100,1234.666373
279.550604,100,1234.874658
299.044636,100,1235.09472
346.063269,100,1235.276474
286.278475,100,1248.869631
371.933261,100,1249.093132
328.832977,100,1249.256817
384.363218,100,1249.414397
352.550095,100,1249.561562
287.823241,100,1249.807439
309.924933,100,1249.995969
302.702824,100,1250.167428
379.486336,100,1250.339364
279.14622,100,1250.512871
321.528267,100,1262.66868
264.833932,100,1262.855407
261.43517,100,1263.094428
339.184908,100,1263.259501
302.504451,100,1263.413828
406.256463,100,1263.59901
411.58603,100,1263.775229
340.685762,100,1263.942096
392.590812,100,1264.100234
310.261292,100,1264.282052
278.664062,100,1278.668777
261.960326,100,1278.87371
394.296262,100,1279.184222
369.931257,100,1279.384553
255.002933,100,1279.581665
322.330843,100,1279.777604
297.522703,100,1279.960228
311.985556,100,1280.151556
254.769253,100,1280.345483
371.97863,100,1280.536014
340.837303,100,1292.752264
324.412534,100,1292.915533
294.140668,100,1293.175238
390.743216,100,1293.337254
299.443794,100,1293.507792
343.514705,100,1293.661622
387.926146,100,1293.814777
253.574243,100,1293.965965
352.586893,100,1294.128921
311.612131,100,1294.292306
296.279723,100,1306.059047
316.22693,100,1306.376715
259.984726,100,1306.715322
336.36676,100,1307.044978
387.955519,100,1307.360787
308.679813,100,1307.646034
365.387431,100,1307.975872
265.990417,100,1308.28562
342.611589,100,1308.601338
365.631707,100,1308.920035
354.672564,100,1320.160282
341.840111,100,1320.305522
319.092172,100,1320.460855
305.4292,100,1320.609352
296.938685,100,1320.770495
291.934887,100,1320.924166
331.225743,100,1321.143404
386.22238,100,1321.330696
303.144366,100,1321.498446
335.111569,100,1321.654856
330.262789,100,1333.489526
274.072369,100,1333.696291
353.55964,100,1333.883714
269.959682,100,1334.065696
269.329054,100,1334.266983
344.288555,100,1334.453318
391.191976,100,1334.639392
278.00258,100,1334.829542
303.292525,100,1335.044531
319.92479,100,1335.312304
308.189149,100,1345.876091
366.200724,100,1346.020846
357.654464,100,1346.166323
298.336099,100,1346.346462
366.14942,100,1346.511948
323.2081,100,1346.684387
353.389649,100,1346.85549
353.318269,100,1347.039481
294.571916,100,1347.265221
303.278572,100,1347.439424
404.358051,100,1361.25635
298.81058,100,1361.43317
311.512727,100,1361.627285
385.014265,100,1361.804472
285.208068,100,1361.979669
328.692608,100,1362.148371
305.439176,100,1362.327022
357.642098,100,1362.49457
235.946841,100,1362.673
315.239965,100,1362.850302
304.070215,100,1375.254713
385.86512,100,1375.439428
293.773412,100,1375.688302
314.927016,100,1375.883548
352.78794,100,1376.070808
289.781819,100,1376.231385
312.416532,100,1376.411494
348.716787,100,1376.598582
284.59798,100,1376.783612
395.726752,100,1376.944096
280.679058,100,1388.923581
313.233845,100,1389.143826
279.670798,100,1389.367737
332.825038,100,1389.646842
366.669966,100,1389.857102
384.72594,100,1390.04571
265.28899,100,1390.214111
326.690452,100,1390.390772
389.947523,100,1390.570387
324.836607,100,1390.767963
373.817484,100,1402.106834
414.942456,100,1402.251542
447.208681,100,1402.405326
303.944245,100,1402.561057
254.34784,100,1402.729593
352.596196,100,1402.881207
295.708595,100,1403.026309
329.178004,100,1403.171565
284.618359,100,1403.320016
308.928447,100,1403.460398
302.926808,100,1417.121352
302.389605,100,1417.3054
375.118716,100,1417.482548
347.878709,100,1417.764797
413.237834,100,1417.952567
322.048298,100,1418.148666
413.198835,100,1418.342294
372.268469,100,1418.527008
342.221815,100,1418.707425
408.364695,100,1418.896214
276.661774,100,1432.649351
300.517692,100,1432.830754
342.95794,100,1432.983989
316.068056,100,1433.150642
293.712329,100,1433.307508
379.390731,100,1433.521807
301.029424,100,1433.818459
394.037972,100,1433.973428
323.974944,100,1434.147529
342.693541,100,1434.294766
383.276951,100,1448.320014
287.864614,100,1448.478566
378.133781,100,1448.633935
309.135291,100,1448.789488
330.754653,100,1448.946666
312.984086,100,1449.118157
357.371827,100,1449.260654
306.837982,100,1449.406176
287.898213,100,1449.594894
300.696884,100,1449.827214
333.110254,100,1461.988797
261.407159,100,1462.180783
412.829403,100,1462.376292
301.62918,100,1462.561951
385.580146,100,1462.741095
335.8219,100,1462.930552
427.136574,100,1463.110631
330.280698,100,1463.278956
284.595264,100,1463.455667
373.846436,100,1463.728544
358.617153,100,1477.396949
352.25335,100,1477.574979
288.465937,100,1477.818552
404.628415,100,1478.014133
334.401683,100,1478.171446
322.066463,100,1478.341634
380.320097,100,1478.486835
378.694685,100,1478.627644
363.205947,100,1478.772719
351.390571,100,1478.927986
414.681658,100,1491.089796
387.449799,100,1491.248046
341.791082,100,1491.417415
337.773852,100,1491.583396
388.954471,100,1491.738472
387.889693,100,1491.907302
404.756837,100,1492.066988
361.018613,100,1492.220351
393.19209,100,1492.48404
291.145352,100,1492.659517
355.586019,100,1504.031961
371.665714,100,1504.177813
362.559206,100,1504.336605
259.816935,100,1504.485477
295.459012,100,1504.760103
363.977192,100,1504.91882
350.654597,100,1505.10216
314.312275,100,1505.265443
396.156955,100,1505.429921
341.817053,100,1505.587452
380.160381,100,1521.043827
338.480668,100,1521.415448
385.830906,100,1521.790765
358.586284,100,1522.165194
294.152433,100,1522.529942
351.085309,100,1522.905298
354.539134,100,1523.228827
363.699106,100,1523.60013
369.486449,100,1523.968315
337.460992,100,1524.327334
322.556538,100,1540.340647
462.733651,100,1540.502351
350.400551,100,1540.702771
363.145179,100,1540.96105
362.454096,100,1541.147374
306.653524,100,1541.324595
388.958035,100,1541.484394
446.295035,100,1541.642431
334.964465,100,1541.811121
306.854082,100,1541.979694
378.047922,100,1556.002676
369.753507,100,1556.306677
342.448241,100,1556.610798
338.842424,100,1556.907562
360.550653,100,1557.131248
363.242076,100,1557.408557
367.6085,100,1557.690923
387.683213,100,1557.943542
301.593554,100,1558.147348
370.030508,100,1558.373842
393.21176,100,1570.335156
358.990692,100,1570.478155
344.342854,100,1570.620182
385.811111,100,1570.775449
364.391378,100,1570.949418
400.351739,100,1571.252838
293.223484,100,1571.40977
272.646303,100,1571.591051
368.95784,100,1571.759821
315.2131,100,1571.905546
314.800928,100,1583.279721
252.701197,100,1583.44174
352.364173,100,1583.596358
383.452822,100,1583.744432
338.026167,100,1583.89123
391.500535,100,1584.042116
357.016974,100,1584.193736
321.233449,100,1584.343618
354.101024,100,1584.487363
314.304926,100,1584.634553
350.639778,100,1597.802294
297.94306,100,1598.152388
333.620423,100,1598.505137
328.064342,100,1598.859501
264.011834,100,1599.010417
336.518183,100,1599.184182
307.041003,100,1599.423406
358.022755,100,1599.567328
319.246229,100,1599.747294
306.344282,100,1599.894003
287.147737,100,1611.83947
296.369603,100,1611.995214
306.682342,100,1612.146405
343.823757,100,1612.293093
376.740935,100,1612.45821
355.110676,100,1612.61767
444.150729,100,1612.779467
374.19019,100,1612.929002
279.993679,100,1613.081814
283.076884,100,1613.33751
361.931979,100,1625.839396
380.084112,100,1626.001492
350.931221,100,1626.171446
250.864582,100,1626.334141
327.224793,100,1626.511655
390.66068,100,1626.679717
369.205721,100,1626.844881
377.618824,100,1627.011671
373.704206,100,1627.181049
321.212594,100,1627.450651
310.824348,100,1638.326818
337.558277,100,1638.473395
373.682027,100,1638.629164
305.148311,100,1638.788038
397.867189,100,1638.944124
340.698208,100,1639.10413
332.184512,100,1639.260318
343.134381,100,1639.411419
407.330902,100,1639.66525
286.702109,100,1639.815766
357.298675,100,1652.333418
392.911385,100,1652.636519
253.649182,100,1652.933669
377.917901,100,1653.221433
391.848834,100,1653.528684
296.935533,100,1653.803064
375.932972,100,1654.019692
380.181373,100,1654.318681
376.377711,100,1654.625834
308.021867,100,1654.929947
340.360092,100,1666.856133
313.092271,100,1667.036077
365.508482,100,1667.203544
272.598258,100,1667.379151
349.335022,100,1667.564504
410.517393,100,1667.842679
351.041257,100,1668.012551
269.73775,100,1668.22834
379.66702,100,1668.413765
292.453409,100,1668.595807
273.208912,100,1682.011113
359.017499,100,1682.205408
317.37888,100,1682.416391
412.183324,100,1682.580406
368.104024,100,1682.73615
270.026474,100,1682.912204
389.811766,100,1683.073341
397.239642,100,1683.217269
327.556035,100,1683.372544
327.921526,100,1683.520735
260.794817,100,1696.214022
344.304824,100,1696.384605
338.779922,100,1696.549641
312.823315,100,1696.72618
342.98229,100,1696.912943
294.483281,100,1697.114393
315.916758,100,1697.312594
391.285473,100,1697.511333
378.156825,100,1697.816995
339.749905,100,1698.030802
343.877428,100,1710.641362
393.511242,100,1710.824168
347.507833,100,1710.99099
369.072983,100,1711.137083
381.176956,100,1711.283062
375.094633,100,1711.431518
355.817191,100,1711.593621
330.1504,100,1711.840453
391.40005,100,1711.98871
390.161757,100,1712.167593
334.655343,100,1724.722965
401.366931,100,1724.884369
383.967719,100,1725.03702
354.918523,100,1725.187257
376.164246,100,1725.338798
351.311515,100,1725.483823
353.973153,100,1725.6752
348.381465,100,1725.888917
321.511663,100,1726.041392
379.299743,100,1726.212804
366.55426,100,1738.550999
365.446437,100,1738.726409
413.378909,100,1738.913076
382.287121,100,1739.092418
296.87994,100,1739.276798
320.868873,100,1739.452833
363.822029,100,1739.669715
347.737904,100,1739.90906
205.82262,100,1740.1004
388.688283,100,1740.273497
251.676746,100,1754.479511
352.483591,100,1754.623545
379.590087,100,1754.770599
331.580842,100,1754.93037
311.708248,100,1755.080815
362.678671,100,1755.22335
296.653957,100,1755.372673
304.471279,100,1755.519202
298.350035,100,1755.7463
461.185854,100,1755.920552
288.037802,100,1769.550272
303.350206,100,1769.707299
357.836183,100,1769.862289
416.647117,100,1770.001546
376.78538,100,1770.14415
287.840982,100,1770.332276
399.410361,100,1770.559659
297.49641,100,1770.714875
371.96363,100,1770.891163
370.230457,100,1771.045434
348.427756,100,1.535043
300.233897,100,1.691861
383.462024,100,1.834234
353.128913,100,1.982264
298.471159,100,2.148731
335.890017,100,2.30075
371.494137,100,2.442194
440.462782,100,2.585203
423.976426,100,2.723123
400.50161,100,2.865635
351.522514,100,15.645939
362.443226,100,15.826761
326.594961,100,16.008356
360.150869,100,16.194022
350.006729,100,16.356607
293.411059,100,16.50712
360.858423,100,16.662726
306.713528,100,16.822813
362.671903,100,16.971566
304.265302,100,17.182454
269.694729,100,28.761623
319.449029,100,28.936477
317.792385,100,29.119721
296.594148,100,29.379721
369.849577,100,29.602566
367.52845,100,29.819147
372.240755,100,29.97366
346.835916,100,30.123828
350.585605,100,30.276545
421.024447,100,30.420297
386.989111,100,41.836477
402.543829,100,42.133043
364.050693,100,42.441529
342.097104,100,42.744064
321.57818,100,43.039828
302.661328,100,43.360349
331.652877,100,43.57027
302.217013,100,43.747737
384.136942,100,43.914779
390.597904,100,44.070662
399.262051,100,55.925534
371.828817,100,56.090942
419.627534,100,56.249617
374.328223,100,56.414895
369.691827,100,56.601651
356.502184,100,56.780936
287.49145,100,56.931706
384.176553,100,57.087751
324.261628,100,57.271147
303.117807,100,57.508539
336.007579,100,69.738787
290.160194,100,69.948847
353.43557,100,70.140946
336.081079,100,70.341897
318.864591,100,70.54555
329.022529,100,70.734009
345.565159,100,70.919875
351.943273,100,71.0979
275.566342,100,71.31959
231.196434,100,71.557485
432.275204,100,84.470881
324.533318,100,84.678533
374.617728,100,84.871259
413.718239,100,85.053755
329.129958,100,85.240689
404.951957,100,85.439992
370.135439,100,85.757619
352.261006,100,85.966331
346.048349,100,86.18691
428.763414,100,86.415697
361.600558,100,98.832453
352.610101,100,98.984933
313.923895,100,99.126475
420.692507,100,99.269727
334.926109,100,99.422814
402.552937,100,99.585276
355.504985,100,99.841925
281.439501,100,100.000631
303.76739,100,100.166724
342.289418,100,100.312146
310.878633,100,110.921423
314.087225,100,111.084708
374.389183,100,111.252559
339.230559,100,111.399933
365.14644,100,111.558727
316.255233,100,111.832248
357.827081,100,112.056405
409.327614,100,112.357299
369.674463,100,112.654602
337.312346,100,112.961094
362.017116,100,124.46386
340.469261,100,124.645677
332.26735,100,124.824142
379.617259,100,125.028627
334.095271,100,125.21195
385.553983,100,125.394874
404.290216,100,125.577832
365.213021,100,125.841728
386.390287,100,126.013691
328.275855,100,126.207376
338.017215,100,138.460458
398.892466,100,138.624589
337.684845,100,138.786902
404.37652,100,138.967871
390.063579,100,139.164916
356.70195,100,139.345014
310.193461,100,139.505286
408.453669,100,139.752794
349.781232,100,139.94055
263.495594,100,140.13151
322.508167,100,156.461444
336.793999,100,156.772769
409.248881,100,157.076506
358.250445,100,157.393392
349.386113,100,157.699773
404.781769,100,157.948341
305.702659,100,158.194622
362.039864,100,158.410575
316.919431,100,158.614253
336.09694,100,158.842196
373.867131,100,171.919264
331.067509,100,172.125597
370.401387,100,172.365354
315.442875,100,172.579967
339.912435,100,172.75195
412.387333,100,172.925641
417.551981,100,173.101238
300.288364,100,173.271878
376.483597,100,173.440423
364.601799,100,173.615482
348.554783,100,188.301454
295.345439,100,188.457824
296.377595,100,188.601566
382.103373,100,188.763821
379.309317,100,188.927758
376.68568,100,189.08798
379.546282,100,189.257783
370.732782,100,189.43867
403.286787,100,189.591645
288.780619,100,189.810258
356.849116,100,203.190121
396.43906,100,203.34884
369.851598,100,203.506255
401.646557,100,203.671261
378.279823,100,203.941661
337.636799,100,204.100761
303.47244,100,204.286657
337.403516,100,204.454917
318.916718,100,204.607644
376.803836,100,204.767502
408.891501,100,215.888706
371.802499,100,216.05265
349.714575,100,216.223889
322.176206,100,216.384002
271.712745,100,216.543437
318.184609,100,216.701778
304.768967,100,216.859024
354.319474,100,217.006335
324.432647,100,217.157393
394.179815,100,217.308343
345.428008,100,229.228779
379.848314,100,229.392019
301.323608,100,229.552166
279.463902,100,229.714738
424.248083,100,229.984635
367.099382,100,230.167015
303.253391,100,230.373391
342.163142,100,230.557948
318.381491,100,230.739091
292.751711,100,230.917307
395.404346,100,243.967761
414.168937,100,244.151623
325.610308,100,244.357929
374.861277,100,244.540159
355.526329,100,244.71247
299.182412,100,244.885135
356.255875,100,245.090224
380.519372,100,245.29038
287.506363,100,245.477
366.797069,100,245.65509
391.996067,100,257.707818
424.383865,100,257.969337
369.667189,100,258.149465
304.16057,100,258.333211
379.641203,100,258.482996
363.691547,100,258.634145
271.5707,100,258.787743
336.19748,100,258.951003
347.333519,100,259.11648
244.111144,100,259.277362
340.543346,100,271.377871
355.748993,100,271.543245
311.283819,100,271.723045
309.312804,100,271.970805
421.968901,100,272.131711
398.246736,100,272.316481
334.426203,100,272.459883
390.791586,100,272.606698
339.113164,100,272.761701
370.431624,100,272.910819
357.433207,100,289.810894
346.536457,100,289.952489
391.636346,100,290.093862
425.315171,100,290.244811
327.614783,100,290.501562
281.336491,100,290.65662
336.617129,100,290.832388
322.173525,100,290.996638
292.824955,100,291.152096
291.521874,100,291.299833
291.858945,100,303.329859
391.713552,100,303.707806
378.246182,100,304.076654
339.318626,100,304.466297
396.034653,100,304.8464
349.951067,100,305.133623
364.681701,100,305.408138
329.446137,100,305.724672
358.704644,100,306.042913
393.942342,100,306.347653
444.073985,100,317.956002
313.270181,100,318.110051
380.290201,100,318.267082
348.551784,100,318.426677
350.076839,100,318.573899
285.444863,100,318.765185
403.686862,100,318.976886
409.280576,100,319.124373
354.524621,100,319.285505
310.30479,100,319.450548
278.467774,100,330.456798
369.843153,100,330.599828
363.471485,100,330.830674
350.601507,100,331.069419
348.121385,100,331.309972
367.802894,100,331.527118
368.634317,100,331.754896
380.234933,100,331.962908
353.489109,100,332.181091
354.103767,100,332.393471
298.18715,100,347.069559
399.854508,100,347.217122
383.170837,100,347.38029
375.920103,100,347.513393
281.293353,100,347.649804
309.63315,100,347.789093
448.722845,100,347.935321
314.824345,100,348.098302
385.644273,100,348.252569
343.727851,100,348.404562
410.811572,100,359.533764
376.236621,100,359.679975
344.577941,100,359.841065
256.296684,100,360.011405
388.678015,100,360.17302
346.938983,100,360.332972
309.140535,100,360.494758
376.101454,100,360.665301
368.122356,100,360.810844
277.645143,100,361.059886
332.402626,100,372.503114
460.607034,100,372.661237
387.65725,100,372.811637
414.608634,100,373.068138
359.557352,100,373.252311
436.808764,100,373.432016
295.481197,100,373.597901
384.619742,100,373.744995
322.431636,100,373.914088
283.561678,100,374.08366
361.871195,100,386.138123
321.492259,100,386.298707
293.066498,100,386.458236
362.744659,100,386.619478
364.361045,100,386.774884
417.185226,100,386.9281
343.097938,100,387.08642
333.351514,100,387.351668
402.502546,100,387.516476
300.352571,100,387.688233
278.595654,100,400.347044
348.241937,100,400.52085
408.209526,100,400.681777
415.666472,100,400.836449
413.793463,100,401.001744
403.733093,100,401.199315
397.337926,100,401.407534
390.929529,100,401.577206
312.745636,100,401.746641
372.65372,100,401.895893
388.393185,100,414.506584
440.112136,100,414.81657
352.681792,100,415.139106
337.373324,100,415.458665
334.607814,100,415.706472
387.973469,100,416.020362
361.216576,100,416.333141
283.082369,100,416.632859
275.807927,100,416.935842
460.068834,100,417.247035
393.260243,100,430.099724
351.011668,100,430.271038
322.822665,100,430.429995
351.875375,100,430.602844
343.069922,100,430.763095
389.626693,100,430.91387
427.770155,100,431.063892
372.607864,100,431.288956
411.960081,100,431.450726
389.669936,100,431.641337
428.462095,100,442.052031
357.475827,100,442.194398
374.221642,100,442.335517
388.575404,100,442.504935
422.838864,100,442.645116
323.403913,100,442.781044
282.213845,100,442.921971
380.819883,100,443.065758
378.604346,100,443.310103
395.078398,100,443.478759
329.459555,100,454.248573
414.424992,100,454.419534
279.869359,100,454.577539
380.587398,100,454.738646
313.001227,100,454.893494
303.339177,100,455.054315
378.701183,100,455.297405
436.311303,100,455.485228
403.658467,100,455.650075
302.711078,100,455.799897
381.129646,100,469.211565
314.070082,100,469.532238
403.37348,100,469.815332
415.202299,100,470.092606
377.688355,100,470.419574
336.388666,100,470.624341
373.14439,100,470.809905
398.737679,100,470.988258
366.18706,100,471.188854
401.666957,100,471.407421
365.610661,100,484.292099
416.285996,100,484.425088
347.875797,100,484.58263
376.560907,100,484.75106
417.56487,100,484.916842
428.298083,100,485.092145
349.147143,100,485.279254
308.875438,100,485.54581
365.350912,100,485.720919
402.85123,100,485.884053
386.531673,100,496.393434
380.345602,100,496.543303
352.416036,100,496.708543
320.231655,100,496.862431
318.99707,100,497.018717
386.610967,100,497.170473
321.171682,100,497.309355
361.155734,100,497.543366
425.749459,100,497.694716
352.339332,100,497.862608
358.846065,100,510.681571
403.490716,100,510.839844
350.56157,100,510.99915
366.020136,100,511.153581
395.018116,100,511.316221
426.7983,100,511.570645
387.176084,100,511.727474
284.221726,100,511.903405
372.141568,100,512.048223
356.076905,100,512.19846
303.267984,100,522.734446
383.066147,100,522.865342
292.096637,100,523.002638
388.84407,100,523.164781
317.826915,100,523.329402
305.609105,100,523.578879
410.04549,100,523.722099
338.490171,100,523.889947
329.502888,100,524.045475
250.071167,100,524.211618
315.763486,100,535.171651
371.837516,100,535.309351
370.762995,100,535.543237
374.368776,100,535.712817
322.440079,100,535.888799
352.952448,100,536.043471
407.218027,100,536.185235
349.917295,100,536.334704
299.119312,100,536.482631
391.741325,100,536.625247
302.642246,100,547.984374
365.94773,100,548.171705
404.151267,100,548.359955
366.971232,100,548.56047
321.740773,100,548.738943
316.665466,100,548.913097
401.702717,100,549.086214
335.011381,100,549.262389
419.134116,100,549.540666
340.272727,100,549.716019
372.780888,100,561.27962
445.469289,100,561.505734
381.078696,100,561.685717
444.516008,100,561.828029
372.348744,100,561.981983
331.453193,100,562.121324
370.922435,100,562.267763
444.767635,100,562.414356
266.967739,100,562.574386
372.825939,100,562.722958
370.95219,100,574.982761
363.433439,100,575.130892
316.145548,100,575.287362
406.219937,100,575.51956
393.770058,100,575.702589
360.847066,100,575.859864
366.889641,100,576.025561
353.377076,100,576.187741
326.748579,100,576.363384
333.168129,100,576.531972
361.42118,100,588.19509
324.537921,100,588.341408
427.640829,100,588.48545
374.968029,100,588.629561
355.656919,100,588.768403
409.717393,100,588.900043
362.749351,100,589.036927
379.34496,100,589.177099
442.262285,100,589.320032
291.645158,100,589.569133
269.899381,100,601.03409
374.409662,100,601.201406
336.690787,100,601.377285
321.080096,100,601.590998
371.653668,100,601.828848
361.23281,100,602.033138
349.563077,100,602.204252
378.764032,100,602.383484
315.72319,100,602.553411
407.780037,100,602.76248
355.10522,100,614.089714
428.515101,100,614.247775
278.593844,100,614.408224
381.351878,100,614.568712
444.516277,100,614.716697
420.534058,100,614.874888
267.627395,100,615.019947
364.347333,100,615.164935
354.992034,100,615.312545
411.046912,100,615.464903
379.20122,100,628.398272
381.902037,100,628.701143
347.477755,100,629.030637
331.372581,100,629.38654
324.81349,100,629.727416
365.805984,100,630.047969
291.372948,100,630.361044
377.668568,100,630.612686
308.958488,100,630.88936
352.021532,100,631.190861
409.264407,100,645.61946
274.370081,100,645.80258
373.388853,100,645.991695
339.371538,100,646.177313
375.781444,100,646.454116
374.239964,100,646.644791
412.446902,100,646.83492
363.321085,100,647.010127
393.089522,100,647.19577
417.597485,100,647.361746
337.892507,100,657.994072
360.352358,100,658.145337
434.789633,100,658.414437
343.285819,100,658.615694
305.588102,100,658.77684
261.156876,100,658.93349
412.243173,100,659.075138
390.381565,100,659.230379
269.251871,100,659.383558
285.755296,100,659.543213
324.181453,100,670.53678
403.875755,100,670.794899
440.875741,100,670.955395
307.429432,100,671.101057
344.721644,100,671.270316
387.981154,100,671.410259
405.789043,100,671.550486
390.309362,100,671.70634
376.380486,100,671.861461
302.258062,100,672.018231
357.349915,100,683.710141
315.918601,100,683.856108
308.217266,100,684.001505
349.384352,100,684.145215
337.202638,100,684.305336
391.277364,100,684.44884
403.228969,100,684.639209
350.831876,100,684.853644
371.103904,100,684.998938
382.97792,100,685.168215
397.279104,100,695.624578
318.760453,100,695.801609
372.718366,100,695.962884
431.051031,100,696.127124
323.51541,100,696.287904
390.520826,100,696.441698
285.358746,100,696.639185
384.16204,100,696.862021
453.397914,100,697.017285
440.327328,100,697.190339
300.851323,100,711.633683
327.096611,100,711.930426
408.733585,100,712.250237
381.916717,100,712.552837
455.17115,100,712.855667
373.986036,100,713.164584
366.294573,100,713.421427
284.385814,100,713.6631
271.726938,100,713.973606
350.904936,100,714.289145
390.747932,100,727.482428
399.473098,100,727.652937
283.873036,100,727.788652
317.623543,100,727.924857
361.358366,100,728.060759
326.545566,100,728.216203
408.040566,100,728.384001
339.844215,100,728.528292
435.783511,100,728.685056
400.635505,100,728.839268
418.209103,100,739.59938
322.734496,100,739.762613
406.539772,100,739.915599
321.947753,100,740.06641
307.322919,100,740.215475
367.879546,100,740.379402
363.663143,100,740.551722
316.953491,100,740.708522
325.911877,100,740.859227
342.381336,100,741.013844
434.379919,100,751.677361
375.064911,100,751.839582
398.644126,100,751.989348
410.627961,100,752.140524
422.054137,100,752.297505
362.758987,100,752.447136
282.739766,100,752.592887
347.876942,100,752.733917
362.753231,100,752.871029
319.024927,100,753.015953
338.036437,100,764.390525
327.513656,100,764.564466
393.506577,100,764.736466
386.398718,100,764.908423
393.929816,100,765.076804
333.908874,100,765.281029
402.568875,100,765.534903
405.456851,100,765.7048
258.132231,100,765.880306
343.509574,100,766.034959
367.564929,100,779.639442
279.176535,100,779.896087
401.075211,100,780.197334
325.386631,100,780.51449
390.059962,100,780.830986
343.44423,100,781.148632
313.626188,100,781.464895
417.376672,100,781.759566
343.110192,100,781.97853
359.507216,100,782.298089
328.197399,100,794.59732
418.014226,100,794.758753
371.643725,100,794.914806
407.036227,100,795.084315
292.972809,100,795.250375
321.444025,100,795.397942
397.682861,100,795.582945
312.595224,100,795.812675
341.89102,100,795.964497
272.79637,100,796.143157
318.333121,100,806.928324
385.64109,100,807.088655
288.568707,100,807.258698
378.7867,100,807.419329
441.215496,100,807.612867
277.78707,100,807.831305
444.172239,100,808.00864
351.532113,100,808.209814
416.269841,100,808.404162
454.726336,100,808.586535
346.801472,100,822.558606
366.381429,100,822.706468
408.670917,100,822.850573
287.643025,100,823.004567
332.847676,100,823.162583
281.736723,100,823.307161
281.815821,100,823.447654
418.4088,100,823.650916
306.783076,100,823.836749
396.278202,100,823.996084
400.178448,100,835.81571
418.549875,100,836.040234
356.408947,100,836.328898
358.696708,100,836.621773
418.863815,100,836.90992
354.709278,100,837.197689
293.452086,100,837.482102
329.719388,100,837.78724
321.837612,100,838.046271
352.889748,100,838.332642
412.594533,100,850.408517
360.875049,100,850.560864
349.03444,100,850.719761
332.797836,100,850.886557
397.173181,100,851.043847
305.596288,100,851.19401
382.163405,100,851.340116
329.737812,100,851.484002
372.053627,100,851.719817
379.263026,100,851.880828
358.269675,100,864.30978
295.04401,100,864.472015
420.546555,100,864.636042
333.997227,100,864.807086
388.629128,100,864.965029
340.724912,100,865.130046
345.775857,100,865.285105
384.437545,100,865.440813
444.165165,100,865.647953
356.109001,100,865.855125
340.99748,100,876.891779
337.924261,100,877.048108
341.223553,100,877.199433
361.834374,100,877.350123
362.765283,100,877.503316
352.799055,100,877.762931
313.499578,100,877.920476
305.107459,100,878.085832
320.508044,100,878.232559
344.189533,100,878.384976
301.994934,100,888.765819
407.49947,100,888.926243
387.57203,100,889.083147
404.024267,100,889.234152
390.8633,100,889.377522
363.98016,100,889.528971
386.323998,100,889.773727
469.855621,100,889.923111
344.943125,100,890.089316
293.745607,100,890.238928
358.760086,100,903.042793
399.826049,100,903.349048
365.363827,100,903.635875
356.817463,100,903.902717
369.689452,100,904.159477
339.913333,100,904.454067
353.762098,100,904.758151
407.396917,100,905.053081
379.792997,100,905.368203
371.101066,100,905.678638
437.714538,100,917.492881
347.782535,100,917.735151
359.228659,100,917.880009
436.900822,100,918.029821
332.586102,100,918.198818
318.879618,100,918.349283
299.159955,100,918.501626
337.552183,100,918.660552
355.021523,100,918.812671
348.170749,100,918.954594
372.029225,100,930.939714
305.355909,100,931.108629
371.86262,100,931.273223
285.596466,100,931.440948
304.446711,100,931.650078
319.583078,100,931.860271
292.196692,100,932.046211
379.865147,100,932.21572
365.245302,100,932.380401
342.917075,100,932.559991
436.437199,100,944.332818
370.273498,100,944.499895
391.363967,100,944.664598
426.881059,100,944.833372
360.498668,100,944.997839
326.902779,100,945.187749
382.92882,100,945.368248
370.327617,100,945.52857
331.022656,100,945.784433
371.381317,100,945.951079
282.482537,100,958.839677
379.762085,100,958.989446
391.790865,100,959.142147
303.838998,100,959.306747
288.136387,100,959.47242
340.305938,100,959.644842
313.380549,100,959.799372
381.442975,100,959.948387
351.149379,100,960.113505
330.171436,100,960.370505
306.873906,100,971.941371
333.21626,100,972.097858
393.434747,100,972.370975
386.842461,100,972.551001
379.051351,100,972.728518
420.244456,100,972.904819
370.571217,100,973.0775
390.3306,100,973.268692
348.224387,100,973.453158
299.603644,100,973.602793
363.868217,100,986.397863
377.56772,100,986.58811
327.800296,100,986.80305
396.685509,100,986.951638
347.572837,100,987.120596
351.561842,100,987.273568
332.201316,100,987.416841
357.594054,100,987.567595
355.101276,100,987.736548
277.340129,100,987.884916
340.480184,100,1001.104438
380.18658,100,1001.290391
449.914052,100,1001.451913
332.373081,100,1001.608802
276.142907,100,1001.76809
359.645557,100,1001.941292
397.953095,100,1002.110011
400.213504,100,1002.28508
430.074897,100,1002.457017
272.014558,100,1002.666863
268.671572,100,1017.408674
346.953113,100,1017.592846
345.46596,100,1017.773396
366.952108,100,1017.945305
398.480055,100,1018.117923
380.314592,100,1018.326447
359.099009,100,1018.531368
428.497967,100,1018.837282
399.639546,100,1019.018726
344.185303,100,1019.223707
345.832232,100,1033.336924
380.956091,100,1033.555137
398.495594,100,1033.769071
405.166097,100,1034.001106
387.672091,100,1034.217016
342.322755,100,1034.405281
318.212565,100,1034.62849
294.567065,100,1034.907442
344.411378,100,1035.115815
397.345407,100,1035.32143
438.887281,100,1046.729249
383.777805,100,1046.935358
330.176332,100,1047.100761
345.423224,100,1047.270894
399.167401,100,1047.418568
330.778968,100,1047.570255
427.913914,100,1047.725214
321.167277,100,1047.884093
455.050993,100,1048.030799
400.484937,100,1048.184382
396.433612,100,1059.369782
402.052417,100,1059.516457
319.330707,100,1059.65685
268.239428,100,1059.807368
384.221696,100,1059.958873
390.470509,100,1060.107899
406.253672,100,1060.251154
361.067934,100,1060.392028
314.728752,100,1060.551756
308.733204,100,1060.77656
432.127351,100,1071.368666
407.934797,100,1071.52263
282.654516,100,1071.674415
424.170631,100,1071.838824
338.174987,100,1072.008532
402.321385,100,1072.170846
338.566253,100,1072.331624
453.335002,100,1072.484877
346.060756,100,1072.640248
369.934839,100,1072.874837
357.034312,100,1083.870147
442.743582,100,1084.019921
329.844327,100,1084.176887
311.254581,100,1084.316957
361.828403,100,1084.473243
411.658544,100,1084.62079
405.576575,100,1084.824278
363.907194,100,1085.017532
361.115848,100,1085.176892
342.420458,100,1085.341205
334.365102,100,1097.311643
368.603796,100,1097.476769
342.397062,100,1097.62904
324.802755,100,1097.777763
365.876591,100,1097.937133
410.760468,100,1098.083747
350.223284,100,1098.24654
312.90532,100,1098.412097
418.000017,100,1098.561553
356.668475,100,1098.703968
315.343085,100,1109.695763
396.61344,100,1109.851985
439.614124,100,1110.025537
374.983678,100,1110.197574
355.588623,100,1110.355094
361.412636,100,1110.51471
311.500271,100,1110.672692
344.714082,100,1110.908682
337.500366,100,1111.103658
444.862961,100,1111.303966
269.596343,100,1122.956542
365.212628,100,1123.106643
409.55575,100,1123.285685
386.923169,100,1123.439969
362.915689,100,1123.591701
316.004024,100,1123.744295
315.725651,100,1123.903981
342.674952,100,1124.088321
312.823559,100,1124.25429
371.276961,100,1124.432854
386.745388,100,1136.471873
443.272187,100,1136.615864
342.523203,100,1136.80029
325.272518,100,1137.027196
393.74707,100,1137.217583
346.527875,100,1137.371472
379.457219,100,1137.518082
351.590241,100,1137.657727
362.314675,100,1137.811124
425.537623,100,1138.015085
390.598345,100,1149.966937
353.984969,100,1150.115673
321.732477,100,1150.266313
422.863926,100,1150.429006
402.325086,100,1150.594415
428.787501,100,1150.742266
332.582206,100,1150.890095
434.375591,100,1151.049084
264.359632,100,1151.215952
430.71311,100,1151.42987
373.074094,100,1163.891373
343.235055,100,1164.037879
307.227335,100,1164.207977
362.130518,100,1164.365421
406.983212,100,1164.515045
300.972703,100,1164.673072
371.920953,100,1164.828193
363.782955,100,1164.990816
366.791762,100,1165.146921
407.268014,100,1165.411453
349.193458,100,1179.848694
423.148991,100,1179.997363
270.491359,100,1180.144989
383.240253,100,1180.307141
325.06598,100,1180.474284
324.619493,100,1180.63159
340.229109,100,1180.791667
277.523476,100,1180.951458
270.202098,100,1181.103048
394.119717,100,1181.332945
331.510424,100,1192.126936
280.927744,100,1192.284361
351.327974,100,1192.431978
352.577864,100,1192.591306
312.223207,100,1192.749614
356.112979,100,1192.896978
412.504812,100,1193.060189
283.061314,100,1193.265657
292.72148,100,1193.473012
422.598754,100,1193.633663
356.0574,100,1204.558626
338.494407,100,1204.729768
348.674733,100,1204.898345
376.83004,100,1205.059519
428.241998,100,1205.318854
361.636795,100,1205.544589
352.989506,100,1205.748003
323.67357,100,1205.91907
335.414973,100,1206.09546
395.964353,100,1206.292525
325.425114,100,1217.283214
387.969852,100,1217.538399
347.375695,100,1217.689753
417.771207,100,1217.850308
370.636686,100,1218.009016
328.504265,100,1218.163927
358.272654,100,1218.31823
344.650719,100,1218.456403
401.613268,100,1218.612804
313.871491,100,1218.763775
343.933787,100,1230.160134
281.758498,100,1230.301073
298.685078,100,1230.441841
371.2191,100,1230.584662
342.463133,100,1230.739786
424.844982,100,1230.894897
437.05492,100,1231.049556
371.560161,100,1231.197982
407.825326,100,1231.348561
341.023044,100,1231.496476
306.536256,100,1243.733884
300.491335,100,1243.903226
405.721,100,1244.080637
381.137837,100,1244.243788
308.066583,100,1244.400497
357.761333,100,1244.551803
312.401027,100,1244.704293
317.896451,100,1244.867638
269.804241,100,1245.022356
401.701729,100,1245.188907
383.909346,100,1255.944069
352.072655,100,1256.182487
341.503649,100,1256.343784
411.179767,100,1256.54159
327.915204,100,1256.728654
364.780726,100,1256.900313
406.554668,100,1257.060997
294.891778,100,1257.242491
377.718346,100,1257.411619
335.083383,100,1257.56194
318.959791,100,1269.255658
342.569731,100,1269.612342
301.515718,100,1269.958583
355.238981,100,1270.233921
388.780425,100,1270.48958
340.656831,100,1270.792149
401.001363,100,1271.096933
280.807389,100,1271.39279
369.903545,100,1271.687143
387.195598,100,1271.993616
368.16197,100,1284.688466
370.116715,100,1284.844523
348.578498,100,1284.991445
317.48942,100,1285.152246
342.584379,100,1285.318871
305.592849,100,1285.481396
343.515055,100,1285.650651
405.39523,100,1285.807354
316.492878,100,1286.04015
351.576447,100,1286.223845
344.619031,100,1301.173673
285.097277,100,1301.357576
394.10084,100,1301.524616
303.989104,100,1301.684967
296.495617,100,1301.840466
369.629962,100,1302.024827
408.658803,100,1302.295436
323.667924,100,1302.467463
332.075812,100,1302.660745
335.854664,100,1302.836627
323.29507,100,1314.549706
395.365445,100,1314.761135
380.736145,100,1314.91451
335.624336,100,1315.090717
397.670111,100,1315.258123
340.1009,100,1315.412683
380.161759,100,1315.558469
363.012481,100,1315.712945
317.299642,100,1315.856097
327.737573,100,1315.995224
418.107026,100,1328.852221
329.979541,100,1329.053853
322.835222,100,1329.239874
393.729706,100,1329.411188
324.457513,100,1329.576567
363.501538,100,1329.748903
339.940168,100,1329.956833
385.248549,100,1330.144148
248.492747,100,1330.317759
348.738792,100,1330.492581
335.578354,100,1343.434371
410.441422,100,1343.572081
328.202458,100,1343.722216
332.44879,100,1343.874867
378.874718,100,1344.023258
310.460444,100,1344.17314
341.740377,100,1344.319694
384.024741,100,1344.461247
324.562495,100,1344.637743
402.638416,100,1344.846038
308.434939,100,1357.52053
330.926672,100,1357.695679
304.783517,100,1357.865784
350.668199,100,1358.051427
372.776165,100,1358.240029
415.817505,100,1358.425762
286.484567,100,1358.596636
365.719239,100,1358.765859
399.74029,100,1359.014536
356.636875,100,1359.221092
389.499618,100,1370.996074
439.022195,100,1371.20657
470.559968,100,1371.394754
335.433287,100,1371.588361
281.390879,100,1371.784127
359.243273,100,1371.977791
347.272633,100,1372.171082
350.20202,100,1372.353541
314.001896,100,1372.540412
341.896873,100,1372.733002
326.833359,100,1384.800822
341.539707,100,1385.034511
387.716752,100,1385.210747
362.35961,100,1385.364029
422.646332,100,1385.536962
370.655554,100,1385.693744
424.093078,100,1385.861027
375.414603,100,1386.025423
367.885307,100,1386.194677
417.796742,100,1386.361485
303.232621,100,1398.477278
319.04807,100,1398.640493
363.597342,100,1398.812864
348.920534,100,1399.074945
332.26478,100,1399.238825
405.200288,100,1399.409445
298.925272,100,1399.55453
420.7051,100,1399.69571
333.964884,100,1399.84544
372.825397,100,1400.005121
415.928789,100,1410.511501
313.010105,100,1410.644059
384.733025,100,1410.783941
324.527689,100,1410.997488
341.973767,100,1411.269692
351.615535,100,1411.489393
380.199691,100,1411.685716
318.653858,100,1411.880105
306.756341,100,1412.075045
312.78299,100,1412.292088
368.74326,100,1426.461936
291.233203,100,1426.609443
430.949604,100,1426.763254
323.410907,100,1427.004048
409.873007,100,1427.189085
353.090013,100,1427.362571
444.074247,100,1427.518488
364.274942,100,1427.67263
313.795759,100,1427.826861
410.553761,100,1427.995588
379.07853,100,1438.971606
356.607422,100,1439.182074
303.532231,100,1439.387762
412.746928,100,1439.529729
358.135015,100,1439.697038
341.52133,100,1439.837155
397.459195,100,1439.977952
399.344152,100,1440.126408
378.513325,100,1440.287075
362.953426,100,1440.442138
434.006178,100,1452.383336
409.799758,100,1452.540696
369.749739,100,1452.679737
358.731834,100,1452.81866
414.599278,100,1452.961778
399.387801,100,1453.15889
405.808152,100,1453.356938
367.436139,100,1453.52503
400.081702,100,1453.657357
322.326513,100,1453.791648
368.506398,100,1468.177918
389.693584,100,1468.501291
382.832547,100,1468.813631
279.684537,100,1469.11904
313.467772,100,1469.408221
382.467862,100,1469.649362
360.853781,100,1469.950757
343.23785,100,1470.273813
423.030795,100,1470.560089
347.813171,100,1470.833209
401.110604,100,1484.706454
351.554977,100,1484.882864
395.785478,100,1485.074442
376.796381,100,1485.347478
320.351931,100,1485.551976
367.228007,100,1485.758064
371.806755,100,1485.936738
386.531027,100,1486.117282
397.584225,100,1486.313246
358.706696,100,1486.503563
343.254465,100,1499.961412
483.367047,100,1500.160981
378.909768,100,1500.38391
375.060197,100,1500.601271
375.671391,100,1500.800999
325.670424,100,1500.990618
408.827968,100,1501.265812
469.94337,100,1501.480853
367.702099,100,1501.686368
338.154728,100,1501.861046
394.853228,100,1514.234296
393.841909,100,1514.387829
364.946687,100,1514.541054
357.621753,100,1514.695331
376.639133,100,1514.852387
383.693229,100,1514.995286
370.769289,100,1515.253773
412.722996,100,1515.492276
315.348663,100,1515.656473
382.587267,100,1515.842998
400.268879,100,1528.597644
384.692996,100,1528.762039
376.716774,100,1528.909421
392.051849,100,1529.056715
383.795261,100,1529.31985
413.510616,100,1529.470417
304.978486,100,1529.638287
287.215668,100,1529.777955
373.483928,100,1529.918808
340.2738,100,1530.058815
366.159868,100,1540.512056
288.519708,100,1540.679783
357.992376,100,1540.83688
406.903755,100,1540.982699
360.913351,100,1541.184295
408.280801,100,1541.379326
392.251978,100,1541.538703
358.336764,100,1541.684512
375.23575,100,1541.83832
339.660939,100,1541.982667
377.989149,100,1555.323064
320.726261,100,1555.583128
372.793643,100,1555.76394
338.381977,100,1555.946566
289.858354,100,1556.12106
349.750998,100,1556.299034
324.925336,100,1556.486874
378.381759,100,1556.67651
323.111826,100,1556.841532
342.87411,100,1556.998439
289.977249,100,1568.85323
322.623439,100,1568.995346
327.230506,100,1569.139129
355.127973,100,1569.312271
400.101223,100,1569.555128
376.284834,100,1569.706815
452.795801,100,1569.873799
400.679344,100,1570.028372
299.034162,100,1570.186792
292.965125,100,1570.346766
401.358953,100,1581.300756
388.348394,100,1581.594029
366.035226,100,1581.859765
296.650957,100,1582.163086
338.881852,100,1582.474109
398.43515,100,1582.778911
385.50321,100,1583.087208
392.460125,100,1583.397019
400.457586,100,1583.669891
349.337826,100,1583.935964
321.244377,100,1596.448511
370.686947,100,1596.614839
398.15196,100,1596.79204
311.593413,100,1596.945147
417.374874,100,1597.089308
368.49836,100,1597.23811
331.409448,100,1597.486855
358.440816,100,1597.638016
431.308578,100,1597.822687
313.092266,100,1598.009584
347.648302,100,1611.195251
396.100151,100,1611.357296
279.181447,100,1611.624619
392.437297,100,1611.778668
416.576142,100,1611.948472
315.043228,100,1612.120776
403.797493,100,1612.286772
375.3344,100,1612.447577
408.332308,100,1612.611829
323.533707,100,1612.785995
350.784133,100,1625.243066
327.697727,100,1625.670184
377.791315,100,1626.055554
305.556402,100,1626.477585
348.565974,100,1626.84604
426.728909,100,1627.203795
362.91632,100,1627.54477
270.134942,100,1627.817003
385.017045,100,1628.145858
309.945229,100,1628.499066
287.948482,100,1640.143527
372.994807,100,1640.304778
334.249769,100,1640.460013
443.442946,100,1640.613754
376.10002,100,1640.778749
276.371792,100,1640.933302
424.110233,100,1641.096125
418.088406,100,1641.253086
348.762564,100,1641.464629
347.584793,100,1641.662748
282.680812,100,1654.409208
353.892608,100,1654.70992
347.5548,100,1655.037431
345.55259,100,1655.403358
353.3978,100,1655.743069
311.047879,100,1656.066702
353.673295,100,1656.425139
402.942135,100,1656.774436
398.565924,100,1657.104673
361.962512,100,1657.450766
348.878981,100,1670.875859
396.760128,100,1671.023388
362.859473,100,1671.176602
396.66516,100,1671.322082
404.540453,100,1671.597569
384.257381,100,1671.763062
372.663293,100,1671.935875
354.423465,100,1672.091636
416.048009,100,1672.244291
417.181234,100,1672.391016
347.268548,100,1684.77391
415.096351,100,1684.968317
394.759099,100,1685.162431
382.120634,100,1685.354593
389.279628,100,1685.630888
374.022872,100,1685.817974
371.978066,100,1686.027334
364.180716,100,1686.214022
337.231015,100,1686.416407
391.800413,100,1686.627609
387.364482,100,1698.156832
389.662151,100,1698.312626
436.645362,100,1698.458834
390.522687,100,1698.611839
318.11588,100,1698.758482
353.000426,100,1698.899612
376.519931,100,1699.047069
368.446476,100,1699.193926
240.113629,100,1699.340231
404.986829,100,1699.614351
258.649153,100,1710.334637
374.222235,100,1710.510008
383.928759,100,1710.676329
352.123806,100,1710.842815
327.43497,100,1711.002939
380.167283,100,1711.172735
312.340655,100,1711.343832
327.125277,100,1711.516707
324.848005,100,1711.732709
461.733478,100,1711.947932
321.4156,100,1726.418085
317.541003,100,1726.717579
359.026404,100,1727.018761
426.199304,100,1727.324244
398.513467,100,1727.619716
294.984314,100,1727.929404
418.316549,100,1728.190321
304.280565,100,1728.432513
375.885265,100,1728.731119
382.413638,100,1729.02366
365.868142,100,1.642701
327.086029,100,1.792862
414.093512,100,1.952787
353.442177,100,2.12302
297.337542,100,2.274351
348.551555,100,2.42727
378.226496,100,2.634596
462.832555,100,2.865197
431.312278,100,3.034115
422.840003,100,3.205626
372.328777,100,13.98215
388.734073,100,14.128003
358.899375,100,14.277277
377.694686,100,14.420713
356.257247,100,14.556829
309.570318,100,14.693394
378.110658,100,14.871274
332.339128,100,15.101647
378.244017,100,15.250316
329.624089,100,15.411631
266.422628,100,26.381208
315.596365,100,26.52984
334.447091,100,26.680383
319.099308,100,26.846093
392.169069,100,27.094376
390.808061,100,27.249616
394.356029,100,27.417798
351.681523,100,27.572152
348.220158,100,27.727738
423.560469,100,27.893115
409.371306,100,39.289261
404.714338,100,39.460548
371.162752,100,39.609216
362.762551,100,39.764871
329.530269,100,39.923426
305.970314,100,40.082665
350.246963,100,40.235627
310.18892,100,40.387457
401.218209,100,40.538062
405.960283,100,40.703678
406.929881,100,54.519109
387.70341,100,54.696206
432.449796,100,54.951339
395.627689,100,55.208897
392.389855,100,55.418961
369.519062,100,55.605345
304.855136,100,55.762758
402.682563,100,55.934808
338.317902,100,56.103511
317.176753,100,56.265058
345.927424,100,67.274538
307.701683,100,67.440193
369.219534,100,67.585147
342.717876,100,67.735202
346.022073,100,67.884507
351.382423,100,68.053227
343.692383,100,68.208106
358.125387,100,68.350557
289.088254,100,68.494822
268.942916,100,68.652507
449.875017,100,81.937063
329.179666,100,82.249404
376.81415,100,82.553991
428.953317,100,82.853195
346.328263,100,83.190357
413.525499,100,83.48732
393.419038,100,83.812609
372.833827,100,84.148869
370.386691,100,84.459673
444.07095,100,84.766237
364.469469,100,97.951921
369.573011,100,98.133594
335.957393,100,98.294777
426.690506,100,98.448741
358.766111,100,98.610072
406.796634,100,98.744045
358.44982,100,98.889251
300.641333,100,99.045859
311.279634,100,99.31222
351.398291,100,99.50745
345.853253,100,111.658622
328.903963,100,111.804892
394.997179,100,111.966052
360.280879,100,112.122725
369.200329,100,112.286708
331.639701,100,112.428774
364.424155,100,112.571484
419.150231,100,112.71754
383.849981,100,112.869226
368.419896,100,113.022237
382.424651,100,126.176828
362.749541,100,126.350994
359.599268,100,126.522526
400.551026,100,126.68991
346.096736,100,126.863289
400.762125,100,127.034058
410.822125,100,127.3187
392.113783,100,127.506873
392.586191,100,127.706065
341.375668,100,127.87821
351.783055,100,141.008377
422.855513,100,141.255898
363.833385,100,141.410249
410.84741,100,141.583824
395.15003,100,141.726679
372.275207,100,141.879642
324.7462,100,142.026166
421.883355,100,142.181796
366.911112,100,142.323198
278.755931,100,142.469933
347.450303,100,154.738739
363.426719,100,154.929868
428.340736,100,155.182477
362.999855,100,155.414614
368.142074,100,155.613796
420.382117,100,155.822272
323.256879,100,156.028119
381.521059,100,156.252678
324.724324,100,156.452806
354.279509,100,156.648927
400.031143,100,168.515614
327.320058,100,168.694145
390.311454,100,168.86886
314.381189,100,169.050083
349.761267,100,169.34158
417.865995,100,169.544303
421.229971,100,169.716271
311.239065,100,169.882349
381.385063,100,170.055562
394.640736,100,170.229418
363.995124,100,182.457445
298.981232,100,182.600667
309.968231,100,182.740968
401.148465,100,182.892753
382.330158,100,183.047756
396.834813,100,183.316115
378.167373,100,183.470638
342.963389,100,183.646028
419.93849,100,183.803559
292.81075,100,183.967347
341.738318,100,196.525017
397.051353,100,196.886344
382.635752,100,197.249144
402.591645,100,197.54546
379.105863,100,197.899232
345.260533,100,198.263952
324.190672,100,198.620181
350.719642,100,198.971823
341.050374,100,199.329114
395.478353,100,199.650155
420.059865,100,212.977233
380.650357,100,213.346408
365.810975,100,213.623277
335.255969,100,213.912363
280.965173,100,214.070723
336.161948,100,214.216207
312.688531,100,214.376005
366.456809,100,214.51576
340.434035,100,214.661317
396.085816,100,214.813878
352.286271,100,226.788133
392.816466,100,226.97072
304.808746,100,227.229423
301.016317,100,227.433975
436.199564,100,227.626104
388.675863,100,227.789373
326.185702,100,227.965707
360.751893,100,228.140321
340.021129,100,228.318206
300.059291,100,228.487173
402.697137,100,240.035377
419.206788,100,240.18584
359.451608,100,240.337975
397.456767,100,240.477002
353.398384,100,240.615875
320.596636,100,240.751858
376.29133,100,240.900925
383.698882,100,241.048926
305.470247,100,241.332943
381.951651,100,241.504566
403.68596,100,253.246294
434.37583,100,253.515602
387.596726,100,253.82114
327.259808,100,254.121145
379.294344,100,254.413027
373.148361,100,254.708437
281.64588,100,255.022363
347.668074,100,255.341314
374.193802,100,255.565207
268.828228,100,255.861131
355.928418,100,267.76108
368.772897,100,267.929629
326.762802,100,268.095233
314.719865,100,268.25524
426.950596,100,268.404169
413.799665,100,268.553095
339.595672,100,268.699514
410.693319,100,268.837948
353.235991,100,269.001016
380.809221,100,269.227156
366.297918,100,279.723543
347.225614,100,279.951855
398.073606,100,280.107872
421.18678,100,280.273288
335.584409,100,280.413645
295.211249,100,280.557462
335.707152,100,280.705221
323.824425,100,280.865857
296.05416,100,281.021139
286.186626,100,281.176959
294.451385,100,292.506104
403.953298,100,292.650691
371.469886,100,292.790778
357.645557,100,292.94264
402.060697,100,293.088765
367.281069,100,293.226744
368.966228,100,293.370709
339.587389,100,293.513014
366.72956,100,293.688129
407.13863,100,293.928286
444.523435,100,304.91431
325.175039,100,305.13284
382.756444,100,305.327102
378.074211,100,305.539223
358.644326,100,305.829096
304.126215,100,306.063773
400.79335,100,306.300055
414.839435,100,306.499996
372.295658,100,306.701823
318.570665,100,306.911825
291.811783,100,318.528286
372.938262,100,318.710106
366.928178,100,318.890236
361.775439,100,319.080946
361.796386,100,319.273802
362.014279,100,319.44482
380.51404,100,319.629673
398.366851,100,319.893905
364.386945,100,320.075298
366.250476,100,320.266214
321.179014,100,333.160028
406.965318,100,333.325212
386.107811,100,333.490385
378.061275,100,333.668311
296.622954,100,333.958369
321.783842,100,334.151714
457.243553,100,334.367814
331.884216,100,334.539855
384.041707,100,334.717972
360.974465,100,334.901946
423.889548,100,348.733006
379.212933,100,349.018321
359.172955,100,349.210363
245.226712,100,349.383843
376.01505,100,349.556066
358.332248,100,349.733351
323.67484,100,349.914161
395.674198,100,350.084709
367.555194,100,350.250772
246.49705,100,350.430909
340.088192,100,362.259454
458.625912,100,362.409536
391.214127,100,362.555016
409.548112,100,362.698061
381.029249,100,362.965891
448.186755,100,363.12783
308.296406,100,363.309116
384.797799,100,363.464761
333.128389,100,363.623297
285.036857,100,363.776854
374.862087,100,375.698737
326.68563,100,375.84581
292.681277,100,375.99575
371.488112,100,376.154211
359.559523,100,376.303125
420.558688,100,376.450187
356.149781,100,376.596522
336.568757,100,376.737587
420.197219,100,376.980566
296.1472,100,377.139236
286.839461,100,387.904685
374.486541,100,388.062476
420.208436,100,388.218752
423.23271,100,388.368724
417.072859,100,388.522555
401.691273,100,388.687464
402.398125,100,388.920634
401.328028,100,389.123511
321.817729,100,389.301196
392.424699,100,389.464861
410.984306,100,401.253872
435.262565,100,401.442762
359.192697,100,401.617041
351.787207,100,401.788222
337.14271,100,401.982066
385.050068,100,402.167778
356.601746,100,402.350366
286.398054,100,402.52401
276.807786,100,402.710144
471.047107,100,402.992641
386.738928,100,416.314807
364.692987,100,416.498351
331.638575,100,416.677014
367.38842,100,416.968237
342.647403,100,417.164903
377.398446,100,417.385662
414.117893,100,417.578503
380.021628,100,417.778118
426.592855,100,417.986217
399.486279,100,418.185251
431.357975,100,431.71294
382.125389,100,431.910769
368.186517,100,432.126068
399.171659,100,432.320172
418.171027,100,432.522158
327.615029,100,432.710527
290.802695,100,433.014873
363.845025,100,433.235905
381.720408,100,433.431828
403.653008,100,433.634969
334.973818,100,446.540784
415.992105,100,446.688838
293.908,100,446.917222
393.644117,100,447.104139
332.172131,100,447.275805
313.932207,100,447.436487
379.01517,100,447.588097
431.109337,100,447.740536
417.307016,100,447.904531
312.606435,100,448.090908
393.656082,100,459.733302
322.177,100,459.887852
413.961559,100,460.05187
414.799264,100,460.202692
392.747716,100,460.35013
356.874533,100,460.502506
374.087109,100,460.656296
399.838505,100,460.867921
361.436012,100,461.094361
416.889095,100,461.296564
367.177865,100,474.961597
429.532159,100,475.208344
339.50554,100,475.498228
387.431841,100,475.777258
417.898347,100,476.061072
433.768961,100,476.341282
374.869424,100,476.614584
318.351366,100,476.813776
359.684577,100,477.069017
419.337559,100,477.258665
395.64816,100,490.562573
380.855071,100,490.733629
375.765834,100,491.008169
325.029082,100,491.1857
325.990098,100,491.36973
400.21175,100,491.535053
333.006348,100,491.696651
374.002466,100,491.863422
417.314755,100,492.039975
362.799123,100,492.210186
372.750155,100,503.267334
414.641715,100,503.40849
371.411609,100,503.549803
383.808514,100,503.693166
393.912074,100,503.912224
438.62523,100,504.096691
397.281742,100,504.267538
284.910292,100,504.413607
395.522206,100,504.555487
354.197139,100,504.697937
314.37981,100,519.119015
404.352009,100,519.401443
298.866046,100,519.720484
398.846088,100,520.029042
332.768754,100,520.337428
311.833721,100,520.650447
419.382568,100,520.964141
352.74641,100,521.207617
337.934057,100,521.484326
267.179785,100,521.797738
315.68021,100,534.060501
385.72997,100,534.211152
374.904587,100,534.364108
377.622192,100,534.505749
327.786117,100,534.641379
367.429994,100,534.813951
415.464115,100,535.031519
339.751209,100,535.187722
283.716642,100,535.348003
404.995745,100,535.488608
310.919298,100,547.213353
364.616633,100,547.411816
409.948218,100,547.579952
385.235875,100,547.767961
325.760109,100,547.987595
344.7625,100,548.221248
405.319465,100,548.44458
358.600813,100,548.666528
427.50115,100,548.940967
349.910287,100,549.22757
370.071107,100,560.608031
448.038789,100,560.816099
401.140182,100,561.071497
439.376112,100,561.254317
373.899242,100,561.432355
324.959568,100,561.608198
387.456516,100,561.795329
440.227799,100,561.994469
276.13642,100,562.191726
344.34493,100,562.362032
356.726507,100,573.117007
375.570531,100,573.271691
318.507834,100,573.433838
411.598133,100,573.585179
401.378523,100,573.740648
375.353168,100,573.897237
362.022245,100,574.058975
359.351495,100,574.211148
338.968372,100,574.363051
354.067931,100,574.509933
380.571557,100,587.767342
323.305351,100,587.91712
451.089649,100,588.083758
362.450306,100,588.239724
357.063418,100,588.379133
423.448162,100,588.519348
349.552513,100,588.661997
393.801437,100,588.804266
447.053368,100,589.041508
279.567913,100,589.210088
273.691748,100,599.909542
393.871319,100,600.085933
332.907409,100,600.230067
329.515762,100,600.375139
377.864672,100,600.521591
366.885482,100,600.678968
359.437281,100,600.831654
376.656131,100,601.099796
317.93539,100,601.245238
426.432103,100,601.419744
355.263917,100,613.787239
432.593177,100,613.944119
280.039493,100,614.10704
377.276375,100,614.26731
438.327472,100,614.430889
418.260353,100,614.582251
283.029078,100,614.729196
387.206673,100,614.928912
366.780293,100,615.175391
384.130069,100,615.339631
396.772923,100,628.344195
389.535179,100,628.484851
343.830558,100,628.630846
356.880075,100,628.768843
331.402331,100,628.968721
362.033257,100,629.153839
303.400722,100,629.387431
381.007726,100,629.556332
307.598225,100,629.696975
366.648453,100,629.851089
421.251201,100,641.662872
283.956223,100,641.832185
380.944204,100,642.021877
338.567024,100,642.199106
387.811582,100,642.370053
382.350007,100,642.543149
403.402147,100,642.725524
378.942369,100,642.963109
394.139493,100,643.190137
418.925867,100,643.366371
344.800937,100,657.500322
361.148317,100,657.677286
428.161146,100,657.830032
356.935523,100,657.984436
316.958606,100,658.147886
263.974904,100,658.310315
402.109369,100,658.460575
387.633307,100,658.619801
272.202757,100,658.770883
287.103786,100,658.984542
336.810089,100,671.498641
404.154013,100,671.665186
435.858283,100,671.840682
300.845535,100,672.026526
350.293513,100,672.210708
394.611976,100,672.389592
411.46723,100,672.558167
409.77066,100,672.734298
410.635832,100,672.951864
315.364704,100,673.197773
375.721797,100,687.437608
312.721681,100,687.61505
304.678671,100,687.803063
353.148284,100,687.981134
329.893581,100,688.172038
398.681557,100,688.35863
409.014455,100,688.536729
365.085279,100,688.711075
367.120681,100,688.912766
375.14537,100,689.191247
395.102039,100,701.582341
333.524332,100,701.746054
378.942657,100,701.890965
420.470859,100,702.03778
316.717267,100,702.191161
378.92471,100,702.34485
291.49374,100,702.493034
410.816912,100,702.646285
454.100284,100,702.796699
438.881922,100,702.964696
312.932279,100,715.293151
319.554769,100,715.444871
401.851876,100,715.594346
371.74669,100,715.841164
444.427665,100,715.985764
384.869272,100,716.165747
361.73133,100,716.314628
277.926204,100,716.476102
294.655388,100,716.642233
353.126365,100,716.805881
383.286958,100,731.26465
401.963489,100,731.452159
281.833163,100,731.624909
324.637101,100,731.789421
363.638988,100,731.962216
339.993353,100,732.137135
411.715208,100,732.390008
355.816492,100,732.579992
435.364257,100,732.772368
403.441794,100,732.95226
420.810978,100,743.745763
337.386937,100,743.890614
411.493384,100,744.049804
332.200281,100,744.223764
321.450131,100,744.449879
371.543571,100,744.603758
361.059067,100,744.783088
311.751236,100,744.938647
311.639643,100,745.087756
350.567316,100,745.235085
440.063736,100,756.681988
381.638455,100,756.847729
396.796974,100,756.991589
417.245581,100,757.147767
428.316885,100,757.289893
373.24993,100,757.446084
287.061678,100,757.59402
348.280781,100,757.748895
359.572217,100,757.903336
315.322665,100,758.069359
318.564993,100,773.151086
356.576391,100,773.385005
396.073454,100,773.602879
387.942877,100,773.806707
389.680189,100,774.037162
337.430829,100,774.29133
395.165117,100,774.562064
401.471699,100,774.798025
260.478964,100,775.003525
326.755581,100,775.220055
387.395593,100,787.425225
274.497498,100,787.571496
402.38231,100,787.71003
317.065226,100,787.85579
400.754994,100,788.000016
342.846408,100,788.159439
322.671913,100,788.428928
411.129083,100,788.611817
363.753041,100,788.819763
337.633336,100,788.998323
330.165658,100,799.884786
418.05802,100,800.030352
365.37163,100,800.16567
426.188817,100,800.305644
282.755548,100,800.546288
329.233498,100,800.697101
397.876791,100,800.866774
309.231498,100,801.02171
330.534393,100,801.164671
281.707851,100,801.303156
325.868419,100,813.375175
366.766614,100,813.522141
298.047851,100,813.681924
385.013833,100,813.829412
441.182061,100,813.975651
279.899519,100,814.118347
444.439786,100,814.258005
349.99129,100,814.460946
426.563019,100,814.629372
456.188884,100,814.813719
349.551357,100,827.639815
361.33339,100,827.80783
394.242686,100,827.974735
293.530786,100,828.143363
345.894246,100,828.296713
259.364884,100,828.451671
282.40959,100,828.618001
420.02573,100,828.768061
315.189869,100,828.917744
398.043039,100,829.071222
418.636309,100,840.608334
407.390802,100,840.758249
357.847438,100,840.910272
365.719776,100,841.073669
418.160645,100,841.236128
365.01626,100,841.50627
297.980177,100,841.713099
331.067293,100,841.90948
328.041633,100,842.0923
347.981255,100,842.247829
421.023703,100,857.282872
346.852456,100,857.553341
342.954964,100,857.746196
345.777908,100,857.938759
372.671732,100,858.152004
294.834528,100,858.332757
396.745356,100,858.505859
337.319737,100,858.679599
377.13464,100,858.855018
369.430459,100,859.025698
358.733815,100,870.578087
290.790367,100,870.755977
402.127556,100,870.947107
341.275664,100,871.126675
382.615795,100,871.295186
339.41653,100,871.464586
354.358181,100,871.726071
384.386322,100,871.906204
446.171718,100,872.114828
356.949177,100,872.282911
328.169475,100,885.315547
317.882091,100,885.451523
335.927986,100,885.708487
361.365783,100,885.872172
342.868445,100,886.037459
362.037013,100,886.191886
310.065227,100,886.338529
298.7952,100,886.479813
318.020487,100,886.638331
327.713196,100,886.783696
289.63305,100,899.042784
405.601976,100,899.18226
394.127164,100,899.326186
412.336102,100,899.463006
398.526214,100,899.71824
387.947915,100,899.871192
392.427368,100,900.05256
478.281671,100,900.198308
358.673997,100,900.341125
310.824901,100,900.484732
366.756582,100,914.95697
380.790498,100,915.135695
362.531352,100,915.293822
357.602814,100,915.459768
384.396852,100,915.622879
346.372484,100,915.894481
366.793946,100,916.049782
420.351885,100,916.220072
362.704027,100,916.366188
373.551791,100,916.511968
444.991992,100,928.317813
360.528983,100,928.473197
362.889152,100,928.627738
431.420208,100,928.785629
336.165834,100,928.943029
307.59504,100,929.104174
298.87183,100,929.26658
328.169118,100,929.425778
353.666037,100,929.575747
356.53586,100,929.768757
360.403897,100,941.186709
298.0435,100,941.327894
359.530749,100,941.467312
270.372747,100,941.610835
310.047658,100,941.846614
324.934565,100,942.015969
283.938467,100,942.260692
387.830763,100,942.420895
367.742855,100,942.582088
328.414392,100,942.745019
433.671017,100,954.879169
350.721967,100,955.057865
410.754838,100,955.223384
425.161339,100,955.375165
373.518783,100,955.520331
329.938415,100,955.683921
363.75941,100,955.888754
370.270262,100,956.11992
335.376351,100,956.290237
368.705224,100,956.47625
279.283062,100,967.679744
373.598805,100,967.825528
388.12881,100,967.973229
314.621277,100,968.204356
301.687357,100,968.403648
349.246882,100,968.549316
321.987558,100,968.714886
382.220766,100,968.865563
337.80577,100,969.018358
333.389176,100,969.170313
322.504453,100,979.938492
318.36117,100,980.168573
409.65546,100,980.396443
392.475905,100,980.572188
390.736604,100,980.753151
416.882382,100,980.928984
352.161513,100,981.10489
358.493057,100,981.277777
341.387892,100,981.449105
304.419477,100,981.618459
357.801194,100,993.365041
387.200204,100,993.514034
325.974028,100,993.664533
387.982226,100,993.831358
373.83964,100,994.000282
357.659725,100,994.253738
324.389867,100,994.422122
363.027417,100,994.584869
348.205184,100,994.752845
287.539282,100,994.904461
336.580755,100,1007.78226
377.8986,100,1007.925126
447.287548,100,1008.096817
314.837744,100,1008.352761
291.123568,100,1008.542591
365.197444,100,1008.722489
390.987588,100,1008.892984
392.809354,100,1009.05547
429.593314,100,1009.231921
265.42403,100,1009.385133
277.605151,100,1021.045937
361.474887,100,1021.232277
322.598118,100,1021.423968
370.562796,100,1021.616039
384.925373,100,1021.793563
373.871683,100,1021.969225
357.932399,100,1022.208755
415.838456,100,1022.415897
399.704721,100,1022.623682
322.787812,100,1022.785389
346.750352,100,1035.659321
377.897729,100,1035.797143
385.67687,100,1035.935981
368.395379,100,1036.100061
395.123365,100,1036.338232
343.953367,100,1036.496287
321.656019,100,1036.673444
306.173694,100,1036.825804
336.976763,100,1036.981602
399.110071,100,1037.142314
436.769819,100,1049.541933
363.788456,100,1049.687363
337.604819,100,1049.851243
358.524529,100,1050.014245
396.308654,100,1050.162903
337.072965,100,1050.397622
399.673181,100,1050.561454
312.722338,100,1050.735037
451.147284,100,1050.886742
395.563324,100,1051.045997
395.109415,100,1069.553084
386.584271,100,1069.718926
313.178978,100,1069.881498
291.811557,100,1070.046768
386.266275,100,1070.20626
382.78652,100,1070.418602
399.08866,100,1070.6136
364.054742,100,1070.768936
304.223785,100,1070.947869
340.884328,100,1071.118089
422.363712,100,1087.557665
405.8745,100,1087.706983
284.212094,100,1087.863299
430.509898,100,1088.031856
321.809364,100,1088.189823
365.971353,100,1088.397826
340.981829,100,1088.601214
458.847712,100,1088.762121
345.97139,100,1088.922842
377.739169,100,1089.080017
346.944744,100,1101.518873
435.423061,100,1101.808291
342.408414,100,1102.114637
298.467118,100,1102.419064
379.933718,100,1102.669661
394.510972,100,1102.945293
414.685359,100,1103.252384
372.107028,100,1103.539626
361.888579,100,1103.828952
340.372979,100,1104.137828
336.192143,100,1116.104903
374.10161,100,1116.266946
337.469238,100,1116.528284
328.650147,100,1116.681281
376.688741,100,1116.854326
419.905972,100,1117.020757
348.007295,100,1117.178608
319.369409,100,1117.318129
411.173289,100,1117.468569
364.139778,100,1117.618315
305.308363,100,1128.91016
393.731654,100,1129.06711
430.919362,100,1129.213676
385.531071,100,1129.371346
373.071525,100,1129.520099
365.474992,100,1129.669503
316.816286,100,1129.808816
351.840855,100,1129.957863
333.149416,100,1130.10585
444.080561,100,1130.293499
265.894203,100,1145.266697
340.272151,100,1145.447237
429.162116,100,1145.653802
363.043601,100,1145.823688
358.396846,100,1146.000764
302.769048,100,1146.175123
334.736634,100,1146.333261
342.499465,100,1146.495358
295.333157,100,1146.66295
381.213145,100,1146.922012
369.555842,100,1158.848701
445.711345,100,1159.029913
351.529168,100,1159.193577
313.279978,100,1159.367628
384.221378,100,1159.525659
367.270336,100,1159.68767
380.740757,100,1159.83359
347.344944,100,1160.00871
361.038715,100,1160.178975
425.558935,100,1160.349518
390.998773,100,1173.774626
361.661004,100,1173.94018
317.55313,100,1174.113715
417.306989,100,1174.26808
410.138147,100,1174.423561
443.561778,100,1174.580879
327.49925,100,1174.806159
441.596051,100,1175.032556
269.149523,100,1175.205329
422.111041,100,1175.383215
377.424435,100,1188.243951
335.437625,100,1188.400455
288.736182,100,1188.558655
359.068028,100,1188.758054
393.360518,100,1188.990252
310.04891,100,1189.146871
384.450527,100,1189.312372
355.583037,100,1189.460771
370.07809,100,1189.613254
401.992932,100,1189.76631
340.567109,100,1202.407209
416.169434,100,1202.709602
295.267075,100,1203.026887
395.083879,100,1203.255517
331.315151,100,1203.539069
315.863541,100,1203.849914
343.264237,100,1204.168555
283.732262,100,1204.480619
283.74635,100,1204.783966
393.13636,100,1205.063842
312.104692,100,1216.615042
300.945237,100,1216.781594
337.599115,100,1217.044846
341.520313,100,1217.194053
311.074793,100,1217.369084
372.940625,100,1217.520355
408.96328,100,1217.679667
281.262736,100,1217.837331
281.615654,100,1218.003961
409.367787,100,1218.166622
349.867234,100,1229.847983
339.19319,100,1230.03134
347.260353,100,1230.209224
373.674529,100,1230.370915
434.188145,100,1230.534189
345.238473,100,1230.702452
359.551441,100,1230.930496
321.381528,100,1231.15321
322.934467,100,1231.32854
388.627045,100,1231.51309
323.142502,100,1243.049091
385.306553,100,1243.288075
350.665771,100,1243.466693
426.538879,100,1243.656078
375.349261,100,1243.835835
326.780594,100,1244.012679
347.166542,100,1244.18363
352.258599,100,1244.342739
399.019173,100,1244.503709
323.155884,100,1244.669829
331.819438,100,1256.90065
274.723753,100,1257.047151
307.438574,100,1257.254032
357.384883,100,1257.463691
323.786876,100,1257.62799
420.24475,100,1257.809668
430.47796,100,1257.956499
374.00749,100,1258.123769
408.000593,100,1258.307567
331.943155,100,1258.461499
295.005437,100,1269.024287
304.984463,100,1269.260935
417.070496,100,1269.530365
382.348359,100,1269.811273
297.767852,100,1270.129076
352.954387,100,1270.44288
335.210696,100,1270.76045
313.076774,100,1271.073403
268.774296,100,1271.387065
406.941464,100,1271.659584
376.649981,100,1285.03798
358.411299,100,1285.215604
336.011013,100,1285.425663
412.968766,100,1285.581497
323.049251,100,1285.762872
376.62675,100,1285.907334
416.894784,100,1286.050794
287.403541,100,1286.201315
391.675152,100,1286.366288
340.143514,100,1286.502695
312.774711,100,1299.792559
326.029161,100,1299.972122
285.32138,100,1300.165494
374.517275,100,1300.353002
379.98364,100,1300.538686
348.55753,100,1300.724151
410.797816,100,1300.91528
292.293678,100,1301.106926
375.404697,100,1301.383478
371.424353,100,1301.560926
367.182048,100,1314.001881
394.870356,100,1314.177639
352.721865,100,1314.355012
329.686184,100,1314.514154
342.596951,100,1314.668752
318.692639,100,1314.817331
353.193502,100,1314.97614
409.67314,100,1315.132141
325.923604,100,1315.383523
362.506481,100,1315.552085
333.773517,100,1326.066175
290.601564,100,1326.218305
370.425241,100,1326.375715
286.93173,100,1326.539519
298.85909,100,1326.699203
373.240728,100,1326.857645
412.612501,100,1327.016763
326.299651,100,1327.195165
319.887564,100,1327.432074
342.020824,100,1327.58534
334.154241,100,1340.279696
388.670401,100,1340.461272
370.753028,100,1340.640322
320.419288,100,1340.822156
405.061084,100,1340.996197
337.471654,100,1341.17729
374.786324,100,1341.443358
387.697936,100,1341.614739
320.346479,100,1341.803193
322.705334,100,1341.979866
414.254776,100,1354.251901
317.100808,100,1354.40433
330.1931,100,1354.561182
362.359958,100,1354.711747
312.656988,100,1354.864124
344.403336,100,1355.015241
316.817813,100,1355.181372
384.160388,100,1355.43526
258.112002,100,1355.618547
340.575058,100,1355.798856
333.128487,100,1367.018443
407.961052,100,1367.16069
311.311168,100,1367.29804
317.62062,100,1367.458373
376.128772,100,1367.71268
312.562881,100,1367.876365
324.174352,100,1368.062059
358.653018,100,1368.237962
319.661187,100,1368.394848
393.354253,100,1368.558927
307.194694,100,1380.058664
329.609603,100,1380.233878
310.553394,100,1380.390214
359.921271,100,1380.539948
365.71003,100,1380.709859
409.674544,100,1380.881339
300.33187,100,1381.068912
354.566335,100,1381.249498
397.715222,100,1381.428414
356.949461,100,1381.719248
398.686416,100,1392.891152
437.681473,100,1393.039931
472.478006,100,1393.186454
339.724144,100,1393.326991
276.686215,100,1393.471967
367.947243,100,1393.750317
330.07214,100,1393.911127
314.801066,100,1394.091962
314.399297,100,1394.234971
328.062941,100,1394.380673
316.823689,100,1405.549412
335.116935,100,1405.814708
390.652231,100,1405.964102
351.26953,100,1406.140971
410.660883,100,1406.293011
367.845594,100,1406.453647
425.77946,100,1406.596701
381.882016,100,1406.75059
366.992591,100,1406.911773
418.626357,100,1407.067215
295.406813,100,1417.94876
328.229817,100,1418.107268
353.817436,100,1418.303298
331.506398,100,1418.451811
318.669091,100,1418.611131
389.189409,100,1418.771525
296.341968,100,1418.939848
404.015546,100,1419.104873
346.722246,100,1419.283618
374.980959,100,1419.445965
411.522311,100,1430.863947
311.324545,100,1431.023327
383.716596,100,1431.172276
328.577074,100,1431.323121
350.099197,100,1431.473015
340.014075,100,1431.659162
386.527408,100,1431.935885
318.433003,100,1432.103824
306.266485,100,1432.292018
336.275166,100,1432.442531
348.36902,100,1444.80133
268.761644,100,1444.997155
418.734298,100,1445.17773
328.614676,100,1445.372027
408.522075,100,1445.560693
338.500921,100,1445.856772
438.725492,100,1446.03386
344.872704,100,1446.212834
323.293149,100,1446.37292
379.818677,100,1446.53871
377.667965,100,1458.275094
339.459766,100,1458.424811
304.807732,100,1458.57822
431.682893,100,1458.725533
342.939677,100,1458.879984
330.512094,100,1459.027191
396.186186,100,1459.17021
393.578777,100,1459.317648
382.553186,100,1459.450338
356.140203,100,1459.599333
427.970309,100,1471.283015
421.062148,100,1471.431784
361.4304,100,1471.574087
354.183987,100,1471.822062
412.751105,100,1471.976055
382.317239,100,1472.149904
385.536985,100,1472.312284
347.200785,100,1472.475446
396.088564,100,1472.638538
307.243434,100,1472.806002
365.35083,100,1487.288179
363.893063,100,1487.430505
366.210022,100,1487.576513
261.646448,100,1487.814966
317.244895,100,1487.98937
371.439397,100,1488.196205
353.305871,100,1488.35912
325.868773,100,1488.514168
401.531879,100,1488.664282
337.051059,100,1488.824751
396.02825,100,1501.230884
345.151921,100,1501.397676
396.367605,100,1501.540172
366.574242,100,1501.73288
304.614746,100,1501.937346
367.618968,100,1502.119143
346.245547,100,1502.266715
379.744661,100,1502.412178
384.049871,100,1502.561138
339.256484,100,1502.715694
322.986669,100,1514.543328
458.744956,100,1514.705358
377.658254,100,1514.859125
378.607545,100,1515.022967
371.49206,100,1515.184341
332.499356,100,1515.338223
410.332263,100,1515.485902
456.523247,100,1515.631242
359.882958,100,1515.778584
318.523616,100,1515.937273
392.40238,100,1527.586595
373.047417,100,1527.755709
363.961077,100,1527.925711
353.391086,100,1528.108272
373.474275,100,1528.279048
383.561094,100,1528.489718
381.820062,100,1528.745111
404.352287,100,1528.94476
299.673716,100,1529.116038
373.113925,100,1529.284667
397.497767,100,1542.603905
385.864869,100,1542.820816
377.547758,100,1543.034964
378.769642,100,1543.213042
377.54291,100,1543.389028
412.185307,100,1543.563018
298.849776,100,1543.740975
289.728616,100,1543.947946
389.280623,100,1544.136158
337.137519,100,1544.308215
332.602558,100,1557.780052
269.639294,100,1557.957245
365.296424,100,1558.144271
419.669722,100,1558.319594
348.820286,100,1558.548074
398.768347,100,1558.750842
373.060746,100,1558.917225
348.802596,100,1559.088645
367.23108,100,1559.237891
341.21751,100,1559.394779
384.132222,100,1571.809998
325.542238,100,1571.975214
345.592493,100,1572.152156
329.936066,100,1572.327355
281.691319,100,1572.492712
341.068248,100,1572.740305
316.290002,100,1572.924526
358.658882,100,1573.120889
296.994401,100,1573.294836
305.472622,100,1573.461968
293.926224,100,1584.603086
298.675849,100,1584.865152
329.034859,100,1585.034962
359.409926,100,1585.225069
396.065729,100,1585.376834
374.010384,100,1585.53584
435.824083,100,1585.700711
394.46042,100,1585.870019
284.153483,100,1586.050088
287.759589,100,1586.226666
385.292999,100,1597.801922
360.109559,100,1597.979576
376.05919,100,1598.176307
296.465824,100,1598.337923
330.740802,100,1598.495057
399.383173,100,1598.743046
391.622172,100,1598.935067
388.706418,100,1599.094142
402.118515,100,1599.27322
353.528931,100,1599.423301
311.217147,100,1610.550796
354.659559,100,1610.810105
405.638809,100,1610.987135
285.876051,100,1611.178022
420.847536,100,1611.335685
376.073707,100,1611.4901
316.873389,100,1611.667298
334.15467,100,1611.840008
401.474891,100,1612.003935
298.472914,100,1612.166289
346.47941,100,1624.233968
381.418416,100,1624.385665
278.558058,100,1624.534152
390.195222,100,1624.675644
397.735942,100,1624.861369
291.940542,100,1625.095273
379.306358,100,1625.262554
388.30579,100,1625.432117
391.458165,100,1625.586933
331.766996,100,1625.732464
350.952422,100,1637.702903
332.586684,100,1637.867036
374.400978,100,1638.047004
315.944179,100,1638.235991
357.376211,100,1638.398309
415.631392,100,1638.582107
337.547234,100,1638.741903
278.804741,100,1638.995862
376.187227,100,1639.161722
308.903453,100,1639.345804
279.270532,100,1651.296092
352.765411,100,1651.500845
331.799821,100,1651.68827
448.148389,100,1651.883113
358.815741,100,1652.077844
286.476599,100,1652.263346
416.657875,100,1652.439729
397.966093,100,1652.617731
343.441978,100,1652.799802
324.766415,100,1653.073627
285.434126,100,1665.691151
358.415346,100,1665.870363
338.573044,100,1666.039762
325.863589,100,1666.207693
354.024599,100,1666.36455
317.336475,100,1666.526349
337.852789,100,1666.693429
393.579372,100,1666.909186
392.857871,100,1667.125619
369.646679,100,1667.284935
328.432478,100,1683.197194
396.440426,100,1683.460092
354.341156,100,1683.694799
382.641569,100,1683.986507
407.66211,100,1684.296664
368.863809,100,1684.599647
379.357429,100,1684.910453
345.526046,100,1685.224082
419.356592,100,1685.545147
426.957839,100,1685.812104
328.532201,100,1698.48312
411.472465,100,1698.669251
400.79645,100,1698.85709
356.147336,100,1699.058573
393.583301,100,1699.246729
379.982103,100,1699.423752
363.967579,100,1699.606147
345.865915,100,1699.887752
340.659845,100,1700.069978
404.847228,100,1700.259892
370.119692,100,1712.224641
381.017726,100,1712.399358
436.375097,100,1712.571712
385.814171,100,1712.744887
308.8236,100,1712.935048
318.134451,100,1713.124364
382.770438,100,1713.29837
338.266867,100,1713.480145
226.438524,100,1713.658466
404.785667,100,1713.931267
262.302718,100,1725.513043
375.836979,100,1725.739377
369.320564,100,1725.995777
357.069317,100,1726.201309
327.858134,100,1726.372697
372.953468,100,1726.552842
313.416897,100,1726.739617
325.334956,100,1726.923769
306.396215,100,1727.096878
454.981804,100,1727.273942
311.400951,100,1739.199023
335.092277,100,1739.33899
366.586411,100,1739.47603
406.71168,100,1739.61578
388.240359,100,1739.849025
289.965065,100,1740.081972
412.625158,100,1740.244501
306.053466,100,1740.406124
382.472223,100,1740.560801
364.307016,100,1740.714927
