#{"t_start": 1784411697.660258, "env_id": "None"}
r,l,t
177.05438,100,1.511748
132.420456,100,1.651784
194.089054,100,1.839659
210.350846,100,2.053451
160.646337,100,2.320382
199.510069,100,2.486469
155.594824,100,2.660396
176.428769,100,2.825334
138.462111,100,2.992743
210.709349,100,3.147066
198.648767,100,14.741653
209.83314,100,14.912889
225.753413,100,15.068485
198.680753,100,15.236884
152.256131,100,15.396799
197.983489,100,15.543954
175.749316,100,15.703154
143.113327,100,15.850484
189.313145,100,16.012093
194.549001,100,16.16464
196.067295,100,28.202242
219.140633,100,28.377267
223.414675,100,28.614418
180.46995,100,28.803576
219.985008,100,28.974722
144.528121,100,29.147206
166.615872,100,29.305929
174.545835,100,29.455324
149.791664,100,29.611823
220.863577,100,29.788979
239.043778,100,41.133084
229.043566,100,41.301689
173.592455,100,41.453636
206.102129,100,41.61814
186.706264,100,41.789192
172.003686,100,41.959429
224.354642,100,42.109525
165.906066,100,42.263312
186.677801,100,42.414931
221.392591,100,42.655892
155.85825,100,53.870232
178.473408,100,54.239593
210.790175,100,54.611127
215.580381,100,54.795763
203.982719,100,54.959372
205.243121,100,55.113056
188.034893,100,55.253837
229.60868,100,55.403644
188.002745,100,55.557452
241.903114,100,55.737232
195.928833,100,67.648102
180.589795,100,67.895587
186.435513,100,68.136545
188.851891,100,68.363967
167.659701,100,68.680732
225.575607,100,68.900009
172.306062,100,69.102284
228.376592,100,69.312753
194.581157,100,69.517103
196.123907,100,69.734804
178.322839,100,83.285037
253.204001,100,83.482827
174.527769,100,83.693588
155.711938,100,83.921894
161.274164,100,84.112172
214.827765,100,84.308919
202.475781,100,84.549664
188.641359,100,84.830326
234.374018,100,85.063129
188.110962,100,85.263489
207.952187,100,98.094246
249.980016,100,98.414925
193.154954,100,98.737198
245.438543,100,98.993129
171.995467,100,99.29948
203.262051,100,99.607324
267.20197,100,99.917499
177.883582,100,100.220808
158.062376,100,100.527783
241.314459,100,100.819813
180.605567,100,111.991919
233.595307,100,112.160623
237.972109,100,112.328269
277.235061,100,112.508277
224.286379,100,112.782166
170.514375,100,112.931221
257.279881,100,113.102133
257.873726,100,113.26546
198.396139,100,113.423372
248.774084,100,113.571556
224.757688,100,125.993208
236.056436,100,126.309688
210.527535,100,126.636927
197.932724,100,126.914617
160.804138,100,127.185357
262.761663,100,127.48772
226.023975,100,127.794075
205.453291,100,127.990915
199.707327,100,128.16674
259.211071,100,128.332892
243.189137,100,142.353532
237.301118,100,142.520545
220.56984,100,142.673118
289.568801,100,142.920625
182.518262,100,143.08027
215.671573,100,143.257533
292.936771,100,143.437605
228.135412,100,143.597269
191.114675,100,143.752644
247.807111,100,143.913469
129.439075,100,157.16768
243.185562,100,157.36206
225.866747,100,157.502609
258.571211,100,157.645947
214.681426,100,157.807615
175.782846,100,157.962218
242.202224,100,158.124454
244.347981,100,158.286214
209.268986,100,158.438071
267.732872,100,158.593797
257.49398,100,171.767431
134.080386,100,171.987344
183.559523,100,172.209118
232.24316,100,172.411639
317.326494,100,172.612483
201.117514,100,172.847847
198.746996,100,173.085936
225.010969,100,173.30988
195.951119,100,173.494064
290.408213,100,173.681192
196.973618,100,189.247705
174.488837,100,189.428307
292.585525,100,189.594486
135.854585,100,189.795079
222.181642,100,189.972638
242.739132,100,190.177099
173.985266,100,190.365851
195.936637,100,190.552065
228.600257,100,190.724946
218.957457,100,191.034955
174.86867,100,206.884293
235.628027,100,207.051176
240.064154,100,207.392358
211.025099,100,207.744237
215.329063,100,208.129957
189.185352,100,208.519637
209.597176,100,208.906569
299.68931,100,209.306398
217.064793,100,209.650543
274.183635,100,209.955581
309.015733,100,223.924059
222.425891,100,224.28721
238.306394,100,224.648638
244.691763,100,225.024192
292.803352,100,225.370972
270.260387,100,225.693923
271.535355,100,225.886354
191.259849,100,226.04373
284.109798,100,226.19373
253.505238,100,226.345618
236.590672,100,237.790217
244.244365,100,237.954028
232.322786,100,238.112471
213.817273,100,238.266706
246.628176,100,238.433647
226.522778,100,238.598312
237.186355,100,238.762476
195.798424,100,238.935853
233.630676,100,239.095181
180.946961,100,239.36959
254.580335,100,252.23188
188.596403,100,252.393669
184.682713,100,252.554861
224.405432,100,252.710132
243.623715,100,252.883727
242.30048,100,253.04973
181.232626,100,253.282062
257.011083,100,253.474029
199.386365,100,253.65149
228.182235,100,253.81821
260.583106,100,265.10137
327.170268,100,265.366407
221.631769,100,265.543141
253.903609,100,265.718862
233.167961,100,265.86531
265.058378,100,266.006214
241.883874,100,266.151239
266.74597,100,266.300531
183.32945,100,266.444972
245.586485,100,266.58857
226.372014,100,279.808834
199.865057,100,279.987137
190.67062,100,280.15452
211.280714,100,280.330807
272.944122,100,280.499099
229.604163,100,280.664931
251.93582,100,280.850549
206.98513,100,281.025123
204.907464,100,281.250978
241.704644,100,281.487621
270.180385,100,295.094207
279.795369,100,295.283651
281.549227,100,295.601621
253.260795,100,295.846293
238.144921,100,296.064874
242.303234,100,296.270339
267.625319,100,296.464778
250.80777,100,296.653012
227.113996,100,296.824945
254.50784,100,296.999712
274.541281,100,309.639696
345.923138,100,309.819137
183.703763,100,309.966887
234.361624,100,310.120401
250.260899,100,310.264244
245.140838,100,310.416562
282.785456,100,310.569201
229.212099,100,310.724193
246.077275,100,310.880094
292.99363,100,311.033637
254.714335,100,322.213265
250.879607,100,322.365205
231.854972,100,322.525728
265.117003,100,322.677623
281.490392,100,322.844888
278.382496,100,323.002782
263.280686,100,323.176015
236.165092,100,323.344991
270.994514,100,323.60539
288.904794,100,323.774903
251.572851,100,335.928986
305.088307,100,336.079207
303.643343,100,336.227122
273.100524,100,336.383398
273.305181,100,336.543147
275.618485,100,336.719572
262.768558,100,336.883054
254.03649,100,337.043365
326.985661,100,337.202467
305.776633,100,337.407996
267.574863,100,352.077808
296.088094,100,352.236079
273.166179,100,352.404847
224.568783,100,352.559256
287.26862,100,352.707274
285.631586,100,352.862222
233.810678,100,353.014565
233.553256,100,353.173644
271.871046,100,353.315147
322.491412,100,353.462844
205.335964,100,364.959898
238.502842,100,365.126212
201.190137,100,365.282247
232.198209,100,365.42876
301.297367,100,365.569074
209.051259,100,365.718861
238.012774,100,365.975396
253.955771,100,366.152675
206.289542,100,366.323917
230.691893,100,366.480302
230.396236,100,378.271339
263.73822,100,378.46675
299.052971,100,378.653021
229.995059,100,378.854832
213.130851,100,379.029711
287.662295,100,379.181132
320.255281,100,379.349799
217.421402,100,379.506526
290.543937,100,379.682849
249.698919,100,379.921343
223.562598,100,393.612657
246.58575,100,393.990811
307.441548,100,394.286345
280.746785,100,394.667634
347.152706,100,395.03846
286.000076,100,395.39588
257.803126,100,395.771098
273.522322,100,396.153514
248.890207,100,396.448018
287.78697,100,396.637286
302.71213,100,409.330741
263.391638,100,409.719498
315.037231,100,410.099125
212.391509,100,410.452796
297.439237,100,410.871822
304.917312,100,411.197116
294.165755,100,411.523687
287.426966,100,411.848983
272.285776,100,412.167847
217.06883,100,412.435261
306.092972,100,427.339462
292.906857,100,427.503994
254.944497,100,427.690201
333.294503,100,427.894914
270.015701,100,428.210525
308.515947,100,428.409064
316.724602,100,428.592737
296.94517,100,428.775608
256.317526,100,428.959696
272.557947,100,429.146844
199.492429,100,440.852674
316.999637,100,441.00892
297.396715,100,441.157595
265.434225,100,441.307416
253.528659,100,441.451023
314.768483,100,441.59817
306.329792,100,441.750309
251.805174,100,441.910325
226.759616,100,442.188276
303.070008,100,442.352652
350.052545,100,454.399175
207.066065,100,454.590057
340.083911,100,454.771307
327.426724,100,454.926736
325.647118,100,455.06746
241.225042,100,455.228055
264.59231,100,455.38826
312.091647,100,455.563169
293.921425,100,455.729608
285.701171,100,455.880182
244.235537,100,467.314084
283.738482,100,467.507323
280.355661,100,467.712934
342.617302,100,467.895725
278.371142,100,468.065077
233.107885,100,468.230266
262.718923,100,468.396562
292.271741,100,468.560317
295.659436,100,468.830026
276.337347,100,469.05874
239.914709,100,479.902035
291.174253,100,480.05033
226.282675,100,480.195342
319.37623,100,480.338941
237.499665,100,480.477134
256.512356,100,480.640358
316.316705,100,480.896035
276.969605,100,481.051928
333.162295,100,481.231574
279.225933,100,481.399956
346.93542,100,491.93632
241.700828,100,492.090959
234.928494,100,492.241292
302.686838,100,492.399432
280.808221,100,492.565463
200.35098,100,492.805364
225.332285,100,492.985368
310.756334,100,493.156961
273.272182,100,493.310145
199.461777,100,493.461354
281.238563,100,504.591038
366.011199,100,504.900918
252.212346,100,505.081426
284.131732,100,505.292001
225.732678,100,505.488405
270.477689,100,505.682015
221.99277,100,505.881065
290.742803,100,506.055074
269.104337,100,506.22237
222.487053,100,506.394997
293.890798,100,520.363736
231.727805,100,520.528653
272.855466,100,520.782805
349.9134,100,521.009155
349.466015,100,521.198847
311.984213,100,521.393087
241.944699,100,521.586787
302.236145,100,521.805665
280.999253,100,522.00744
282.461719,100,522.206649
253.116928,100,534.864139
320.659743,100,535.009912
294.515969,100,535.180226
302.676197,100,535.344641
314.082407,100,535.487917
366.933834,100,535.661165
271.913082,100,535.838649
219.740779,100,535.993345
284.191966,100,536.163845
345.277509,100,536.315852
212.857368,100,549.429569
277.923658,100,549.572648
281.559564,100,549.726462
243.595701,100,549.892122
256.836701,100,550.058031
262.223531,100,550.206886
279.631868,100,550.363261
277.892728,100,550.509393
267.02515,100,550.70401
341.960964,100,550.978486
276.80074,100,562.307339
313.68201,100,562.462363
233.485375,100,562.627442
309.516856,100,562.8887
200.486841,100,563.065248
269.030123,100,563.205106
299.769919,100,563.352132
300.927373,100,563.494884
219.282762,100,563.64662
330.056062,100,563.804617
290.667495,100,574.687693
306.26932,100,574.839643
248.780134,100,575.070215
348.045538,100,575.259052
369.415079,100,575.428843
287.865268,100,575.590084
271.982172,100,575.737562
298.308981,100,575.882052
262.542623,100,576.028692
314.638217,100,576.186008
241.738279,100,589.706002
343.036726,100,589.86428
241.913255,100,590.011419
326.292979,100,590.159407
300.340653,100,590.301872
273.571713,100,590.444664
296.311346,100,590.598982
210.714758,100,590.762284
297.523817,100,590.921907
260.568251,100,591.178395
244.779237,100,601.797745
278.111067,100,601.946907
261.164808,100,602.10199
267.496762,100,602.257468
268.319185,100,602.405876
284.497922,100,602.553269
230.695344,100,602.707337
314.918759,100,602.860151
306.035243,100,603.061924
337.267259,100,603.28231
320.152123,100,614.772816
325.352873,100,614.982062
390.626274,100,615.255454
292.004937,100,615.429877
335.993212,100,615.635886
326.368762,100,615.844923
227.841916,100,616.024252
303.840242,100,616.206379
261.676326,100,616.395933
294.290173,100,616.582239
307.980072,100,627.424295
259.058233,100,627.57586
312.91817,100,627.732651
301.32728,100,627.958083
253.678478,100,628.211866
305.105042,100,628.457601
349.729635,100,628.76484
238.882031,100,629.080527
276.277887,100,629.359766
273.144161,100,629.649785
248.134434,100,643.294751
320.280478,100,643.600787
260.768311,100,643.766457
298.186546,100,643.920637
309.613028,100,644.070924
248.964203,100,644.236811
307.066644,100,644.397691
254.294982,100,644.562757
293.665486,100,644.712777
288.768478,100,644.864793
290.194272,100,659.090652
246.965625,100,659.277366
384.376923,100,659.546475
266.426515,100,659.727569
321.354318,100,659.92725
332.944352,100,660.106713
284.739925,100,660.284231
372.238355,100,660.470076
318.059121,100,660.664785
258.873781,100,660.873341
365.374414,100,673.87007
235.499775,100,674.021763
303.454403,100,674.171464
329.168679,100,674.326825
306.864613,100,674.480181
260.885734,100,674.664001
249.208079,100,674.821785
314.754748,100,674.982386
265.310255,100,675.138792
362.946124,100,675.338997
248.384843,100,687.110839
264.384725,100,687.254324
230.393717,100,687.4011
283.376551,100,687.549262
273.220142,100,687.825359
290.413385,100,687.98117
294.581051,100,688.15346
330.798649,100,688.319336
272.759378,100,688.461323
260.447075,100,688.610106
261.237249,100,699.911184
263.969762,100,700.114567
266.368685,100,700.29931
297.060149,100,700.491087
274.299023,100,700.697787
290.650186,100,700.947655
264.049842,100,701.148531
232.951482,100,701.335326
270.430024,100,701.522591
309.008036,100,701.799921
329.066444,100,715.984055
319.940653,100,716.17819
354.565373,100,716.366184
329.03795,100,716.555914
298.489317,100,716.761403
308.050752,100,716.957409
266.017156,100,717.15091
304.171268,100,717.346749
263.23332,100,717.540373
265.093222,100,717.799366
248.109104,100,729.050605
294.505065,100,729.210148
271.773302,100,729.36888
337.331884,100,729.512147
294.576576,100,729.689037
301.970503,100,729.922571
233.938776,100,730.069148
336.141204,100,730.24182
311.043133,100,730.393156
382.974213,100,730.559488
292.555756,100,742.73081
322.112455,100,742.902332
241.99881,100,743.066878
261.147581,100,743.225818
279.483523,100,743.403306
313.923849,100,743.560157
351.137309,100,743.77459
313.822315,100,743.975688
322.689507,100,744.144587
348.144316,100,744.302453
354.848471,100,755.280251
357.313756,100,755.441955
358.129497,100,755.619378
258.554521,100,755.931933
290.92183,100,756.110158
198.050327,100,756.295636
292.533861,100,756.458408
267.000552,100,756.630242
319.531986,100,756.826998
283.027747,100,757.018782
258.346042,100,768.518534
286.400991,100,768.693421
335.03848,100,768.839578
332.845668,100,769.006726
245.929594,100,769.154714
323.777248,100,769.318348
282.021958,100,769.478974
271.966961,100,769.638827
313.393158,100,769.801374
348.477655,100,769.96331
305.124913,100,783.906653
354.348928,100,784.080147
305.72525,100,784.272632
327.761905,100,784.457885
311.288093,100,784.774346
375.230131,100,784.974219
320.096611,100,785.221091
316.227182,100,785.429771
293.613026,100,785.634445
320.498499,100,785.853136
312.630279,100,801.39165
290.880457,100,801.532793
369.732857,100,801.677258
299.677285,100,801.838987
275.692498,100,801.982168
400.903224,100,802.129315
370.987128,100,802.272698
269.895651,100,802.413857
312.17228,100,802.605376
195.486272,100,802.816285
347.764815,100,816.907222
330.197272,100,817.087647
362.182492,100,817.239956
303.094442,100,817.399278
221.416379,100,817.555245
363.302481,100,817.71942
333.852404,100,817.885147
311.19018,100,818.046908
269.256265,100,818.209082
284.675052,100,818.373424
358.141239,100,830.057459
251.942404,100,830.220284
313.238469,100,830.375406
320.011518,100,830.540359
344.816659,100,830.823783
353.784236,100,831.004436
311.421177,100,831.173204
376.111107,100,831.335885
305.21533,100,831.492242
280.255214,100,831.671173
370.455133,100,845.176633
314.004291,100,845.336836
305.322688,100,845.498479
384.307282,100,845.664367
280.960802,100,845.830084
279.562588,100,845.97807
305.724804,100,846.131831
375.154001,100,846.2919
349.195311,100,846.446658
393.813469,100,846.67508
267.735591,100,860.461602
323.840281,100,860.829302
261.124872,100,861.114331
355.809478,100,861.442694
297.152997,100,861.795484
277.214422,100,862.158192
376.931735,100,862.53356
207.710417,100,862.797409
342.291353,100,862.950699
250.954124,100,863.126866
263.32197,100,875.12301
301.632377,100,875.274697
312.803315,100,875.433236
345.841499,100,875.598166
279.323505,100,875.770966
261.746451,100,875.923369
352.089309,100,876.064823
258.601897,100,876.208873
339.30394,100,876.355976
286.453605,100,876.496357
344.889627,100,889.151319
333.430009,100,889.302427
384.755473,100,889.452165
334.866118,100,889.610439
316.080473,100,889.763358
397.40663,100,889.914037
310.818972,100,890.06191
301.352164,100,890.224151
317.687466,100,890.378115
273.449881,100,890.535258
343.381619,100,901.633275
330.906184,100,901.81435
295.271989,100,901.975179
344.050921,100,902.131903
274.064132,100,902.292892
312.297601,100,902.457136
245.696167,100,902.621987
255.448283,100,902.784901
329.443833,100,902.950917
259.995289,100,903.148392
336.857134,100,914.471432
274.021346,100,914.62553
295.712867,100,914.78584
287.708668,100,914.95513
277.818941,100,915.140215
382.035937,100,915.36808
295.355423,100,915.521899
292.155622,100,915.714704
352.004241,100,915.866704
289.283626,100,916.013096
340.542598,100,926.834838
241.705948,100,926.978815
251.815231,100,927.189671
343.852792,100,927.408116
311.711279,100,927.571397
359.745763,100,927.755185
268.354878,100,927.915923
359.967729,100,928.070832
300.974846,100,928.252131
326.803958,100,928.422612
251.927103,100,940.396936
294.50775,100,940.582254
363.949406,100,940.788009
343.058995,100,940.987474
261.289969,100,941.222489
322.059803,100,941.423413
295.833512,100,941.606911
348.17591,100,941.789556
347.502784,100,941.965163
276.219578,100,942.133588
348.197462,100,953.910651
351.441988,100,954.064727
282.078054,100,954.220817
369.974147,100,954.398677
322.264055,100,954.548738
273.681282,100,954.739667
316.734415,100,954.891192
389.1946,100,955.044455
293.257297,100,955.193687
305.991439,100,955.356775
339.08843,100,968.932596
342.252053,100,969.088774
364.507574,100,969.246597
279.207804,100,969.396633
282.40445,100,969.669205
374.149341,100,969.812933
342.58072,100,969.97966
408.573014,100,970.127966
291.85627,100,970.279587
328.971843,100,970.430654
288.029349,100,981.370295
327.558641,100,981.633399
354.024198,100,981.803353
296.213025,100,981.961603
332.888168,100,982.128652
377.608793,100,982.270669
264.841521,100,982.415654
314.4598,100,982.568309
372.225719,100,982.732608
366.181997,100,982.881138
304.722099,100,995.253886
355.787525,100,995.390651
319.804456,100,995.65025
290.855415,100,995.80767
348.142309,100,995.976072
377.12508,100,996.125113
289.833132,100,996.27283
291.646393,100,996.420666
311.932419,100,996.570873
352.409578,100,996.728889
310.931598,100,1010.861722
382.011382,100,1011.020851
301.95956,100,1011.180045
315.806124,100,1011.338836
389.722016,100,1011.560263
281.711189,100,1011.754816
294.806826,100,1011.947739
407.627631,100,1012.113236
348.823302,100,1012.263747
275.364737,100,1012.417792
317.04143,100,1024.245762
332.480857,100,1024.425857
261.939495,100,1024.596989
302.071416,100,1024.789714
382.432866,100,1024.97127
309.439333,100,1025.142304
312.783783,100,1025.30217
338.885157,100,1025.504162
354.566083,100,1025.745661
295.306463,100,1025.934258
300.947385,100,1039.949941
312.211636,100,1040.121522
286.207562,100,1040.271047
331.074086,100,1040.416495
357.275996,100,1040.567897
307.24548,100,1040.740968
301.473817,100,1040.920127
363.797381,100,1041.080707
352.723461,100,1041.225163
335.914819,100,1041.380718
290.266022,100,1052.812109
302.056652,100,1052.948754
340.351716,100,1053.085129
281.900118,100,1053.228992
319.82729,100,1053.373604
311.941612,100,1053.63528
308.124084,100,1053.780612
316.625082,100,1053.953104
321.293829,100,1054.099597
258.693103,100,1054.239417
279.238137,100,1065.181188
308.169671,100,1065.372994
307.338288,100,1065.638537
343.064001,100,1065.887918
235.895032,100,1066.098416
397.220083,100,1066.309191
296.849222,100,1066.54084
330.505758,100,1066.771719
312.537056,100,1067.031405
283.231982,100,1067.294433
371.675049,100,1081.191316
319.435373,100,1081.345247
313.431765,100,1081.586441
334.118509,100,1081.774741
280.572928,100,1081.948587
320.424029,100,1082.112935
294.801693,100,1082.262476
337.617413,100,1082.428444
341.022272,100,1082.600332
277.224263,100,1082.77919
310.062463,100,1093.375817
306.002658,100,1093.621545
326.680883,100,1093.776958
328.568927,100,1093.952346
313.527313,100,1094.097437
302.020846,100,1094.243385
323.953463,100,1094.392061
358.197256,100,1094.542119
320.219396,100,1094.698228
363.629595,100,1094.859108
264.35649,100,1106.727228
261.141018,100,1106.912159
331.051292,100,1107.067447
376.046292,100,1107.22067
301.962248,100,1107.383688
363.751502,100,1107.630049
329.908348,100,1107.80372
363.665695,100,1107.956573
312.851711,100,1108.116241
410.43877,100,1108.256076
325.081983,100,1121.649739
397.816286,100,1121.90536
301.998055,100,1122.166254
385.387694,100,1122.469048
355.657341,100,1122.775055
354.305702,100,1123.0888
259.450568,100,1123.388142
313.148355,100,1123.699874
318.995577,100,1123.935971
257.916824,100,1124.22064
259.019952,100,1138.097604
317.765128,100,1138.235779
378.851404,100,1138.458691
362.830318,100,1138.643269
403.856459,100,1138.809793
342.892014,100,1138.978938
287.502015,100,1139.140213
321.833599,100,1139.296151
313.143787,100,1139.450112
308.392671,100,1139.613041
324.158726,100,1151.461212
263.548401,100,1151.62012
251.874009,100,1151.808773
352.729785,100,1151.99023
248.476833,100,1152.167871
423.197572,100,1152.3359
300.108034,100,1152.518338
291.892136,100,1152.770954
258.556252,100,1152.957214
272.236567,100,1153.12819
256.847468,100,1164.35331
376.415288,100,1164.501894
366.816428,100,1164.770688
286.628932,100,1164.925282
239.577285,100,1165.088537
317.681416,100,1165.240866
365.100369,100,1165.400563
354.524908,100,1165.543539
297.155713,100,1165.718156
336.880648,100,1165.88926
328.012323,100,1176.397151
414.488186,100,1176.592619
264.812574,100,1176.8017
380.546894,100,1176.970867
340.380916,100,1177.140678
400.849563,100,1177.289799
300.289275,100,1177.443209
294.429588,100,1177.593456
346.905597,100,1177.742781
402.911353,100,1177.913174
321.194668,100,1189.968295
326.376807,100,1190.26609
308.565783,100,1190.58594
388.701655,100,1190.879099
331.016711,100,1191.128418
413.227091,100,1191.433666
381.369371,100,1191.74014
347.653819,100,1192.053769
314.883529,100,1192.372557
321.291684,100,1192.706533
323.20405,100,1205.638168
330.033657,100,1205.813924
327.200706,100,1205.981173
327.508792,100,1206.14903
260.35956,100,1206.315798
400.03501,100,1206.503425
417.887993,100,1206.691985
249.614104,100,1206.937272
313.102397,100,1207.16689
311.159665,100,1207.377298
323.265621,100,1219.380448
371.55207,100,1219.553582
273.714041,100,1219.703547
296.708618,100,1219.859307
390.587284,100,1220.010942
292.551324,100,1220.169231
358.735205,100,1220.331256
356.113957,100,1220.475234
361.858927,100,1220.624251
378.112525,100,1220.783025
416.903504,100,1233.614627
312.754879,100,1233.783741
342.380167,100,1233.945074
335.570344,100,1234.117187
318.839994,100,1234.294865
289.104201,100,1234.471225
294.938308,100,1234.667454
365.30537,100,1234.875541
334.456508,100,1235.096017
317.430783,100,1235.277695
355.134396,100,1248.870615
336.810042,100,1249.094293
352.675912,100,1249.25773
308.977798,100,1249.415668
307.533955,100,1249.562398
385.990641,100,1249.80872
350.141218,100,1249.997067
382.078082,100,1250.168697
293.599004,100,1250.340483
282.960829,100,1250.514118
380.250455,100,1262.669976
335.711612,100,1262.856359
405.351392,100,1263.095708
330.597466,100,1263.260809
308.15486,100,1263.414861
285.948399,100,1263.600203
429.920174,100,1263.776492
373.340093,100,1263.943302
285.560255,100,1264.101395
292.962176,100,1264.283245
252.644698,100,1278.669978
318.513454,100,1278.874947
267.565973,100,1279.185434
336.539124,100,1279.385861
319.467001,100,1279.582485
330.533628,100,1279.778672
395.01905,100,1279.961312
384.430019,100,1280.152871
366.776013,100,1280.346764
311.250064,100,1280.537093
317.977375,100,1292.753416
376.887915,100,1292.916843
325.048681,100,1293.17643
379.200309,100,1293.338422
343.710705,100,1293.509114
345.587992,100,1293.662916
333.170838,100,1293.816074
310.144555,100,1293.966978
285.467186,100,1294.130156
340.742417,100,1294.293592
306.500269,100,1306.059659
326.220746,100,1306.377524
335.314654,100,1306.716024
278.475918,100,1307.045745
303.792096,100,1307.361711
278.785105,100,1307.646817
255.421266,100,1307.976663
268.095459,100,1308.286463
266.900353,100,1308.602165
295.839026,100,1308.920822
336.153695,100,1320.16149
340.444842,100,1320.306843
382.36073,100,1320.462152
336.085619,100,1320.6105
375.116377,100,1320.771759
280.799772,100,1320.925349
261.315097,100,1321.14436
315.254466,100,1321.331979
334.583039,100,1321.499332
293.173764,100,1321.656152
307.141639,100,1333.490826
403.612751,100,1333.697489
324.482251,100,1333.884785
236.383103,100,1334.06699
356.071161,100,1334.268182
303.996657,100,1334.454344
374.752742,100,1334.640649
284.834509,100,1334.830699
371.783655,100,1335.045248
324.292063,100,1335.313419
397.19165,100,1345.877357
375.762238,100,1346.022144
419.49101,100,1346.167593
386.356605,100,1346.347758
362.846656,100,1346.513077
280.187595,100,1346.685659
262.422816,100,1346.856765
319.360533,100,1347.040407
412.111211,100,1347.266467
220.045359,100,1347.440722
378.533694,100,1361.257395
413.795374,100,1361.43437
348.769528,100,1361.628473
352.877912,100,1361.805766
316.358181,100,1361.980855
345.912403,100,1362.149351
406.981067,100,1362.328275
374.967851,100,1362.495811
330.570498,100,1362.674227
344.567,100,1362.851588
302.047714,100,1375.255956
265.796692,100,1375.440297
348.360006,100,1375.689563
288.644258,100,1375.884799
355.409703,100,1376.072094
355.427168,100,1376.23267
351.480761,100,1376.4127
321.81535,100,1376.599705
319.355541,100,1376.78494
301.528783,100,1376.945338
317.772637,100,1388.924694
378.157837,100,1389.145115
291.160328,100,1389.368907
354.562303,100,1389.647753
238.715984,100,1389.858325
392.107993,100,1390.046817
382.481278,100,1390.215383
327.393937,100,1390.39191
307.457062,100,1390.571584
293.991292,100,1390.76916
304.405096,100,1402.108107
358.713558,100,1402.252844
311.816453,100,1402.406533
256.182619,100,1402.562317
306.231507,100,1402.73086
350.900103,100,1402.882267
300.410301,100,1403.027489
370.652595,100,1403.17287
296.423857,100,1403.321262
350.481651,100,1403.461689
397.009597,100,1417.122463
347.466745,100,1417.306706
377.11951,100,1417.48384
383.854945,100,1417.766076
371.052104,100,1417.953356
373.998129,100,1418.149785
304.037437,100,1418.343492
260.68787,100,1418.52821
292.037377,100,1418.708331
306.840186,100,1418.897329
363.164341,100,1432.650628
332.021473,100,1432.832049
379.536961,100,1432.985287
325.394966,100,1433.151933
342.521438,100,1433.308642
385.113243,100,1433.522595
262.617795,100,1433.819721
302.82036,100,1433.974715
335.007639,100,1434.148746
323.60298,100,1434.296083
347.317281,100,1448.321088
305.329344,100,1448.479646
270.429098,100,1448.635204
343.843112,100,1448.790788
427.477198,100,1448.947937
269.117739,100,1449.119428
401.763472,100,1449.261969
283.168679,100,1449.407461
300.110018,100,1449.595763
309.588374,100,1449.828488
411.576674,100,1461.990068
295.932589,100,1462.182034
366.91902,100,1462.377217
404.093298,100,1462.563198
301.790657,100,1462.742223
264.406011,100,1462.931844
412.537076,100,1463.111898
370.226608,100,1463.280228
349.189402,100,1463.456975
246.240146,100,1463.729316
318.421135,100,1477.397012
377.245732,100,1477.576192
409.291138,100,1477.819495
371.522338,100,1478.015299
384.036551,100,1478.172385
330.989441,100,1478.342934
392.287445,100,1478.488148
396.286226,100,1478.6289
316.355237,100,1478.774015
311.246968,100,1478.929261
269.183201,100,1491.0911
330.276656,100,1491.249041
367.780584,100,1491.418698
289.74449,100,1491.584677
334.584687,100,1491.739791
369.528791,100,1491.908426
361.422054,100,1492.068286
286.788087,100,1492.221627
376.022171,100,1492.484725
275.794441,100,1492.660632
407.642985,100,1504.033224
342.51691,100,1504.179077
353.85424,100,1504.337891
357.503729,100,1504.486757
320.395589,100,1504.76135
330.522389,100,1504.920075
375.363572,100,1505.103285
362.544849,100,1505.266688
308.503741,100,1505.431183
300.537672,100,1505.588732
245.856882,100,1521.044883
288.481873,100,1521.415855
324.16119,100,1521.791273
290.086798,100,1522.165867
385.043237,100,1522.530596
312.863406,100,1522.906062
330.421383,100,1523.229624
310.108162,100,1523.601
305.346126,100,1523.969075
347.028144,100,1524.327985
420.746535,100,1540.341929
367.347742,100,1540.503662
323.872885,100,1540.702659
399.409363,100,1540.962288
365.509023,100,1541.148643
416.054137,100,1541.325826
357.861243,100,1541.485663
298.229583,100,1541.643728
297.523417,100,1541.812238
332.317718,100,1541.980911
406.056138,100,1556.003535
283.706914,100,1556.307498
289.17226,100,1556.611581
306.938433,100,1556.908631
336.761111,100,1557.132271
315.686409,100,1557.409339
280.346571,100,1557.691736
274.888847,100,1557.944777
339.340105,100,1558.148393
410.156298,100,1558.374983
408.478791,100,1570.33637
400.858488,100,1570.479428
415.661955,100,1570.621446
345.853647,100,1570.776733
426.358039,100,1570.950641
324.239535,100,1571.254076
418.187733,100,1571.411041
351.4771,100,1571.592234
335.405688,100,1571.761103
379.62954,100,1571.906812
374.042244,100,1583.281022
314.235404,100,1583.443034
434.537731,100,1583.597645
332.983951,100,1583.745723
341.240613,100,1583.892488
298.228652,100,1584.043285
236.925562,100,1584.194925
285.111169,100,1584.344883
383.815847,100,1584.488638
439.203201,100,1584.635854
297.428319,100,1597.802951
270.453206,100,1598.153153
366.652345,100,1598.505886
368.363451,100,1598.860457
275.632161,100,1599.011702
364.376494,100,1599.185134
355.219328,100,1599.424718
424.518177,100,1599.568615
314.465484,100,1599.748573
283.422201,100,1599.895203
328.181849,100,1611.840759
374.737982,100,1611.996212
341.351724,100,1612.147695
322.467921,100,1612.294247
341.814477,100,1612.459472
359.565824,100,1612.618963
408.832773,100,1612.780716
312.449518,100,1612.930181
344.844868,100,1613.083088
294.708564,100,1613.338446
368.852845,100,1625.840679
343.173219,100,1626.002659
385.531927,100,1626.172703
347.360569,100,1626.33536
368.38278,100,1626.512964
360.642448,100,1626.680905
359.080901,100,1626.846142
313.481493,100,1627.012954
371.175127,100,1627.182191
265.30329,100,1627.451961
404.301827,100,1638.328003
296.216722,100,1638.474402
373.242261,100,1638.630431
287.646479,100,1638.789247
365.824344,100,1638.945389
346.237546,100,1639.105347
301.534247,100,1639.261572
321.6197,100,1639.412697
382.731396,100,1639.666438
320.583465,100,1639.817052
317.598458,100,1652.334246
388.860793,100,1652.637304
288.769811,100,1652.934532
433.282014,100,1653.222525
321.672702,100,1653.529457
310.768446,100,1653.804008
285.748126,100,1654.020545
304.037486,100,1654.319498
399.919065,100,1654.626671
294.157297,100,1654.930747
306.040308,100,1666.857371
358.994888,100,1667.037265
372.435081,100,1667.204714
418.999675,100,1667.380353
338.901104,100,1667.565558
336.773575,100,1667.84381
315.241113,100,1668.013721
273.724764,100,1668.229602
343.397215,100,1668.415032
417.05202,100,1668.596779
358.914903,100,1682.01228
375.416837,100,1682.206265
373.658762,100,1682.417653
407.390055,100,1682.58165
408.544187,100,1682.737333
342.038161,100,1682.913313
343.231182,100,1683.074619
403.757695,100,1683.21841
448.975432,100,1683.37384
317.92808,100,1683.522016
347.531594,100,1696.2152
371.70164,100,1696.385869
325.532054,100,1696.550905
297.546681,100,1696.727283
347.591105,100,1696.913968
286.365974,100,1697.115433
375.135082,100,1697.313882
357.967986,100,1697.512368
326.69567,100,1697.817176
406.702357,100,1698.031615
355.08436,100,1710.642629
366.762191,100,1710.825277
317.703741,100,1710.992231
269.426552,100,1711.138309
284.323569,100,1711.284277
370.900137,100,1711.432787
290.750159,100,1711.594216
276.686429,100,1711.841753
349.713439,100,1711.989999
442.047452,100,1712.168886
335.829121,100,1724.724232
411.656355,100,1724.885656
323.940397,100,1725.038261
394.529814,100,1725.188541
365.227479,100,1725.3397
411.019641,100,1725.485094
357.459972,100,1725.676057
332.252138,100,1725.890195
375.670995,100,1726.042637
356.757288,100,1726.214084
368.172493,100,1738.552291
366.868615,100,1738.727665
404.666056,100,1738.914282
319.134905,100,1739.093699
351.705555,100,1739.278094
395.011298,100,1739.453896
342.0921,100,1739.670346
393.872878,100,1739.909993
386.877643,100,1740.101296
404.704054,100,1740.274814
404.595258,100,1754.480807
277.582211,100,1754.624827
402.03502,100,1754.771896
341.458338,100,1754.931648
352.518178,100,1755.082103
315.409553,100,1755.224631
299.009285,100,1755.373971
314.850224,100,1755.520457
306.741065,100,1755.747168
387.974009,100,1755.921775
361.137102,100,1769.551414
339.3625,100,1769.708547
350.689651,100,1769.86357
420.859319,100,1770.002871
350.768996,100,1770.145398
373.306652,100,1770.333126
319.026502,100,1770.560936
329.583639,100,1770.716117
379.082829,100,1770.892373
405.992445,100,1771.04672
314.033112,100,1.535483
257.613431,100,1.692478
381.481432,100,1.834822
419.581764,100,1.982819
308.832999,100,2.149303
368.147978,100,2.301333
334.409937,100,2.44275
311.771721,100,2.585756
280.083161,100,2.723723
387.796337,100,2.866191
382.456192,100,15.646368
394.1546,100,15.827363
406.861989,100,16.008833
357.877863,100,16.194635
316.114635,100,16.356929
344.400637,100,16.507702
316.392947,100,16.663288
278.629756,100,16.823398
384.058477,100,16.972072
351.194557,100,17.182462
350.667433,100,28.762212
360.021244,100,28.93696
393.246046,100,29.12
322.17883,100,29.379917
411.340247,100,29.602984
296.112662,100,29.819738
326.192494,100,29.974243
348.497952,100,30.12445
323.758613,100,30.277125
369.849166,100,30.420809
398.099865,100,41.836661
399.979629,100,42.133193
300.379762,100,42.4416
338.463689,100,42.744157
333.13556,100,43.039902
345.868869,100,43.360214
385.307489,100,43.570835
330.007719,100,43.74832
346.313885,100,43.915363
380.847883,100,44.071226
335.087864,100,55.926081
298.632494,100,56.091524
344.546572,100,56.250079
387.184868,100,56.415486
378.864557,100,56.602203
367.239258,100,56.781523
338.791032,100,56.932309
443.765731,100,57.088344
333.298614,100,57.270932
397.169321,100,57.508979
325.37765,100,69.739349
319.071929,100,69.949449
359.888995,100,70.141541
357.288317,100,70.34233
332.505511,100,70.546056
385.79871,100,70.734468
325.180124,100,70.920425
407.790136,100,71.098428
377.421443,100,71.319672
323.874425,100,71.557884
346.291149,100,84.471346
419.6497,100,84.678788
345.631056,100,84.87161
292.647761,100,85.054031
299.871734,100,85.241248
374.552625,100,85.440542
357.513622,100,85.757719
335.54603,100,85.96659
358.663713,100,86.187499
347.034049,100,86.415991
339.590882,100,98.832882
393.159356,100,98.985541
345.165269,100,99.127028
400.548308,100,99.270291
325.501165,100,99.423421
364.017189,100,99.585412
453.570752,100,99.842498
336.568092,100,100.001201
273.101948,100,100.167349
384.399387,100,100.312725
310.094786,100,110.92188
360.730522,100,111.08529
404.878904,100,111.253026
443.549341,100,111.400535
379.774486,100,111.558265
334.914465,100,111.832644
371.561399,100,112.056582
421.955193,100,112.357396
336.467512,100,112.654769
434.132309,100,112.96122
374.443105,100,124.464396
412.029156,100,124.646263
344.021546,100,124.824753
327.465626,100,125.029053
287.179559,100,125.21245
410.003731,100,125.395448
402.303181,100,125.578079
375.609482,100,125.842315
347.751773,100,126.014239
383.780029,100,126.207797
390.316797,100,138.460917
376.815683,100,138.625071
329.856053,100,138.787496
446.001044,100,138.96832
337.443562,100,139.165005
335.379393,100,139.345595
434.03666,100,139.505803
380.077743,100,139.753338
331.41394,100,139.941142
378.613108,100,140.131972
244.632856,100,156.46154
397.012285,100,156.772992
360.931184,100,157.076653
407.796788,100,157.393513
358.811064,100,157.699889
282.844096,100,157.948905
376.917246,100,158.195195
396.988672,100,158.410793
345.054971,100,158.614742
408.549822,100,158.842757
373.436702,100,171.919802
246.879293,100,172.126164
299.909976,100,172.365074
376.20163,100,172.580558
454.779361,100,172.752524
323.15567,100,172.926218
299.161535,100,173.101549
349.755011,100,173.272463
293.901037,100,173.440948
421.314312,100,173.616041
309.53796,100,188.30184
274.268707,100,188.458413
430.650025,100,188.602125
250.452148,100,188.764436
334.015951,100,188.928312
346.549289,100,189.088576
254.363085,100,189.258317
317.592787,100,189.439253
347.956911,100,189.592226
320.888455,100,189.810423
329.629243,100,203.190609
378.497849,100,203.349429
364.988339,100,203.506834
339.026133,100,203.671461
323.661031,100,203.94223
299.093767,100,204.101348
359.109852,100,204.287237
448.274674,100,204.455526
363.812297,100,204.608228
400.999059,100,204.767986
441.468049,100,215.889301
364.187463,100,216.053229
341.096444,100,216.224477
352.507341,100,216.384566
425.698912,100,216.543964
385.513342,100,216.702369
405.29923,100,216.85963
293.561936,100,217.006854
421.250165,100,217.157879
390.051767,100,217.308843
379.919158,100,229.229358
337.047612,100,229.392601
333.109281,100,229.552715
342.588567,100,229.714901
358.485452,100,229.985224
341.840664,100,230.167586
355.001355,100,230.373769
321.866521,100,230.558425
368.758055,100,230.739564
263.304399,100,230.917687
378.296274,100,243.968284
271.339236,100,244.15215
292.736057,100,244.358498
339.183232,100,244.540674
362.444825,100,244.712916
354.196357,100,244.885635
273.767535,100,245.090798
371.329228,100,245.290707
300.049947,100,245.477362
327.713389,100,245.655523
336.567684,100,257.708001
455.446165,100,257.969809
328.573788,100,258.149977
360.72815,100,258.333764
344.017283,100,258.48359
391.229644,100,258.63472
339.104225,100,258.788315
387.321627,100,258.951591
290.351071,100,259.117026
368.112171,100,259.277862
322.395429,100,271.378453
271.261789,100,271.543693
312.025372,100,271.723184
329.819808,100,271.971419
380.027157,100,272.131938
324.343459,100,272.316999
395.199102,100,272.460459
323.440189,100,272.607285
290.768403,100,272.762276
372.680345,100,272.91132
402.885533,100,289.811401
384.760134,100,289.953031
399.913901,100,290.094439
372.448994,100,290.241942
340.08407,100,290.502135
347.759687,100,290.657217
366.867861,100,290.832876
372.699767,100,290.997182
341.51215,100,291.152664
370.934562,100,291.300442
380.919647,100,303.329904
462.985505,100,303.707748
287.090756,100,304.076621
338.585708,100,304.466233
349.917104,100,304.846617
331.71862,100,305.134009
379.644251,100,305.408288
359.050901,100,305.724942
369.11536,100,306.042986
406.910638,100,306.347719
355.657886,100,317.956585
361.467383,100,318.110648
354.110025,100,318.267663
363.595593,100,318.427255
408.929591,100,318.57447
380.714894,100,318.765435
375.027293,100,318.977463
350.442149,100,319.124763
383.958148,100,319.285951
403.382398,100,319.450978
356.336554,100,330.457382
405.736066,100,330.600429
418.972424,100,330.83085
380.513,100,331.069743
383.978351,100,331.310297
391.943115,100,331.527701
376.038471,100,331.755433
331.690241,100,331.963238
457.344728,100,332.181538
419.13606,100,332.39373
359.871138,100,347.070027
405.514701,100,347.217719
348.956425,100,347.380832
328.061163,100,347.513946
391.448945,100,347.650417
383.738551,100,347.789673
337.500535,100,347.935897
337.835506,100,348.09886
364.931781,100,348.253061
417.164032,100,348.405165
290.762137,100,359.534347
310.142262,100,359.68057
287.323294,100,359.841632
326.14486,100,360.011711
409.396887,100,360.173607
305.102858,100,360.33355
307.912505,100,360.49502
335.212889,100,360.665858
314.792071,100,360.811406
315.784869,100,361.060268
312.506746,100,372.503721
369.971919,100,372.66177
432.911479,100,372.812219
315.849082,100,373.068626
306.786458,100,373.252506
403.241078,100,373.432542
411.008517,100,373.598465
290.1512,100,373.745609
396.218278,100,373.914191
349.140768,100,374.084243
296.417957,100,386.138532
341.371698,100,386.299144
394.143612,100,386.458766
350.392232,100,386.619946
460.646921,100,386.775477
393.731806,100,386.928683
329.933911,100,387.086968
369.566812,100,387.352236
355.839774,100,387.516958
391.715014,100,387.688751
403.090811,100,400.347476
327.745787,100,400.521276
397.868227,100,400.682207
293.844677,100,400.836938
368.919315,100,401.002325
415.375596,100,401.199602
400.656312,100,401.408007
384.295463,100,401.577778
381.136915,100,401.747218
333.179904,100,401.896481
398.290797,100,414.506658
378.291483,100,414.816638
340.24383,100,415.139157
439.23221,100,415.458783
371.067804,100,415.706534
409.776892,100,416.020447
411.782544,100,416.333274
404.311333,100,416.63297
334.331986,100,416.935925
349.590623,100,417.247216
276.010689,100,430.10023
397.739915,100,430.271618
383.720915,100,430.430578
343.212772,100,430.603432
311.02883,100,430.763598
421.951209,100,430.914453
395.734057,100,431.064488
343.624174,100,431.289203
336.540386,100,431.451324
395.950779,100,431.641847
462.287204,100,442.052604
322.581566,100,442.194889
425.443056,100,442.336057
436.024395,100,442.505528
418.645003,100,442.645703
314.377004,100,442.781632
362.504028,100,442.9225
373.764676,100,443.066337
388.951798,100,443.310277
371.718974,100,443.479353
320.852521,100,454.249074
402.472506,100,454.420033
367.643323,100,454.578006
444.589284,100,454.739205
387.433431,100,454.894052
322.679392,100,455.054767
351.107396,100,455.297235
399.707862,100,455.485793
386.039852,100,455.650637
378.075428,100,455.800491
303.418976,100,469.211618
383.358715,100,469.532357
295.118181,100,469.815474
386.910928,100,470.092665
328.962574,100,470.416405
340.664599,100,470.624866
393.356511,100,470.81022
372.669806,100,470.988596
415.345494,100,471.189429
337.65395,100,471.407511
438.152655,100,484.292642
298.393435,100,484.425596
296.959267,100,484.583084
382.55645,100,484.751677
375.570123,100,484.917313
282.604862,100,485.092668
297.359256,100,485.278471
384.53839,100,485.54591
333.819874,100,485.721495
271.075572,100,485.884509
357.187015,100,496.393867
438.431475,100,496.543816
318.359602,100,496.70901
359.184528,100,496.862966
324.993218,100,497.019224
358.189074,100,497.171042
313.057514,100,497.309906
371.118423,100,497.543473
336.71761,100,497.695281
305.597871,100,497.863101
375.25331,100,510.682064
292.310289,100,510.84043
351.948578,100,510.999771
415.071031,100,511.154068
443.959782,100,511.316808
385.824053,100,511.571214
337.851354,100,511.727998
381.000794,100,511.903895
368.430981,100,512.048784
367.378033,100,512.198997
333.27296,100,522.734951
396.628457,100,522.865911
377.467183,100,523.003189
377.957313,100,523.165336
404.170545,100,523.329905
454.234695,100,523.579455
361.275727,100,523.722717
279.287119,100,523.890538
389.656485,100,524.045966
434.809094,100,524.212159
312.2003,100,535.172186
346.541801,100,535.309885
352.044578,100,535.54372
332.059921,100,535.713407
322.76156,100,535.889382
331.650044,100,536.04386
363.03085,100,536.185791
360.426588,100,536.335286
341.341185,100,536.483184
436.183689,100,536.625804
340.044155,100,547.984747
376.933221,100,548.172215
319.154221,100,548.359991
397.360204,100,548.561023
261.853382,100,548.73955
342.306791,100,548.913688
391.772594,100,549.086338
391.118723,100,549.262767
273.635462,100,549.540758
413.245841,100,549.716427
397.740146,100,561.280041
398.167759,100,561.505818
312.449569,100,561.686289
423.625442,100,561.828612
445.280165,100,561.982566
375.211794,100,562.121812
339.34092,100,562.268339
366.785654,100,562.414812
337.180213,100,562.574876
381.075304,100,562.723293
314.97365,100,574.983364
411.030119,100,575.131474
309.457325,100,575.287867
409.343598,100,575.519729
377.796031,100,575.703164
361.688771,100,575.860061
373.715461,100,576.025981
279.525342,100,576.187949
358.534993,100,576.363802
356.986384,100,576.532557
325.685686,100,588.195696
341.890959,100,588.341869
331.318345,100,588.485985
346.603862,100,588.630045
338.203442,100,588.768981
362.203525,100,588.900631
300.025121,100,589.037497
379.279979,100,589.177723
373.457301,100,589.320641
399.696268,100,589.569324
403.042067,100,601.034507
374.184937,100,601.20187
453.275148,100,601.377746
364.095087,100,601.591254
404.337315,100,601.829273
411.77599,100,602.033605
310.850476,100,602.204712
362.843818,100,602.383903
328.066562,100,602.55378
336.402866,100,602.76295
370.852892,100,614.089938
351.073146,100,614.247942
404.206786,100,614.408808
375.973172,100,614.569287
330.636785,100,614.71728
360.693501,100,614.875464
439.681941,100,615.02052
300.316596,100,615.165523
340.427112,100,615.313049
371.33655,100,615.465084
338.172404,100,628.398379
411.323326,100,628.70131
331.304473,100,629.030657
365.334736,100,629.386482
382.310899,100,629.727413
325.147245,100,630.048286
388.651064,100,630.361137
360.087872,100,630.613069
377.618779,100,630.889537
378.948599,100,631.191163
355.891793,100,645.619941
333.027921,100,645.802835
450.817945,100,645.992234
317.980132,100,646.177699
386.014256,100,646.454272
426.306925,100,646.645263
348.452523,100,646.835529
430.61135,100,647.010684
384.508461,100,647.196323
335.6223,100,647.361959
439.861604,100,657.994657
307.385276,100,658.145877
364.946126,100,658.414556
403.250296,100,658.615885
357.604149,100,658.777466
338.618539,100,658.934017
326.12174,100,659.075679
389.492945,100,659.230805
346.619948,100,659.384166
442.731618,100,659.54366
297.310016,100,670.537354
312.868088,100,670.79551
304.316672,100,670.955854
350.065852,100,671.101561
336.872104,100,671.270866
361.515104,100,671.410806
368.987552,100,671.551038
390.698107,100,671.706894
336.395242,100,671.861941
326.238143,100,672.018811
336.324068,100,683.710724
376.584343,100,683.856691
311.209754,100,684.002044
374.904402,100,684.14573
323.704833,100,684.305837
356.568434,100,684.449389
330.898142,100,684.639393
327.8048,100,684.854218
317.759659,100,684.99953
370.546541,100,685.168634
388.232408,100,695.625069
377.183057,100,695.802166
419.704397,100,695.963385
391.728347,100,696.12768
354.025234,100,696.288406
359.317679,100,696.442255
330.183687,100,696.639436
359.342739,100,696.862615
341.474837,100,697.017523
341.036621,100,697.190891
300.03492,100,711.633632
368.105331,100,711.930496
339.175554,100,712.250303
405.670834,100,712.552913
352.791983,100,712.855813
363.320966,100,713.164637
296.581696,100,713.421718
386.310292,100,713.663256
383.174621,100,713.97366
443.962624,100,714.289265
373.107242,100,727.482874
373.052953,100,727.653509
301.971893,100,727.78922
311.712657,100,727.925447
333.593552,100,728.061334
362.524586,100,728.216729
435.010024,100,728.384428
387.707853,100,728.528851
401.519396,100,728.685545
417.222558,100,728.839831
418.190522,100,739.599842
421.794011,100,739.76302
403.345348,100,739.916189
309.076336,100,740.066941
349.153795,100,740.21598
291.928875,100,740.379841
345.009158,100,740.552295
323.458337,100,740.709067
387.09709,100,740.859771
353.159485,100,741.014439
329.973177,100,751.677903
374.395517,100,751.840071
383.447987,100,751.9899
396.635675,100,752.141048
317.101215,100,752.297993
367.767107,100,752.44775
329.766776,100,752.593457
331.069765,100,752.734496
368.126517,100,752.871635
406.681008,100,753.016546
341.970881,100,764.391059
405.964185,100,764.564877
363.284946,100,764.73691
385.901044,100,764.90881
369.187201,100,765.077111
420.177729,100,765.281288
363.357213,100,765.535365
378.093601,100,765.70521
318.632621,100,765.880734
376.446558,100,766.035551
356.011615,100,779.639465
339.854488,100,779.896263
400.649942,100,780.197419
355.901473,100,780.514567
356.92569,100,780.830795
471.061625,100,781.148733
428.325068,100,781.465002
326.800876,100,781.759743
370.319761,100,781.978613
248.382284,100,782.298168
401.612677,100,794.597736
401.996889,100,794.759304
408.863995,100,794.915396
382.907074,100,795.084828
265.677816,100,795.25086
431.347178,100,795.398514
395.816542,100,795.583429
377.682295,100,795.813221
305.706006,100,795.964984
329.384492,100,796.143516
407.155547,100,806.928852
306.591249,100,807.089194
369.557139,100,807.259299
377.10787,100,807.419888
417.73307,100,807.612969
420.440751,100,807.831673
355.261369,100,808.00878
421.411277,100,808.210396
357.50163,100,808.404755
313.235775,100,808.587013
429.324375,100,822.559032
366.42891,100,822.706625
371.78966,100,822.851158
430.281637,100,823.005035
360.732578,100,823.163187
329.823159,100,823.307735
369.338026,100,823.448214
417.795198,100,823.651332
402.73134,100,823.837306
438.81046,100,823.996307
319.873882,100,835.815798
361.835326,100,836.040418
343.676787,100,836.328995
402.279686,100,836.621852
343.484795,100,836.91005
317.107538,100,837.197761
430.37991,100,837.482388
296.864726,100,837.78741
405.00017,100,838.046398
285.313164,100,838.33269
300.862524,100,850.408982
336.689558,100,850.561429
373.600218,100,850.720244
387.807075,100,850.886865
321.489393,100,851.044425
306.244206,100,851.194527
397.352467,100,851.340708
303.950002,100,851.48458
411.300095,100,851.720088
335.699771,100,851.881397
401.681065,100,864.310336
382.993243,100,864.472368
431.85164,100,864.636508
384.202122,100,864.807679
363.107459,100,864.965604
445.619737,100,865.130621
372.467195,100,865.285684
343.281732,100,865.44132
374.269411,100,865.648034
307.877664,100,865.85569
393.689744,100,876.892338
367.788599,100,877.048682
346.422761,100,877.199823
420.627934,100,877.350596
330.106943,100,877.503735
370.401585,100,877.763466
302.916191,100,877.921039
306.559651,100,878.086413
374.468051,100,878.233118
317.099123,100,878.385563
405.168475,100,888.766116
317.050002,100,888.926776
335.179691,100,889.083724
327.49776,100,889.234742
328.385117,100,889.378074
446.361683,100,889.529552
333.867918,100,889.774312
352.015219,100,889.923687
404.234534,100,890.089818
356.046441,100,890.239516
374.681683,100,903.042884
280.085256,100,903.349055
313.722089,100,903.635936
390.305046,100,903.902892
348.061818,100,904.159722
387.961424,100,904.454149
304.995415,100,904.758262
409.981297,100,905.053183
347.326532,100,905.368312
400.73443,100,905.678686
289.860732,100,917.493462
340.518223,100,917.735487
415.404606,100,917.880576
399.555064,100,918.030367
309.909141,100,918.199414
374.245894,100,918.349843
351.010046,100,918.502186
402.602144,100,918.661034
406.00936,100,918.813251
307.140712,100,918.95505
405.030909,100,930.940226
391.344003,100,931.109179
327.924755,100,931.273737
422.743743,100,931.441491
376.636571,100,931.650524
309.113789,100,931.86066
353.711252,100,932.046733
427.726977,100,932.216166
350.626416,100,932.380855
347.512023,100,932.560386
385.400528,100,944.333391
382.973797,100,944.500479
405.75489,100,944.665127
324.385708,100,944.833873
346.934295,100,944.99831
419.503499,100,945.188311
382.699448,100,945.368808
455.277304,100,945.529022
322.315147,100,945.784922
379.006897,100,945.951342
334.534824,100,958.840243
358.583299,100,958.989927
412.071641,100,959.142532
345.716505,100,959.307328
384.973298,100,959.472904
406.480886,100,959.645453
314.231387,100,959.799852
369.552077,100,959.948799
423.117435,100,960.113664
402.377867,100,960.370974
329.071875,100,971.941926
399.489494,100,972.097921
346.952542,100,972.371386
333.963351,100,972.551555
397.977537,100,972.728825
431.461786,100,972.905313
369.027995,100,973.078019
316.601909,100,973.269253
362.037362,100,973.453764
409.074943,100,973.603359
356.749444,100,986.398417
419.629106,100,986.588239
349.669149,100,986.803579
352.974656,100,986.952188
418.441495,100,987.12116
319.787736,100,987.273917
354.137161,100,987.417392
446.486746,100,987.56817
384.760563,100,987.737074
333.228175,100,987.885502
363.335358,100,1001.10496
386.022902,100,1001.290805
325.156251,100,1001.452399
332.551164,100,1001.609421
413.907901,100,1001.768643
355.478831,100,1001.941611
368.588588,100,1002.110515
363.590679,100,1002.285507
393.742741,100,1002.457448
335.976342,100,1002.667081
325.526753,100,1017.409172
367.362594,100,1017.593427
326.386408,100,1017.773863
386.904475,100,1017.945833
411.960753,100,1018.118366
340.133691,100,1018.326536
346.186394,100,1018.531869
404.278262,100,1018.837791
397.127164,100,1019.019313
389.057936,100,1019.224031
328.213326,100,1033.337195
341.78811,100,1033.555545
401.840055,100,1033.769542
325.94453,100,1034.001483
367.81041,100,1034.217455
351.823693,100,1034.405386
334.115913,100,1034.628299
354.26391,100,1034.907873
352.021341,100,1035.116071
320.417856,100,1035.321917
314.357927,100,1046.729512
335.725997,100,1046.935909
348.947446,100,1047.101334
388.883738,100,1047.271512
286.928821,100,1047.418893
443.441166,100,1047.570743
326.309165,100,1047.725603
371.004163,100,1047.884663
361.049139,100,1048.031378
327.790824,100,1048.184934
405.566657,100,1059.370343
349.302408,100,1059.516942
334.130019,100,1059.65742
380.593838,100,1059.807909
312.62915,100,1059.959046
343.977955,100,1060.108486
338.57303,100,1060.251714
389.760419,100,1060.392619
384.422766,100,1060.551969
303.548367,100,1060.776529
348.612353,100,1071.36917
360.3392,100,1071.523194
356.914843,100,1071.674605
365.671896,100,1071.839278
353.343588,100,1072.008875
347.987014,100,1072.171422
366.930449,100,1072.332081
384.594878,100,1072.485446
342.535455,100,1072.640349
390.734144,100,1072.875404
300.222838,100,1083.870752
306.583021,100,1084.020494
374.271288,100,1084.177459
410.678591,100,1084.317544
326.121447,100,1084.473768
395.868043,100,1084.621364
359.759554,100,1084.824318
405.457797,100,1085.01793
331.370324,100,1085.177296
432.797953,100,1085.341786
368.495381,100,1097.311843
435.439708,100,1097.477143
346.895787,100,1097.629629
409.888625,100,1097.778338
389.323464,100,1097.937644
372.762944,100,1098.084311
317.36434,100,1098.247084
353.888069,100,1098.412668
364.277478,100,1098.562046
306.132791,100,1098.704422
279.19008,100,1109.696322
350.303321,100,1109.852593
394.629006,100,1110.02604
387.179462,100,1110.198052
444.193211,100,1110.355582
391.758757,100,1110.515196
312.994127,100,1110.67324
360.07355,100,1110.908846
336.827882,100,1111.104214
356.492317,100,1111.304381
367.291229,100,1122.956954
290.394167,100,1123.107248
307.462127,100,1123.286239
386.960106,100,1123.440535
286.403676,100,1123.592259
462.477503,100,1123.744596
343.601271,100,1123.904569
350.114708,100,1124.088844
302.097336,100,1124.254774
317.514261,100,1124.43308
273.721729,100,1136.472459
414.764688,100,1136.616432
407.800683,100,1136.800533
323.56908,100,1137.027754
273.205569,100,1137.218071
362.478219,100,1137.371948
420.672252,100,1137.518679
408.36915,100,1137.658258
333.224831,100,1137.811542
385.129046,100,1138.015012
389.102591,100,1149.967513
445.9384,100,1150.116277
291.668934,100,1150.266859
426.059057,100,1150.42953
382.082034,100,1150.594874
435.077507,100,1150.742695
362.546233,100,1150.890693
333.618331,100,1151.04967
380.487019,100,1151.216196
431.452896,100,1151.430431
348.501406,100,1163.891859
354.082347,100,1164.038466
346.469825,100,1164.20855
431.475154,100,1164.365916
359.927728,100,1164.515554
443.534255,100,1164.673684
411.639539,100,1164.828628
384.630052,100,1164.99139
335.96662,100,1165.147068
355.954855,100,1165.411875
349.319707,100,1179.849247
357.042791,100,1179.997841
367.984429,100,1180.145573
353.021264,100,1180.30772
271.522383,100,1180.474725
445.865313,100,1180.632051
443.297895,100,1180.792069
283.79731,100,1180.951901
355.883427,100,1181.103624
328.90923,100,1181.333136
359.798538,100,1192.12749
402.761071,100,1192.284846
314.84937,100,1192.432353
331.888876,100,1192.591847
424.646983,100,1192.750045
314.535319,100,1192.897601
399.758278,100,1193.060735
372.079561,100,1193.265882
380.205525,100,1193.473571
406.931992,100,1193.634177
424.83775,100,1204.559198
346.35223,100,1204.730185
372.894393,100,1204.898882
360.784571,100,1205.059917
353.921399,100,1205.318848
326.718972,100,1205.544969
329.249012,100,1205.74826
413.109355,100,1205.919671
350.658658,100,1206.096009
339.794566,100,1206.293109
388.11021,100,1217.283749
372.921721,100,1217.538927
378.803611,100,1217.690141
362.889597,100,1217.850594
328.962184,100,1218.009585
410.781873,100,1218.164539
375.283833,100,1218.318741
412.42185,100,1218.456949
306.232227,100,1218.613293
323.17152,100,1218.764285
412.165357,100,1230.160694
360.728445,100,1230.301692
433.76759,100,1230.442428
366.00885,100,1230.585068
344.863724,100,1230.740166
301.041924,100,1230.895468
456.998695,100,1231.050121
407.169956,100,1231.198553
311.302812,100,1231.349068
322.502935,100,1231.497025
274.215642,100,1243.734132
340.537335,100,1243.903797
292.995481,100,1244.080914
362.220069,100,1244.244378
355.527663,100,1244.401065
366.481085,100,1244.552296
413.656287,100,1244.704784
404.219089,100,1244.868205
374.944068,100,1245.022824
343.193909,100,1245.189396
355.065531,100,1255.944298
395.164914,100,1256.183037
352.60426,100,1256.344353
398.16713,100,1256.54206
359.340613,100,1256.729205
375.704825,100,1256.900761
356.152488,100,1257.06157
326.642339,100,1257.242897
317.304172,100,1257.412061
378.153392,100,1257.562467
335.939697,100,1269.255546
335.528018,100,1269.612242
369.360948,100,1269.95839
293.146986,100,1270.23401
337.883644,100,1270.489715
298.459706,100,1270.792308
254.616755,100,1271.097024
293.576332,100,1271.392834
301.417802,100,1271.687196
323.58939,100,1271.993816
368.755134,100,1284.688905
378.043806,100,1284.845081
387.88911,100,1284.991902
352.247071,100,1285.152735
395.307066,100,1285.319467
311.45706,100,1285.481901
281.889968,100,1285.650968
338.133523,100,1285.807845
353.071763,100,1286.040289
314.533795,100,1286.224423
314.385656,100,1301.174239
413.875426,100,1301.357912
349.516434,100,1301.525139
279.743117,100,1301.68553
388.049734,100,1301.840974
330.094552,100,1302.024874
389.797275,100,1302.295968
302.799164,100,1302.467148
413.706096,100,1302.661325
337.57725,100,1302.837033
428.7585,100,1314.549877
396.497267,100,1314.761681
440.847856,100,1314.914674
410.985723,100,1315.091245
390.123371,100,1315.258673
313.707866,100,1315.413238
301.542545,100,1315.559004
366.293206,100,1315.713485
433.012987,100,1315.856685
252.059692,100,1315.995806
391.958226,100,1328.852399
429.831709,100,1329.053359
367.320861,100,1329.240331
394.729688,100,1329.411748
349.539776,100,1329.576881
378.097592,100,1329.749007
436.789815,100,1329.957436
395.283692,100,1330.144558
360.761329,100,1330.318327
364.613568,100,1330.492999
320.805372,100,1343.434819
305.550322,100,1343.572655
377.439914,100,1343.722781
306.201611,100,1343.875481
362.382423,100,1344.02377
387.326649,100,1344.173758
363.054504,100,1344.320274
336.5561,100,1344.461794
341.832853,100,1344.637959
319.294394,100,1344.846622
323.538105,100,1357.521055
410.903196,100,1357.696251
300.459212,100,1357.866349
367.961852,100,1358.051559
255.333359,100,1358.240609
431.839979,100,1358.42618
406.616475,100,1358.597078
340.992596,100,1358.766301
340.893026,100,1359.014653
336.902209,100,1359.221616
329.620197,100,1370.996323
385.775414,100,1371.206997
331.311103,100,1371.395344
291.31591,100,1371.588794
318.735606,100,1371.784685
363.54712,100,1371.978151
344.311842,100,1372.171579
394.56518,100,1372.353977
322.432789,100,1372.540913
380.843288,100,1372.733464
427.192813,100,1384.801402
376.681533,100,1385.034662
407.934088,100,1385.211311
404.753287,100,1385.364589
391.291034,100,1385.537489
395.469475,100,1385.694219
326.51949,100,1385.861621
284.082227,100,1386.025974
303.305994,100,1386.195263
341.005662,100,1386.361945
369.872893,100,1398.477691
352.354105,100,1398.641052
400.288966,100,1398.813245
327.158394,100,1399.075083
366.324269,100,1399.23917
397.042044,100,1399.409933
293.263918,100,1399.554975
328.135881,100,1399.696263
353.477962,100,1399.845997
337.102176,100,1400.005591
361.710571,100,1410.512021
329.551491,100,1410.644599
291.66629,100,1410.784521
362.024702,100,1410.997712
433.763033,100,1411.270018
293.499833,100,1411.489722
415.023443,100,1411.685953
316.44054,100,1411.880689
335.170084,100,1412.075339
325.752543,100,1412.292379
412.71811,100,1426.462404
339.8639,100,1426.609964
382.894164,100,1426.7638
423.406112,100,1427.004431
329.120215,100,1427.189659
281.246016,100,1427.362988
423.079284,100,1427.518964
389.792685,100,1427.673213
362.827258,100,1427.827457
279.471036,100,1427.996023
338.073303,100,1438.972064
384.957517,100,1439.182257
443.510342,100,1439.38834
390.7975,100,1439.530263
406.630947,100,1439.697546
359.236195,100,1439.837712
406.877438,100,1439.978495
434.099512,100,1440.126941
336.335577,100,1440.287656
342.777325,100,1440.442737
290.572287,100,1452.383868
342.681402,100,1452.541276
402.525011,100,1452.680278
305.906176,100,1452.819252
357.77435,100,1452.962364
387.099476,100,1453.159044
370.99338,100,1453.357518
302.578977,100,1453.525613
399.62703,100,1453.657898
284.654284,100,1453.79222
421.911622,100,1468.177974
369.795325,100,1468.50113
367.715645,100,1468.813715
370.247591,100,1469.117378
341.035084,100,1469.408595
345.375857,100,1469.649492
377.81723,100,1469.950814
371.829232,100,1470.273898
327.143513,100,1470.560149
343.177972,100,1470.83339
255.222321,100,1484.706956
310.289215,100,1484.883456
344.390104,100,1485.074545
305.222226,100,1485.348037
412.201309,100,1485.552574
337.475405,100,1485.758293
347.815926,100,1485.937274
331.566812,100,1486.117809
321.049555,100,1486.313485
366.517212,100,1486.504143
451.606818,100,1499.961817
386.919985,100,1500.161393
373.755463,100,1500.3845
429.350108,100,1500.601344
380.467327,100,1500.801487
420.787388,100,1500.991075
381.270138,100,1501.265717
323.159038,100,1501.4812
312.247484,100,1501.686849
356.468239,100,1501.861461
420.173019,100,1514.234801
297.996288,100,1514.388413
316.634818,100,1514.541523
332.899012,100,1514.695822
362.191513,100,1514.852911
321.056376,100,1514.99584
313.298279,100,1515.253693
303.487545,100,1515.492685
350.31602,100,1515.656598
436.334011,100,1515.843385
435.245003,100,1528.598045
403.683291,100,1528.762631
436.961745,100,1528.909999
368.203558,100,1529.057292
449.986665,100,1529.320386
336.748736,100,1529.470972
428.59897,100,1529.638781
374.341451,100,1529.778516
361.411947,100,1529.919382
392.989256,100,1530.059382
366.461712,100,1540.512625
325.580811,100,1540.680264
444.082303,100,1540.837409
356.526816,100,1540.983288
362.106395,100,1541.184559
318.736762,100,1541.379806
262.806971,100,1541.539256
298.52546,100,1541.684994
397.704062,100,1541.838788
442.646562,100,1541.983218
312.283535,100,1555.323365
313.313659,100,1555.583581
381.948645,100,1555.764488
384.262306,100,1555.947046
300.959106,100,1556.121507
378.04291,100,1556.2995
370.865714,100,1556.487442
437.767505,100,1556.676863
343.445413,100,1556.842109
301.7865,100,1556.998984
343.165156,100,1568.853729
392.19509,100,1568.995883
375.078829,100,1569.139628
344.57833,100,1569.312562
364.270609,100,1569.555717
382.205607,100,1569.707386
440.852547,100,1569.874361
353.182014,100,1570.028918
358.205731,100,1570.187283
328.44505,100,1570.347343
394.345548,100,1581.300812
361.456805,100,1581.594443
411.775254,100,1581.859872
353.281627,100,1582.163197
374.919187,100,1582.474226
400.600526,100,1582.779013
369.40863,100,1583.087279
329.930039,100,1583.397229
385.180566,100,1583.670277
274.935379,100,1583.936076
419.71217,100,1596.449047
333.453118,100,1596.615401
372.235221,100,1596.792532
302.192994,100,1596.945732
370.418203,100,1597.089865
364.510033,100,1597.238698
319.527489,100,1597.487423
338.281088,100,1597.638562
401.918245,100,1597.823253
342.707957,100,1598.00996
325.524367,100,1611.195747
392.309701,100,1611.357609
303.435231,100,1611.625081
448.769983,100,1611.779201
332.693129,100,1611.948953
326.159619,100,1612.121349
302.746231,100,1612.287365
320.889271,100,1612.448053
402.942189,100,1612.612395
319.393356,100,1612.786535
329.954228,100,1625.242424
382.408141,100,1625.670277
370.013612,100,1626.055356
440.129024,100,1626.477303
359.330384,100,1626.846224
362.317457,100,1627.203918
318.265092,100,1627.544444
301.923835,100,1627.81705
372.414695,100,1628.145838
426.263541,100,1628.499041
365.592699,100,1640.143889
398.167284,100,1640.305367
383.082725,100,1640.460583
416.591778,100,1640.61433
428.874903,100,1640.779312
354.391441,100,1640.933841
362.386312,100,1641.096575
427.485411,100,1641.253645
458.251146,100,1641.464813
344.368782,100,1641.663283
387.355799,100,1654.409212
419.45691,100,1654.710078
330.433465,100,1655.037601
330.684565,100,1655.403299
349.406547,100,1655.743287
309.654327,100,1656.066671
395.015628,100,1656.425366
374.592107,100,1656.774507
331.402428,100,1657.104612
425.30117,100,1657.450636
373.518465,100,1670.876433
382.651204,100,1671.023854
341.710404,100,1671.177026
285.513389,100,1671.322676
302.540644,100,1671.597679
398.877025,100,1671.763638
315.873126,100,1671.936427
295.774354,100,1672.092176
366.086167,100,1672.24477
450.209075,100,1672.391572
354.167184,100,1684.77437
436.586367,100,1684.96865
349.481925,100,1685.162909
399.206898,100,1685.35451
384.733107,100,1685.631257
431.220602,100,1685.818159
369.561516,100,1686.02788
365.308043,100,1686.2146
386.192442,100,1686.416858
374.349028,100,1686.627733
393.903297,100,1698.157374
388.277178,100,1698.313186
408.996547,100,1698.459423
363.635367,100,1698.612391
377.144207,100,1698.759
407.094557,100,1698.900188
364.535338,100,1699.047544
409.765749,100,1699.194539
408.107821,100,1699.340806
421.302404,100,1699.6149
423.433314,100,1710.33517
290.966018,100,1710.51059
403.748383,100,1710.676742
358.615325,100,1710.843409
359.929754,100,1711.003515
333.506919,100,1711.173187
330.394925,100,1711.344404
334.832259,100,1711.517035
331.209976,100,1711.732795
394.18802,100,1711.948483
372.036809,100,1726.418499
351.904699,100,1726.717681
378.36524,100,1727.018838
446.030712,100,1727.324308
355.366793,100,1727.619771
378.527893,100,1727.929509
340.378352,100,1728.190658
333.747259,100,1728.432574
400.662142,100,1728.731169
404.636495,100,1729.023717
340.415587,100,1.643305
272.630757,100,1.793143
379.811416,100,1.953278
430.26613,100,2.123687
338.761859,100,2.274965
385.800791,100,2.427938
348.217714,100,2.634991
329.810056,100,2.865898
302.170512,100,3.034498
400.169033,100,3.206272
400.471775,100,13.982565
404.164882,100,14.128335
432.701028,100,14.277949
388.216738,100,14.421334
328.166946,100,14.557483
360.879255,100,14.694073
340.600372,100,14.871554
289.764306,100,15.102242
403.664701,100,15.250993
357.873134,100,15.412284
363.355679,100,26.381887
379.492734,100,26.530079
397.814869,100,26.681058
342.068931,100,26.846583
421.687223,100,27.095059
321.178702,100,27.250246
334.150297,100,27.41846
371.207636,100,27.572721
343.974227,100,27.728347
375.427424,100,27.893806
420.121013,100,39.289912
397.110845,100,39.46121
321.201803,100,39.609764
355.333741,100,39.765536
347.785606,100,39.924086
373.640176,100,40.083165
401.523879,100,40.236277
368.963457,100,40.388092
351.61763,100,40.538671
399.938743,100,40.70425
360.260208,100,54.519589
311.572187,100,54.696637
351.637522,100,54.951598
401.121444,100,55.209577
375.099978,100,55.419578
381.885242,100,55.606029
367.116062,100,55.763325
457.483573,100,55.93536
348.659224,100,56.104095
390.403036,100,56.265738
342.832389,100,67.275093
340.167469,100,67.440872
385.624884,100,67.585732
374.490739,100,67.73588
334.732681,100,67.885159
382.960703,100,68.053897
341.580812,100,68.208754
411.430806,100,68.35119
391.197331,100,68.495467
333.068507,100,68.653098
366.065337,100,81.937218
448.126084,100,82.249672
352.184687,100,82.554173
302.66803,100,82.853388
322.511356,100,83.190551
375.794895,100,83.487495
369.345026,100,83.812738
341.88202,100,84.149072
362.654574,100,84.459856
365.204318,100,84.76644
361.020878,100,97.952567
401.021283,100,98.134148
364.91487,100,98.295279
412.823179,100,98.4493
335.457477,100,98.610723
372.854401,100,98.744727
459.401954,100,98.889827
354.937431,100,99.046195
293.016725,100,99.312346
391.529735,100,99.507694
319.276753,100,111.659237
362.343884,100,111.805569
414.323077,100,111.966742
441.892995,100,112.123353
389.388705,100,112.287271
347.510938,100,112.429426
393.207158,100,112.57212
431.853627,100,112.71807
384.507871,100,112.869874
441.250805,100,113.022912
388.520091,100,126.177494
425.628969,100,126.351537
362.330916,100,126.522767
349.335022,100,126.690436
305.048029,100,126.86392
421.827558,100,127.034534
421.069983,100,127.319129
392.929201,100,127.507275
356.211252,100,127.706612
387.239014,100,127.878708
404.457104,100,141.009058
392.169083,100,141.256071
330.217034,100,141.410813
445.066527,100,141.584362
328.935878,100,141.727333
345.453174,100,141.880253
438.56588,100,142.026824
389.822949,100,142.182483
336.467568,100,142.323852
390.839152,100,142.470607
277.73783,100,154.738913
405.198746,100,154.930278
364.831852,100,155.182476
421.117017,100,155.415203
368.64064,100,155.614369
310.730252,100,155.822772
382.330445,100,156.028444
414.615567,100,156.253071
357.126505,100,156.453231
426.772078,100,156.649346
378.858635,100,168.516199
266.110692,100,168.694847
324.771285,100,168.8695
380.203465,100,169.05059
461.523074,100,169.342006
342.750835,100,169.544905
320.796025,100,169.716895
368.792345,100,169.882935
330.527737,100,170.056227
433.276333,100,170.229654
330.670164,100,182.45808
284.424136,100,182.601297
430.029031,100,182.741611
284.796306,100,182.893319
366.811319,100,183.04837
355.6952,100,183.316797
245.468772,100,183.471183
325.118943,100,183.646717
367.254524,100,183.80417
346.386615,100,183.967796
320.898655,100,196.525021
396.403788,100,196.886747
380.177472,100,197.2492
356.972381,100,197.54548
355.829984,100,197.899282
309.10599,100,198.26399
371.27729,100,198.620379
468.279585,100,198.971891
382.578733,100,199.329578
417.193506,100,199.650338
456.522454,100,212.97753
366.537377,100,213.346558
343.900748,100,213.623369
351.755311,100,213.913049
431.76559,100,214.071378
386.658396,100,214.216829
415.811622,100,214.376688
303.77858,100,214.516265
442.779893,100,214.662004
398.782698,100,214.814521
390.611315,100,226.78878
347.413272,100,226.971248
342.828663,100,227.22955
358.228836,100,227.434501
370.757632,100,227.626733
330.28189,100,227.789868
349.717897,100,227.966189
320.534428,100,228.140997
376.16705,100,228.318754
269.720109,100,228.48782
391.03803,100,240.036024
297.644663,100,240.186396
296.284262,100,240.338656
358.439133,100,240.477688
379.283237,100,240.616525
351.987072,100,240.752519
289.529808,100,240.901579
379.995546,100,241.049603
310.911474,100,241.333627
322.40577,100,241.505244
353.046776,100,253.246632
463.235444,100,253.515779
339.334292,100,253.82129
379.086638,100,254.121332
354.168211,100,254.413227
396.189931,100,254.70839
341.363275,100,255.022548
381.887984,100,255.341738
287.682777,100,255.565703
393.169459,100,255.861279
331.307389,100,267.761369
289.741446,100,267.930262
319.187852,100,268.095879
337.211371,100,268.255945
393.319305,100,268.404872
341.093159,100,268.553761
406.83908,100,268.700161
341.199816,100,268.838626
315.468926,100,269.00169
385.640253,100,269.227465
422.743631,100,279.723928
411.799025,100,279.952489
413.647999,100,280.108518
395.656377,100,280.273943
341.971176,100,280.414259
378.0893,100,280.558114
371.426288,100,280.705736
407.022154,100,280.866309
349.696305,100,281.021724
372.959371,100,281.177616
385.353367,100,292.506699
460.597074,100,292.651314
302.101408,100,292.791428
363.14277,100,292.943268
360.247475,100,293.089442
326.821416,100,293.227378
389.846885,100,293.37136
362.825363,100,293.513705
385.664883,100,293.688547
402.962613,100,293.92892
380.2614,100,304.914792
357.756441,100,305.133165
372.491166,100,305.32722
370.491506,100,305.539723
423.930127,100,305.829168
387.252288,100,306.064198
383.764509,100,306.30057
362.054095,100,306.500259
400.063221,100,306.702219
402.316371,100,306.912464
363.719748,100,318.528927
408.484317,100,318.710764
422.098864,100,318.890894
392.723021,100,319.08124
390.033452,100,319.274292
395.136272,100,319.445305
366.960865,100,319.630248
339.984774,100,319.894544
452.702151,100,320.075885
430.648347,100,320.266775
375.438464,100,333.160506
428.832395,100,333.325749
335.251373,100,333.491033
344.345063,100,333.668948
399.732114,100,333.958853
394.670661,100,334.152063
347.457115,100,334.368389
360.558971,100,334.54051
381.736282,100,334.71827
418.290862,100,334.902617
307.411199,100,348.733268
331.316971,100,349.018853
305.968535,100,349.210669
329.20559,100,349.384481
420.848185,100,349.556614
304.172008,100,349.733853
325.481645,100,349.914867
346.921872,100,350.085215
335.255858,100,350.251359
336.875366,100,350.431381
329.208785,100,362.260089
392.849376,100,362.409933
445.822198,100,362.555688
320.328775,100,362.698727
302.793843,100,362.966133
388.768501,100,363.128473
426.598702,100,363.309789
298.314282,100,363.465389
389.786863,100,363.62386
367.920326,100,363.774988
307.261775,100,375.699281
350.932649,100,375.846457
413.701687,100,375.996383
350.359786,100,376.154876
463.737512,100,376.303643
417.702821,100,376.450885
338.125099,100,376.597155
360.512569,100,376.737921
356.363961,100,376.980854
435.296428,100,377.139533
421.007695,100,387.904953
339.964604,100,388.063113
396.594041,100,388.219289
282.837221,100,388.369295
392.783632,100,388.523156
426.835263,100,388.687916
415.267209,100,388.921001
384.840677,100,389.124148
388.917919,100,389.301856
338.496343,100,389.465391
415.413633,100,401.254285
384.033628,100,401.443383
335.719698,100,401.61772
432.666284,100,401.788784
379.160072,100,401.982163
409.158543,100,402.168325
418.72859,100,402.351061
421.12825,100,402.524521
335.296354,100,402.710838
370.864162,100,402.992983
288.425693,100,416.315339
402.057691,100,416.499049
386.458179,100,416.677557
358.237445,100,416.968903
330.138515,100,417.165307
428.309776,100,417.386305
384.822479,100,417.579115
345.070695,100,417.778799
348.824606,100,417.986697
406.869131,100,418.185945
470.711702,100,431.713386
314.517545,100,431.911429
448.142846,100,432.126625
457.548336,100,432.320697
422.94694,100,432.522727
333.36279,100,432.710885
370.698835,100,433.014931
373.764822,100,433.2363
396.472972,100,433.432245
356.668762,100,433.635289
311.900019,100,446.541428
423.926775,100,446.689531
398.550864,100,446.917592
457.010604,100,447.104803
409.860916,100,447.276361
333.250566,100,447.437065
355.277738,100,447.588778
391.255409,100,447.741174
394.391473,100,447.901822
374.117324,100,448.091544
328.493905,100,459.733975
410.370262,100,459.888525
300.921586,100,460.052497
397.912828,100,460.203278
353.435093,100,460.350795
364.194166,100,460.503129
396.968449,100,460.65694
392.522857,100,460.868085
426.601811,100,461.094823
335.356062,100,461.297069
451.143453,100,474.961859
300.078291,100,475.208873
325.329602,100,475.498195
361.744546,100,475.7775
375.840873,100,476.061635
296.394702,100,476.341724
305.037594,100,476.615067
393.195636,100,476.813993
341.44276,100,477.06966
294.678605,100,477.259178
363.274347,100,490.562935
428.026914,100,490.734255
334.437968,100,491.008662
321.013406,100,491.18595
330.968156,100,491.370272
375.257964,100,491.535723
311.474315,100,491.697208
371.037288,100,491.86405
320.298111,100,492.040668
306.584525,100,492.210715
388.923298,100,503.26801
318.047864,100,503.409131
355.047015,100,503.550462
405.294045,100,503.69385
460.107063,100,503.912426
387.728582,100,504.097148
340.467957,100,504.268184
401.321849,100,504.414241
379.28732,100,504.556124
349.482699,100,504.698584
332.923113,100,519.119378
402.292507,100,519.401581
383.31033,100,519.720599
391.897457,100,520.029176
418.313314,100,520.337605
447.066017,100,520.650641
360.510126,100,520.964506
295.824237,100,521.207993
397.617553,100,521.48456
439.824668,100,521.79775
290.340236,100,534.061144
351.825927,100,534.211775
363.350021,100,534.364784
335.692019,100,534.506375
335.080208,100,534.642053
349.410567,100,534.814215
370.493467,100,535.031731
388.209609,100,535.188288
362.480741,100,535.348658
435.395389,100,535.489234
344.38114,100,547.213862
384.410112,100,547.412294
334.403908,100,547.580364
391.569119,100,547.768358
250.319984,100,547.988222
365.684516,100,548.221387
403.360661,100,548.444965
383.614412,100,548.667021
284.757603,100,548.941073
421.698012,100,549.228076
422.075865,100,560.608291
415.690614,100,560.816335
318.910089,100,561.072054
441.381754,100,561.254946
447.77638,100,561.433009
384.722666,100,561.608553
353.995504,100,561.795968
360.123468,100,561.994567
336.717869,100,562.19219
380.457239,100,562.362725
311.281819,100,573.117261
419.296511,100,573.272253
311.991581,100,573.434235
411.588244,100,573.585724
380.144042,100,573.741154
364.295468,100,573.897909
376.374116,100,574.059642
302.408237,100,574.211817
361.309817,100,574.363719
353.051475,100,574.510606
339.489226,100,587.767979
350.783382,100,587.917822
350.028165,100,588.084047
351.781394,100,588.240206
350.175319,100,588.379769
370.773961,100,588.520026
319.836424,100,588.66266
390.840762,100,588.804936
381.256611,100,589.041797
407.034648,100,589.210626
403.976649,100,599.910172
373.383979,100,600.086575
433.682204,100,600.230739
382.870629,100,600.375815
403.051445,100,600.522265
421.436875,100,600.679633
301.709792,100,600.832221
378.672853,100,601.100318
324.911225,100,601.245914
338.667289,100,601.420281
368.929519,100,613.787859
345.992071,100,613.944782
413.933773,100,614.107716
363.03167,100,614.267966
348.336652,100,614.431512
348.002809,100,614.582926
440.237414,100,614.729891
321.754782,100,614.929244
347.726543,100,615.176077
380.252925,100,615.339894
346.894633,100,628.344873
408.736209,100,628.485469
336.381925,100,628.6314
368.1081,100,628.769502
392.987211,100,628.96895
337.750755,100,629.154478
381.533543,100,629.387987
341.132909,100,629.556989
377.31319,100,629.697639
374.382365,100,629.851756
350.609914,100,641.663492
339.840448,100,641.832844
442.559362,100,642.022392
312.029356,100,642.199686
389.570018,100,642.370693
442.094061,100,642.543832
380.629238,100,642.726094
426.683955,100,642.963382
384.495607,100,643.190782
318.725134,100,643.36693
449.045175,100,657.500823
296.348912,100,657.677828
364.111116,100,657.830702
410.122261,100,657.985078
373.132177,100,658.148543
339.130784,100,658.310764
333.148342,100,658.460929
410.278378,100,658.620375
332.470363,100,658.771541
448.742829,100,658.984881
306.849142,100,671.499
315.771886,100,671.665694
309.427081,100,671.841291
351.917213,100,672.027138
344.755578,100,672.211226
365.490715,100,672.390266
365.2523,100,672.558619
393.4496,100,672.734777
357.967611,100,672.952125
318.407799,100,673.198232
339.109546,100,687.437791
351.098578,100,687.615731
317.39711,100,687.803745
387.107726,100,687.981802
324.781791,100,688.172712
372.225739,100,688.359165
329.661606,100,688.537204
336.074752,100,688.711719
308.925907,100,688.912809
368.219283,100,689.191702
394.064682,100,701.582993
376.314706,100,701.746668
432.391415,100,701.891626
397.480477,100,702.038334
354.739807,100,702.191822
358.277546,100,702.345453
339.43592,100,702.493696
363.756615,100,702.64695
341.444974,100,702.797289
331.853992,100,702.965127
298.916443,100,715.293725
376.882268,100,715.445531
330.672753,100,715.594584
416.480155,100,715.841735
354.219816,100,715.986343
369.24079,100,716.166425
297.580158,100,716.315271
387.105861,100,716.476757
376.305033,100,716.642899
460.507415,100,716.806509
328.252658,100,731.26522
391.750304,100,731.452854
309.115037,100,731.625587
315.959034,100,731.789986
327.240654,100,731.962759
361.17818,100,732.137656
449.03754,100,732.390227
397.977341,100,732.580684
399.202863,100,732.772868
413.712235,100,732.952708
421.443245,100,743.746392
434.902609,100,743.891175
418.669381,100,744.050353
320.441141,100,744.224052
344.817287,100,744.450543
306.399185,100,744.604306
350.347941,100,744.783513
339.745243,100,744.939178
387.146735,100,745.088401
354.637786,100,745.235758
311.986859,100,756.682293
382.863936,100,756.848245
386.298132,100,756.992174
400.933928,100,757.148303
311.36311,100,757.290552
376.415754,100,757.446688
341.367676,100,757.59463
326.724236,100,757.749557
362.747506,100,757.904037
413.726551,100,758.06993
340.292699,100,773.151739
422.212958,100,773.385641
359.65043,100,773.603216
405.940813,100,773.80731
367.022129,100,774.037572
440.836376,100,774.291389
378.842247,100,774.562703
397.814089,100,774.79867
332.734941,100,775.003836
377.505423,100,775.220595
371.50951,100,787.425787
347.888567,100,787.572124
387.648717,100,787.710709
353.217459,100,787.85645
351.933542,100,788.000656
465.292689,100,788.160061
437.610182,100,788.429565
333.455622,100,788.61229
392.092517,100,788.820399
258.172454,100,788.998998
414.377847,100,799.885399
407.295639,100,800.031019
409.732748,100,800.166295
370.784399,100,800.306281
260.568909,100,800.546905
430.433264,100,800.697758
383.20376,100,800.867284
369.036571,100,801.022334
322.072078,100,801.165208
351.30621,100,801.303847
374.794918,100,813.375804
311.710857,100,813.522788
369.957227,100,813.682592
382.593361,100,813.830029
401.932373,100,813.976266
395.725146,100,814.119018
358.922065,100,814.25866
425.701813,100,814.461262
368.976086,100,814.630025
314.183161,100,814.814328
435.484685,100,827.640078
350.279847,100,827.808471
371.564756,100,827.975291
427.108685,100,828.144029
352.147063,100,828.297324
333.441358,100,828.452226
360.880475,100,828.618693
396.898534,100,828.768726
415.4489,100,828.918364
450.166146,100,829.071882
332.912194,100,840.608982
357.076313,100,840.758799
331.813012,100,840.91092
409.661132,100,841.074261
339.008637,100,841.236798
307.517926,100,841.506339
433.41867,100,841.713654
289.515136,100,841.90986
397.077615,100,842.092978
289.316945,100,842.248473
322.209687,100,857.282667
315.973897,100,857.553986
366.967853,100,857.746831
395.44383,100,857.939183
321.044045,100,858.15248
317.014164,100,858.333358
404.369991,100,858.506482
311.687359,100,858.680074
400.064281,100,858.855622
354.144383,100,859.02618
402.562603,100,870.57874
388.686474,100,870.756649
437.732749,100,870.947776
369.325644,100,871.127132
360.31301,100,871.295877
424.691919,100,871.465016
372.093532,100,871.726692
365.195801,100,871.906704
390.280413,100,872.115249
314.135167,100,872.283372
390.867385,100,885.316171
367.165549,100,885.452143
333.748826,100,885.709117
409.945452,100,885.87283
326.27754,100,886.037709
371.399161,100,886.192546
293.135745,100,886.339123
296.530472,100,886.480477
380.963876,100,886.638684
329.760043,100,886.784338
394.935549,100,899.043437
314.995447,100,899.182928
334.627078,100,899.326865
325.146757,100,899.463674
318.32406,100,899.718912
457.860856,100,899.871856
331.439967,100,900.053162
331.765261,100,900.19896
415.423753,100,900.341807
352.800883,100,900.48529
373.714647,100,914.957633
286.120369,100,915.136265
309.841996,100,915.294483
381.772772,100,915.460371
344.561526,100,915.623475
358.260161,100,915.895085
305.334786,100,916.05033
388.027697,100,916.220365
347.978569,100,916.366855
392.066023,100,916.512627
288.27725,100,928.318378
329.17111,100,928.47385
409.372995,100,928.6283
392.980713,100,928.786256
313.539245,100,928.943687
361.228068,100,929.104838
338.350002,100,929.266828
401.09114,100,929.426336
401.926685,100,929.576299
295.535994,100,929.769162
403.478219,100,941.187308
393.048707,100,941.328538
318.738604,100,941.467952
417.748671,100,941.611144
388.239056,100,941.846825
312.220136,100,942.016238
336.42156,100,942.260991
424.293805,100,942.421544
344.947756,100,942.582707
353.316232,100,942.745209
380.64858,100,954.879725
402.37295,100,955.058501
406.710641,100,955.224028
327.932527,100,955.37584
329.168806,100,955.521002
428.6037,100,955.684605
386.251748,100,955.888937
443.338644,100,956.120561
331.936516,100,956.290913
381.707912,100,956.476887
324.570287,100,967.680201
352.48871,100,967.826098
403.212054,100,967.973817
342.504002,100,968.204863
367.308275,100,968.404247
405.660154,100,968.550003
302.273935,100,968.715535
359.900046,100,968.866085
417.175719,100,969.019017
415.70367,100,969.170999
321.400807,100,979.93908
397.186693,100,980.168856
346.267921,100,980.396938
319.403413,100,980.572261
403.078751,100,980.753642
429.035438,100,980.929676
357.65569,100,981.105356
324.684088,100,981.278239
374.626085,100,981.449632
393.975282,100,981.619072
372.851996,100,993.365669
415.503561,100,993.514727
339.869455,100,993.66512
364.32304,100,993.832047
424.109854,100,994.000923
331.060912,100,994.254102
332.509775,100,994.422785
451.977228,100,994.585519
379.745232,100,994.75349
329.303507,100,994.904956
362.760878,100,1007.782903
379.773322,100,1007.925812
330.588142,100,1008.096976
327.087335,100,1008.352836
420.860825,100,1008.543015
352.208666,100,1008.722716
338.753916,100,1008.893525
355.950345,100,1009.055975
408.178725,100,1009.232387
342.179259,100,1009.385755
337.719666,100,1021.046581
354.374156,100,1021.232789
335.735024,100,1021.424598
386.308477,100,1021.616724
408.89491,100,1021.794044
339.783886,100,1021.969915
340.841614,100,1022.208927
405.814676,100,1022.416531
370.73701,100,1022.624245
365.807709,100,1022.786048
343.067984,100,1035.659979
332.381753,100,1035.797806
417.402775,100,1035.936449
316.257397,100,1036.100166
363.321379,100,1036.338881
336.557402,100,1036.496948
340.311727,100,1036.674047
348.908452,100,1036.826434
342.862081,100,1036.982216
325.741665,100,1037.142718
320.258355,100,1049.542553
344.292377,100,1049.688003
333.740562,100,1049.851896
389.182554,100,1050.014928
277.303968,100,1050.163594
449.749376,100,1050.397863
338.646688,100,1050.562008
360.51169,100,1050.735701
361.005032,100,1050.88715
327.466097,100,1051.046525
408.238052,100,1069.553699
353.217155,100,1069.719365
318.869409,100,1069.882092
398.990367,100,1070.047359
327.170035,100,1070.206795
360.633918,100,1070.41894
326.943558,100,1070.614232
373.944263,100,1070.769585
378.786403,100,1070.948502
316.256977,100,1071.118752
352.427938,100,1087.558292
361.109391,100,1087.707647
344.008299,100,1087.863846
373.447972,100,1088.032489
343.185742,100,1088.190485
346.746643,100,1088.398374
346.390061,100,1088.601871
377.375895,100,1088.762464
337.514917,100,1088.923458
394.233382,100,1089.080676
310.008962,100,1101.519076
299.849539,100,1101.808542
363.619604,100,1102.114885
425.777731,100,1102.419377
330.060854,100,1102.670135
407.239234,100,1102.945476
349.987192,100,1103.252493
390.855609,100,1103.540096
350.858177,100,1103.829173
419.571734,100,1104.137994
380.894108,100,1116.105563
425.537463,100,1116.267369
339.718218,100,1116.528936
414.435991,100,1116.681971
396.855923,100,1116.854991
380.427311,100,1117.021328
294.715725,100,1117.179261
330.672886,100,1117.318793
369.025417,100,1117.469139
304.095294,100,1117.618988
285.034349,100,1128.910744
358.232015,100,1129.067773
393.939626,100,1129.214214
387.830672,100,1129.372017
424.834236,100,1129.520756
388.549073,100,1129.670145
319.70695,100,1129.809463
365.499042,100,1129.958291
338.414261,100,1130.106489
342.841859,100,1130.287696
350.371291,100,1145.267228
289.699339,100,1145.447774
294.83159,100,1145.654315
382.664857,100,1145.824323
282.008089,100,1146.001321
446.406809,100,1146.175718
350.030466,100,1146.333921
340.746254,100,1146.495974
306.263365,100,1146.663319
325.580805,100,1146.922664
272.99042,100,1158.848853
397.03712,100,1159.030119
384.457793,100,1159.193997
335.461895,100,1159.36789
280.558511,100,1159.526193
353.378547,100,1159.68804
389.861005,100,1159.834152
400.881399,100,1160.00931
334.6749,100,1160.179639
383.440905,100,1160.35008
358.787687,100,1173.775098
458.010475,100,1173.940861
287.74717,100,1174.114328
421.443431,100,1174.268746
351.326127,100,1174.424132
440.84726,100,1174.581457
354.766545,100,1174.806449
321.805463,100,1175.033061
383.377217,100,1175.205623
429.806276,100,1175.383862
347.921849,100,1188.244563
340.15558,100,1188.401103
356.557234,100,1188.55927
433.977298,100,1188.758383
374.274934,100,1188.990913
442.89269,100,1189.147529
415.167858,100,1189.313047
360.130928,100,1189.461112
343.812719,100,1189.613916
360.696171,100,1189.766967
358.503936,100,1202.407213
344.390983,100,1202.709769
347.340959,100,1203.027328
363.137705,100,1203.255978
281.744677,100,1203.53925
423.97429,100,1203.849946
439.270202,100,1204.168569
261.563141,100,1204.480771
338.494617,100,1204.784095
327.993117,100,1205.064393
340.524429,100,1216.615657
385.522449,100,1216.781835
302.490599,100,1217.045464
354.849928,100,1217.194715
432.920525,100,1217.369316
322.530678,100,1217.521007
382.794652,100,1217.68031
354.890021,100,1217.83801
385.724609,100,1218.004618
414.675406,100,1218.167258
423.839256,100,1229.848525
329.414324,100,1230.031632
370.159614,100,1230.2099
350.607818,100,1230.371596
364.407927,100,1230.534837
310.560795,100,1230.702996
317.308664,100,1230.930785
422.360651,100,1231.153886
358.923092,100,1231.329032
342.548346,100,1231.513747
387.40709,100,1243.049119
361.843488,100,1243.288576
368.336848,100,1243.467239
348.894162,100,1243.656593
322.883689,100,1243.836438
422.302624,100,1244.013301
375.459286,100,1244.184269
407.696778,100,1244.343246
286.100701,100,1244.504369
318.345582,100,1244.670282
405.552652,100,1256.901263
355.869553,100,1257.047815
439.907835,100,1257.254313
361.885283,100,1257.463965
336.244635,100,1257.628643
286.193056,100,1257.810242
456.103672,100,1257.957131
402.530379,100,1258.124378
314.19186,100,1258.308132
315.158033,100,1258.462165
284.382004,100,1269.024928
335.114838,100,1269.261123
291.793426,100,1269.530671
358.510183,100,1269.811272
350.182781,100,1270.129238
359.874613,100,1270.443027
427.223735,100,1270.760576
402.524307,100,1271.073586
387.726406,100,1271.387353
336.519653,100,1271.659805
354.42762,100,1285.03862
372.696027,100,1285.216026
354.748642,100,1285.426294
415.204435,100,1285.581925
347.203931,100,1285.763513
367.510266,100,1285.907995
348.697289,100,1286.051399
330.949284,100,1286.201976
315.467408,100,1286.366942
367.545437,100,1286.503347
328.039557,100,1299.792972
313.799325,100,1299.972739
368.690532,100,1300.166067
317.204686,100,1300.353674
331.738611,100,1300.539259
300.669314,100,1300.724645
255.468944,100,1300.91597
290.86712,100,1301.10742
292.667654,100,1301.384031
324.985914,100,1301.561546
366.631959,100,1314.002279
372.362168,100,1314.178084
384.097168,100,1314.355635
350.656357,100,1314.514796
405.152508,100,1314.669372
312.503397,100,1314.818
285.751856,100,1314.976649
342.481369,100,1315.132798
354.681924,100,1315.384149
322.484162,100,1315.55274
314.191204,100,1326.066839
421.559131,100,1326.21895
356.676988,100,1326.376191
270.247377,100,1326.540153
392.858208,100,1326.69986
318.22334,100,1326.858178
380.818575,100,1327.017388
293.123268,100,1327.195507
414.703009,100,1327.432735
325.383485,100,1327.586004
425.145586,100,1340.280265
388.767009,100,1340.461829
429.94923,100,1340.640914
390.933154,100,1340.822826
386.597102,100,1340.996854
299.774099,100,1341.177466
295.494737,100,1341.443921
353.453349,100,1341.615236
417.801992,100,1341.803753
235.820537,100,1341.980501
382.904064,100,1354.25256
437.294528,100,1354.404757
365.126017,100,1354.561497
380.177347,100,1354.712289
345.544171,100,1354.864791
378.138349,100,1355.015896
420.512162,100,1355.181731
403.199368,100,1355.435534
349.77653,100,1355.619206
359.131396,100,1355.799516
328.158673,100,1367.019066
284.561909,100,1367.161277
358.058231,100,1367.298691
306.731706,100,1367.458154
345.349307,100,1367.713272
385.530106,100,1367.877007
367.716029,100,1368.062727
327.182584,100,1368.238637
340.491255,100,1368.395502
329.457408,100,1368.559515
330.505838,100,1380.05911
423.252283,100,1380.234525
289.067708,100,1380.39089
380.653203,100,1380.540632
257.540323,100,1380.710471
414.350263,100,1380.881815
412.560894,100,1381.06948
346.954929,100,1381.250112
327.54793,100,1381.428903
333.564574,100,1381.719873
331.337902,100,1392.891826
384.325167,100,1393.04056
317.251183,100,1393.187045
290.847262,100,1393.327681
323.482034,100,1393.472229
353.498048,100,1393.750967
325.909537,100,1393.91161
375.785455,100,1394.092604
316.748068,100,1394.235479
362.153556,100,1394.381154
414.145227,100,1405.550044
371.716855,100,1405.81526
405.092852,100,1405.964745
391.798965,100,1406.141364
379.780622,100,1406.2937
390.963358,100,1406.454262
303.704579,100,1406.597131
283.993959,100,1406.751164
321.621794,100,1406.912159
338.138918,100,1407.067782
358.29776,100,1417.949122
330.450273,100,1418.107575
381.344633,100,1418.303972
326.31856,100,1418.452468
359.150095,100,1418.611741
382.26438,100,1418.772089
302.651205,100,1418.940514
317.237242,100,1419.105537
345.915689,100,1419.284199
350.681486,100,1419.446609
363.907706,100,1430.864585
313.465193,100,1431.023939
298.965499,100,1431.172401
368.023784,100,1431.323775
429.881337,100,1431.47363
289.825812,100,1431.65923
413.895209,100,1431.936542
317.279308,100,1432.104463
308.967415,100,1432.292601
307.398615,100,1432.44312
400.610978,100,1444.801883
327.265073,100,1444.997554
377.68572,100,1445.178072
412.22635,100,1445.372649
315.513995,100,1445.561208
290.644667,100,1445.857318
405.282683,100,1446.034458
359.603067,100,1446.213469
358.954018,100,1446.37351
280.344374,100,1446.539277
313.235617,100,1458.275751
370.635726,100,1458.425408
432.605767,100,1458.578893
379.587958,100,1458.726113
406.501423,100,1458.880537
341.897884,100,1459.027822
411.901353,100,1459.17088
434.858611,100,1459.317946
340.697154,100,1459.450995
351.888337,100,1459.599995
290.537312,100,1471.283701
333.59727,100,1471.432429
394.836389,100,1471.57473
309.313433,100,1471.822255
340.282174,100,1471.976694
390.370489,100,1472.150547
363.561759,100,1472.312979
303.313936,100,1472.475873
402.611441,100,1472.639131
304.055226,100,1472.806567
422.247746,100,1487.288771
357.33028,100,1487.431083
357.822611,100,1487.577182
371.295955,100,1487.815136
333.161384,100,1487.990029
347.145066,100,1488.196666
377.105622,100,1488.35977
369.060241,100,1488.514462
333.530537,100,1488.664937
341.190878,100,1488.824932
269.437589,100,1501.231483
315.366495,100,1501.398232
328.749005,100,1501.540819
295.722427,100,1501.733228
385.244589,100,1501.937993
354.250481,100,1502.119827
339.976976,100,1502.267334
329.031317,100,1502.412838
335.948693,100,1502.561815
345.843251,100,1502.716188
442.833082,100,1514.543787
372.530095,100,1514.706005
364.126797,100,1514.859791
425.224803,100,1515.023614
396.346305,100,1515.18498
420.263204,100,1515.338881
380.55818,100,1515.486548
300.263274,100,1515.631902
311.624304,100,1515.779165
367.033594,100,1515.937935
398.222243,100,1527.587206
307.46548,100,1527.756205
289.710867,100,1527.92632
335.471312,100,1528.10892
355.159989,100,1528.279619
335.577585,100,1528.489964
287.281638,100,1528.745642
276.488152,100,1528.945425
346.216674,100,1529.116615
423.949941,100,1529.285248
426.097136,100,1542.603872
389.374533,100,1542.821097
432.033485,100,1543.035245
371.76713,100,1543.213679
441.441422,100,1543.389238
351.015183,100,1543.563596
414.469363,100,1543.741162
369.34674,100,1543.948122
356.098127,100,1544.136649
386.161637,100,1544.308798
360.288382,100,1557.780677
318.90331,100,1557.957894
436.094933,100,1558.144915
330.626344,100,1558.320208
363.05552,100,1558.548153
296.794168,100,1558.751497
262.614116,100,1558.917899
312.898753,100,1559.089117
396.082683,100,1559.238524
438.030951,100,1559.395426
296.420008,100,1571.810648
296.606432,100,1571.975828
366.908909,100,1572.152807
348.870285,100,1572.328041
286.394666,100,1572.493277
364.222841,100,1572.740796
358.067803,100,1572.925137
440.313292,100,1573.121183
332.620363,100,1573.295259
291.728612,100,1573.462512
333.758599,100,1584.603213
378.375024,100,1584.865792
351.114726,100,1585.03562
327.743562,100,1585.225734
355.243244,100,1585.377444
362.40623,100,1585.53637
422.092834,100,1585.701063
339.454503,100,1585.870567
357.695907,100,1586.050755
303.294705,100,1586.227198
397.244454,100,1597.802563
335.618756,100,1597.980197
401.357729,100,1598.176864
369.437832,100,1598.338583
395.556384,100,1598.495722
355.073748,100,1598.743186
367.155617,100,1598.935756
313.650912,100,1599.094804
362.696283,100,1599.273896
279.921149,100,1599.423968
435.254278,100,1610.551366
295.189114,100,1610.810725
371.207437,100,1610.987374
277.474309,100,1611.178675
356.503454,100,1611.336239
343.548028,100,1611.490771
315.080927,100,1611.667963
324.438068,100,1611.840555
410.69592,100,1612.004587
342.900149,100,1612.166857
346.492578,100,1624.234569
398.103371,100,1624.386248
295.989755,100,1624.53481
447.912021,100,1624.676256
327.068508,100,1624.861778
317.566668,100,1625.095935
282.473898,100,1625.263152
328.210203,100,1625.432719
384.577591,100,1625.587565
310.833192,100,1625.733079
314.537131,100,1637.703546
367.47177,100,1637.867614
382.135878,100,1638.047599
434.13582,100,1638.236644
356.383568,100,1638.398916
349.724216,100,1638.582765
288.931674,100,1638.74237
298.388373,100,1638.996095
347.954117,100,1639.162258
436.675156,100,1639.346369
383.962438,100,1651.296378
363.814988,100,1651.50146
382.289764,100,1651.688812
420.356671,100,1651.88378
424.236302,100,1652.078215
348.451529,100,1652.264021
354.892982,100,1652.440204
416.447104,100,1652.618257
436.333078,100,1652.799997
322.811536,100,1653.074064
378.473945,100,1665.691764
393.827363,100,1665.870933
335.940191,100,1666.040319
326.374625,100,1666.208293
339.340643,100,1666.365181
321.944549,100,1666.526879
367.161449,100,1666.694016
363.357011,100,1666.909366
318.699004,100,1667.126184
415.529592,100,1667.285597
389.286584,100,1683.197395
384.838906,100,1683.460315
343.398617,100,1683.69506
293.189881,100,1683.986643
299.442237,100,1684.293977
394.439975,100,1684.599766
296.213846,100,1684.910647
289.097756,100,1685.224226
355.161632,100,1685.545367
448.18018,100,1685.812485
342.800638,100,1698.483762
421.049737,100,1698.669918
356.288914,100,1698.857728
386.909772,100,1699.058683
371.343298,100,1699.247291
421.551039,100,1699.424131
345.286944,100,1699.606597
332.62193,100,1699.888305
405.50917,100,1700.070632
356.026405,100,1700.260364
373.553853,100,1712.22509
375.925758,100,1712.400043
399.595636,100,1712.572119
331.368984,100,1712.74555
366.59467,100,1712.93573
392.716906,100,1713.124988
347.048976,100,1713.298895
398.942779,100,1713.480659
390.329192,100,1713.658826
401.96449,100,1713.931856
432.148315,100,1725.513668
291.000371,100,1725.739363
387.826959,100,1725.99642
351.020617,100,1726.201967
380.881254,100,1726.373322
331.789927,100,1726.553484
316.803101,100,1726.74011
332.810411,100,1726.92432
326.041613,100,1727.097538
381.382999,100,1727.27457
371.003081,100,1739.199686
343.270901,100,1739.339651
362.409014,100,1739.476502
435.970578,100,1739.616424
352.418813,100,1739.849645
375.530032,100,1740.082466
324.748473,100,1740.245052
310.725951,100,1740.406713
403.807629,100,1740.561372
408.160279,100,1740.715497
