#{"t_start": 1784411697.6606822, "env_id": "None"}
r,l,t
103.933143,100,1.511469
190.100383,100,1.651475
93.411984,100,1.839498
134.340655,100,2.053265
185.618442,100,2.320069
155.366965,100,2.486194
126.027681,100,2.660236
255.264754,100,2.825393
153.31714,100,2.992442
187.980293,100,3.146765
181.759429,100,14.74137
212.13113,100,14.912592
158.979042,100,15.0683
204.763802,100,15.236587
141.182589,100,15.396504
170.991554,100,15.543654
166.76608,100,15.702852
168.611454,100,15.850209
182.867341,100,16.011802
145.581055,100,16.164349
147.400604,100,28.201942
159.363732,100,28.376972
233.067467,100,28.614253
165.125411,100,28.803331
155.601862,100,28.974442
199.307385,100,29.146905
241.544243,100,29.305637
198.379624,100,29.455031
193.322761,100,29.611548
199.920584,100,29.788723
215.241532,100,41.132776
193.794742,100,41.3014
153.410789,100,41.453349
188.468078,100,41.617845
193.24077,100,41.7889
186.529077,100,41.959201
179.845338,100,42.109228
232.094729,100,42.263008
173.937926,100,42.414637
212.311199,100,42.655669
273.139428,100,53.869965
209.571544,100,54.239438
196.926591,100,54.61098
223.558251,100,54.795481
229.519454,100,54.959192
187.50514,100,55.112751
194.570735,100,55.25353
150.231581,100,55.403341
190.778337,100,55.557229
218.750616,100,55.736934
162.073397,100,67.64817
234.062997,100,67.895412
171.031532,100,68.136241
191.546427,100,68.363651
228.004987,100,68.680424
223.920357,100,68.899819
128.980181,100,69.102036
170.528761,100,69.312574
162.026165,100,69.516803
240.0499,100,69.73451
231.97342,100,83.284783
101.907044,100,83.482528
176.842951,100,83.69344
216.353192,100,83.921614
132.426812,100,84.111865
220.58114,100,84.308638
166.184589,100,84.549691
159.71997,100,84.830034
223.361733,100,85.062825
204.905988,100,85.263212
246.313728,100,98.094135
222.914835,100,98.414762
216.052236,100,98.736998
233.35874,100,98.99295
234.381437,100,99.299339
169.188789,100,99.607187
241.928361,100,99.917369
191.156416,100,100.220663
193.146698,100,100.527657
173.112037,100,100.819609
188.425786,100,111.991619
228.800506,100,112.160354
178.358216,100,112.328026
186.892034,100,112.508129
199.936965,100,112.781866
228.23618,100,112.930923
174.301968,100,113.101858
206.861684,100,113.265284
241.499854,100,113.423066
245.76755,100,113.571375
201.49218,100,125.993124
160.761967,100,126.309543
205.567194,100,126.636701
174.2899,100,126.914429
272.951423,100,127.185244
199.994258,100,127.487572
227.617873,100,127.793776
168.883132,100,127.990745
266.003635,100,128.166447
247.034352,100,128.332713
167.036424,100,142.353244
253.957988,100,142.520302
194.329385,100,142.672822
223.391747,100,142.920472
244.239253,100,143.079959
243.869103,100,143.257412
249.095226,100,143.437308
270.816612,100,143.596977
166.020651,100,143.752388
230.497575,100,143.913272
206.12557,100,157.167392
195.484127,100,157.361806
203.191288,100,157.502322
224.37061,100,157.645647
196.216535,100,157.807346
274.110994,100,157.961914
242.287356,100,158.124178
198.213668,100,158.285908
207.351946,100,158.437763
216.959914,100,158.593503
234.153129,100,171.767322
197.794591,100,171.987048
173.716117,100,172.208811
268.245785,100,172.411475
231.585539,100,172.612271
268.21947,100,172.847623
159.934277,100,173.085636
191.484637,100,173.309571
218.919693,100,173.493764
176.628223,100,173.68088
291.718553,100,189.247427
278.719505,100,189.428007
229.275444,100,189.594271
210.755421,100,189.794813
265.217696,100,189.97238
202.903353,100,190.176975
189.517827,100,190.365626
194.040216,100,190.55175
186.037227,100,190.724813
220.900009,100,191.034724
269.247061,100,206.884013
202.317419,100,207.050886
133.466411,100,207.3923
240.848908,100,207.744129
271.703598,100,208.129999
246.124114,100,208.519521
274.166385,100,208.906313
234.735611,100,209.306194
231.910391,100,209.650404
235.384995,100,209.955453
276.948543,100,223.923946
295.301235,100,224.287216
225.035911,100,224.648644
204.099729,100,225.023995
203.471927,100,225.370831
211.405082,100,225.693805
244.960409,100,225.886039
255.656014,100,226.043435
201.790246,100,226.193578
227.342884,100,226.345341
224.996492,100,237.789904
209.698618,100,237.953722
213.17256,100,238.11227
204.802679,100,238.266416
240.272753,100,238.433373
252.391115,100,238.598012
245.79078,100,238.762259
276.604364,100,238.935543
318.737806,100,239.09488
233.556362,100,239.36933
235.843624,100,252.231639
241.495864,100,252.393374
234.867045,100,252.554578
212.47442,100,252.709834
241.838457,100,252.883437
254.316515,100,253.049447
226.8368,100,253.281943
187.657674,100,253.473731
251.806615,100,253.6514
242.980782,100,253.818034
283.747352,100,265.101067
228.778049,100,265.366194
297.325889,100,265.542867
263.91544,100,265.718549
289.263333,100,265.865006
245.047725,100,266.005907
262.601915,100,266.150949
212.613039,100,266.300245
277.233937,100,266.444672
236.913105,100,266.588273
224.687761,100,279.808529
300.45703,100,279.986832
205.23753,100,280.154225
285.601823,100,280.330521
312.562552,100,280.498823
250.222371,100,280.664642
253.679334,100,280.850255
265.115098,100,281.024826
220.118944,100,281.250947
216.105321,100,281.487373
204.44107,100,295.093915
218.347581,100,295.283437
292.219992,100,295.601358
224.005815,100,295.846154
336.373163,100,296.064572
204.215218,100,296.270059
240.270522,100,296.464609
272.825681,100,296.652796
283.239621,100,296.824642
247.744224,100,296.999396
252.79734,100,309.639426
179.693132,100,309.818844
256.144213,100,309.966584
280.325437,100,310.120126
200.752024,100,310.263932
241.826062,100,310.416272
235.989899,100,310.568892
199.870543,100,310.723908
188.557876,100,310.879795
260.232364,100,311.033364
259.873263,100,322.212964
228.562543,100,322.364903
225.582766,100,322.52547
289.057081,100,322.677354
229.019507,100,322.844592
285.79288,100,323.00254
228.832138,100,323.175713
197.423014,100,323.344775
258.061786,100,323.605178
257.203274,100,323.774607
275.742763,100,335.928684
262.801348,100,336.078917
210.179153,100,336.226825
228.993974,100,336.383125
253.533261,100,336.542864
223.413516,100,336.719294
280.507201,100,336.882816
230.455916,100,337.043065
194.399113,100,337.20219
254.841643,100,337.407787
235.650102,100,352.077515
183.497946,100,352.235805
221.152402,100,352.40456
308.149004,100,352.558942
301.740493,100,352.706974
300.153589,100,352.861932
265.054226,100,353.014293
267.36963,100,353.173352
287.647602,100,353.314857
201.06267,100,353.46254
285.57166,100,364.959594
296.714626,100,365.125911
249.534943,100,365.281954
195.52485,100,365.428473
273.083612,100,365.568772
289.006956,100,365.718573
265.423245,100,365.975223
279.975897,100,366.15238
288.399223,100,366.323621
237.537025,100,366.480011
331.550678,100,378.271219
256.800323,100,378.466534
299.991855,100,378.652721
241.160444,100,378.854551
268.394199,100,379.029437
206.150137,100,379.180819
240.323978,100,379.349504
236.168925,100,379.50623
297.525172,100,379.682542
245.9869,100,379.921157
305.600816,100,393.612537
194.330698,100,393.990652
248.781894,100,394.286385
293.042996,100,394.667446
183.231705,100,395.038504
223.823062,100,395.395745
306.381972,100,395.770925
214.960213,100,396.153358
261.268838,100,396.447754
253.857868,100,396.636989
228.035249,100,409.330787
241.491895,100,409.719385
287.214689,100,410.098899
243.395246,100,410.452653
254.058601,100,410.871664
320.345745,100,411.197134
269.514101,100,411.523551
275.623423,100,411.84888
159.730333,100,412.167611
242.759749,100,412.435042
212.622735,100,427.339289
252.56559,100,427.50384
282.92299,100,427.689903
283.002125,100,427.894617
199.425735,100,428.21038
358.816494,100,428.408934
280.066661,100,428.592517
278.099255,100,428.775332
316.176953,100,428.959459
338.289687,100,429.146566
279.333981,100,440.852409
310.088922,100,441.008602
304.078816,100,441.157307
295.237199,100,441.307203
339.116479,100,441.45072
284.148279,100,441.597874
280.920299,100,441.750036
277.056999,100,441.910012
265.439196,100,442.188105
267.643235,100,442.352349
290.194339,100,454.398949
296.082948,100,454.590002
285.417361,100,454.771005
314.893228,100,454.926434
258.318814,100,455.067193
216.046727,100,455.227759
190.450734,100,455.388109
280.937397,100,455.562866
339.917675,100,455.729313
288.017138,100,455.879884
216.359805,100,467.31381
257.127983,100,467.507043
242.808715,100,467.712684
226.697379,100,467.895432
317.983955,100,468.064767
280.759131,100,468.229966
231.551383,100,468.39641
303.560217,100,468.560115
304.752363,100,468.829878
242.837803,100,469.058466
290.56208,100,479.901731
296.97412,100,480.050037
199.909547,100,480.195056
327.999831,100,480.338641
304.230761,100,480.476918
320.172477,100,480.640205
235.539585,100,480.895736
282.430028,100,481.051716
332.861954,100,481.231265
269.800018,100,481.399638
230.342806,100,491.936195
313.967874,100,492.090645
280.968772,100,492.24098
260.362805,100,492.399216
264.439941,100,492.565257
235.374074,100,492.805251
275.123483,100,492.985183
273.084267,100,493.156676
235.725827,100,493.309848
331.896722,100,493.461056
297.229265,100,504.590745
248.312876,100,504.900637
312.805151,100,505.081322
279.787781,100,505.291689
299.63113,100,505.488136
233.187943,100,505.681788
235.843312,100,505.880762
276.551254,100,506.054929
245.876318,100,506.22211
277.286321,100,506.394791
281.235753,100,520.363487
246.173288,100,520.528363
258.042894,100,520.782663
272.934205,100,521.008848
334.819401,100,521.198563
264.914918,100,521.392813
279.910918,100,521.586535
296.841505,100,521.805368
266.219669,100,522.007206
276.760638,100,522.206423
265.948757,100,534.86383
283.864904,100,535.009619
266.51029,100,535.179975
290.309563,100,535.344368
241.99731,100,535.487611
365.597582,100,535.660872
314.078556,100,535.838358
315.895312,100,535.993045
271.04297,100,536.163545
309.339214,100,536.315549
299.996608,100,549.429274
307.226359,100,549.572353
312.505298,100,549.726203
306.313337,100,549.891835
264.999424,100,550.057727
234.021646,100,550.206574
333.715927,100,550.362973
280.076777,100,550.509125
269.520934,100,550.703836
267.109328,100,550.978242
272.368271,100,562.307088
313.299648,100,562.462059
260.319073,100,562.627282
266.092283,100,562.888567
196.871013,100,563.065006
300.965802,100,563.204838
307.610028,100,563.351832
303.606011,100,563.494581
205.357332,100,563.646322
270.307446,100,563.804368
297.811807,100,574.687442
255.463141,100,574.839382
268.711466,100,575.070065
247.076261,100,575.258759
287.371886,100,575.428562
211.798787,100,575.589779
229.209082,100,575.737285
282.134924,100,575.881749
333.482017,100,576.028415
239.045943,100,576.185706
253.601603,100,589.705711
276.619805,100,589.864026
274.854476,100,590.011187
337.011239,100,590.159225
234.069206,100,590.301572
358.243431,100,590.444377
258.329285,100,590.598699
335.01847,100,590.762002
284.207815,100,590.921607
288.536846,100,591.178254
332.649604,100,601.797452
304.483499,100,601.946616
318.196112,100,602.101799
290.629163,100,602.257187
271.410249,100,602.405574
293.464603,100,602.552993
213.500733,100,602.707067
329.047491,100,602.859856
243.016097,100,603.061689
295.824621,100,603.282006
302.505719,100,614.772543
245.482468,100,614.981899
299.050649,100,615.255229
208.653537,100,615.429634
287.104509,100,615.635635
250.374928,100,615.844624
276.064319,100,616.02394
305.427377,100,616.206128
253.03113,100,616.395628
247.35552,100,616.581964
280.779535,100,627.423989
266.254836,100,627.575562
323.243699,100,627.735327
287.877879,100,627.95795
282.597165,100,628.211698
353.472362,100,628.457432
336.09744,100,628.764685
227.921428,100,629.080392
306.906527,100,629.359593
310.805384,100,629.649654
322.684186,100,643.294634
293.9513,100,643.600546
288.130575,100,643.766255
289.238612,100,643.920394
261.801789,100,644.070625
304.760622,100,644.23653
237.855927,100,644.397408
207.588349,100,644.562469
323.726413,100,644.712461
339.837159,100,644.864517
293.922815,100,659.090368
292.047067,100,659.277188
306.87762,100,659.546341
311.469308,100,659.727416
293.136554,100,659.926942
260.231926,100,660.106414
309.617592,100,660.283935
306.609868,100,660.46978
361.727631,100,660.664479
271.775373,100,660.873038
307.345467,100,673.869755
257.308947,100,674.021468
348.01314,100,674.171191
268.229742,100,674.326538
366.099337,100,674.479881
193.421376,100,674.663709
335.012149,100,674.821484
242.156455,100,674.982113
293.993348,100,675.138497
317.544939,100,675.338833
314.341659,100,687.110539
281.569222,100,687.254027
245.093217,100,687.400796
353.415003,100,687.548981
263.167966,100,687.825215
328.260514,100,687.980868
220.092005,100,688.153182
249.967272,100,688.319186
348.764941,100,688.461018
352.020201,100,688.609814
345.722119,100,699.910973
287.763241,100,700.114406
259.569444,100,700.298999
277.821921,100,700.490861
325.568588,100,700.697737
349.068779,100,700.947374
304.619791,100,701.148356
320.319641,100,701.335045
261.256499,100,701.52234
212.239852,100,701.799773
321.587764,100,715.983795
304.28004,100,716.177924
293.544802,100,716.365886
322.054634,100,716.555632
293.310678,100,716.761151
247.977666,100,716.957188
273.443277,100,717.150742
266.766578,100,717.346447
364.0005,100,717.540215
305.860727,100,717.799387
264.447623,100,729.050347
235.042567,100,729.20983
275.453646,100,729.368586
287.322356,100,729.511833
264.687065,100,729.688851
270.864798,100,729.922281
376.168952,100,730.068856
312.534939,100,730.24163
307.377992,100,730.392851
271.057408,100,730.559293
250.24123,100,742.730509
349.430896,100,742.902179
365.561562,100,743.066577
363.948386,100,743.225569
264.59982,100,743.403035
293.664245,100,743.559877
270.884984,100,743.774374
319.759112,100,743.975405
318.598794,100,744.144403
317.262001,100,744.302196
289.924467,100,755.279971
316.2912,100,755.441669
308.889276,100,755.619175
209.616565,100,755.931626
295.749287,100,756.109849
316.76606,100,756.295354
255.637944,100,756.458123
295.188013,100,756.630182
257.453972,100,756.826772
327.541189,100,757.018477
265.778032,100,768.518267
313.09985,100,768.693233
245.159738,100,768.839297
268.829816,100,769.006429
305.824766,100,769.154423
300.804125,100,769.318053
253.435071,100,769.478659
306.980836,100,769.638608
343.983207,100,769.801107
234.412548,100,769.963115
292.839941,100,783.906364
246.585979,100,784.079857
262.136038,100,784.272367
316.411203,100,784.457673
350.92707,100,784.774176
333.265005,100,784.973946
273.164755,100,785.220803
308.376347,100,785.429482
269.304914,100,785.634273
357.318521,100,785.852822
285.125882,100,801.391365
328.618597,100,801.532487
339.069533,100,801.67696
347.708879,100,801.838682
331.572026,100,801.981859
279.376968,100,802.129167
245.384326,100,802.2724
287.9238,100,802.413553
242.138756,100,802.605246
343.227247,100,802.815987
281.59423,100,816.906934
335.769465,100,817.087382
300.299174,100,817.239653
329.859065,100,817.398991
258.3038,100,817.55495
319.763985,100,817.719211
240.583549,100,817.884847
307.480502,100,818.0466
230.389867,100,818.208797
368.76213,100,818.373201
312.836885,100,830.057272
349.775833,100,830.219985
281.788946,100,830.375195
324.449164,100,830.540184
311.398867,100,830.823487
266.79483,100,831.00425
297.909574,100,831.172916
258.054994,100,831.335584
361.807441,100,831.491971
284.232588,100,831.671013
329.839365,100,845.176389
251.09834,100,845.336632
338.639733,100,845.498237
359.457433,100,845.664053
331.578779,100,845.829788
272.754267,100,845.977765
367.400993,100,846.131523
319.000852,100,846.291874
277.440347,100,846.446415
317.369682,100,846.674934
341.132896,100,860.461538
314.644879,100,860.829182
346.193391,100,861.114217
271.951686,100,861.442547
213.606143,100,861.795433
303.375603,100,862.158056
333.22387,100,862.533477
322.94952,100,862.797177
299.670465,100,862.950408
265.51573,100,863.126618
274.045069,100,875.122711
371.931429,100,875.274496
237.992905,100,875.432957
372.846826,100,875.597876
296.841272,100,875.770667
329.242806,100,875.923063
301.978247,100,876.064517
295.550355,100,876.208575
346.154605,100,876.355676
268.731986,100,876.496051
342.76461,100,889.151016
334.713956,100,889.302159
344.105482,100,889.451877
236.262407,100,889.61028
294.710609,100,889.763056
332.018317,100,889.913733
324.510423,100,890.06161
267.307613,100,890.223894
277.663306,100,890.377849
255.600924,100,890.535316
354.713516,100,901.632983
309.374829,100,901.814219
286.160758,100,901.974872
389.999848,100,902.131614
245.115248,100,902.292598
384.304661,100,902.456833
311.095145,100,902.621773
310.710514,100,902.784589
274.722307,100,902.950631
294.06773,100,903.148232
379.489194,100,914.471164
285.750489,100,914.625242
328.181756,100,914.785614
313.810386,100,914.954832
287.291883,100,915.140052
270.391266,100,915.367781
301.97397,100,915.521622
313.08939,100,915.714452
294.502105,100,915.866415
325.670479,100,916.012805
309.614668,100,926.834543
308.674244,100,926.978513
324.340826,100,927.189431
254.164821,100,927.407816
361.233135,100,927.571175
268.431532,100,927.754901
286.917308,100,927.915632
251.196243,100,928.070542
276.199778,100,928.251836
295.49784,100,928.422315
276.108502,100,940.396641
313.017192,100,940.581975
325.451242,100,940.787703
374.318763,100,940.987275
332.523811,100,941.222549
383.605822,100,941.423227
356.694643,100,941.606778
324.948514,100,941.789316
303.955345,100,941.964968
304.854635,100,942.133314
278.70556,100,953.910628
279.367983,100,954.064462
333.8905,100,954.220598
316.134044,100,954.3984
345.969821,100,954.548448
287.595693,100,954.739362
402.919601,100,954.890893
284.458613,100,955.044187
256.880761,100,955.193402
339.345519,100,955.356588
334.636867,100,968.932339
278.742818,100,969.088483
342.063723,100,969.246325
369.678786,100,969.396356
294.561956,100,969.668906
320.082692,100,969.812637
295.997059,100,969.97938
330.044046,100,970.12766
345.185873,100,970.279319
270.131931,100,970.430367
339.75315,100,981.369994
310.011538,100,981.633279
259.659513,100,981.803056
340.428593,100,981.961434
313.442392,100,982.128434
277.909069,100,982.270365
287.488664,100,982.415354
329.338398,100,982.568035
378.674914,100,982.732399
322.352668,100,982.880828
320.360794,100,995.253655
326.521836,100,995.390352
322.055118,100,995.649957
323.120714,100,995.807405
359.791194,100,995.97577
323.429957,100,996.12483
266.614582,100,996.272528
338.473071,100,996.420365
266.610493,100,996.570576
340.096449,100,996.728599
309.800155,100,1010.861557
379.586284,100,1011.020554
366.495677,100,1011.179753
304.732697,100,1011.338537
365.869613,100,1011.560042
365.44867,100,1011.754524
341.349291,100,1011.947463
353.127466,100,1012.112934
304.196163,100,1012.263471
305.978245,100,1012.417506
327.595766,100,1024.245477
291.135505,100,1024.425603
353.923541,100,1024.596793
306.59145,100,1024.789573
252.814836,100,1024.970997
292.640922,100,1025.142156
304.955606,100,1025.301875
312.020703,100,1025.503988
351.564703,100,1025.745407
322.053192,100,1025.934042
266.980724,100,1039.949777
331.695122,100,1040.121243
288.312764,100,1040.270755
351.902553,100,1040.416231
338.041568,100,1040.567674
251.101322,100,1040.740666
333.789888,100,1040.919925
335.728552,100,1041.080429
370.753281,100,1041.224868
347.298834,100,1041.38043
229.16819,100,1052.811811
245.017411,100,1052.948467
373.657999,100,1053.084817
331.942889,100,1053.228724
295.064422,100,1053.373313
331.006661,100,1053.635003
334.246047,100,1053.78032
336.946535,100,1053.952843
304.258181,100,1054.099329
270.695484,100,1054.239151
329.900292,100,1065.180887
362.740057,100,1065.372712
311.386259,100,1065.638344
297.962094,100,1065.887663
374.908789,100,1066.098297
346.921582,100,1066.308915
306.434029,100,1066.540699
397.258958,100,1066.771539
301.104242,100,1067.031283
298.20009,100,1067.294311
305.135099,100,1081.19102
308.238277,100,1081.344953
374.909451,100,1081.586297
270.876135,100,1081.774476
392.370167,100,1081.948427
339.28318,100,1082.112639
273.923459,100,1082.2622
327.966192,100,1082.43096
388.544593,100,1082.600046
407.432916,100,1082.778903
328.27625,100,1093.375517
360.496511,100,1093.621412
348.220741,100,1093.776657
399.807779,100,1093.952049
336.450407,100,1094.097166
247.141988,100,1094.243249
383.683296,100,1094.391768
281.243831,100,1094.541821
275.817446,100,1094.69796
408.447918,100,1094.858822
332.032346,100,1106.726995
358.499375,100,1106.91185
246.156137,100,1107.06724
298.959064,100,1107.220388
312.311187,100,1107.383398
263.191592,100,1107.629743
369.687349,100,1107.803459
340.154592,100,1107.956279
366.302301,100,1108.115942
339.260755,100,1108.255788
245.88044,100,1121.649538
284.093759,100,1121.905131
317.959887,100,1122.166123
273.848511,100,1122.468899
305.621423,100,1122.774903
301.942001,100,1123.088678
295.44407,100,1123.388025
245.150244,100,1123.699657
286.388043,100,1123.935729
338.485426,100,1124.220528
348.884105,100,1138.097313
329.340946,100,1138.235482
345.570798,100,1138.458512
344.610012,100,1138.64296
309.773843,100,1138.809502
302.631707,100,1138.978631
410.943268,100,1139.139931
341.250392,100,1139.295858
344.321946,100,1139.449805
399.925084,100,1139.612752
376.82091,100,1151.460938
319.884269,100,1151.619872
371.116022,100,1151.808475
362.000184,100,1151.989951
309.670127,100,1152.167564
392.527817,100,1152.335612
345.73408,100,1152.518158
381.776852,100,1152.770646
350.575954,100,1152.956974
292.290514,100,1153.127897
342.598273,100,1164.353017
338.819407,100,1164.501689
351.163427,100,1164.770394
371.727419,100,1164.924977
324.944461,100,1165.088242
339.480972,100,1165.240626
305.099344,100,1165.400355
292.209236,100,1165.543378
373.494387,100,1165.717855
336.330768,100,1165.888957
315.393743,100,1176.396862
370.628029,100,1176.592479
252.36755,100,1176.801403
278.487097,100,1176.970561
306.549073,100,1177.140394
386.47207,100,1177.289501
352.839209,100,1177.442915
247.98262,100,1177.593246
257.28942,100,1177.742479
329.343824,100,1177.912873
327.117631,100,1189.968155
321.874618,100,1190.265957
323.222009,100,1190.585814
316.584,100,1190.878867
289.959139,100,1191.128311
291.585859,100,1191.433517
409.620155,100,1191.739964
343.84098,100,1192.053634
376.972763,100,1192.372418
361.14808,100,1192.706392
416.539621,100,1205.637887
276.028074,100,1205.813632
408.593354,100,1205.980888
417.824109,100,1206.148719
386.074288,100,1206.315501
238.515145,100,1206.503156
305.063712,100,1206.6917
346.641279,100,1206.937052
251.770724,100,1207.16662
371.915855,100,1207.377006
353.416355,100,1219.380274
366.221155,100,1219.553293
269.699857,100,1219.703251
331.463718,100,1219.85902
322.069153,100,1220.010637
334.351491,100,1220.168921
272.860789,100,1220.330952
244.096261,100,1220.47494
384.868583,100,1220.62395
316.451022,100,1220.782729
383.195202,100,1233.614346
340.939537,100,1233.783444
349.197347,100,1233.944865
278.034638,100,1234.116886
371.673625,100,1234.294569
316.113994,100,1234.470935
252.542071,100,1234.667305
338.712948,100,1234.875405
246.11635,100,1235.095724
299.112014,100,1235.277403
331.988217,100,1248.87044
397.565958,100,1249.094018
357.024451,100,1249.257529
379.466059,100,1249.415398
372.972446,100,1249.562252
292.70888,100,1249.808438
328.94809,100,1249.996767
316.427711,100,1250.168446
305.901684,100,1250.340226
308.144087,100,1250.513828
345.266078,100,1262.669677
239.939009,100,1262.856189
281.809258,100,1263.095429
301.746105,100,1263.260511
358.678496,100,1263.414728
253.115595,100,1263.599909
311.416325,100,1263.776222
371.204248,100,1263.943004
275.55385,100,1264.101154
371.657251,100,1264.282959
420.488504,100,1278.66974
376.555983,100,1278.874673
371.024615,100,1279.185221
252.661037,100,1279.385566
321.433834,100,1279.582352
254.138847,100,1279.778436
355.400416,100,1279.961192
352.586647,100,1280.152566
388.48374,100,1280.346495
327.765451,100,1280.536785
344.451825,100,1292.753238
331.1136,100,1292.916535
405.488669,100,1293.176221
291.196256,100,1293.338234
364.939728,100,1293.508811
317.700295,100,1293.662618
356.411568,100,1293.815775
357.932236,100,1293.966722
332.214139,100,1294.129856
325.041351,100,1294.293292
339.164263,100,1306.059535
356.608107,100,1306.377384
383.733763,100,1306.715882
415.108291,100,1307.045615
289.842185,100,1307.361557
329.562449,100,1307.646708
365.384815,100,1307.976538
297.155685,100,1308.286322
334.758438,100,1308.602019
352.4751,100,1308.920676
282.878818,100,1320.161293
405.719211,100,1320.306543
262.268547,100,1320.461857
396.168395,100,1320.61034
286.171413,100,1320.771488
290.037783,100,1320.925049
271.632662,100,1321.144201
360.73752,100,1321.331688
360.640926,100,1321.499168
347.345525,100,1321.655855
376.932631,100,1333.490538
366.529905,100,1333.697276
384.470171,100,1333.88458
397.389468,100,1334.066705
265.246089,100,1334.267919
259.137182,100,1334.454059
303.098318,100,1334.640367
299.723236,100,1334.830415
375.500518,100,1335.045128
316.035521,100,1335.313291
310.232521,100,1345.877064
264.070951,100,1346.021845
307.348566,100,1346.167315
293.639416,100,1346.347476
408.357952,100,1346.512885
404.47207,100,1346.685371
359.880546,100,1346.856472
346.575027,100,1347.040235
354.276281,100,1347.266225
373.809142,100,1347.440429
268.064204,100,1361.25719
402.474897,100,1361.434175
347.956851,100,1361.628287
308.192359,100,1361.805492
394.513915,100,1361.980647
373.224314,100,1362.149288
238.642035,100,1362.327984
416.381357,100,1362.495577
426.335485,100,1362.673929
406.732917,100,1362.851306
341.693525,100,1375.25566
351.732013,100,1375.440152
326.818611,100,1375.689288
399.491729,100,1375.884513
328.277117,100,1376.071798
394.976754,100,1376.232384
302.202592,100,1376.412441
374.029572,100,1376.599557
371.530248,100,1376.784632
328.582248,100,1376.945041
346.268243,100,1388.92456
379.318949,100,1389.144842
412.898222,100,1389.368601
378.327466,100,1389.647611
354.527487,100,1389.858066
415.389595,100,1390.046664
333.992169,100,1390.215107
323.452417,100,1390.391616
337.071963,100,1390.571388
297.759015,100,1390.7689
362.43284,100,1402.107816
363.572204,100,1402.252548
299.300334,100,1402.406243
332.962941,100,1402.562022
338.082958,100,1402.730577
310.445444,100,1402.882159
422.488399,100,1403.027287
386.461706,100,1403.172568
369.662666,100,1403.320972
280.825248,100,1403.461401
206.709702,100,1417.122198
381.085567,100,1417.306418
382.900079,100,1417.483557
304.664475,100,1417.765795
354.742375,100,1417.953296
355.309291,100,1418.149603
362.072512,100,1418.343299
318.242461,100,1418.527986
366.793511,100,1418.708026
349.643258,100,1418.897189
355.835421,100,1432.650346
331.285459,100,1432.831761
288.559199,100,1432.984991
316.574172,100,1433.151643
344.070457,100,1433.308354
303.324194,100,1433.522493
338.125903,100,1433.819451
431.216624,100,1433.974424
352.371435,100,1434.148496
301.098,100,1434.295776
368.957883,100,1448.320797
328.573315,100,1448.479544
248.593613,100,1448.634898
316.222969,100,1448.790487
281.484386,100,1448.947645
371.604459,100,1449.119154
292.180649,100,1449.261664
332.672701,100,1449.407176
280.935865,100,1449.595625
315.080166,100,1449.828219
297.399078,100,1461.989783
339.556283,100,1462.181754
329.825874,100,1462.377037
352.022477,100,1462.562891
406.573619,100,1462.741969
405.645964,100,1462.931547
261.502235,100,1463.11163
312.03196,100,1463.27993
292.266383,100,1463.456675
396.425187,100,1463.729209
389.249215,100,1477.396714
310.365302,100,1477.575895
368.933387,100,1477.819324
372.797781,100,1478.015009
242.844332,100,1478.172211
360.836432,100,1478.342639
377.008029,100,1478.487851
354.251287,100,1478.628607
299.173745,100,1478.773719
287.540779,100,1478.928958
425.561647,100,1491.090817
426.31528,100,1491.248832
388.598106,100,1491.418423
250.888197,100,1491.5844
268.805348,100,1491.73949
336.335065,100,1491.908243
382.846543,100,1492.067975
347.324997,100,1492.221334
399.292566,100,1492.484658
335.936484,100,1492.660425
401.153841,100,1504.032937
356.215876,100,1504.178806
327.904242,100,1504.337606
367.513303,100,1504.486466
371.175965,100,1504.761068
273.032642,100,1504.919812
380.366236,100,1505.103033
298.90466,100,1505.2664
333.50092,100,1505.4309
378.869527,100,1505.588459
303.539871,100,1521.0447
418.202798,100,1521.415893
358.110867,100,1521.791326
325.207821,100,1522.165862
252.02045,100,1522.530589
434.748595,100,1522.90605
302.530011,100,1523.22949
348.024638,100,1523.600883
289.553641,100,1523.968951
356.727318,100,1524.327835
357.210268,100,1540.341654
380.187583,100,1540.503371
416.618835,100,1540.702887
310.075365,100,1540.961996
401.721405,100,1541.148385
392.403751,100,1541.325596
324.572233,100,1541.485394
258.042717,100,1541.643449
330.329866,100,1541.811941
418.40514,100,1541.980628
384.863664,100,1556.00338
337.902618,100,1556.307374
346.257077,100,1556.611462
263.500179,100,1556.908422
343.289546,100,1557.132017
329.280281,100,1557.40923
376.58732,100,1557.691602
340.966104,100,1557.944504
333.635938,100,1558.148169
339.996476,100,1558.37473
314.39164,100,1570.336105
386.065491,100,1570.479156
330.184536,100,1570.621187
410.0942,100,1570.776448
313.347269,100,1570.950409
340.106197,100,1571.253776
419.833848,100,1571.410757
378.916946,100,1571.591938
346.722444,100,1571.760803
320.873635,100,1571.906515
395.749452,100,1583.280725
371.503825,100,1583.442747
390.765465,100,1583.597362
340.625458,100,1583.745429
336.155604,100,1583.892217
242.659116,100,1584.042994
345.440954,100,1584.194724
416.50986,100,1584.344593
418.591261,100,1584.48837
413.289466,100,1584.635569
295.238108,100,1597.802806
249.615383,100,1598.153017
346.896093,100,1598.505811
364.891134,100,1598.860285
348.371628,100,1599.011408
306.451575,100,1599.184957
395.872704,100,1599.424429
337.959955,100,1599.56832
413.660837,100,1599.748286
397.503035,100,1599.894906
350.874921,100,1611.840463
301.980748,100,1611.99591
318.655014,100,1612.147395
421.602632,100,1612.293955
270.537056,100,1612.459205
378.216107,100,1612.618665
362.5313,100,1612.780466
407.382972,100,1612.92988
415.523795,100,1613.0828
331.70048,100,1613.338275
324.023739,100,1625.840401
396.311262,100,1626.002462
354.509331,100,1626.172453
298.020132,100,1626.33507
313.701442,100,1626.512661
270.873488,100,1626.680618
350.601858,100,1626.845847
320.977597,100,1627.012671
380.966189,100,1627.1819
305.397394,100,1627.451651
426.714928,100,1638.327729
318.456153,100,1638.474124
289.013106,100,1638.630154
367.45135,100,1638.788948
337.382605,100,1638.94512
293.501361,100,1639.105051
338.159502,100,1639.261316
356.933257,100,1639.412428
427.870601,100,1639.666239
333.120012,100,1639.816766
423.102903,100,1652.33412
402.285102,100,1652.637184
385.895136,100,1652.934392
292.544636,100,1653.222304
375.877487,100,1653.529347
361.843774,100,1653.803874
376.771401,100,1654.0204
388.908819,100,1654.31939
273.807514,100,1654.626528
386.258801,100,1654.930611
403.380484,100,1666.857076
267.402785,100,1667.037047
385.048313,100,1667.204415
363.631715,100,1667.380133
304.355823,100,1667.565291
394.676151,100,1667.843648
334.030021,100,1668.013416
316.924256,100,1668.229352
390.266245,100,1668.414769
415.32494,100,1668.596642
373.737197,100,1682.012
362.327034,100,1682.206113
342.205927,100,1682.417394
337.448515,100,1682.581416
331.273237,100,1682.737061
381.297043,100,1682.913057
393.701072,100,1683.074337
288.147165,100,1683.218232
407.371288,100,1683.373559
378.094717,100,1683.521725
363.566655,100,1696.2149
336.327379,100,1696.385612
374.437227,100,1696.550596
355.529039,100,1696.726994
317.937626,100,1696.913689
316.722691,100,1697.115372
334.490821,100,1697.313597
375.962228,100,1697.512074
345.557195,100,1697.81702
370.764448,100,1698.031603
301.10902,100,1710.642337
397.200405,100,1710.825135
306.459737,100,1710.991949
388.412611,100,1711.138029
418.128433,100,1711.28398
330.841741,100,1711.432507
252.115741,100,1711.594002
383.486847,100,1711.841469
341.985945,100,1711.989698
331.992678,100,1712.168589
329.342356,100,1724.723947
377.045503,100,1724.885358
450.238946,100,1725.037967
380.548022,100,1725.188248
331.095845,100,1725.339522
281.75876,100,1725.484814
305.030877,100,1725.675899
333.929285,100,1725.889899
370.778373,100,1726.042352
324.605911,100,1726.213786
358.707102,100,1738.551988
296.969774,100,1738.727407
422.749094,100,1738.913993
397.087569,100,1739.09342
436.897735,100,1739.277814
321.911042,100,1739.453748
337.514904,100,1739.670166
376.56357,100,1739.909698
363.63591,100,1740.101161
333.518319,100,1740.274506
369.118014,100,1754.480518
343.883077,100,1754.62454
356.724008,100,1754.7716
401.407072,100,1754.931381
275.49893,100,1755.081807
325.366182,100,1755.224351
352.276141,100,1755.373677
301.870718,100,1755.520191
384.989952,100,1755.746988
360.22127,100,1755.921531
341.656205,100,1769.551231
358.582653,100,1769.708292
340.38273,100,1769.863274
447.043746,100,1770.002562
408.595896,100,1770.145134
356.063092,100,1770.33298
352.771241,100,1770.560641
316.046626,100,1770.715819
389.118666,100,1770.892141
331.62577,100,1771.046432
271.50889,100,1.535334
396.829309,100,1.692205
259.846189,100,1.834545
276.656404,100,1.982563
348.664621,100,2.149059
339.125776,100,2.301077
305.593259,100,2.442495
438.401397,100,2.585492
356.279052,100,2.723447
352.034471,100,2.865958
334.683014,100,15.6461
420.341172,100,15.827109
319.515545,100,16.008576
361.916452,100,16.19436
268.631363,100,16.356659
350.857545,100,16.507447
334.039711,100,16.663055
333.41756,100,16.823146
348.933347,100,16.971867
304.82208,100,17.182382
327.899161,100,28.761958
325.684601,100,28.936789
436.510113,100,29.119837
333.856297,100,29.37965
309.609263,100,29.602837
347.064208,100,29.819472
407.419331,100,29.973989
353.072475,100,30.124169
353.993415,100,30.276863
381.217934,100,30.420539
412.919391,100,41.836589
358.56168,100,42.133068
273.135735,100,42.441483
330.91277,100,42.744084
332.327631,100,43.039817
350.013272,100,43.36033
321.127532,100,43.570565
413.841848,100,43.748077
348.189109,100,43.915105
368.598298,100,44.070968
433.955787,100,55.925853
384.530439,100,56.091253
372.957613,100,56.249899
375.242265,100,56.415221
400.11187,100,56.601982
331.390267,100,56.781255
358.787767,100,56.932038
303.35622,100,57.088081
321.676929,100,57.270975
383.639785,100,57.508835
312.183224,100,69.739121
374.992393,100,69.949188
306.521808,100,70.141263
322.232725,100,70.342201
406.872927,100,70.545875
372.6602,100,70.734195
294.832922,100,70.920196
346.84115,100,71.098157
277.144923,100,71.31969
384.137586,100,71.557809
367.409841,100,84.471188
254.973994,100,84.678664
314.49993,100,84.871332
345.591949,100,85.053952
272.954182,100,85.241021
374.457379,100,85.440305
329.915637,100,85.757441
281.916284,100,85.96646
349.339432,100,86.187247
375.182568,100,86.415883
420.50095,100,98.832674
392.716988,100,98.985261
364.824277,100,99.126799
376.568328,100,99.270049
405.095548,100,99.423161
306.181977,100,99.58529
413.588391,100,99.842238
297.347314,100,100.000964
364.314359,100,100.167069
304.543951,100,100.312459
337.353968,100,110.921622
391.08455,100,111.08504
332.603001,100,111.252858
284.20073,100,111.400264
350.321568,100,111.558121
404.589425,100,111.832423
303.218031,100,112.056452
333.595779,100,112.357285
417.651741,100,112.65466
392.999903,100,112.961135
328.186858,100,124.464178
294.385177,100,124.646008
347.979803,100,124.824481
299.737967,100,125.028794
428.96489,100,125.212168
346.107702,100,125.395197
381.244066,100,125.577957
313.672329,100,125.842053
412.996385,100,126.014021
382.831835,100,126.207532
281.905587,100,138.460654
409.405839,100,138.624907
306.800146,100,138.787228
390.330681,100,138.968079
372.803953,100,139.164926
343.73484,100,139.345324
411.405498,100,139.505553
401.190177,100,139.753121
312.874461,100,139.940875
362.183369,100,140.131798
359.42151,100,156.461468
335.19386,100,156.772898
308.450749,100,157.076527
336.568317,100,157.393399
302.744181,100,157.699796
396.118058,100,157.948648
394.125195,100,158.194953
328.636869,100,158.410535
349.373007,100,158.614516
357.465958,100,158.842507
412.552781,100,171.919522
317.284519,100,172.125904
317.476728,100,172.365297
408.902969,100,172.580305
339.876378,100,172.75226
427.059501,100,172.925968
266.344524,100,173.101284
276.171051,100,173.272214
359.914273,100,173.440673
285.724425,100,173.615801
420.566858,100,188.301586
423.159713,100,188.45815
370.7963,100,188.60187
330.047292,100,188.764163
392.982612,100,188.928083
311.463325,100,189.08831
279.08745,100,189.258051
336.394348,100,189.438992
288.817589,100,189.591971
340.408124,100,189.810321
411.068607,100,203.190432
350.237847,100,203.349163
277.006005,100,203.506567
356.719574,100,203.671322
391.041352,100,203.941995
354.85134,100,204.101093
415.571066,100,204.286987
364.724929,100,204.455252
386.702217,100,204.607976
380.280746,100,204.767796
408.773931,100,215.889031
431.511026,100,216.052972
336.393195,100,216.224211
304.572258,100,216.384305
320.823722,100,216.543728
322.998243,100,216.702107
358.535316,100,216.859376
415.044265,100,217.006587
314.948001,100,217.157613
344.29331,100,217.308575
322.909063,100,229.229096
324.266216,100,229.392352
296.725942,100,229.552464
316.015132,100,229.714796
380.180031,100,229.984963
375.167143,100,230.167345
373.073587,100,230.373505
403.016649,100,230.55815
442.571374,100,230.739305
369.602321,100,230.917494
326.126885,100,243.968063
373.095672,100,244.151951
324.122405,100,244.358264
317.894441,100,244.54047
369.712138,100,244.712694
377.979251,100,244.885372
356.460465,100,245.090527
304.69688,100,245.290599
385.304898,100,245.47731
350.09985,100,245.655257
394.166771,100,257.70789
350.877745,100,257.96954
399.219109,100,258.149701
378.785403,100,258.333483
415.597689,100,258.483335
385.597563,100,258.634458
387.220056,100,258.788064
299.923183,100,258.951322
401.453988,100,259.116784
368.029438,100,259.277616
318.370858,100,271.37819
416.708075,100,271.543491
265.981804,100,271.723089
406.666578,100,271.971143
434.709036,100,272.131836
375.946732,100,272.316771
358.14312,100,272.460202
363.063088,100,272.607032
323.060718,100,272.762039
338.122318,100,272.911122
305.093618,100,289.811171
338.666857,100,289.952785
389.43588,100,290.094176
334.641953,100,290.245074
446.758,100,290.501873
289.075474,100,290.656947
340.516763,100,290.832609
397.438852,100,290.996961
393.675472,100,291.152394
367.043874,100,291.300165
364.05925,100,303.329819
268.176734,100,303.70765
379.322964,100,304.076645
383.730551,100,304.466144
284.831152,100,304.84656
368.898684,100,305.133838
316.387463,100,305.408177
288.865085,100,305.72487
277.862583,100,306.042903
370.292901,100,306.347639
375.859931,100,317.956321
308.487546,100,318.110378
315.168633,100,318.267397
387.594012,100,318.427011
331.425978,100,318.574223
382.837003,100,318.765286
352.773433,100,318.977211
326.747119,100,319.124562
362.183623,100,319.285692
353.557205,100,319.450834
401.452306,100,330.457121
381.980384,100,330.600161
304.249998,100,330.83068
307.818983,100,331.069526
358.240529,100,331.310033
332.731463,100,331.527437
389.170084,100,331.755188
325.624311,100,331.962983
285.183282,100,332.181257
359.145408,100,332.393593
328.410656,100,347.069862
236.524489,100,347.217452
354.951145,100,347.380555
415.907367,100,347.513676
415.31698,100,347.650145
423.899805,100,347.789408
368.411202,100,347.935629
353.221346,100,348.098591
380.024199,100,348.252876
257.040119,100,348.404902
391.434905,100,359.534101
377.417539,100,359.680305
349.137057,100,359.841367
271.488822,100,360.011556
353.178994,100,360.173345
400.156495,100,360.333309
347.023648,100,360.49489
375.590956,100,360.665595
391.042209,100,360.811147
337.427737,100,361.060109
432.18528,100,372.503451
353.696083,100,372.661539
410.847223,100,372.811975
326.994886,100,373.068383
341.455223,100,373.252345
281.568077,100,373.432335
337.820159,100,373.598228
314.260455,100,373.745344
379.261638,100,373.914003
331.785321,100,374.083987
400.029732,100,386.138263
294.549085,100,386.298968
373.476046,100,386.458503
405.3606,100,386.619681
261.928216,100,386.775208
299.421932,100,386.92842
410.209913,100,387.086725
315.040699,100,387.351993
385.001108,100,387.51669
345.351056,100,387.688489
346.668546,100,400.34726
307.972819,100,400.52107
406.803049,100,400.681942
339.723771,100,400.836682
361.948836,100,401.002069
408.245567,100,401.199391
379.071487,100,401.407843
371.554094,100,401.577518
230.249168,100,401.746972
362.88902,100,401.896231
288.403231,100,414.506537
332.925758,100,414.816534
384.648728,100,415.139092
376.055612,100,415.458673
316.216308,100,415.706427
460.027947,100,416.020347
369.652827,100,416.333154
390.770188,100,416.632894
402.989993,100,416.935841
461.499635,100,417.247116
344.253631,100,430.099979
390.981706,100,430.271362
391.709607,100,430.430309
398.552161,100,430.603182
438.349819,100,430.763352
388.390117,100,430.914195
386.937457,100,431.06422
360.967573,100,431.289061
357.077159,100,431.451064
359.127503,100,431.641576
363.564265,100,442.052336
398.736076,100,442.194644
376.06819,100,442.335825
405.494279,100,442.505262
345.542907,100,442.645438
304.077706,100,442.781368
255.443217,100,442.922282
394.09853,100,443.066086
433.033398,100,443.31013
362.805638,100,443.479089
289.900935,100,454.248872
335.0792,100,454.419852
302.91053,100,454.577815
312.054964,100,454.73898
401.890399,100,454.893823
394.181144,100,455.054498
307.858093,100,455.297442
410.759284,100,455.485514
376.918446,100,455.650374
341.971721,100,455.800227
393.365345,100,469.211515
404.255784,100,469.532237
269.840065,100,469.815357
411.48796,100,470.092565
396.338591,100,470.419486
417.413159,100,470.624647
322.556729,100,470.80998
359.927617,100,470.988488
423.375345,100,471.189167
358.217282,100,471.407375
291.303544,100,484.292383
404.094894,100,484.425353
382.952286,100,484.582948
306.900566,100,484.751398
348.319691,100,484.917056
296.765465,100,485.092439
390.54229,100,485.279259
390.794862,100,485.545849
337.416042,100,485.721234
408.337631,100,485.884297
375.97239,100,496.393607
325.489265,100,496.543551
405.121559,100,496.708826
357.914899,100,496.862684
369.661832,100,497.018994
319.559983,100,497.170797
339.647067,100,497.30965
355.099648,100,497.54335
353.659374,100,497.695045
358.404514,100,497.862937
376.165666,100,510.681897
300.836805,100,510.840164
331.889067,100,510.999496
350.931873,100,511.153895
424.08592,100,511.316536
355.035041,100,511.57098
363.36379,100,511.72778
363.671854,100,511.903635
333.911789,100,512.048526
358.93815,100,512.198754
315.947833,100,522.734751
374.237325,100,522.865647
333.966727,100,523.00293
377.063725,100,523.165117
322.556144,100,523.329643
445.705792,100,523.579192
390.492486,100,523.722443
394.297611,100,523.890277
358.748983,100,524.045778
370.98508,100,524.211928
382.369387,100,535.171959
367.462441,100,535.309623
390.63062,100,535.54346
386.948053,100,535.71314
344.005622,100,535.889122
295.45213,100,536.043687
413.278264,100,536.185525
363.478846,100,536.335025
338.606203,100,536.482968
347.366431,100,536.62553
329.11089,100,547.984475
400.651231,100,548.171981
332.893808,100,548.35984
330.606833,100,548.560793
241.786589,100,548.739287
384.153641,100,548.913422
366.671458,100,549.086366
395.010907,100,549.262577
278.245763,100,549.540637
311.265818,100,549.716319
367.426913,100,561.279899
321.802293,100,561.505751
356.417357,100,561.686028
333.771523,100,561.828345
383.714896,100,561.9823
264.694379,100,562.121581
315.171208,100,562.268099
361.658598,100,562.414556
408.701179,100,562.57462
313.554643,100,562.723197
323.049096,100,574.983104
384.703059,100,575.131214
366.117301,100,575.287606
416.583063,100,575.51954
323.381236,100,575.702914
436.117949,100,575.859931
311.95086,100,576.025704
415.702867,100,576.187853
375.182836,100,576.363568
366.44825,100,576.532295
421.341842,100,588.195425
383.641743,100,588.341623
404.704935,100,588.485772
360.773173,100,588.629854
327.832411,100,588.768741
356.599585,100,588.900366
290.764507,100,589.037241
396.655366,100,589.177445
337.564712,100,589.320374
374.264175,100,589.5692
373.593349,100,601.034291
302.586275,100,601.201589
351.649152,100,601.377538
286.264542,100,601.591131
351.24143,100,601.829117
319.679074,100,602.033334
355.189705,100,602.204447
385.266678,100,602.383778
319.501234,100,602.553524
321.165055,100,602.762763
381.41081,100,614.089831
337.782456,100,614.247814
410.39566,100,614.408532
365.070182,100,614.569047
368.528086,100,614.717024
420.204981,100,614.875211
409.729446,100,615.02026
292.867435,100,615.165271
377.161567,100,615.312873
383.279746,100,615.464943
396.554166,100,628.398271
368.099668,100,628.701127
349.731279,100,629.030514
352.68674,100,629.386361
321.077839,100,629.727293
367.758014,100,630.048188
354.907231,100,630.361058
237.645439,100,630.612912
401.099043,100,630.889378
423.980589,100,631.191083
363.987679,100,645.619689
351.574896,100,645.802664
378.669489,100,645.992023
381.644753,100,646.177539
355.07466,100,646.45416
308.46205,100,646.645101
375.123316,100,646.835252
396.406501,100,647.010449
432.733144,100,647.196095
355.492549,100,647.361825
370.983681,100,657.99439
342.461556,100,658.145619
405.994434,100,658.414422
371.113414,100,658.615832
445.133567,100,658.777186
264.883632,100,658.933806
399.887018,100,659.075401
313.118483,100,659.230545
374.817618,100,659.383905
368.039063,100,659.543447
390.454001,100,670.537103
349.588182,100,670.795238
302.035372,100,670.955602
401.642565,100,671.101377
309.046703,100,671.270604
400.974623,100,671.410543
275.983641,100,671.550796
333.978417,100,671.706628
424.15493,100,671.861677
412.370007,100,672.018544
406.287826,100,683.71045
360.241876,100,683.856421
324.637118,100,684.00181
343.12374,100,684.145477
386.412255,100,684.305574
414.861154,100,684.449125
387.050791,100,684.639252
388.375692,100,684.853965
322.15254,100,684.999263
273.978212,100,685.168481
392.986891,100,695.624899
369.081571,100,695.80193
353.281499,100,695.963141
390.10564,100,696.127426
378.814841,100,696.288147
300.574116,100,696.442023
319.063697,100,696.639258
340.975407,100,696.862352
417.57076,100,697.017335
384.633833,100,697.190642
349.410324,100,711.633517
282.096711,100,711.930403
358.308286,100,712.250219
357.9165,100,712.55285
320.278499,100,712.855678
319.209187,100,713.164562
439.779166,100,713.421548
370.756538,100,713.663131
370.035894,100,713.973556
317.755789,100,714.28916
290.960715,100,727.482631
421.992699,100,727.653248
436.858908,100,727.78897
431.729131,100,727.925179
336.602188,100,728.061083
338.822743,100,728.216501
347.705344,100,728.38418
374.942687,100,728.52859
376.638597,100,728.685317
390.927507,100,728.839565
361.648899,100,739.599585
368.221043,100,739.762841
369.860663,100,739.915939
284.832526,100,740.066676
357.60082,100,740.21574
356.770929,100,740.379605
329.859818,100,740.552059
355.694029,100,740.708835
304.202159,100,740.859508
414.043549,100,741.014174
341.214751,100,751.677645
381.983789,100,751.839903
285.963965,100,751.989637
362.790335,100,752.140814
351.719335,100,752.297783
339.084596,100,752.447472
310.639068,100,752.593194
354.353497,100,752.734248
389.284045,100,752.871368
269.740025,100,753.016275
339.186781,100,764.39083
342.031737,100,764.564658
313.790769,100,764.736753
369.583214,100,764.908554
403.963453,100,765.07707
420.43981,100,765.281138
320.769938,100,765.535092
377.658354,100,765.705007
329.874178,100,765.880472
418.20124,100,766.03528
341.283849,100,779.639391
403.395028,100,779.896143
394.212679,100,780.19732
400.607816,100,780.514472
401.059438,100,780.830874
333.432718,100,781.148635
309.446417,100,781.464921
364.679402,100,781.759569
295.291536,100,781.978503
408.062476,100,782.298064
326.716935,100,794.597475
366.568548,100,794.75904
374.24959,100,794.915141
391.005672,100,795.084557
306.476296,100,795.250594
377.326114,100,795.398261
276.365403,100,795.583232
355.082263,100,795.812988
282.131562,100,795.964791
424.234495,100,796.143291
371.058878,100,806.928575
406.893119,100,807.088977
340.682231,100,807.259036
368.310644,100,807.419617
351.040193,100,807.6129
321.035287,100,807.831468
347.468358,100,808.008842
320.898718,100,808.210148
419.697106,100,808.404487
342.378829,100,808.586852
406.142814,100,822.558894
277.526342,100,822.706505
386.42384,100,822.850897
424.045593,100,823.004858
390.855408,100,823.162913
311.849026,100,823.307477
414.813613,100,823.447974
379.856671,100,823.651148
320.910689,100,823.837061
344.179425,100,823.996183
391.77861,100,835.815614
356.097435,100,836.040269
395.707344,100,836.328915
305.205911,100,836.621758
298.86106,100,836.909978
332.516903,100,837.197643
369.721987,100,837.482301
365.381392,100,837.787288
351.249789,100,838.046279
326.856766,100,838.332605
338.503374,100,850.408779
405.743964,100,850.561171
286.128812,100,850.720003
421.53586,100,850.886701
350.078628,100,851.044161
370.175418,100,851.194321
352.728251,100,851.340439
366.946632,100,851.48432
386.790576,100,851.719944
308.448638,100,851.881141
362.761462,100,864.310109
391.566182,100,864.472153
398.573427,100,864.636318
269.76979,100,864.807409
330.596361,100,864.965353
380.183138,100,865.130359
384.342183,100,865.28542
336.403299,100,865.441147
313.913012,100,865.647958
314.692731,100,865.85545
399.619339,100,876.892104
334.396552,100,877.048413
302.539968,100,877.199642
431.60587,100,877.350336
284.647735,100,877.503477
430.80511,100,877.76321
375.983605,100,877.920795
373.935569,100,878.086154
314.579221,100,878.232861
354.231719,100,878.385303
402.144788,100,888.765956
340.436433,100,888.926525
367.433884,100,889.083456
385.11134,100,889.234478
351.845904,100,889.377835
348.38939,100,889.529299
358.701934,100,889.774068
359.615751,100,889.923428
347.668065,100,890.089551
351.254322,100,890.239248
372.347938,100,903.042798
368.263212,100,903.34903
387.916473,100,903.635845
295.204021,100,903.902813
426.939167,100,904.159644
285.532406,100,904.454057
312.991143,100,904.758143
316.41553,100,905.053097
324.038106,100,905.368201
345.776305,100,905.678566
342.125275,100,917.493205
359.355188,100,917.735299
392.243799,100,917.880311
423.97549,100,918.03013
394.817884,100,918.199154
418.715869,100,918.349574
413.205289,100,918.501932
369.880634,100,918.660859
344.010095,100,918.812986
347.098993,100,918.954907
319.077311,100,930.940037
305.627225,100,931.108963
402.287047,100,931.27352
363.069129,100,931.44128
391.831245,100,931.650303
321.402197,100,931.860408
445.877058,100,932.046515
325.439418,100,932.215909
295.093523,100,932.380592
404.02807,100,932.560142
391.876149,100,944.333153
333.890931,100,944.500226
377.79405,100,944.664924
404.925581,100,944.833615
336.300812,100,944.998162
356.834697,100,945.188082
354.525949,100,945.368548
373.526389,100,945.528889
398.688289,100,945.784742
329.179809,100,945.951226
389.025959,100,958.839989
333.546708,100,958.989696
288.290543,100,959.142258
368.318043,100,959.307076
342.683084,100,959.472671
330.969556,100,959.645177
336.311363,100,959.79959
373.697489,100,959.948561
424.113404,100,960.113546
359.014159,100,960.370784
359.941489,100,971.941667
360.111186,100,972.097903
377.392927,100,972.371137
378.468637,100,972.551292
400.727415,100,972.728581
350.789817,100,972.905066
324.212795,100,973.077781
400.059027,100,973.269013
325.589369,100,973.453501
399.906641,100,973.603128
363.924338,100,986.398165
394.732138,100,986.588114
423.430613,100,986.80332
342.08072,100,986.951974
395.965353,100,987.120908
416.559564,100,987.273813
388.066993,100,987.417128
387.862283,100,987.567905
349.715544,100,987.736876
350.505289,100,987.885239
367.427239,100,1001.104732
335.163597,100,1001.290566
377.041038,100,1001.452134
341.303724,100,1001.609144
289.615105,100,1001.76842
346.855242,100,1001.941441
341.642309,100,1002.110322
356.183334,100,1002.285368
375.580708,100,1002.457314
374.188195,100,1002.666988
325.699501,100,1017.408919
368.335813,100,1017.593175
307.969312,100,1017.773595
391.974306,100,1017.945557
394.983119,100,1018.118246
293.676164,100,1018.326428
382.084759,100,1018.53165
370.836603,100,1018.837527
412.251231,100,1019.019051
389.105184,100,1019.223871
272.118945,100,1033.336988
297.545306,100,1033.5553
419.17028,100,1033.769268
376.60038,100,1034.001413
338.095441,100,1034.2173
382.321965,100,1034.405246
360.871508,100,1034.628162
379.171799,100,1034.907615
340.241873,100,1035.115929
313.204197,100,1035.321653
373.895134,100,1046.729379
416.615342,100,1046.935656
323.755952,100,1047.101092
334.307046,100,1047.271235
393.417915,100,1047.418628
387.930881,100,1047.570482
369.303997,100,1047.72535
421.050548,100,1047.884402
337.66748,100,1048.031123
341.65267,100,1048.18467
367.038381,100,1059.370097
309.69905,100,1059.51668
394.772241,100,1059.657153
311.851738,100,1059.807644
404.944572,100,1059.958936
372.653308,100,1060.108221
299.859723,100,1060.251446
395.416601,100,1060.392355
409.085408,100,1060.55173
450.851408,100,1060.776556
356.948271,100,1071.368942
413.846292,100,1071.522966
373.197981,100,1071.674457
428.742577,100,1071.839012
367.670788,100,1072.008798
291.379873,100,1072.171161
403.713277,100,1072.331924
309.056402,100,1072.485187
345.690544,100,1072.640273
445.726372,100,1072.875149
354.914852,100,1083.87048
393.31333,100,1084.020228
287.17007,100,1084.177206
335.434214,100,1084.317279
336.982361,100,1084.473523
278.424561,100,1084.621112
412.861498,100,1084.824182
367.563799,100,1085.017833
404.976939,100,1085.177125
381.862839,100,1085.341516
270.568232,100,1097.311774
326.923789,100,1097.476978
360.672737,100,1097.629364
300.5019,100,1097.778083
326.830357,100,1097.937428
349.250858,100,1098.084061
332.52468,100,1098.246855
278.474786,100,1098.412402
325.083096,100,1098.561867
382.521795,100,1098.704151
388.759437,100,1109.696077
362.207423,100,1109.85232
369.579979,100,1110.025841
366.251531,100,1110.197876
345.83223,100,1110.355409
326.127901,100,1110.514957
423.822145,100,1110.672995
385.82096,100,1110.908731
379.671212,100,1111.103994
432.982233,100,1111.304192
400.571504,100,1122.956693
351.709129,100,1123.106973
415.213308,100,1123.286005
381.769355,100,1123.440281
336.770777,100,1123.592036
443.988814,100,1123.744371
406.228878,100,1123.904315
424.302148,100,1124.088574
369.343458,100,1124.254523
344.574756,100,1124.433012
364.333088,100,1136.472195
369.122976,100,1136.616174
376.623143,100,1136.800432
400.87253,100,1137.027491
369.459302,100,1137.21789
370.802348,100,1137.371693
326.460329,100,1137.518414
332.979676,100,1137.658046
409.16569,100,1137.811357
367.649404,100,1138.015102
331.910892,100,1149.967255
386.543038,100,1150.116012
276.651969,100,1150.266598
347.560746,100,1150.429284
346.37685,100,1150.594616
411.710609,100,1150.742474
369.395997,100,1150.890424
292.002283,100,1151.049402
301.177206,100,1151.216039
361.685341,100,1151.430182
339.734508,100,1163.891602
325.321178,100,1164.038199
369.162197,100,1164.208309
358.102332,100,1164.365654
333.779661,100,1164.515285
330.659769,100,1164.67341
441.728801,100,1164.82837
361.933181,100,1164.991136
411.701966,100,1165.146937
397.271423,100,1165.411616
434.630536,100,1179.849022
289.73365,100,1179.997598
438.2384,100,1180.145316
440.365095,100,1180.307476
425.783822,100,1180.474465
247.243943,100,1180.631889
323.665009,100,1180.791933
375.467955,100,1180.951643
280.609347,100,1181.103371
394.130159,100,1181.333028
370.644859,100,1192.127241
386.077943,100,1192.284592
323.349783,100,1192.432102
355.691073,100,1192.591588
354.985868,100,1192.749805
359.360363,100,1192.897319
300.202793,100,1193.060475
284.960344,100,1193.265731
421.608613,100,1193.473343
340.583075,100,1193.633971
405.85903,100,1204.558934
367.48627,100,1204.730021
364.509227,100,1204.898651
302.552467,100,1205.05965
389.27069,100,1205.318743
332.280772,100,1205.544859
277.591386,100,1205.748155
356.438492,100,1205.919407
275.163573,100,1206.095786
315.742393,100,1206.292852
353.461952,100,1217.283488
428.62385,100,1217.538686
386.544245,100,1217.689967
401.192613,100,1217.850353
397.870259,100,1218.009317
303.174369,100,1218.164265
351.803347,100,1218.318495
342.706855,100,1218.456717
337.447121,100,1218.613116
355.853953,100,1218.764102
368.988594,100,1230.160451
255.708031,100,1230.301414
310.380297,100,1230.442162
313.859791,100,1230.584851
373.307728,100,1230.739958
279.062577,100,1230.895209
327.192161,100,1231.049861
397.32583,100,1231.198295
320.53768,100,1231.348892
370.706067,100,1231.496792
449.316521,100,1243.733997
412.464161,100,1243.903538
395.135199,100,1244.080815
269.176379,100,1244.244118
355.496246,100,1244.400834
269.761191,100,1244.552088
366.467077,100,1244.704559
382.760123,100,1244.86795
406.163012,100,1245.022599
358.778649,100,1245.189145
364.300883,100,1255.944112
366.549058,100,1256.182797
418.806456,100,1256.344112
304.655695,100,1256.541898
401.063123,100,1256.728984
330.787756,100,1256.900565
374.101601,100,1257.061327
373.548485,100,1257.242787
352.214441,100,1257.411934
341.951016,100,1257.562268
381.706723,100,1269.255584
378.50683,100,1269.612297
414.626932,100,1269.958455
423.961132,100,1270.23393
320.141795,100,1270.48958
389.531068,100,1270.79217
391.309505,100,1271.096959
329.347022,100,1271.392757
364.970744,100,1271.687109
390.528375,100,1271.99372
311.027361,100,1284.688643
441.467662,100,1284.844841
309.079218,100,1284.99164
409.157776,100,1285.152475
315.246137,100,1285.3192
328.020841,100,1285.481626
313.515105,100,1285.650859
405.516934,100,1285.807608
370.300827,100,1286.040223
370.700387,100,1286.224168
408.786841,100,1301.174006
399.687496,100,1301.357685
408.450221,100,1301.524916
425.991533,100,1301.685301
303.119981,100,1301.840731
286.936111,100,1302.024726
353.03342,100,1302.295745
330.577905,100,1302.467326
391.431472,100,1302.661077
334.75185,100,1302.836929
346.258611,100,1314.549769
299.572161,100,1314.761454
324.073945,100,1314.914531
332.36906,100,1315.09105
424.592477,100,1315.25842
413.693842,100,1315.412987
378.321042,100,1315.558779
375.847668,100,1315.713219
384.411247,100,1315.856419
416.811429,100,1315.995541
300.455001,100,1328.852264
411.902233,100,1329.053519
368.410686,100,1329.240189
336.651467,100,1329.411484
398.629165,100,1329.576641
392.289222,100,1329.748978
276.203543,100,1329.957165
423.338557,100,1330.144427
433.046832,100,1330.318081
423.710668,100,1330.49286
348.985355,100,1343.434584
399.914136,100,1343.572386
341.233011,100,1343.722512
414.972953,100,1343.875203
355.956613,100,1344.023518
422.80999,100,1344.173485
347.813839,100,1344.320026
379.609477,100,1344.461526
386.896796,100,1344.637837
373.896395,100,1344.846357
377.999889,100,1357.520856
402.010022,100,1357.696012
417.951289,100,1357.866119
398.930199,100,1358.051438
364.770385,100,1358.240351
433.593053,100,1358.425943
360.681306,100,1358.596901
361.770684,100,1358.766158
372.261496,100,1359.014518
321.730499,100,1359.221422
384.455915,100,1370.996351
395.578481,100,1371.206753
324.788819,100,1371.395087
344.543109,100,1371.588556
351.086672,100,1371.784461
320.065909,100,1371.977908
445.757948,100,1372.171361
410.740717,100,1372.3538
374.67178,100,1372.540665
314.894287,100,1372.733316
256.287066,100,1384.801136
385.937972,100,1385.034534
390.110534,100,1385.211064
325.496765,100,1385.364324
375.496572,100,1385.537232
380.335501,100,1385.694057
385.160967,100,1385.861356
356.524135,100,1386.02574
391.263815,100,1386.194999
357.934376,100,1386.361669
391.764441,100,1398.477425
362.276936,100,1398.640807
318.332416,100,1398.813021
346.365524,100,1399.074969
361.516487,100,1399.238912
322.733015,100,1399.409672
353.979768,100,1399.554826
452.718111,100,1399.696021
370.412233,100,1399.845768
306.282725,100,1400.005328
374.567425,100,1410.511793
359.588537,100,1410.644338
276.485514,100,1410.784256
346.471646,100,1410.997572
300.479818,100,1411.269867
398.685054,100,1411.489487
322.349123,100,1411.685681
362.38647,100,1411.880431
303.695324,100,1412.075197
348.282341,100,1412.292178
327.413123,100,1426.462146
350.68224,100,1426.60973
351.489748,100,1426.763546
352.517311,100,1427.004211
428.126783,100,1427.189399
423.394221,100,1427.362814
283.80941,100,1427.518799
325.728405,100,1427.672954
315.381051,100,1427.827194
421.240718,100,1427.995887
400.538366,100,1438.971925
327.031447,100,1439.182165
401.097387,100,1439.388101
373.505935,100,1439.529995
258.513308,100,1439.697284
370.268428,100,1439.837466
390.255201,100,1439.978248
373.126753,100,1440.12668
341.172348,100,1440.287395
298.904373,100,1440.442466
449.359783,100,1452.383617
449.252235,100,1452.541018
410.417634,100,1452.680048
271.665574,100,1452.818995
324.674786,100,1452.962095
352.640353,100,1453.158936
391.596419,100,1453.357255
384.706352,100,1453.525373
425.237096,100,1453.657637
353.516654,100,1453.791974
423.770647,100,1468.177919
390.400566,100,1468.501266
347.896916,100,1468.813603
391.929134,100,1469.118271
372.449234,100,1469.408377
304.363968,100,1469.649359
405.60524,100,1469.950736
327.836292,100,1470.273808
345.099451,100,1470.560062
389.497705,100,1470.833287
311.78779,100,1484.70676
431.193211,100,1484.883186
378.530929,100,1485.074429
351.89162,100,1485.347809
275.095334,100,1485.552303
431.780151,100,1485.758197
345.506666,100,1485.937073
382.628131,100,1486.11758
309.726896,100,1486.313214
377.431128,100,1486.503891
368.749474,100,1499.961555
400.120755,100,1500.161264
434.083536,100,1500.384234
329.930345,100,1500.601191
412.609252,100,1500.801318
402.782724,100,1500.99093
354.836306,100,1501.265867
288.374438,100,1501.480952
359.494676,100,1501.686577
422.193655,100,1501.861335
411.427173,100,1514.234542
355.148736,100,1514.388149
349.329636,100,1514.541354
284.906196,100,1514.695567
367.600538,100,1514.852644
340.433291,100,1514.995579
381.846173,100,1515.253537
344.45768,100,1515.492444
344.374123,100,1515.656515
362.328505,100,1515.843214
315.117612,100,1528.597884
388.143729,100,1528.762362
349.101033,100,1528.909759
433.791017,100,1529.057029
337.985877,100,1529.320125
365.686147,100,1529.470733
430.694772,100,1529.638528
393.272938,100,1529.77826
351.788542,100,1529.919116
350.086235,100,1530.059145
410.169052,100,1540.512362
392.133086,100,1540.680017
397.577963,100,1540.837208
350.279264,100,1540.983027
357.817499,100,1541.184412
264.193127,100,1541.379605
375.39198,100,1541.539017
419.310337,100,1541.684789
428.049381,100,1541.838534
432.486662,100,1541.982995
308.998217,100,1555.323175
258.557774,100,1555.583336
361.39766,100,1555.764261
384.820715,100,1555.94689
364.694902,100,1556.121302
326.76846,100,1556.299323
424.387711,100,1556.487199
350.279557,100,1556.676756
428.964277,100,1556.841866
409.951791,100,1556.998758
365.433542,100,1568.8535
319.617506,100,1568.995633
346.20982,100,1569.139449
431.415918,100,1569.312394
277.799794,100,1569.555467
396.313042,100,1569.707145
360.012933,100,1569.874115
420.251873,100,1570.028657
422.417601,100,1570.1871
350.217475,100,1570.347085
310.842056,100,1581.300693
408.736316,100,1581.594234
361.156336,100,1581.859792
307.738719,100,1582.163089
342.095405,100,1582.474103
289.404238,100,1582.778918
373.260456,100,1583.087192
325.150859,100,1583.39708
413.607405,100,1583.670077
312.592323,100,1583.936015
434.698156,100,1596.448816
336.515529,100,1596.615134
315.373615,100,1596.792263
383.781989,100,1596.945475
355.478374,100,1597.08961
309.126532,100,1597.238448
362.628861,100,1597.487182
366.922369,100,1597.638299
440.268753,100,1597.823019
355.640544,100,1598.009858
433.544583,100,1611.19549
417.316529,100,1611.35744
394.338302,100,1611.624925
299.016846,100,1611.778989
399.133719,100,1611.948676
379.087731,100,1612.121109
390.252457,100,1612.287109
403.91608,100,1612.447891
281.238504,100,1612.612156
400.434656,100,1612.786299
404.699448,100,1625.242624
296.308438,100,1625.670109
384.147149,100,1626.05525
387.124219,100,1626.477442
337.573708,100,1626.846095
415.415758,100,1627.203804
337.161749,100,1627.544355
324.800684,100,1627.816959
406.293337,100,1628.14562
433.187392,100,1628.498952
391.899796,100,1640.143693
395.563845,100,1640.305118
362.407087,100,1640.460316
364.27668,100,1640.61408
354.314123,100,1640.779073
405.249769,100,1640.933578
406.803692,100,1641.096322
311.409196,100,1641.253384
429.238952,100,1641.464685
394.809371,100,1641.663034
376.917767,100,1654.409129
368.133954,100,1654.710155
393.27878,100,1655.037478
376.181928,100,1655.403177
338.046316,100,1655.743098
344.456186,100,1656.066732
347.205203,100,1656.425205
389.972913,100,1656.774241
362.855821,100,1657.104507
383.191054,100,1657.45054
323.6667,100,1670.876185
415.623527,100,1671.023591
330.891248,100,1671.176872
400.878487,100,1671.322416
425.800083,100,1671.597569
351.390025,100,1671.763371
269.509871,100,1671.936195
403.389101,100,1672.091951
352.998045,100,1672.244503
328.361668,100,1672.391313
344.807678,100,1684.774112
390.809841,100,1684.96853
467.868948,100,1685.162679
384.884233,100,1685.354574
349.695256,100,1685.631019
326.216727,100,1685.818065
318.082636,100,1686.02763
352.174554,100,1686.214345
380.902591,100,1686.416614
348.456766,100,1686.627722
354.142535,100,1698.157155
311.867088,100,1698.312926
439.245076,100,1698.459162
434.310757,100,1698.612159
445.290174,100,1698.758756
354.07389,100,1698.89994
365.235554,100,1699.047377
388.260942,100,1699.194264
359.615318,100,1699.340542
349.613376,100,1699.614638
382.23158,100,1710.334963
346.12042,100,1710.510342
369.461861,100,1710.676486
411.58312,100,1710.843139
286.932608,100,1711.003273
348.682595,100,1711.173045
382.914263,100,1711.34415
347.95597,100,1711.516967
404.532269,100,1711.732685
361.138329,100,1711.948246
351.921725,100,1726.418292
371.155879,100,1726.717576
344.983969,100,1727.018752
456.257786,100,1727.324226
412.603257,100,1727.619655
360.426658,100,1727.929377
383.696925,100,1728.190459
323.897206,100,1728.432495
413.321661,100,1728.731114
353.891671,100,1729.023638
279.459439,100,1.642961
408.884582,100,1.792865
278.121237,100,1.952995
281.320695,100,2.123303
367.435079,100,2.27462
358.219394,100,2.427557
318.279032,100,2.63468
457.833488,100,2.865497
384.150316,100,3.034221
388.13117,100,3.205906
335.875856,100,13.982227
433.093224,100,14.12808
345.325004,100,14.277563
382.972688,100,14.420977
286.657207,100,14.557113
362.126855,100,14.693689
338.901403,100,14.871287
351.334128,100,15.101841
369.370279,100,15.250604
324.730336,100,15.411902
349.828792,100,26.3815
338.306301,100,26.529852
461.419194,100,26.680675
354.83291,100,26.846269
316.913392,100,27.094682
353.433609,100,27.24986
419.598864,100,27.418089
364.076844,100,27.572372
364.281317,100,27.728002
396.036498,100,27.893412
409.438478,100,39.289543
383.969202,100,39.460826
292.766337,100,39.609468
351.487304,100,39.765153
349.002057,100,39.923696
370.294394,100,40.082842
337.813872,100,40.235889
413.320325,100,40.387716
349.586379,100,40.538328
379.7404,100,40.703879
440.560141,100,54.519233
395.155298,100,54.696355
397.816736,100,54.951305
387.66765,100,55.2092
407.068743,100,55.419198
338.203807,100,55.605649
382.979097,100,55.763041
336.491968,100,55.935084
345.290722,100,56.103709
400.82994,100,56.265344
336.389016,100,67.2747
388.621059,100,67.440484
319.311065,100,67.585351
356.036201,100,67.735497
417.965955,100,67.884774
380.966671,100,68.053527
323.517399,100,68.208386
364.309913,100,68.350808
296.867834,100,68.495103
377.556444,100,68.652713
376.065585,100,81.93702
280.809447,100,82.249424
342.216008,100,82.553971
342.382685,100,82.853203
287.667007,100,83.190325
385.918233,100,83.487291
343.204741,100,83.812497
301.454639,100,84.148828
362.925389,100,84.459642
387.883146,100,84.766234
441.335596,100,97.952213
423.815757,100,98.133768
364.633141,100,98.295049
401.122023,100,98.449023
431.235922,100,98.610337
349.758422,100,98.74434
427.300609,100,98.889495
314.483226,100,99.045813
388.002215,100,99.312211
319.274724,100,99.507458
361.264551,100,111.658852
404.686926,100,111.805195
347.894462,100,111.966358
291.497285,100,112.123003
376.193329,100,112.286934
402.944971,100,112.429054
330.302244,100,112.571728
351.170682,100,112.717681
414.786902,100,112.86951
420.429694,100,113.022538
329.895401,100,126.177116
324.667272,100,126.351158
371.083138,100,126.522696
313.743639,100,126.690053
433.841498,100,126.863569
353.667182,100,127.034295
391.501516,100,127.318855
325.378137,100,127.50688
434.859386,100,127.706233
400.819868,100,127.878324
289.224241,100,141.00867
424.54917,100,141.255857
331.916586,100,141.410502
396.70755,100,141.584069
388.623718,100,141.726968
348.046116,100,141.879854
403.058716,100,142.026443
407.226788,100,142.1821
318.339632,100,142.323465
368.373709,100,142.47022
381.457532,100,154.7387
339.243323,100,154.930043
325.391374,100,155.182236
359.227348,100,155.41483
305.029299,100,155.614089
421.317182,100,155.8224
394.757157,100,156.028297
351.511531,100,156.252878
373.287777,100,156.452848
381.325675,100,156.649168
419.376875,100,168.515815
310.551297,100,168.694448
327.32689,100,168.869162
414.905718,100,169.050339
339.497703,100,169.341624
440.78984,100,169.544558
286.956226,100,169.716565
283.371247,100,169.882572
377.976356,100,170.05583
306.21023,100,170.229424
433.503308,100,182.457699
435.335782,100,182.600934
390.73553,100,182.741245
352.451773,100,182.893025
397.853052,100,183.048016
323.669555,100,183.316404
292.093858,100,183.470803
345.6939,100,183.646329
303.176751,100,183.80377
357.949625,100,183.967496
412.368955,100,196.524809
372.576388,100,196.886437
292.140444,100,197.249137
375.589051,100,197.545282
399.885259,100,197.899059
365.71336,100,198.263757
421.489755,100,198.620176
375.790118,100,198.971686
401.043019,100,199.329284
379.463389,100,199.650175
414.023447,100,212.977297
435.519908,100,213.346295
349.671649,100,213.623108
307.859079,100,213.912667
326.774859,100,214.071016
339.875725,100,214.216469
364.168774,100,214.376299
418.878692,100,214.515872
329.529605,100,214.661624
354.631093,100,214.814162
333.449689,100,226.788428
312.062482,100,226.970982
307.940816,100,227.229266
338.386186,100,227.434237
401.031275,100,227.626385
392.937956,100,227.789486
380.068492,100,227.965865
419.932697,100,228.140627
443.407589,100,228.318476
371.606159,100,228.487469
341.37721,100,240.035643
368.42303,100,240.186134
351.598266,100,240.338273
320.231224,100,240.477314
392.531017,100,240.616144
371.016155,100,240.752142
382.053606,100,240.901219
336.080531,100,241.04923
392.221618,100,241.333242
352.16373,100,241.504844
396.861165,100,253.246402
379.775132,100,253.51555
413.973296,100,253.821099
387.724088,100,254.121145
407.948307,100,254.413041
373.736288,100,254.708477
405.959781,100,255.02233
318.779088,100,255.341422
415.239608,100,255.565378
377.545839,100,255.86107
329.020639,100,267.761097
422.394909,100,267.929869
284.821203,100,268.09549
404.343846,100,268.255543
432.579468,100,268.404474
394.831251,100,268.553375
364.602289,100,268.699773
376.617127,100,268.838253
333.819068,100,269.001306
340.276065,100,269.227208
331.746885,100,279.723653
309.484131,100,279.952142
402.394218,100,280.108139
350.301122,100,280.273555
447.064706,100,280.413866
279.15052,100,280.557743
337.408671,100,280.705351
406.338835,100,280.866081
378.719414,100,281.02134
349.228687,100,281.177242
359.727707,100,292.506334
297.548862,100,292.650968
385.429667,100,292.791062
386.810839,100,292.942879
297.099055,100,293.089059
380.772141,100,293.227023
317.230106,100,293.370993
288.247883,100,293.513306
280.747748,100,293.688266
385.894782,100,293.928566
386.698682,100,304.914398
311.526414,100,305.13309
329.750339,100,305.327071
396.969485,100,305.53948
337.794911,100,305.829113
403.424764,100,306.063804
363.048351,100,306.300334
325.760263,100,306.499996
370.565464,100,306.702076
356.408329,100,306.912116
407.449107,100,318.528562
372.438304,100,318.710398
319.69617,100,318.890515
333.248688,100,319.080956
370.547732,100,319.27407
350.787421,100,319.445015
388.29595,100,319.62987
339.944207,100,319.894202
284.710417,100,320.075551
362.848568,100,320.266409
339.185468,100,333.160301
255.202745,100,333.325504
354.594847,100,333.490678
435.009776,100,333.668607
435.540921,100,333.958455
437.410316,100,334.151801
374.948853,100,334.368109
354.377558,100,334.540144
396.319542,100,334.717877
264.964908,100,334.90225
404.571968,100,348.733152
387.854221,100,349.018472
366.434011,100,349.210372
293.391932,100,349.384146
371.137316,100,349.556349
413.645002,100,349.733565
345.587352,100,349.914469
382.009504,100,350.0849
400.963088,100,350.251053
343.624625,100,350.431181
436.873805,100,362.259706
366.745614,100,362.409569
425.727595,100,362.555305
334.547029,100,362.698343
342.544842,100,362.965926
273.410849,100,363.128107
350.487653,100,363.3094
332.019684,100,363.465044
374.187154,100,363.623497
335.228958,100,363.776924
405.532425,100,375.698964
296.107335,100,375.846089
382.257126,100,375.996034
394.885836,100,376.154487
262.397324,100,376.303256
327.531617,100,376.450493
416.344358,100,376.596771
333.310946,100,376.737627
384.587712,100,376.980581
370.205212,100,377.139282
357.821283,100,387.904677
314.099839,100,388.062738
409.371979,100,388.218989
345.491891,100,388.368989
386.15562,100,388.522783
419.663135,100,388.687539
394.862979,100,388.920706
389.831246,100,389.123764
251.164678,100,389.301466
371.324976,100,389.465131
294.244323,100,401.254127
349.509216,100,401.443063
390.39785,100,401.617345
364.17877,100,401.788412
313.417558,100,401.98208
452.843606,100,402.168051
377.529865,100,402.350666
398.731326,100,402.524294
400.476872,100,402.710439
463.089784,100,402.992706
357.560691,100,416.315074
411.218074,100,416.498652
406.992932,100,416.677196
406.750587,100,416.968532
430.068453,100,417.165004
398.534539,100,417.385954
383.065115,100,417.578773
357.274033,100,417.778413
348.608914,100,417.98633
349.851525,100,418.185547
356.898435,100,431.713053
406.395031,100,431.911067
373.301876,100,432.126236
401.205842,100,432.320321
352.797579,100,432.522436
305.033283,100,432.710515
267.622381,100,433.01469
384.314294,100,433.23595
423.799954,100,433.431966
365.861059,100,433.635013
303.48494,100,446.541056
339.409126,100,446.689145
304.799856,100,446.917328
319.214076,100,447.104419
428.331558,100,447.276071
395.823811,100,447.436682
319.97829,100,447.588391
436.740729,100,447.740788
383.623928,100,447.901436
354.103217,100,448.091189
404.211143,100,459.733598
412.068956,100,459.888144
278.670542,100,460.052155
423.261154,100,460.202883
410.530125,100,460.350425
409.176062,100,460.502776
323.433547,100,460.656572
357.079825,100,460.867835
411.262192,100,461.094519
375.231379,100,461.296687
301.696255,100,474.961597
401.415986,100,475.208539
386.369769,100,475.49821
302.587905,100,475.777229
363.438003,100,476.061345
283.890999,100,476.341487
383.927889,100,476.614674
402.388509,100,476.813749
331.981939,100,477.069312
417.049021,100,477.258914
375.777174,100,490.562732
333.051611,100,490.73389
410.984707,100,491.008317
374.591416,100,491.185668
384.02505,100,491.36994
344.447104,100,491.535346
336.749616,100,491.696858
356.629722,100,491.863702
357.383702,100,492.040283
373.089563,100,492.210335
386.727528,100,503.267622
307.17116,100,503.408755
318.05591,100,503.550081
360.809009,100,503.693464
431.033926,100,503.912178
358.322075,100,504.096837
368.297983,100,504.2678
378.116405,100,504.413854
342.814128,100,504.555741
383.989448,100,504.698232
328.839301,100,519.11913
374.299323,100,519.401341
347.614165,100,519.720413
375.440055,100,520.028992
346.731634,100,520.337358
435.004381,100,520.650415
397.350341,100,520.964253
392.503152,100,521.207706
357.728533,100,521.484349
367.468256,100,521.79755
397.760983,100,534.060763
352.656597,100,534.211398
402.923254,100,534.364396
407.090281,100,534.506017
326.441608,100,534.641663
312.087498,100,534.814038
431.323036,100,535.031475
381.110135,100,535.187973
351.323398,100,535.348284
338.024585,100,535.48885
338.837461,100,547.213587
412.885707,100,547.41197
331.304799,100,547.580075
334.78167,100,547.768188
252.795238,100,547.987841
403.476901,100,548.221347
392.720623,100,548.444684
411.255533,100,548.666651
291.282793,100,548.94086
317.176502,100,549.227809
364.905559,100,560.608078
334.124704,100,560.816091
336.337452,100,561.07172
357.612679,100,561.254561
376.674736,100,561.432623
281.364914,100,561.608277
314.96785,100,561.795625
364.381646,100,561.994472
421.295164,100,562.19197
330.087571,100,562.362336
328.818471,100,573.11704
373.743687,100,573.271866
356.821171,100,573.433892
421.567377,100,573.585379
329.688118,100,573.740808
442.066206,100,573.897524
313.814202,100,574.059266
415.112287,100,574.211438
386.739884,100,574.363337
383.247335,100,574.510236
416.519298,100,587.767628
374.253119,100,587.917424
407.922834,100,588.083809
368.844593,100,588.239821
335.577432,100,588.379418
362.036279,100,588.519635
276.228599,100,588.662278
394.385919,100,588.804555
335.885508,100,589.041428
371.235485,100,589.210258
375.202592,100,599.909785
307.936043,100,600.086215
355.695786,100,600.23037
302.160681,100,600.37545
359.61162,100,600.521869
342.882746,100,600.679269
345.186757,100,600.831844
407.047421,100,601.100038
310.702762,100,601.245539
313.452343,100,601.41997
385.210038,100,613.787499
337.767715,100,613.944398
416.904583,100,614.107336
370.224773,100,614.267596
342.562731,100,614.431148
423.557242,100,614.582544
411.819337,100,614.72949
313.582669,100,614.928966
389.983643,100,615.175688
404.061736,100,615.339625
404.630009,100,628.344497
375.831424,100,628.48514
350.916515,100,628.63113
369.078849,100,628.769124
333.648507,100,628.968721
377.040851,100,629.154116
339.691702,100,629.387658
251.563632,100,629.556613
396.646398,100,629.697275
416.274153,100,629.851375
348.784918,100,641.663166
353.753762,100,641.83248
394.310369,100,642.022161
395.275176,100,642.199331
374.567237,100,642.370336
297.899455,100,642.543451
372.230073,100,642.725725
395.779378,100,642.963134
413.707578,100,643.190398
350.676949,100,643.366577
385.295372,100,657.500596
344.529468,100,657.677435
392.468017,100,657.830325
338.614584,100,657.984686
455.426178,100,658.14817
275.557988,100,658.310426
418.692129,100,658.460543
339.182485,100,658.620092
369.4801,100,658.771164
385.739098,100,658.984616
400.681665,100,671.498752
354.105494,100,671.665453
321.49699,100,671.840956
398.498389,100,672.026782
302.129761,100,672.210851
408.804633,100,672.389865
280.719646,100,672.558376
317.135033,100,672.734473
428.588067,100,672.95187
419.416949,100,673.197843
407.030151,100,687.437414
369.381847,100,687.61535
330.83229,100,687.803354
334.392067,100,687.981428
388.672179,100,688.17234
429.281406,100,688.358863
375.892896,100,688.536821
375.30809,100,688.711366
331.894639,100,688.912731
275.064577,100,689.191325
385.536279,100,701.582613
363.332082,100,701.746292
350.120606,100,701.891252
387.009167,100,702.038068
363.277124,100,702.191437
303.107792,100,702.345121
335.636218,100,702.493314
322.99115,100,702.64657
422.635297,100,702.796941
393.734307,100,702.964874
340.887328,100,715.293351
317.936455,100,715.445143
344.041223,100,715.594346
376.43476,100,715.841347
330.229428,100,715.986023
334.465242,100,716.166049
450.359313,100,716.314911
363.565833,100,716.476374
377.240913,100,716.642514
324.67122,100,716.806161
301.795134,100,731.264888
409.79058,100,731.452456
435.553967,100,731.625206
426.801436,100,731.789693
335.978326,100,731.962374
354.441333,100,732.13733
343.847339,100,732.389991
377.842263,100,732.580294
368.740162,100,732.772554
385.25741,100,732.952492
360.046314,100,743.746033
384.189654,100,743.890785
371.047563,100,744.050071
282.179709,100,744.223788
358.877678,100,744.450169
355.347786,100,744.604011
323.519179,100,744.783143
360.23721,100,744.938787
294.698105,100,745.088049
402.079237,100,745.235375
315.764505,100,756.682063
408.438478,100,756.847996
293.275138,100,756.99179
340.023747,100,757.148007
369.776463,100,757.290177
356.458866,100,757.446348
315.263998,100,757.594233
350.38412,100,757.749191
392.834324,100,757.903643
267.635818,100,758.069629
335.713294,100,773.151375
336.501819,100,773.385298
303.36598,100,773.602836
376.679406,100,773.806983
391.747284,100,774.037202
416.26896,100,774.291169
333.628763,100,774.562353
370.787841,100,774.798318
332.012265,100,775.003577
422.17057,100,775.220229
346.967324,100,787.425416
389.338974,100,787.571737
390.732941,100,787.710337
402.499259,100,787.856096
402.057098,100,788.000301
344.779284,100,788.159702
307.22212,100,788.429213
351.01772,100,788.611938
295.762456,100,788.820033
406.038145,100,788.998627
314.00212,100,799.885065
358.353879,100,800.03063
366.494024,100,800.165939
400.017806,100,800.305893
309.724421,100,800.546538
369.598554,100,800.697375
283.013026,100,800.867
377.832117,100,801.021981
276.368791,100,801.16488
425.70122,100,801.303467
373.239465,100,813.375434
407.535314,100,813.522403
372.607483,100,813.682223
376.07743,100,813.829652
369.166314,100,813.975911
322.319829,100,814.118636
361.186864,100,814.258288
318.176099,100,814.460972
410.392172,100,814.629649
324.696303,100,814.813981
404.903299,100,827.639814
268.936951,100,827.808123
394.811051,100,827.974991
426.522867,100,828.143661
400.623366,100,828.296992
308.737752,100,828.451859
410.281545,100,828.618304
373.744836,100,828.768364
302.823755,100,828.918018
350.499021,100,829.071503
381.340771,100,840.608611
363.680611,100,840.758443
399.056206,100,840.910536
289.104576,100,841.07392
292.59459,100,841.236402
326.879107,100,841.506173
364.400712,100,841.713274
354.292914,100,841.909477
364.223267,100,842.092601
332.881546,100,842.248106
356.448916,100,857.282426
387.556838,100,857.55363
262.158188,100,857.746477
433.89016,100,857.938831
335.481713,100,858.152151
373.344375,100,858.333035
344.845609,100,858.506152
373.21552,100,858.679722
381.658069,100,858.855306
310.465046,100,859.02586
356.800354,100,870.578353
371.219909,100,870.756277
386.643024,100,870.947391
272.615675,100,871.126741
320.335075,100,871.29548
374.708035,100,871.464624
376.06068,100,871.72637
325.759517,100,871.906449
301.825263,100,872.114875
306.990232,100,872.283175
389.358629,100,885.315784
321.131409,100,885.451764
299.143515,100,885.708731
423.374958,100,885.872441
301.129883,100,886.037478
444.521223,100,886.192191
367.543002,100,886.338739
367.451498,100,886.480096
292.446032,100,886.638398
356.111961,100,886.783994
389.980061,100,899.043069
329.783248,100,899.182554
361.762021,100,899.326478
379.348496,100,899.463294
334.82374,100,899.718535
345.147205,100,899.87148
356.043119,100,900.052776
346.369453,100,900.198576
343.955967,100,900.341424
331.797349,100,900.484979
370.594325,100,914.957244
357.634867,100,915.135964
389.398317,100,915.294114
305.42083,100,915.460038
434.042426,100,915.623162
295.714558,100,915.894699
307.824334,100,916.050044
291.001685,100,916.22013
337.112904,100,916.366477
342.731325,100,916.512249
329.810655,100,928.318095
368.16379,100,928.473481
379.448114,100,928.628
421.32216,100,928.785872
389.323254,100,928.943305
405.549487,100,929.104451
396.427253,100,929.266575
358.357215,100,929.426052
334.911034,100,929.575985
341.447212,100,929.768841
328.906805,100,941.186959
317.199461,100,941.328195
381.578739,100,941.467577
332.846578,100,941.610763
398.887723,100,941.846584
315.405219,100,942.015996
435.717596,100,942.260722
331.225907,100,942.421179
303.46771,100,942.582361
393.62093,100,942.745002
399.53425,100,954.879375
323.662149,100,955.058124
371.136777,100,955.223664
394.631998,100,955.375453
346.685132,100,955.520615
374.975358,100,955.684222
353.715225,100,955.888696
362.891155,100,956.120199
379.755521,100,956.290519
326.010372,100,956.476524
402.36047,100,967.679837
336.734852,100,967.825713
291.668434,100,967.973434
375.908766,100,968.204531
338.481066,100,968.403867
310.624714,100,968.549622
329.601993,100,968.715154
377.37645,100,968.865709
424.430108,100,969.018646
347.552664,100,969.170621
340.939173,100,979.938708
380.282881,100,980.168617
367.10365,100,980.396568
375.673632,100,980.57218
385.561598,100,980.753267
354.847384,100,980.929288
317.008907,100,981.105133
397.842809,100,981.27788
318.495197,100,981.449262
405.954383,100,981.618709
367.213561,100,993.365291
379.614312,100,993.514332
419.674386,100,993.664752
358.281785,100,993.831651
381.922786,100,994.000562
421.929568,100,994.253758
402.516155,100,994.4224
372.699615,100,994.585147
351.16439,100,994.753124
352.010934,100,994.904659
370.301409,100,1007.78252
337.507084,100,1007.925426
365.263954,100,1008.096718
326.39407,100,1008.352543
300.234784,100,1008.54263
332.569332,100,1008.722488
357.109598,100,1008.89326
352.442191,100,1009.055596
374.89937,100,1009.23217
356.469757,100,1009.385427
321.038582,100,1021.046226
361.926294,100,1021.232543
304.436424,100,1021.42426
376.533996,100,1021.616331
399.26183,100,1021.793658
310.922892,100,1021.96953
379.433275,100,1022.208715
375.191499,100,1022.416175
411.765486,100,1022.623872
403.795402,100,1022.78567
278.871816,100,1035.659595
299.24372,100,1035.797421
416.573585,100,1035.936273
390.843024,100,1036.100051
337.194257,100,1036.338512
380.991286,100,1036.496567
353.755099,100,1036.673685
391.891337,100,1036.826083
354.39241,100,1036.981853
321.301693,100,1037.142397
372.983011,100,1049.542183
406.07617,100,1049.687618
341.296047,100,1049.851526
332.413032,100,1050.014538
384.585602,100,1050.163208
373.623394,100,1050.397611
361.04849,100,1050.561649
409.047111,100,1050.735319
328.777291,100,1050.886755
364.121374,100,1051.046158
353.737622,100,1069.553347
325.814772,100,1069.719103
404.856131,100,1069.881709
316.278271,100,1070.047044
392.573534,100,1070.206482
333.289479,100,1070.418645
307.585022,100,1070.613849
393.591176,100,1070.769233
412.947748,100,1070.94817
441.936694,100,1071.118378
345.91013,100,1087.557931
406.477511,100,1087.707286
397.00314,100,1087.863554
430.621017,100,1088.032148
357.570655,100,1088.190118
287.578113,100,1088.398108
410.842807,100,1088.601485
330.979615,100,1088.762198
338.195504,100,1088.923125
434.846994,100,1089.080293
354.276882,100,1101.518849
392.724338,100,1101.808315
288.740783,100,1102.114676
334.788863,100,1102.419127
335.868127,100,1102.669803
280.781738,100,1102.945283
388.070762,100,1103.252216
376.920833,100,1103.539717
395.119739,100,1103.828978
367.830986,100,1104.137758
259.441528,100,1116.105183
330.148928,100,1116.26701
364.987394,100,1116.528557
301.203107,100,1116.681587
330.875708,100,1116.854624
345.336281,100,1117.02103
313.365786,100,1117.178879
280.758614,100,1117.318402
316.463899,100,1117.468754
374.992479,100,1117.618619
380.036992,100,1128.910408
368.892478,100,1129.067401
378.239992,100,1129.21384
355.830685,100,1129.371635
347.248531,100,1129.520376
332.224709,100,1129.669758
416.70287,100,1129.809087
380.160866,100,1129.957929
364.636231,100,1130.106127
433.873626,100,1130.287439
400.958393,100,1145.266868
357.398177,100,1145.447397
411.325696,100,1145.654025
383.861278,100,1145.823974
339.182453,100,1146.001033
448.858282,100,1146.175357
376.114449,100,1146.333557
428.551497,100,1146.495605
368.421204,100,1146.663058
339.95998,100,1146.922294
369.228754,100,1158.848614
361.049612,100,1159.030122
380.331311,100,1159.193674
392.062052,100,1159.36762
365.921386,100,1159.525824
359.150834,100,1159.687672
345.708076,100,1159.833818
335.759531,100,1160.008947
399.049756,100,1160.179265
361.30911,100,1160.349698
328.32636,100,1173.774736
391.866712,100,1173.94047
290.093842,100,1174.113996
337.504811,100,1174.268364
327.139234,100,1174.423752
402.286667,100,1174.581136
378.660025,100,1174.806213
285.044973,100,1175.032669
302.263726,100,1175.205367
375.588258,100,1175.383494
338.708468,100,1188.244207
329.724314,100,1188.400713
342.835004,100,1188.558928
350.623624,100,1188.758144
317.57376,100,1188.990525
326.879535,100,1189.147151
438.10579,100,1189.312662
388.814082,100,1189.460737
425.943884,100,1189.613529
387.46856,100,1189.766585
412.81914,100,1202.407053
302.269472,100,1202.709532
441.010608,100,1203.027055
413.749957,100,1203.255669
421.335604,100,1203.539075
277.457306,100,1203.849731
310.912917,100,1204.168467
377.28202,100,1204.480533
281.26879,100,1204.78387
402.771459,100,1205.064114
368.554484,100,1216.615285
389.641323,100,1216.78158
304.952769,100,1217.045118
343.817466,100,1217.194333
353.276301,100,1217.369278
360.322191,100,1217.520628
305.527001,100,1217.679949
288.337765,100,1217.837617
417.366991,100,1218.004235
337.708902,100,1218.166886
406.780317,100,1229.848252
369.888687,100,1230.031368
395.328826,100,1230.209525
306.030875,100,1230.371221
398.553302,100,1230.53447
328.182938,100,1230.702625
280.673057,100,1230.930528
372.778936,100,1231.153504
269.738826,100,1231.328721
327.196134,100,1231.513381
351.267767,100,1243.048908
412.714927,100,1243.288235
379.527056,100,1243.466881
422.752552,100,1243.656223
387.961075,100,1243.836121
311.952312,100,1244.012963
346.642594,100,1244.183885
340.794853,100,1244.342977
329.638031,100,1244.503995
349.595339,100,1244.66992
378.087883,100,1256.900884
245.327503,100,1257.047434
317.590782,100,1257.254056
317.171855,100,1257.463689
362.365512,100,1257.628276
285.760023,100,1257.809857
325.156886,100,1257.956753
399.832647,100,1258.124038
315.847367,100,1258.307754
385.07396,100,1258.461772
446.438085,100,1269.024551
394.010537,100,1269.26093
391.548639,100,1269.530397
281.905044,100,1269.811085
347.180524,100,1270.129042
292.613782,100,1270.442805
370.181641,100,1270.76036
380.572447,100,1271.073373
404.911312,100,1271.387104
368.160981,100,1271.659585
370.484011,100,1285.038243
365.573212,100,1285.215734
418.631051,100,1285.425906
322.83199,100,1285.581607
402.080546,100,1285.763148
331.116227,100,1285.907616
385.75334,100,1286.051053
377.521273,100,1286.201594
363.07133,100,1286.36656
328.840836,100,1286.502984
381.073406,100,1299.792769
371.830455,100,1299.972396
407.6781,100,1300.165678
422.178493,100,1300.353301
315.721107,100,1300.538938
386.402488,100,1300.724428
392.134481,100,1300.915583
327.969835,100,1301.107217
348.400529,100,1301.383643
373.958265,100,1301.561215
319.202899,100,1314.002019
421.747308,100,1314.177731
290.640546,100,1314.355307
410.162641,100,1314.514417
311.695149,100,1314.669018
318.160465,100,1314.817613
303.10171,100,1314.976377
385.596589,100,1315.132419
367.055389,100,1315.383775
365.935985,100,1315.552365
384.295033,100,1326.066465
391.87116,100,1326.218575
402.745154,100,1326.375796
417.142909,100,1326.53977
290.611883,100,1326.699486
284.940358,100,1326.857821
326.593591,100,1327.017034
317.935626,100,1327.195241
387.445851,100,1327.432355
322.23736,100,1327.585617
342.018531,100,1340.279959
298.150614,100,1340.461554
313.112391,100,1340.640614
331.079172,100,1340.822456
416.42718,100,1340.996485
406.890708,100,1341.177191
375.598739,100,1341.443548
388.459716,100,1341.614953
377.880799,100,1341.803363
414.678862,100,1341.980144
295.503997,100,1354.252187
413.134606,100,1354.404446
348.355343,100,1354.561237
334.950909,100,1354.711985
409.79083,100,1354.864408
386.629921,100,1355.015528
272.208105,100,1355.181465
415.056004,100,1355.435283
441.346249,100,1355.618811
423.834324,100,1355.799143
336.077793,100,1367.018678
391.877957,100,1367.160924
350.545004,100,1367.298311
414.497339,100,1367.458122
358.12114,100,1367.712933
424.176371,100,1367.87663
338.987812,100,1368.062348
376.405305,100,1368.238247
365.515234,100,1368.395147
365.302254,100,1368.559194
377.017649,100,1380.058737
376.492609,100,1380.234153
417.978017,100,1380.390503
409.285035,100,1380.540253
356.436046,100,1380.710104
419.908107,100,1380.881524
365.76975,100,1381.069153
369.482234,100,1381.249716
370.826452,100,1381.428596
332.779401,100,1381.719502
383.039995,100,1392.891449
390.036814,100,1393.040207
319.38824,100,1393.186666
353.775064,100,1393.327293
350.023724,100,1393.472003
321.279175,100,1393.750599
428.070287,100,1393.911397
395.136646,100,1394.092246
389.631313,100,1394.235108
332.749964,100,1394.380857
254.371239,100,1405.549674
383.365281,100,1405.814941
379.328474,100,1405.964358
339.770832,100,1406.141079
378.064594,100,1406.29331
379.46661,100,1406.453879
391.127441,100,1406.596747
344.945009,100,1406.750781
383.674491,100,1406.911785
344.342188,100,1407.06747
382.74526,100,1417.948828
371.175719,100,1418.107342
332.952885,100,1418.303602
334.880813,100,1418.452112
359.986776,100,1418.611357
329.496555,100,1418.771705
344.425936,100,1418.940134
447.935888,100,1419.105152
375.208003,100,1419.28382
303.005364,100,1419.446258
365.758355,100,1430.864237
350.63412,100,1431.02356
267.133507,100,1431.172345
345.226076,100,1431.323389
294.327186,100,1431.473264
390.938545,100,1431.65918
314.093017,100,1431.936172
360.909691,100,1432.104082
303.789322,100,1432.292243
339.554124,100,1432.442787
316.84823,100,1444.801561
371.630576,100,1444.997211
339.397341,100,1445.177706
366.301173,100,1445.372289
435.011185,100,1445.560853
421.07827,100,1445.857044
259.988513,100,1446.034146
330.286486,100,1446.213109
306.433846,100,1446.373175
412.793236,100,1446.538943
389.79959,100,1458.275371
334.399509,100,1458.425104
394.167662,100,1458.578507
378.004243,100,1458.725728
268.056159,100,1458.880169
382.998293,100,1459.027457
391.298701,100,1459.170496
388.440797,100,1459.317705
328.53883,100,1459.450619
301.191219,100,1459.599614
450.851171,100,1471.283307
443.228368,100,1471.43206
401.877068,100,1471.574349
267.120572,100,1471.822011
317.90314,100,1471.976318
354.279755,100,1472.150196
386.435134,100,1472.31258
378.390582,100,1472.47548
417.000764,100,1472.638744
352.423355,100,1472.806237
414.132598,100,1487.288457
372.071351,100,1487.430717
337.844747,100,1487.576786
387.19175,100,1487.81491
388.538663,100,1487.98965
300.075032,100,1488.196403
390.189064,100,1488.359392
321.277178,100,1488.514244
353.922793,100,1488.664563
365.629757,100,1488.824689
308.121522,100,1501.231171
419.675969,100,1501.397851
371.203662,100,1501.540437
343.131439,100,1501.732972
266.572943,100,1501.937625
430.750864,100,1502.119449
305.121064,100,1502.266979
364.059039,100,1502.412456
320.560999,100,1502.561429
379.06645,100,1502.715802
367.972871,100,1514.543505
405.651173,100,1514.70562
428.089481,100,1514.859416
344.362655,100,1515.023254
421.410177,100,1515.184614
398.796237,100,1515.338502
347.663074,100,1515.486179
290.853017,100,1515.631521
334.80749,100,1515.778781
415.374145,100,1515.937556
410.26389,100,1527.586836
347.948972,100,1527.755959
338.518933,100,1527.925995
294.319235,100,1528.108564
372.571322,100,1528.279333
331.01427,100,1528.489696
368.749677,100,1528.745369
350.489456,100,1528.945052
351.985969,100,1529.116233
351.888483,100,1529.284876
289.20157,100,1542.603828
396.078229,100,1542.820928
333.438494,100,1543.034884
422.241654,100,1543.21332
333.642329,100,1543.388872
360.47069,100,1543.563238
425.940801,100,1543.740846
391.89335,100,1543.947792
348.589114,100,1544.136366
328.34595,100,1544.308416
402.575466,100,1557.780333
393.971782,100,1557.95752
389.541814,100,1558.144545
358.437341,100,1558.319828
332.83901,100,1558.547991
269.820024,100,1558.751123
361.80789,100,1558.917515
410.15685,100,1559.088773
418.27808,100,1559.238184
432.443436,100,1559.395064
292.530843,100,1571.810278
266.314241,100,1571.97549
368.490343,100,1572.152437
367.112496,100,1572.327655
350.024927,100,1572.492972
315.150287,100,1572.740532
395.200142,100,1572.924757
326.102873,100,1573.120944
415.572709,100,1573.295024
384.498642,100,1573.46225
368.491023,100,1584.60314
299.380546,100,1584.865413
316.928661,100,1585.035257
421.607557,100,1585.225355
272.45164,100,1585.377105
363.782414,100,1585.536102
354.58656,100,1585.700863
403.393789,100,1585.870198
415.342636,100,1586.050362
335.747903,100,1586.226815
326.472503,100,1597.802202
384.43354,100,1597.979816
373.548256,100,1598.176533
291.661372,100,1598.338221
329.408837,100,1598.495342
273.31727,100,1598.742966
342.161815,100,1598.935364
318.465313,100,1599.094415
395.701087,100,1599.273511
300.065008,100,1599.423596
444.277323,100,1610.551047
341.504072,100,1610.810358
295.133107,100,1610.98717
371.031882,100,1611.178303
337.908233,100,1611.335861
310.379576,100,1611.490393
366.884975,100,1611.667591
364.944528,100,1611.840281
430.721956,100,1612.004213
352.340934,100,1612.166485
436.945085,100,1624.234218
417.608511,100,1624.385931
403.387447,100,1624.534429
299.114836,100,1624.675877
396.72357,100,1624.861455
379.322342,100,1625.095551
381.113238,100,1625.262777
404.06621,100,1625.432398
280.973435,100,1625.587205
411.000387,100,1625.732695
382.870411,100,1637.703184
289.798917,100,1637.867234
384.060019,100,1638.047262
386.911254,100,1638.236288
322.663252,100,1638.398531
418.921889,100,1638.582397
340.494898,100,1638.742158
309.949461,100,1638.995864
402.674725,100,1639.161929
432.014024,100,1639.346088
371.221956,100,1651.296036
376.578892,100,1651.501131
346.680048,100,1651.688428
347.386869,100,1651.883408
348.139116,100,1652.077851
400.293963,100,1652.263632
380.137536,100,1652.439821
298.767714,100,1652.617887
434.890048,100,1652.799754
387.298981,100,1653.073761
361.912667,100,1665.691402
345.174372,100,1665.870544
388.581729,100,1666.04003
360.01624,100,1666.207942
312.720176,100,1666.364808
353.774331,100,1666.526498
340.176677,100,1666.693654
388.739784,100,1666.909184
339.585448,100,1667.125805
382.168924,100,1667.285217
315.138372,100,1683.197173
400.139848,100,1683.460116
320.544832,100,1683.694827
414.36311,100,1683.98643
426.662088,100,1684.296554
331.112948,100,1684.599549
277.763959,100,1684.910421
402.436378,100,1685.224048
343.352171,100,1685.545177
322.312187,100,1685.812197
330.540184,100,1698.483409
395.242923,100,1698.669537
450.538814,100,1698.85736
368.58933,100,1699.058509
344.963148,100,1699.246969
333.427826,100,1699.423992
309.501232,100,1699.606385
342.012943,100,1699.887995
367.497118,100,1700.070266
347.691928,100,1700.260144
339.210684,100,1712.224709
315.45724,100,1712.399659
443.807295,100,1712.571983
417.461722,100,1712.745178
435.367953,100,1712.935343
338.858833,100,1713.124649
352.612695,100,1713.298655
379.85831,100,1713.480394
378.986449,100,1713.65844
332.693979,100,1713.931537
365.412215,100,1725.513315
356.402117,100,1725.739156
357.688979,100,1725.996069
420.36521,100,1726.201596
281.025637,100,1726.372988
353.63875,100,1726.553128
355.656969,100,1726.739829
337.105254,100,1726.924041
390.398019,100,1727.097176
357.566102,100,1727.274231
344.999137,100,1739.199306
383.527511,100,1739.339271
335.844571,100,1739.47633
466.112313,100,1739.616052
396.378389,100,1739.849294
363.800157,100,1740.082232
361.061193,100,1740.244697
338.796712,100,1740.406405
405.771016,100,1740.561078
335.321458,100,1740.715209
