#{"t_start": 1784411697.663067, "env_id": "None"}
r,l,t
141.111347,100,1.509526
199.798504,100,1.649491
241.623249,100,1.837967
173.036339,100,2.056306
160.523753,100,2.318238
221.993884,100,2.484194
184.890496,100,2.658345
147.815619,100,2.823776
110.594383,100,2.990463
144.423309,100,3.144866
187.545599,100,14.739392
203.489456,100,14.91059
126.891413,100,15.066365
146.865789,100,15.234587
177.261862,100,15.394504
173.560194,100,15.541678
182.649583,100,15.701033
271.118109,100,15.848237
170.747359,100,16.009913
225.59192,100,16.162364
176.36201,100,28.200083
269.170195,100,28.37505
216.557604,100,28.613295
227.377339,100,28.801399
264.330435,100,28.972461
218.168685,100,29.145565
167.339584,100,29.303661
237.564926,100,29.453141
208.178663,100,29.609736
169.277641,100,29.786845
209.270483,100,41.130825
185.089956,100,41.299396
256.749145,100,41.451373
133.132854,100,41.615938
166.615946,100,41.787123
196.827984,100,41.95723
225.50121,100,42.107267
274.233584,100,42.261073
200.581685,100,42.412657
136.921344,100,42.654209
235.410379,100,53.869237
194.268705,100,54.238008
209.505804,100,54.609624
194.82419,100,54.793512
151.794208,100,54.957439
162.369036,100,55.110855
232.480384,100,55.251566
172.500184,100,55.401357
219.082477,100,55.555271
177.174708,100,55.735093
191.485667,100,67.646285
187.692283,100,67.893598
197.47546,100,68.134588
184.90431,100,68.361818
164.37187,100,68.678632
162.668163,100,68.898097
160.921003,100,69.100393
216.31381,100,69.310624
201.355045,100,69.5151
231.101328,100,69.732526
179.680077,100,83.282851
182.756639,100,83.480652
214.311723,100,83.691938
199.680637,100,83.919632
116.215013,100,84.11014
217.522632,100,84.306777
210.137432,100,84.548261
215.52921,100,84.82835
240.661566,100,85.061119
242.258539,100,85.261232
231.846285,100,98.092929
211.559383,100,98.413373
198.979633,100,98.735492
136.974676,100,98.991569
223.971182,100,99.297999
248.683292,100,99.605895
157.023612,100,99.916128
168.872589,100,100.21932
252.87009,100,100.526372
185.450016,100,100.817991
199.735636,100,111.990067
248.195571,100,112.158363
207.394511,100,112.326087
192.748204,100,112.506728
191.829625,100,112.779902
173.810592,100,112.929155
222.019996,100,113.099918
268.644228,100,113.263309
210.983197,100,113.421201
232.39734,100,113.569824
216.922498,100,125.991806
221.055755,100,126.308148
195.546806,100,126.63529
210.975359,100,126.912828
148.304706,100,127.183921
149.918513,100,127.486185
239.673218,100,127.792022
165.386419,100,127.989386
213.833069,100,128.164655
201.341298,100,128.331025
256.550842,100,142.351292
259.863182,100,142.518368
270.047131,100,142.670888
197.008115,100,142.918963
213.488072,100,143.07812
213.937737,100,143.256044
250.086002,100,143.435366
224.401656,100,143.595016
186.747246,100,143.750432
228.600181,100,143.911299
184.559796,100,157.165412
194.696745,100,157.359941
176.516355,100,157.500347
231.000493,100,157.643889
187.209508,100,157.805479
205.091806,100,157.960052
226.566422,100,158.122262
200.832772,100,158.284044
177.576588,100,158.435922
165.389823,100,158.591606
169.852177,100,171.765571
202.626447,100,171.985202
217.916595,100,172.207304
200.34378,100,172.40953
257.426893,100,172.610493
239.961211,100,172.846122
249.621523,100,173.083924
245.203502,100,173.307585
227.102391,100,173.491894
213.881899,100,173.679114
213.668072,100,189.245638
239.707594,100,189.426156
212.688829,100,189.592389
264.492824,100,189.792988
224.332767,100,189.970412
219.23266,100,190.175418
283.212613,100,190.363856
266.048312,100,190.549795
226.285202,100,190.723352
187.159932,100,191.033003
312.907009,100,206.88207
202.862606,100,207.048953
191.086239,100,207.390841
289.159807,100,207.743138
258.048202,100,208.128749
238.015791,100,208.518314
248.963695,100,208.904997
241.073308,100,209.305075
203.285174,100,209.649199
264.120234,100,209.954185
201.176656,100,223.922955
255.366663,100,224.285903
214.727024,100,224.647459
142.286022,100,225.022759
289.415725,100,225.369799
222.0041,100,225.692642
235.109749,100,225.884241
209.716094,100,226.041458
319.576979,100,226.191601
289.256389,100,226.343358
225.128976,100,237.788221
188.066146,100,237.951844
243.365379,100,238.110308
213.098051,100,238.264423
282.752425,100,238.431386
235.565914,100,238.596144
186.620455,100,238.760518
217.974705,100,238.933557
245.56341,100,239.093071
245.303602,100,239.367379
300.822863,100,252.229758
277.551907,100,252.391404
192.135886,100,252.553178
212.291881,100,252.707998
209.665121,100,252.881539
257.245188,100,253.047493
206.135833,100,253.280575
221.638363,100,253.471852
264.636054,100,253.649481
240.37238,100,253.816377
206.42233,100,265.09921
220.757444,100,265.36429
172.123433,100,265.540923
194.628451,100,265.716563
269.844686,100,265.863199
234.336128,100,266.003964
281.69798,100,266.149084
302.651131,100,266.29827
266.266546,100,266.442671
222.544383,100,266.586317
203.306745,100,279.806856
302.87189,100,279.985006
261.949285,100,280.15227
287.840767,100,280.328535
174.633012,100,280.497004
198.184195,100,280.662806
214.298362,100,280.848541
269.62175,100,281.022929
214.559038,100,281.249589
249.827577,100,281.485391
303.832097,100,295.092199
232.141,100,295.281705
260.549709,100,295.599523
195.678002,100,295.844353
216.517499,100,296.06295
244.513342,100,296.268104
314.529459,100,296.463156
247.813307,100,296.650947
182.179247,100,296.822934
218.354039,100,296.997416
295.26208,100,309.637456
216.875569,100,309.81691
297.182486,100,309.964656
219.344209,100,310.11817
187.006137,100,310.261994
261.806308,100,310.414301
177.288457,100,310.567056
246.42572,100,310.722165
230.87553,100,310.877872
223.586558,100,311.03139
170.900292,100,322.211194
228.293306,100,322.362983
150.840736,100,322.523485
205.275104,100,322.675394
294.760088,100,322.842756
185.522715,100,323.000638
253.503856,100,323.173767
311.762028,100,323.34333
224.465507,100,323.603367
247.972582,100,323.772643
185.472857,100,335.926739
233.324804,100,336.076977
280.654539,100,336.224965
301.002934,100,336.381161
242.323781,100,336.541048
311.7032,100,336.71733
190.868449,100,336.880917
247.425859,100,337.041234
293.892043,100,337.20031
246.912999,100,337.406427
279.174107,100,352.075565
278.613586,100,352.233974
295.362855,100,352.402587
263.233312,100,352.556996
281.557482,100,352.70505
261.639469,100,352.860096
242.183527,100,353.012346
328.695468,100,353.17137
245.613076,100,353.312885
276.742238,100,353.460583
283.126205,100,364.95776
280.665594,100,365.124108
254.21593,100,365.280016
271.558432,100,365.426491
248.38588,100,365.566818
263.974755,100,365.716597
282.56646,100,365.973679
279.601388,100,366.150408
214.827212,100,366.321679
325.201725,100,366.478191
325.129757,100,378.269796
338.872343,100,378.464583
319.202309,100,378.651056
313.891332,100,378.852576
202.54695,100,379.027483
287.129066,100,379.178962
267.422336,100,379.347526
215.22848,100,379.504261
269.672647,100,379.680584
271.021085,100,379.919546
331.417553,100,393.611625
272.24391,100,393.989486
257.683613,100,394.285242
230.318364,100,394.666301
235.902765,100,395.037332
221.022166,100,395.394804
243.983447,100,395.769706
203.274251,100,396.152032
277.978369,100,396.446105
308.886104,100,396.63526
302.134677,100,409.329587
279.443693,100,409.717871
296.020315,100,410.097456
264.122782,100,410.451306
330.770545,100,410.870365
196.310491,100,411.195788
262.248103,100,411.52225
333.604619,100,411.847566
264.265942,100,412.165941
263.847056,100,412.433642
290.497179,100,427.337583
245.549857,100,427.501927
197.786551,100,427.68819
292.248188,100,427.892833
293.338122,100,428.20939
299.821914,100,428.407221
264.219545,100,428.590533
316.118454,100,428.773559
238.69371,100,428.957606
286.090769,100,429.144595
299.789304,100,440.850468
306.631895,100,441.00661
261.726235,100,441.155357
256.111169,100,441.305342
261.478803,100,441.448819
273.563756,100,441.596054
270.666825,100,441.748108
263.379594,100,441.908381
252.246981,100,442.18655
236.326879,100,442.350369
232.174396,100,454.397322
264.236108,100,454.588283
310.559784,100,454.769199
228.205778,100,454.924458
325.814496,100,455.065226
279.481362,100,455.225927
255.204817,100,455.386168
268.37362,100,455.561095
263.499098,100,455.727353
216.190799,100,455.877949
286.382159,100,467.311941
260.778334,100,467.505208
206.123992,100,467.710935
290.22641,100,467.893441
231.581093,100,468.062955
312.584788,100,468.227996
214.159169,100,468.394469
272.2665,100,468.558173
260.156034,100,468.828666
287.331098,100,469.056522
250.970556,100,479.899791
208.643323,100,480.048126
269.740485,100,480.193115
271.820483,100,480.336665
233.330645,100,480.475194
238.318436,100,480.638792
293.883913,100,480.893814
340.193326,100,481.049846
303.371557,100,481.229293
280.473627,100,481.397655
229.674072,100,491.934261
304.822704,100,492.088647
219.487126,100,492.239089
361.465767,100,492.397241
283.047858,100,492.563282
272.431949,100,492.803907
258.846341,100,492.983252
303.836201,100,493.154773
230.421339,100,493.307913
297.801218,100,493.45929
213.672461,100,504.588975
241.159169,100,504.898944
229.112496,100,505.079408
363.41241,100,505.289793
345.848144,100,505.486601
259.155973,100,505.67986
270.006991,100,505.878985
207.695472,100,506.05311
303.11375,100,506.220142
279.339467,100,506.392935
225.37588,100,520.361518
255.596544,100,520.526379
267.321881,100,520.781312
303.004207,100,521.006983
295.559938,100,521.196592
280.269806,100,521.391107
328.855732,100,521.58489
218.002413,100,521.803761
319.521071,100,522.005466
344.301652,100,522.204674
282.117826,100,534.861967
277.942403,100,535.007654
288.085915,100,535.178531
303.389448,100,535.342389
239.692275,100,535.485631
246.539316,100,535.658999
264.769253,100,535.836372
270.026416,100,535.991196
295.031236,100,536.161568
226.217367,100,536.313901
247.872842,100,549.427298
272.86931,100,549.570477
272.745325,100,549.724247
269.43847,100,549.890023
359.082101,100,550.055793
325.048944,100,550.20458
295.997788,100,550.361084
252.182921,100,550.507227
292.605936,100,550.702365
298.095296,100,550.976304
267.802539,100,562.305241
326.42351,100,562.460269
279.23604,100,562.625842
269.249913,100,562.886611
261.690257,100,563.063168
318.604315,100,563.202909
330.236856,100,563.349897
198.357064,100,563.492583
252.689347,100,563.644351
219.729242,100,563.802435
364.530394,100,574.685507
211.897589,100,574.837394
259.471052,100,575.068616
249.643887,100,575.256902
243.42003,100,575.426578
304.69546,100,575.587844
277.380612,100,575.735372
284.53092,100,575.8798
316.548299,100,576.02658
289.260033,100,576.18376
250.787039,100,589.703761
282.440535,100,589.862237
279.837208,100,590.009262
270.575209,100,590.157311
318.128334,100,590.299595
269.629815,100,590.442435
291.770041,100,590.596826
309.406079,100,590.76007
331.138838,100,590.919618
301.892325,100,591.176466
256.852294,100,601.795495
271.600569,100,601.944669
283.641848,100,602.100298
265.390229,100,602.25523
281.123418,100,602.403639
348.097854,100,602.551136
371.096319,100,602.705258
330.913333,100,602.857928
332.62385,100,603.059984
312.577658,100,603.280081
257.964181,100,614.770586
301.105305,100,614.980947
343.527159,100,615.253276
295.092982,100,615.427842
255.092952,100,615.633869
208.449858,100,615.842655
312.373993,100,616.021978
274.063417,100,616.204472
261.609311,100,616.393929
305.206222,100,616.580352
307.567838,100,627.42206
277.213481,100,627.5736
307.77402,100,627.733538
270.213715,100,627.956608
271.13922,100,628.210252
302.173394,100,628.455814
237.776759,100,628.763295
360.235358,100,629.07907
311.133205,100,629.358051
276.638969,100,629.648308
262.357524,100,643.293505
258.003638,100,643.598941
292.208571,100,643.764297
219.966481,100,643.918424
343.766722,100,644.068671
208.804423,100,644.234557
294.196624,100,644.395436
271.509256,100,644.560573
288.240871,100,644.710489
275.307199,100,644.862554
286.798673,100,659.088493
257.781185,100,659.275816
284.208978,100,659.544568
337.274969,100,659.726069
300.302115,100,659.925153
348.740566,100,660.104435
259.179863,100,660.282182
311.642817,100,660.468085
261.455025,100,660.662494
256.007598,100,660.871527
206.637032,100,673.86781
327.602883,100,674.019505
316.768335,100,674.169273
276.767075,100,674.324614
335.143417,100,674.478043
339.819472,100,674.661799
323.528338,100,674.819535
317.114431,100,674.980145
288.260148,100,675.13659
374.070096,100,675.337351
343.07062,100,687.108561
228.893332,100,687.252116
318.060386,100,687.398837
263.911634,100,687.547222
296.203247,100,687.823772
274.128055,100,687.979025
279.548845,100,688.151228
350.449273,100,688.317222
283.598489,100,688.45909
301.964215,100,688.607866
268.813639,100,699.909286
263.747788,100,700.112629
331.462737,100,700.297151
340.473119,100,700.489135
300.810128,100,700.696582
316.103995,100,700.945534
306.81778,100,701.146431
289.850673,100,701.333879
315.25047,100,701.520513
322.055389,100,701.798436
402.557396,100,715.982267
322.190231,100,716.176075
265.878105,100,716.363984
298.167428,100,716.553925
336.716936,100,716.759167
246.025362,100,716.955442
206.520962,100,717.148957
277.32609,100,717.344643
313.302939,100,717.538252
257.424687,100,717.798135
312.951627,100,729.048367
276.173618,100,729.207892
291.890225,100,729.366607
308.154138,100,729.509928
330.863734,100,729.687449
283.802868,100,729.920335
346.326631,100,730.06692
330.670157,100,730.239969
296.15503,100,730.390993
291.840478,100,730.557318
339.761522,100,742.728577
290.757371,100,742.900312
314.162701,100,743.064789
309.788212,100,743.223613
283.063463,100,743.401113
267.73363,100,743.557984
249.96172,100,743.772623
371.314387,100,743.973437
257.740978,100,744.142863
352.079701,100,744.300234
401.019228,100,755.278005
367.859961,100,755.439848
315.305187,100,755.617378
240.171401,100,755.930048
350.721729,100,756.108047
294.99422,100,756.293501
362.217592,100,756.456342
259.527499,100,756.628601
258.865962,100,756.824842
277.699211,100,757.016647
245.279661,100,768.516326
358.616987,100,768.691543
321.706633,100,768.837337
264.893055,100,769.004461
272.926052,100,769.152452
303.230106,100,769.316135
338.307456,100,769.476674
340.20785,100,769.636797
357.967971,100,769.799338
367.727303,100,769.961255
265.98265,100,783.904401
255.046136,100,784.078085
320.170587,100,784.270404
323.365735,100,784.455816
316.551251,100,784.772684
305.098758,100,784.972127
336.157344,100,785.219146
307.668092,100,785.427632
356.127703,100,785.632317
308.265361,100,785.850863
316.756805,100,801.389398
262.828526,100,801.530519
266.650333,100,801.675059
313.827239,100,801.836961
268.367408,100,801.979908
352.14804,100,802.12774
327.426176,100,802.270425
235.46867,100,802.411607
366.721992,100,802.60381
288.284216,100,802.814053
278.415037,100,816.905154
325.258194,100,817.08548
304.107457,100,817.237764
350.901862,100,817.397126
337.874895,100,817.552994
326.435915,100,817.717305
277.185611,100,817.883003
268.109163,100,818.044615
302.520967,100,818.206864
306.747502,100,818.371281
305.725013,100,830.055336
272.372935,100,830.218149
388.451024,100,830.373265
265.140431,100,830.538636
335.692414,100,830.821518
272.172716,100,831.002309
320.902772,100,831.171046
315.353387,100,831.333621
333.895175,100,831.490076
283.047312,100,831.669474
300.211796,100,845.174588
264.269987,100,845.334682
332.450134,100,845.496283
329.778618,100,845.662208
359.200335,100,845.827874
321.566594,100,845.975837
227.093436,100,846.129653
340.212897,100,846.290368
268.386555,100,846.444452
315.846896,100,846.673486
364.955648,100,860.460391
270.132141,100,860.828116
313.558522,100,861.112986
257.779914,100,861.441407
308.013313,100,861.794416
296.013311,100,862.156878
240.742615,100,862.532341
313.063385,100,862.795223
293.011363,100,862.948432
361.282085,100,863.124674
358.668298,100,875.120957
365.861442,100,875.272681
338.465869,100,875.431237
269.366261,100,875.596092
221.510228,100,875.768687
285.097339,100,875.921216
342.240865,100,876.062541
319.885597,100,876.206614
347.634345,100,876.353691
376.375277,100,876.494202
284.607019,100,889.149093
246.098319,100,889.300196
261.777435,100,889.450015
292.742451,100,889.608753
261.332699,100,889.761122
371.628248,100,889.911913
306.420332,100,890.059631
333.685238,100,890.221969
302.661712,100,890.376047
260.549016,100,890.533985
260.283046,100,901.631122
321.608489,100,901.812295
369.941557,100,901.972933
291.981154,100,902.129639
326.381974,100,902.290606
241.822835,100,902.45494
301.247019,100,902.619884
249.761334,100,902.78261
278.866568,100,902.948649
318.732526,100,903.146635
308.20869,100,914.469232
359.498533,100,914.623275
258.929708,100,914.783641
285.792498,100,914.953012
275.935655,100,915.138646
332.114544,100,915.365851
348.918178,100,915.519655
315.187666,100,915.712492
384.986562,100,915.864448
288.466917,100,916.010931
290.230844,100,926.832586
301.845052,100,926.976639
335.532152,100,927.187729
362.141687,100,927.40595
326.746522,100,927.569244
253.681916,100,927.752961
329.152545,100,927.913664
338.814533,100,928.068599
319.469189,100,928.250033
375.366259,100,928.420354
272.164167,100,940.394998
341.426897,100,940.580211
326.213854,100,940.785761
244.000047,100,940.9855
282.148073,100,941.221105
333.136398,100,941.421873
273.752577,100,941.60533
332.186231,100,941.78735
255.019857,100,941.963217
343.430972,100,942.13134
350.851495,100,953.909118
334.021521,100,954.062479
337.442723,100,954.218836
299.732726,100,954.396435
324.011861,100,954.546477
355.628729,100,954.737383
352.941466,100,954.889102
259.136445,100,955.042235
297.119644,100,955.191513
382.036691,100,955.355021
336.313677,100,968.930392
324.930014,100,969.086517
321.044031,100,969.244348
287.673751,100,969.3944
278.675171,100,969.667035
405.960309,100,969.810672
372.239562,100,969.977424
260.386964,100,970.125705
240.625277,100,970.277339
336.337842,100,970.428413
289.909083,100,981.368308
360.432766,100,981.631787
372.089522,100,981.801189
279.844715,100,981.960111
293.067257,100,982.126479
390.863611,100,982.26839
243.337852,100,982.413398
266.906244,100,982.566183
312.377894,100,982.730437
352.476234,100,982.878865
337.066199,100,995.251751
385.073389,100,995.388377
302.912201,100,995.648172
275.85883,100,995.805473
297.490911,100,995.973933
243.938746,100,996.122914
364.976093,100,996.27057
310.118615,100,996.418406
351.704533,100,996.568728
372.051518,100,996.726606
269.31092,100,1010.859973
349.876511,100,1011.018588
340.254773,100,1011.177848
316.103223,100,1011.336537
276.979545,100,1011.558661
339.910035,100,1011.752562
325.776593,100,1011.945486
287.160336,100,1012.111022
363.25921,100,1012.261494
366.370087,100,1012.415519
340.677405,100,1024.243503
310.479034,100,1024.423704
216.556276,100,1024.595061
359.233637,100,1024.787796
324.196279,100,1024.969095
254.439285,100,1025.140229
316.715402,100,1025.299938
284.918328,100,1025.502499
308.773917,100,1025.743439
258.004273,100,1025.932662
274.376469,100,1039.948349
271.048492,100,1040.119295
233.118695,100,1040.26881
301.20624,100,1040.414266
303.567624,100,1040.566162
348.911794,100,1040.738792
319.511139,100,1040.918068
328.557107,100,1041.078448
250.870108,100,1041.223003
290.896782,100,1041.378581
246.400618,100,1052.80988
367.989165,100,1052.946515
362.931177,100,1053.082946
254.201399,100,1053.226783
316.172623,100,1053.371349
381.328116,100,1053.633322
359.660014,100,1053.778331
309.764309,100,1053.950959
328.455312,100,1054.097361
329.875064,100,1054.237195
289.581289,100,1065.179243
335.950655,100,1065.37112
309.67514,100,1065.636604
340.867679,100,1065.886026
309.477083,100,1066.096678
355.19613,100,1066.307315
413.400949,100,1066.539056
291.301272,100,1066.770154
389.156367,100,1067.029868
293.652875,100,1067.292914
267.841337,100,1081.189231
328.750449,100,1081.34309
303.36332,100,1081.58498
296.140225,100,1081.772517
279.933945,100,1081.946933
297.680671,100,1082.110664
332.232374,100,1082.260326
361.476338,100,1082.429274
316.906503,100,1082.598246
292.494583,100,1082.776957
345.85168,100,1093.373562
289.363712,100,1093.620124
295.456863,100,1093.77472
356.116369,100,1093.950176
299.875979,100,1094.095211
284.651782,100,1094.241357
263.98014,100,1094.389844
364.371108,100,1094.539982
356.272362,100,1094.696502
325.624882,100,1094.856922
310.100489,100,1106.725193
257.834901,100,1106.909909
272.122289,100,1107.065356
319.468562,100,1107.218486
367.676831,100,1107.38159
340.491782,100,1107.627806
306.910558,100,1107.801506
345.780337,100,1107.954303
269.33532,100,1108.114001
328.403257,100,1108.254008
257.133616,100,1121.647971
350.752686,100,1121.903414
338.364582,100,1122.164818
369.170824,100,1122.46753
342.962289,100,1122.773605
366.282378,100,1123.087373
243.065768,100,1123.3868
365.916397,100,1123.698131
386.211568,100,1123.933994
234.60042,100,1124.219223
347.021659,100,1138.095341
397.814645,100,1138.233503
383.113223,100,1138.456919
357.016525,100,1138.641124
344.813223,100,1138.807534
275.69249,100,1138.976644
371.147281,100,1139.138026
332.279893,100,1139.293932
302.870203,100,1139.44787
344.910577,100,1139.611155
231.199501,100,1151.459013
296.867957,100,1151.618051
353.373991,100,1151.806542
266.805036,100,1151.98822
333.087492,100,1152.165582
397.891693,100,1152.333634
341.039735,100,1152.516567
269.089259,100,1152.768679
312.911574,100,1152.955486
347.711255,100,1153.126051
405.694683,100,1164.351082
386.597433,100,1164.500204
331.183371,100,1164.768428
416.760031,100,1164.923088
385.320774,100,1165.086474
285.903614,100,1165.238792
405.5394,100,1165.398392
292.713885,100,1165.542049
388.133931,100,1165.71603
270.495768,100,1165.887028
278.554552,100,1176.395021
412.794452,100,1176.591118
347.595416,100,1176.799436
361.942909,100,1176.968655
347.968871,100,1177.138417
338.544034,100,1177.287507
255.833241,100,1177.441056
279.645634,100,1177.591298
326.477239,100,1177.740505
410.44896,100,1177.910917
331.380092,100,1189.966939
346.44531,100,1190.264724
216.454132,100,1190.584509
316.681558,100,1190.877433
297.812013,100,1191.127033
336.038902,100,1191.432265
355.020731,100,1191.738626
292.845562,100,1192.052306
280.69873,100,1192.371144
342.791859,100,1192.705353
321.90851,100,1205.636156
396.048066,100,1205.811659
355.249788,100,1205.97922
349.472884,100,1206.146844
265.627989,100,1206.313666
324.362113,100,1206.501378
319.057286,100,1206.689801
286.639408,100,1206.935382
338.137648,100,1207.164655
280.829521,100,1207.375222
308.980948,100,1219.378342
331.514924,100,1219.551364
285.171153,100,1219.701336
281.897521,100,1219.857245
257.025389,100,1220.008672
375.185146,100,1220.167277
369.855888,100,1220.329069
335.419083,100,1220.473306
379.585078,100,1220.622025
295.301176,100,1220.780987
292.673255,100,1233.61239
302.629855,100,1233.781535
283.972931,100,1233.943005
408.48349,100,1234.115197
319.371666,100,1234.29283
284.306068,100,1234.469148
265.582396,100,1234.665405
337.427541,100,1234.874056
236.189606,100,1235.093925
310.256226,100,1235.275579
367.064249,100,1248.869163
377.649407,100,1249.092171
338.091873,100,1249.256001
301.371467,100,1249.413449
342.775372,100,1249.560884
268.924343,100,1249.806587
337.770386,100,1249.995043
227.34336,100,1250.166464
357.490791,100,1250.338419
326.49747,100,1250.511933
283.188526,100,1262.667743
405.421522,100,1262.854668
334.029352,100,1263.093477
297.980465,100,1263.258549
301.703813,100,1263.413009
388.493515,100,1263.598075
285.906404,100,1263.77426
338.429266,100,1263.941127
336.710935,100,1264.09929
291.231266,100,1264.281102
250.364939,100,1278.668075
281.897315,100,1278.872781
367.302557,100,1279.183254
399.022402,100,1279.383659
316.571549,100,1279.581038
260.698183,100,1279.776657
350.443385,100,1279.959258
280.199585,100,1280.15075
412.95804,100,1280.344515
228.7184,100,1280.535078
313.717817,100,1292.751316
305.281493,100,1292.914581
357.354438,100,1293.174263
346.116478,100,1293.336292
418.276642,100,1293.506948
354.684318,100,1293.660667
301.296627,100,1293.813863
275.599345,100,1293.965034
357.757236,100,1294.127964
275.944728,100,1294.291335
390.420895,100,1306.058414
393.974835,100,1306.376096
320.749102,100,1306.714723
272.952546,100,1307.044414
238.847621,100,1307.360109
423.871043,100,1307.645431
400.539599,100,1307.975277
291.378779,100,1308.284993
307.00842,100,1308.600682
348.847144,100,1308.919399
344.750522,100,1320.159307
311.607382,100,1320.304557
349.479759,100,1320.460001
330.80588,100,1320.608387
265.198624,100,1320.769606
361.724298,100,1320.923208
341.805404,100,1321.142659
443.97193,100,1321.329841
332.555891,100,1321.497669
306.161176,100,1321.653916
292.853868,100,1333.488576
249.914575,100,1333.69533
399.519104,100,1333.882778
299.750025,100,1334.064886
364.52764,100,1334.266036
329.446492,100,1334.452358
273.911362,100,1334.638589
319.587421,100,1334.828619
307.133694,100,1335.043799
382.885782,100,1335.311339
294.47415,100,1345.875118
367.333511,100,1346.019984
392.884283,100,1346.165361
344.062336,100,1346.345493
398.238677,100,1346.510996
378.785187,100,1346.68359
333.036667,100,1346.854655
378.712067,100,1347.038922
268.388545,100,1347.264255
377.648747,100,1347.438479
306.419079,100,1361.255556
337.969264,100,1361.432214
399.72499,100,1361.626323
287.940197,100,1361.803503
360.332262,100,1361.978752
314.823921,100,1362.147408
364.448186,100,1362.326252
416.803802,100,1362.493608
305.851567,100,1362.672106
281.499588,100,1362.849526
284.98107,100,1375.253771
266.688298,100,1375.438757
350.959677,100,1375.687351
378.856186,100,1375.882601
318.068653,100,1376.06987
263.8406,100,1376.230422
294.643486,100,1376.410555
359.975177,100,1376.597805
240.981098,100,1376.782656
330.355305,100,1376.943151
363.737114,100,1388.922656
294.942918,100,1389.143019
284.926369,100,1389.366932
374.538108,100,1389.646124
308.597757,100,1389.856133
294.046392,100,1390.044775
393.376586,100,1390.21332
291.743608,100,1390.389843
425.965244,100,1390.569415
303.657028,100,1390.7672
281.925074,100,1402.106025
352.732249,100,1402.250568
318.073057,100,1402.404362
304.308202,100,1402.560096
320.779403,100,1402.72891
344.204148,100,1402.880234
324.04317,100,1403.025384
342.125263,100,1403.170668
329.447762,100,1403.319041
371.991754,100,1403.459429
410.147704,100,1417.120414
251.287982,100,1417.304549
346.209858,100,1417.481581
335.222461,100,1417.764001
370.600611,100,1417.952167
273.804179,100,1418.14789
376.548836,100,1418.341326
299.339636,100,1418.526078
299.707876,100,1418.707021
294.967948,100,1418.895248
358.92193,100,1432.648397
316.703857,100,1432.829938
365.693887,100,1432.983031
355.107724,100,1433.149677
369.955327,100,1433.306537
329.085896,100,1433.521495
310.028946,100,1433.817495
409.59982,100,1433.972466
380.443042,100,1434.146565
323.570634,100,1434.293825
373.312773,100,1448.319079
315.420423,100,1448.477603
402.866076,100,1448.632982
324.611995,100,1448.78853
399.866545,100,1448.945732
344.741996,100,1449.117194
324.362918,100,1449.259708
298.492686,100,1449.405222
334.440911,100,1449.594203
394.025771,100,1449.826249
310.402321,100,1461.987863
349.524586,100,1462.180051
384.295016,100,1462.375515
374.613536,100,1462.561038
334.371998,100,1462.740268
326.262139,100,1462.92961
321.856891,100,1463.109892
384.426563,100,1463.277998
337.052557,100,1463.454838
413.59204,100,1463.727923
347.433421,100,1477.396015
419.023239,100,1477.574052
255.856879,100,1477.817856
302.564641,100,1478.013188
314.86581,100,1478.170726
329.988663,100,1478.340671
382.364103,100,1478.485901
333.438775,100,1478.626721
296.031035,100,1478.77177
324.63503,100,1478.927017
315.285312,100,1491.088999
383.329681,100,1491.247117
370.95584,100,1491.416455
371.865846,100,1491.582436
393.526833,100,1491.7375
305.741451,100,1491.906365
380.040769,100,1492.06603
354.095603,100,1492.21938
320.197595,100,1492.483388
316.789274,100,1492.658611
350.776999,100,1504.030999
331.738016,100,1504.176918
427.676496,100,1504.335636
389.947251,100,1504.484512
336.507344,100,1504.759179
348.37041,100,1504.917882
335.043162,100,1505.101205
411.80291,100,1505.264521
408.91865,100,1505.428961
386.384438,100,1505.586488
331.101612,100,1521.043325
340.539234,100,1521.414832
355.620418,100,1521.790345
360.660736,100,1522.164608
313.25164,100,1522.529454
266.827876,100,1522.90448
364.218828,100,1523.228223
236.295769,100,1523.599647
419.140945,100,1523.967843
336.454521,100,1524.32673
402.184476,100,1540.339677
405.32578,100,1540.501503
414.57523,100,1540.70223
389.884458,100,1540.960302
380.427938,100,1541.14642
283.231631,100,1541.323631
331.034331,100,1541.483498
390.4147,100,1541.641476
315.133656,100,1541.810176
351.552596,100,1541.978794
306.703143,100,1556.002057
387.195188,100,1556.306059
391.487383,100,1556.610183
384.583089,100,1556.906766
299.54132,100,1557.130549
368.808472,100,1557.407958
397.878428,100,1557.690022
358.170454,100,1557.942779
409.604354,100,1558.1464
346.109221,100,1558.373009
342.721119,100,1570.334235
395.205607,100,1570.477185
304.41437,100,1570.619219
400.984196,100,1570.774491
394.855642,100,1570.948468
332.650242,100,1571.252014
372.641857,100,1571.408907
344.923619,100,1571.590089
426.595161,100,1571.758881
304.839116,100,1571.904597
392.462811,100,1583.278808
414.477082,100,1583.440847
393.525365,100,1583.595385
330.65433,100,1583.743486
384.767363,100,1583.890253
322.398886,100,1584.041155
401.038577,100,1584.192869
318.696811,100,1584.342648
335.9661,100,1584.486401
329.311475,100,1584.633595
343.32238,100,1597.80154
286.131715,100,1598.151956
312.320614,100,1598.504564
340.899266,100,1598.858587
296.458754,100,1599.009512
309.917041,100,1599.183428
273.465737,100,1599.422435
311.470067,100,1599.56636
325.862961,100,1599.746323
436.683699,100,1599.893069
326.906934,100,1611.838517
285.045661,100,1611.99433
261.003331,100,1612.145445
307.134209,100,1612.292133
325.5644,100,1612.457266
439.749158,100,1612.616838
271.887377,100,1612.778505
316.212917,100,1612.928079
374.209908,100,1613.080959
385.613251,100,1613.336811
323.736368,100,1625.838567
305.885099,100,1626.000554
397.817414,100,1626.170492
347.925243,100,1626.333243
297.97781,100,1626.510812
299.49724,100,1626.67878
327.306965,100,1626.843923
356.765415,100,1627.010755
379.424877,100,1627.180116
326.637019,100,1627.449739
321.695524,100,1638.325967
376.377637,100,1638.472501
301.476266,100,1638.628193
345.637193,100,1638.787092
289.231142,100,1638.943205
363.52746,100,1639.103163
400.836798,100,1639.259363
331.403501,100,1639.41046
368.47596,100,1639.664295
342.696174,100,1639.814905
328.644337,100,1652.332804
394.624742,100,1652.63593
291.669543,100,1652.933015
318.207596,100,1653.220759
395.654002,100,1653.528076
334.784898,100,1653.802248
349.511608,100,1654.01893
285.777377,100,1654.318058
282.539355,100,1654.625184
332.671952,100,1654.929293
430.526384,100,1666.855326
227.81093,100,1667.035152
355.716692,100,1667.202605
319.649898,100,1667.378186
365.229594,100,1667.563758
363.42111,100,1667.841741
285.085595,100,1668.011587
330.740966,100,1668.227525
283.341377,100,1668.412898
301.013256,100,1668.594969
349.329646,100,1682.010172
334.042597,100,1682.204756
386.973468,100,1682.415431
365.304784,100,1682.579439
309.866967,100,1682.735188
308.17536,100,1682.911345
355.238261,100,1683.072372
353.761758,100,1683.216305
416.82356,100,1683.371576
341.028235,100,1683.519937
356.706966,100,1696.213091
362.717887,100,1696.383643
354.218966,100,1696.548768
401.646941,100,1696.725221
335.493013,100,1696.912014
378.83042,100,1697.11343
288.866397,100,1697.311631
385.461574,100,1697.510523
404.472746,100,1697.816623
414.320933,100,1698.030238
360.444327,100,1710.640431
288.354511,100,1710.823291
276.877266,100,1710.990028
353.09456,100,1711.136113
323.222306,100,1711.282111
377.745337,100,1711.430555
339.732019,100,1711.592877
353.543786,100,1711.839479
321.737629,100,1711.987839
340.290907,100,1712.166628
325.55858,100,1724.722134
343.232015,100,1724.883399
391.070756,100,1725.036071
354.501017,100,1725.186292
363.164865,100,1725.338115
296.997191,100,1725.482902
309.39632,100,1725.674499
318.20302,100,1725.887962
353.313554,100,1726.040425
298.927677,100,1726.211871
366.479605,100,1738.550048
301.563051,100,1738.7256
323.872952,100,1738.912182
347.59258,100,1739.091577
376.110612,100,1739.275968
386.763971,100,1739.451945
423.371021,100,1739.669081
371.995204,100,1739.90819
323.900568,100,1740.099741
423.60951,100,1740.27273
298.205612,100,1754.478561
292.8075,100,1754.622589
285.472309,100,1754.769637
377.729702,100,1754.929408
324.471945,100,1755.07989
390.801928,100,1755.222377
330.831259,100,1755.371728
354.733194,100,1755.518235
275.18263,100,1755.745492
329.340704,100,1755.919649
403.889181,100,1769.549316
386.434853,100,1769.706345
325.607889,100,1769.861313
376.178698,100,1770.000616
328.394362,100,1770.143217
380.063848,100,1770.33157
295.023562,100,1770.558721
348.75625,100,1770.713961
325.49709,100,1770.890208
413.401925,100,1771.04447
317.31064,100,1.534882
363.252746,100,1.691525
411.107476,100,1.833904
359.594756,100,1.981975
325.976586,100,2.148393
417.588878,100,2.300412
405.080202,100,2.44187
330.981061,100,2.58489
222.131858,100,2.722838
318.83848,100,2.865304
353.301889,100,15.645607
363.305701,100,15.826419
269.726009,100,16.008039
310.856288,100,16.193778
328.109008,100,16.356282
360.858455,100,16.506911
376.761184,100,16.662418
450.407141,100,16.822481
315.535935,100,16.971235
390.131522,100,17.182308
321.61207,100,28.761445
435.684203,100,28.936171
415.475842,100,29.119415
391.958354,100,29.379689
422.372535,100,29.602256
403.885219,100,29.818841
344.286846,100,29.97333
408.621199,100,30.123493
351.41355,100,30.276208
348.602143,100,30.419993
371.218712,100,41.836457
338.767186,100,42.132992
448.20925,100,42.441496
266.57057,100,42.744081
268.954521,100,43.039831
369.429672,100,43.360299
375.755908,100,43.569941
436.321451,100,43.747479
364.383713,100,43.914448
282.840039,100,44.070326
395.403228,100,55.925225
369.080594,100,56.090607
360.295046,100,56.24932
387.812055,100,56.414564
304.402338,100,56.601315
333.586097,100,56.780603
414.142923,100,56.931369
336.601749,100,57.08742
371.112839,100,57.271404
350.916975,100,57.508202
332.902227,100,69.738468
319.962259,100,69.948509
375.171787,100,70.140825
347.031368,100,70.341565
264.644617,100,70.545224
293.594493,100,70.733701
280.156355,100,70.919559
359.865915,100,71.097563
348.156795,100,71.319738
400.986671,100,71.557157
315.734673,100,84.470554
364.205094,100,84.678217
359.540863,100,84.871009
354.571859,100,85.053428
272.824544,100,85.240362
405.195972,100,85.439776
362.611929,100,85.757373
379.940713,100,85.966022
380.948479,100,86.186874
403.528192,100,86.415687
359.820665,100,98.832123
352.242974,100,98.984599
347.935596,100,99.12614
230.23879,100,99.269435
394.68304,100,99.422471
372.346656,100,99.58521
290.867504,100,99.841612
337.131195,100,100.000304
399.637202,100,100.166398
331.205738,100,100.311877
329.235964,100,110.921095
425.622305,100,111.084437
354.021583,100,111.252262
324.924948,100,111.399614
320.478165,100,111.558714
312.817437,100,111.832059
354.006328,100,112.056302
449.002392,100,112.357258
349.94252,100,112.65459
384.318438,100,112.9611
353.276797,100,124.463536
378.652228,100,124.645507
349.729296,100,124.824034
337.234461,100,125.028316
279.983528,100,125.211787
240.816209,100,125.394543
403.717761,100,125.57778
308.98365,100,125.841399
360.102202,100,126.013429
336.789013,100,126.207116
388.465658,100,138.460128
376.760477,100,138.624259
389.602233,100,138.786562
373.315546,100,138.967577
363.031147,100,139.16484
358.686832,100,139.344799
394.833715,100,139.504988
348.555121,100,139.752461
305.094131,100,139.940226
353.321606,100,140.131183
284.666935,100,156.461429
325.520827,100,156.77246
280.061476,100,157.076503
356.484723,100,157.393346
317.850675,100,157.69975
336.775587,100,157.948025
363.650964,100,158.194296
336.976025,100,158.410324
316.463666,100,158.613937
261.458786,100,158.84199
295.752476,100,171.918972
324.302518,100,172.125272
359.537751,100,172.365362
315.913113,100,172.579628
400.074059,100,172.7517
381.232068,100,172.925315
391.171364,100,173.101263
408.567545,100,173.271543
339.351862,100,173.440093
348.160195,100,173.615149
327.556276,100,188.301205
374.860287,100,188.457496
358.315387,100,188.601243
401.679159,100,188.763489
358.150336,100,188.927425
341.647139,100,189.087668
432.031596,100,189.257481
392.23123,100,189.438352
376.996592,100,189.59131
308.215871,100,189.810166
456.729593,100,203.189889
336.37907,100,203.348521
281.452386,100,203.505928
430.494489,100,203.671189
410.875395,100,203.94133
370.783465,100,204.100441
375.22021,100,204.286455
385.945701,100,204.454611
314.972228,100,204.607316
370.323848,100,204.767166
331.196638,100,215.888368
387.528912,100,216.052321
304.917671,100,216.223554
240.623676,100,216.383694
424.654193,100,216.5431
354.534283,100,216.701437
342.811892,100,216.858757
329.735664,100,217.006014
443.897019,100,217.157092
425.597638,100,217.30803
321.229917,100,229.228463
336.102978,100,229.39178
383.518408,100,229.551862
323.621671,100,229.714788
391.013768,100,229.984303
366.465707,100,230.166762
302.706793,100,230.373077
339.409291,100,230.557702
381.427506,100,230.738973
354.347823,100,230.917156
421.208771,100,243.967474
409.968587,100,244.151349
319.528073,100,244.357603
330.020311,100,244.539949
316.926245,100,244.712147
359.584888,100,244.884946
332.836792,100,245.089926
303.336855,100,245.290061
394.443312,100,245.476742
362.660254,100,245.654852
320.286277,100,257.707795
328.671093,100,257.969023
288.128636,100,258.149156
308.975189,100,258.332936
380.30169,100,258.48276
363.676146,100,258.633953
424.868421,100,258.787404
441.619064,100,258.950765
368.183282,100,259.116143
355.912683,100,259.277046
327.46899,100,271.377553
430.344109,100,271.54293
362.735501,100,271.722986
396.814299,100,271.970478
291.743979,100,272.131541
293.12962,100,272.316176
318.199533,100,272.45955
402.133542,100,272.60642
300.69902,100,272.76136
375.215988,100,272.910524
401.78323,100,289.810589
330.253492,100,289.952152
364.376001,100,290.093529
273.333693,100,290.244505
337.412891,100,290.501228
340.086337,100,290.656281
413.025332,100,290.832074
346.694171,100,290.996317
284.071791,100,291.151907
310.362253,100,291.299501
413.734727,100,303.329869
317.859905,100,303.707828
413.049438,100,304.07681
328.345187,100,304.466281
266.998165,100,304.846193
373.71709,100,305.133408
260.072016,100,305.408139
371.55105,100,305.724493
346.171911,100,306.042977
326.611209,100,306.347683
247.765523,100,317.955701
318.048243,100,318.109739
230.148957,100,318.266842
294.56062,100,318.426349
412.069084,100,318.573565
271.415743,100,318.765067
372.109492,100,318.976553
414.330492,100,319.124045
336.691737,100,319.285177
359.691973,100,319.450268
282.028554,100,330.456477
334.434641,100,330.599521
379.944205,100,330.830546
413.174656,100,331.069415
342.614877,100,331.309862
440.594966,100,331.527081
269.595793,100,331.754807
353.997613,100,331.962608
377.295191,100,332.180882
327.570632,100,332.393373
369.784838,100,347.069237
374.98919,100,347.216816
405.249558,100,347.379989
353.045973,100,347.513062
385.157291,100,347.649482
355.352657,100,347.788854
338.357746,100,347.935
430.750652,100,348.09798
320.584292,100,348.252242
388.385232,100,348.404317
379.170464,100,359.53345
397.605964,100,359.679695
361.240443,100,359.84076
351.600364,100,360.011146
337.327346,100,360.172714
366.754289,100,360.332915
377.282933,100,360.494575
375.580904,100,360.664974
317.462793,100,360.810562
421.30221,100,361.059557
422.165607,100,372.502873
420.553299,100,372.660921
427.354989,100,372.8113
409.490561,100,373.067982
295.522681,100,373.252078
388.363992,100,373.431759
367.86199,100,373.597568
303.882428,100,373.744695
339.579931,100,373.914132
391.804593,100,374.083325
445.44961,100,386.13794
399.431338,100,386.29838
360.749891,100,386.457953
304.133098,100,386.619158
328.151689,100,386.774714
284.169678,100,386.927861
344.035811,100,387.086087
291.196529,100,387.351344
377.960725,100,387.51615
430.186197,100,387.688022
396.766045,100,400.346845
377.017969,100,400.520672
388.867369,100,400.681439
351.254326,100,400.836123
452.744439,100,401.001409
294.995799,100,401.199209
324.459175,100,401.407206
434.457885,100,401.576875
354.344391,100,401.746308
352.298184,100,401.89556
389.985682,100,414.506609
331.313561,100,414.816577
289.463724,100,415.139171
410.394978,100,415.458696
390.961388,100,415.706488
398.111521,100,416.020355
329.031932,100,416.333168
431.409313,100,416.632869
328.479537,100,416.935853
353.498973,100,417.247007
385.676075,100,430.099439
425.659666,100,430.270799
369.849158,100,430.429748
331.812064,100,430.602519
376.333128,100,430.762897
375.854174,100,430.913554
359.636508,100,431.063552
348.78021,100,431.288987
338.137755,100,431.450562
347.481613,100,431.641037
286.654777,100,442.051781
364.932197,100,442.194096
413.486198,100,442.335186
333.409409,100,442.504606
416.536381,100,442.644828
363.614137,100,442.780744
343.901052,100,442.921678
346.149227,100,443.065469
347.105394,100,443.310092
293.036634,100,443.478427
364.644888,100,454.248241
372.543365,100,454.419274
323.472336,100,454.577212
350.584274,100,454.738315
316.485149,100,454.893161
391.074045,100,455.054004
279.06557,100,455.297368
368.524887,100,455.484993
339.238281,100,455.64978
370.780134,100,455.799731
307.986692,100,469.211547
281.5429,100,469.532233
349.469829,100,469.815217
369.147085,100,470.092597
319.95274,100,470.419599
333.528406,100,470.624013
369.532744,100,470.809589
415.236229,100,470.987948
405.318516,100,471.18856
363.997469,100,471.407282
333.922776,100,484.291795
391.471992,100,484.424861
270.131266,100,484.582306
443.686658,100,484.750757
387.179228,100,484.916531
347.113045,100,485.091932
353.550278,100,485.279181
388.193456,100,485.545778
330.050995,100,485.72059
378.032558,100,485.883992
284.868328,100,496.393113
340.387063,100,496.543058
307.259632,100,496.708227
452.513332,100,496.862112
451.382355,100,497.018475
326.198919,100,497.170142
362.225707,100,497.309023
271.825044,100,497.54328
408.156394,100,497.694384
358.272022,100,497.862368
317.226873,100,510.681239
351.093918,100,510.839518
352.377522,100,510.998914
370.617442,100,511.153257
371.889424,100,511.315909
375.71064,100,511.570314
408.060231,100,511.727139
314.286871,100,511.903153
394.702076,100,512.047897
440.461991,100,512.198127
363.686034,100,522.734126
367.927758,100,522.865011
361.126239,100,523.002325
415.063555,100,523.164473
307.261093,100,523.329185
334.506972,100,523.578567
353.183482,100,523.721918
373.849566,100,523.889615
369.597952,100,524.04514
273.237525,100,524.211292
339.225144,100,535.17135
364.294977,100,535.309025
386.241355,100,535.542981
321.855807,100,535.712503
446.965472,100,535.888676
417.2813,100,536.043144
364.747074,100,536.184912
331.283936,100,536.334374
391.793852,100,536.482296
382.32805,100,536.624931
352.468534,100,547.984052
409.858426,100,548.171562
374.806363,100,548.35985
348.226641,100,548.560145
326.406683,100,548.738608
383.643389,100,548.912806
411.96262,100,549.086003
283.409146,100,549.262149
327.43035,100,549.540668
298.50009,100,549.715773
442.683131,100,561.279322
270.578433,100,561.505751
348.547951,100,561.685391
310.454478,100,561.827774
313.930056,100,561.981713
384.132745,100,562.121011
339.939629,100,562.267443
369.424527,100,562.414043
411.875169,100,562.574078
369.016177,100,562.722765
307.986237,100,574.982425
358.475305,100,575.130566
365.339465,100,575.287108
325.949559,100,575.519516
389.80824,100,575.702259
357.645239,100,575.859597
382.324768,100,576.025261
364.361297,100,576.187541
406.011543,100,576.363265
382.780689,100,576.5317
320.142948,100,588.194932
360.471626,100,588.341084
372.413463,100,588.485115
341.807258,100,588.629224
357.757129,100,588.768066
428.651412,100,588.899728
443.97869,100,589.036621
416.34322,100,589.176856
395.856929,100,589.319794
387.199484,100,589.569136
313.046882,100,601.033925
370.82182,100,601.201087
407.197241,100,601.377083
368.244275,100,601.590902
316.521688,100,601.828521
281.463359,100,602.032933
376.547382,100,602.204244
330.408122,100,602.383158
324.458341,100,602.553095
373.492308,100,602.762152
379.067449,100,614.089476
370.990155,100,614.247694
371.920975,100,614.408009
338.885586,100,614.568388
361.764081,100,614.716367
401.299968,100,614.874567
290.635939,100,615.01972
443.300193,100,615.164604
405.170737,100,615.312271
342.581368,100,615.464722
338.656866,100,628.398551
327.659503,100,628.701116
362.414957,100,629.03071
294.603137,100,629.386533
399.837151,100,629.727371
272.35416,100,630.047764
386.63724,100,630.361085
345.353914,100,630.612467
366.178,100,630.889316
344.75737,100,631.190554
347.641366,100,645.619239
327.120522,100,645.802281
348.589299,100,645.991365
404.722812,100,646.177011
386.142682,100,646.454092
433.952676,100,646.644471
328.089842,100,646.834591
384.358037,100,647.009997
332.320012,100,647.195623
335.965504,100,647.361593
233.278875,100,657.993785
413.7298,100,658.145021
371.284277,100,658.414377
369.20506,100,658.615693
407.470296,100,658.77653
416.002977,100,658.933155
404.055268,100,659.074916
394.097149,100,659.23008
367.465249,100,659.383232
442.249938,100,659.542926
427.183124,100,670.536543
272.628855,100,670.794575
373.735783,100,670.955115
346.262049,100,671.1008
381.022764,100,671.270014
348.342608,100,671.409942
359.856899,100,671.550151
424.719831,100,671.706065
349.150828,100,671.861137
377.538114,100,672.017913
335.285804,100,683.709926
331.979106,100,683.855794
398.94724,100,684.001175
405.47387,100,684.144988
370.253344,100,684.305043
373.948125,100,684.448517
390.925703,100,684.639117
343.076432,100,684.853307
378.203438,100,684.998609
396.880126,100,685.167937
467.798555,100,695.624247
392.614395,100,695.801291
350.462284,100,695.962567
361.395179,100,696.126888
405.226683,100,696.287583
305.738997,100,696.441365
262.758997,100,696.639482
346.161797,100,696.861706
373.521914,100,697.016984
306.234343,100,697.190016
398.007344,100,711.633606
334.70738,100,711.930451
336.87768,100,712.250259
377.41429,100,712.552863
395.732583,100,712.85567
334.337663,100,713.164574
409.344146,100,713.421311
382.576851,100,713.66314
362.896374,100,713.973606
324.525007,100,714.28919
411.138656,100,727.482116
341.976039,100,727.652603
362.287944,100,727.788317
355.398625,100,727.924572
344.641748,100,728.060424
339.43876,100,728.215882
319.673152,100,728.383759
430.85742,100,728.527977
331.865707,100,728.68494
408.114568,100,728.838952
448.47296,100,739.599064
428.595644,100,739.76231
358.991166,100,739.915261
286.290159,100,740.066078
407.550154,100,740.215147
362.59978,100,740.379075
422.913691,100,740.551401
313.089972,100,740.708188
303.810022,100,740.858899
355.711564,100,741.013524
327.048507,100,751.677052
418.232327,100,751.839304
394.834683,100,751.989015
327.367503,100,752.1402
324.69415,100,752.297195
370.321095,100,752.446911
381.787939,100,752.592577
395.674864,100,752.733585
431.688006,100,752.870804
435.248435,100,753.015621
310.12442,100,764.39019
295.474209,100,764.564162
389.127084,100,764.736133
371.341091,100,764.908093
381.800417,100,765.076652
364.779449,100,765.280942
388.0848,100,765.534613
352.059005,100,765.704533
399.705543,100,765.880051
356.874749,100,766.034621
369.525535,100,779.639439
304.244137,100,779.895982
319.507289,100,780.197315
371.385222,100,780.51443
307.437403,100,780.831113
403.548376,100,781.148624
378.218381,100,781.464915
262.687647,100,781.759398
412.140771,100,781.978492
341.720658,100,782.298151
335.598123,100,794.597012
366.048787,100,794.758508
362.547959,100,794.914482
391.080415,100,795.084004
397.425854,100,795.250055
389.23888,100,795.397607
338.864362,100,795.582799
323.531618,100,795.81235
381.308746,100,795.96417
349.134907,100,796.143027
363.934637,100,806.928019
342.16168,100,807.088322
433.310413,100,807.258397
326.398308,100,807.419151
383.849689,100,807.612691
324.014825,100,807.831153
372.759364,100,808.008398
375.176181,100,808.209483
386.008137,100,808.404082
316.782674,100,808.586226
357.876727,100,822.558286
339.466019,100,822.706385
383.292753,100,822.85025
379.081446,100,823.00425
410.769282,100,823.162343
367.532503,100,823.306877
280.952476,100,823.447318
385.538269,100,823.65072
333.713718,100,823.836417
356.155932,100,823.996079
405.980049,100,835.815575
343.340408,100,836.040248
363.447993,100,836.32887
349.312049,100,836.621787
371.146039,100,836.909942
329.109564,100,837.197719
263.116123,100,837.482045
372.463414,100,837.787233
317.701458,100,838.046065
420.037251,100,838.332598
422.603624,100,850.408192
418.894039,100,850.560589
404.096966,100,850.719445
312.528758,100,850.886365
293.258268,100,851.043518
332.256506,100,851.193772
382.890366,100,851.339813
379.191635,100,851.48372
408.612209,100,851.719782
429.402325,100,851.880495
336.812893,100,864.309477
298.564806,100,864.471823
318.07827,100,864.635806
334.728914,100,864.806931
298.37871,100,864.96477
423.011798,100,865.129845
353.967666,100,865.284884
365.403984,100,865.440488
343.546119,100,865.647992
312.96198,100,865.854912
306.288621,100,876.891454
375.098611,100,877.047804
425.114604,100,877.199124
341.224618,100,877.349888
371.036903,100,877.503004
297.275674,100,877.762611
344.221615,100,877.920154
311.95715,100,878.085532
329.095053,100,878.232252
366.019122,100,878.384664
353.264785,100,888.765748
418.423876,100,888.925951
309.832987,100,889.082908
330.598209,100,889.234083
348.984174,100,889.377192
362.09287,100,889.528733
384.221283,100,889.773412
351.551687,100,889.922901
426.883675,100,890.089074
338.780695,100,890.238594
320.397671,100,903.042823
346.98853,100,903.34911
397.248236,100,903.635885
410.27686,100,903.902688
368.652939,100,904.159447
289.291641,100,904.454124
384.117762,100,904.758159
379.63767,100,905.053145
362.012787,100,905.368243
439.068478,100,905.678657
343.098295,100,917.49255
405.452269,100,917.73511
370.643601,100,917.8797
278.472314,100,918.029519
315.042874,100,918.198486
393.320703,100,918.348946
334.755019,100,918.501296
391.888043,100,918.660231
290.461844,100,918.812351
394.065847,100,918.954264
384.085728,100,930.939388
380.660175,100,931.108295
389.823276,100,931.272902
353.310157,100,931.440618
385.474126,100,931.650029
424.011951,100,931.859951
405.102392,100,932.045911
305.42309,100,932.215452
377.784727,100,932.38034
432.417252,100,932.559695
392.061526,100,944.332576
369.931514,100,944.499568
353.694453,100,944.664305
334.872574,100,944.833059
325.682244,100,944.997507
456.900762,100,945.187429
412.258424,100,945.367925
340.248317,100,945.528328
294.378923,100,945.784106
367.713829,100,945.950999
334.075051,100,958.839425
404.259336,100,958.989114
414.324172,100,959.141964
322.205775,100,959.30643
362.651095,100,959.472089
432.065488,100,959.644507
289.644375,100,959.799064
321.170881,100,959.948071
378.737279,100,960.113405
409.494343,100,960.370173
367.324077,100,971.941064
407.950434,100,972.097921
344.580417,100,972.370678
307.427818,100,972.551108
346.789368,100,972.728223
286.71725,100,972.90449
398.702486,100,973.077169
367.07828,100,973.268608
381.878117,100,973.452927
408.327056,100,973.602473
289.5825,100,986.397536
400.200304,100,986.58813
369.245282,100,986.802851
351.414385,100,986.951612
320.004661,100,987.12026
389.993681,100,987.273237
379.929149,100,987.416526
358.138629,100,987.567266
403.899285,100,987.736215
392.954371,100,987.884589
368.201263,100,1001.104263
355.684646,100,1001.29008
226.997457,100,1001.451619
402.462597,100,1001.608502
378.821022,100,1001.767849
301.521072,100,1001.941016
351.157367,100,1002.109714
315.843106,100,1002.284835
362.313472,100,1002.456704
298.5471,100,1002.666722
328.906633,100,1017.408367
321.460342,100,1017.592518
265.689845,100,1017.773255
329.728861,100,1017.945121
345.82027,100,1018.11759
382.632558,100,1018.326224
363.874742,100,1018.531037
358.640573,100,1018.836977
287.363813,100,1019.01841
324.515971,100,1019.223405
291.216764,100,1033.33682
407.132506,100,1033.554938
406.504557,100,1033.768872
276.676181,100,1034.000999
353.475837,100,1034.216753
422.290643,100,1034.405149
408.118654,100,1034.628868
364.008532,100,1034.907131
359.846873,100,1035.115696
369.485761,100,1035.321116
320.554149,100,1046.729171
380.008067,100,1046.935027
365.320036,100,1047.100438
368.45875,100,1047.270559
354.92649,100,1047.418261
416.33627,100,1047.569961
453.43039,100,1047.724949
335.062061,100,1047.883848
430.794687,100,1048.030478
314.830745,100,1048.184057
311.447911,100,1059.369474
370.992176,100,1059.516132
365.332647,100,1059.656519
337.701322,100,1059.807041
305.259822,100,1059.958817
334.14066,100,1060.107559
374.879847,100,1060.250912
382.30863,100,1060.391722
350.153478,100,1060.55149
349.859008,100,1060.776523
400.364612,100,1071.36835
332.304775,100,1071.522326
302.919879,100,1071.674126
383.39833,100,1071.838506
352.152182,100,1072.008264
314.830478,100,1072.170525
299.526404,100,1072.331309
393.640829,100,1072.484538
403.48475,100,1072.640196
357.095084,100,1072.874518
330.447738,100,1083.869842
312.048112,100,1084.019619
316.328026,100,1084.176583
339.64988,100,1084.316618
421.210561,100,1084.472935
387.883593,100,1084.620469
358.012566,100,1084.824112
387.075448,100,1085.017202
314.511586,100,1085.176697
376.003216,100,1085.341001
290.477926,100,1097.311333
387.467312,100,1097.476454
383.567818,100,1097.628743
424.521505,100,1097.777426
391.723927,100,1097.936837
391.609116,100,1098.083423
296.937262,100,1098.246268
408.082397,100,1098.411964
414.285057,100,1098.561215
251.44518,100,1098.703885
384.024142,100,1109.69544
437.900397,100,1109.851649
428.84931,100,1110.025213
390.835801,100,1110.197239
384.911149,100,1110.354882
331.435014,100,1110.51438
409.852893,100,1110.672362
380.207396,100,1110.908696
353.636574,100,1111.103334
390.569063,100,1111.303768
251.731304,100,1122.956234
320.922583,100,1123.106323
387.578819,100,1123.285415
300.433473,100,1123.439659
368.862461,100,1123.591366
416.615021,100,1123.744053
358.310087,100,1123.903812
304.936314,100,1124.088013
346.782984,100,1124.254022
369.694123,100,1124.43253
426.676969,100,1136.471684
407.423036,100,1136.615529
372.229153,100,1136.800085
428.15235,100,1137.026872
398.166141,100,1137.217259
322.354211,100,1137.371159
439.872342,100,1137.517787
336.323061,100,1137.657394
422.100163,100,1137.811155
293.256549,100,1138.015217
322.990552,100,1149.966605
431.160812,100,1150.115337
392.14202,100,1150.266006
382.123023,100,1150.428776
383.024351,100,1150.594098
379.623001,100,1150.741991
286.247919,100,1150.889802
322.444591,100,1151.048784
372.952037,100,1151.215925
432.493786,100,1151.429554
370.042666,100,1163.891062
381.384493,100,1164.037607
248.628837,100,1164.207709
365.815491,100,1164.365118
344.634933,100,1164.514832
372.104732,100,1164.672942
394.153228,100,1164.82791
333.906297,100,1164.99049
310.26075,100,1165.146908
368.727903,100,1165.411124
351.655508,100,1179.848356
420.118459,100,1179.997041
365.205287,100,1180.144678
396.714965,100,1180.306906
305.775332,100,1180.47398
339.466889,100,1180.631335
334.829072,100,1180.791397
318.900363,100,1180.951141
369.903633,100,1181.102747
306.402429,100,1181.332943
335.330879,100,1192.126627
357.903672,100,1192.284238
318.102225,100,1192.431722
331.154555,100,1192.59098
306.007364,100,1192.749403
380.370965,100,1192.896659
397.843168,100,1193.059886
380.388794,100,1193.265884
385.632117,100,1193.472705
322.244439,100,1193.633365
330.942005,100,1204.558328
356.972781,100,1204.729568
319.217685,100,1204.898019
427.229207,100,1205.059199
351.059034,100,1205.319135
305.961087,100,1205.544262
294.057522,100,1205.747755
368.468412,100,1205.918765
283.106079,100,1206.095136
337.747751,100,1206.292193
393.801952,100,1217.282908
409.192834,100,1217.538112
375.502435,100,1217.689421
343.356576,100,1217.850027
363.738888,100,1218.008749
299.100866,100,1218.163618
356.991346,100,1218.317933
260.071264,100,1218.456073
398.768719,100,1218.612482
372.346029,100,1218.76346
309.436143,100,1230.159862
440.384169,100,1230.300859
365.404335,100,1230.441509
316.900669,100,1230.584459
324.900581,100,1230.739498
404.595894,100,1230.894564
334.708339,100,1231.049225
365.056198,100,1231.197693
370.69072,100,1231.348228
319.210158,100,1231.496155
271.68739,100,1243.733805
316.788268,100,1243.902922
397.902093,100,1244.080323
398.461066,100,1244.243541
354.948141,100,1244.400171
314.383824,100,1244.551521
378.367209,100,1244.703978
333.563618,100,1244.867468
425.360707,100,1245.022428
262.732713,100,1245.188614
364.634227,100,1255.94434
345.540692,100,1256.182158
385.267345,100,1256.343459
380.246221,100,1256.54127
426.362276,100,1256.728424
387.778993,100,1256.900011
341.159448,100,1257.060736
314.854958,100,1257.242232
382.597408,100,1257.411294
295.928511,100,1257.561756
413.688608,100,1269.255875
409.017373,100,1269.612504
340.822161,100,1269.958584
315.397207,100,1270.233913
261.513068,100,1270.489543
447.965235,100,1270.792365
409.315411,100,1271.096941
319.775641,100,1271.392806
331.319226,100,1271.687174
376.011793,100,1271.993603
385.351521,100,1284.688148
310.596764,100,1284.84419
373.579027,100,1284.991112
344.913033,100,1285.151973
289.411751,100,1285.31868
390.179552,100,1285.481166
363.160139,100,1285.650366
453.856061,100,1285.807038
362.708637,100,1286.040132
324.423134,100,1286.223517
322.587755,100,1301.173459
274.013424,100,1301.35729
411.485436,100,1301.524318
351.295313,100,1301.684683
375.147817,100,1301.840152
331.494586,100,1302.024948
310.054977,100,1302.295124
347.785196,100,1302.467594
323.225662,100,1302.660496
388.881387,100,1302.83631
311.200449,100,1314.549615
397.619909,100,1314.760835
418.422903,100,1314.914404
372.470423,100,1315.090408
412.50091,100,1315.257997
387.580937,100,1315.412378
355.263054,100,1315.558175
400.528633,100,1315.712628
280.471948,100,1315.855839
409.450592,100,1315.994909
338.254928,100,1328.852185
356.231727,100,1329.054164
414.718601,100,1329.23955
319.014288,100,1329.410893
379.180674,100,1329.57626
341.168707,100,1329.748824
395.889476,100,1329.956499
454.172023,100,1330.143943
356.450868,100,1330.317608
311.100488,100,1330.492268
302.096296,100,1343.434064
295.558401,100,1343.571785
371.375186,100,1343.721919
409.801453,100,1343.874539
339.400499,100,1344.022967
277.504309,100,1344.172855
317.870482,100,1344.319376
386.479509,100,1344.460934
282.989685,100,1344.637705
352.27647,100,1344.845733
399.836963,100,1357.520203
303.668952,100,1357.695359
305.063105,100,1357.865535
403.745544,100,1358.051372
331.450887,100,1358.239744
319.453119,100,1358.425506
416.310793,100,1358.596365
334.121909,100,1358.765535
436.006452,100,1359.014385
318.881843,100,1359.220849
311.51532,100,1370.996001
385.58991,100,1371.20627
336.469448,100,1371.394488
339.411947,100,1371.588114
326.826616,100,1371.783947
376.002543,100,1371.977482
353.254607,100,1372.171182
366.900538,100,1372.353218
365.699023,100,1372.540129
373.525715,100,1372.732752
418.541323,100,1384.800511
297.069239,100,1385.034445
371.85836,100,1385.210417
348.262025,100,1385.363738
393.904205,100,1385.536731
306.452249,100,1385.693498
396.441707,100,1385.860781
334.083683,100,1386.02511
324.365188,100,1386.194355
319.580495,100,1386.361165
367.070076,100,1398.476985
343.464695,100,1398.640319
392.563267,100,1398.81255
376.960557,100,1399.074915
380.303114,100,1399.238603
346.721223,100,1399.409112
335.987535,100,1399.554212
422.25789,100,1399.695419
413.127517,100,1399.84525
342.827352,100,1400.004989
396.846312,100,1410.511171
341.748908,100,1410.643773
437.488277,100,1410.783613
358.116094,100,1410.997321
414.655258,100,1411.269527
381.759456,100,1411.489071
357.180658,100,1411.685403
344.321132,100,1411.880039
349.67629,100,1412.074868
396.334949,100,1412.291886
337.83458,100,1426.461607
368.00436,100,1426.609118
406.695754,100,1426.763042
394.481087,100,1427.003943
383.985699,100,1427.188877
336.985289,100,1427.362249
352.292396,100,1427.518159
403.720652,100,1427.672301
354.737803,100,1427.826528
417.077508,100,1427.995279
371.934413,100,1438.971281
430.118272,100,1439.182009
279.715954,100,1439.38744
330.724406,100,1439.529393
349.129356,100,1439.696746
349.921031,100,1439.836869
416.174718,100,1439.977627
349.893342,100,1440.126079
320.91008,100,1440.286844
335.707649,100,1440.441934
325.59302,100,1452.383027
410.600476,100,1452.540362
397.363883,100,1452.679415
407.839005,100,1452.818333
419.590207,100,1452.961464
334.131844,100,1453.158803
417.187615,100,1453.356604
388.942268,100,1453.524804
352.523114,100,1453.657025
342.271147,100,1453.79132
359.000445,100,1468.177956
368.518529,100,1468.501292
436.09618,100,1468.813608
415.310452,100,1469.120994
351.321497,100,1469.408203
366.752584,100,1469.649259
353.296021,100,1469.950811
428.072896,100,1470.273865
407.93582,100,1470.560155
414.882823,100,1470.83319
358.242585,100,1484.706129
358.115659,100,1484.882662
376.118772,100,1485.074378
383.869772,100,1485.347284
349.67111,100,1485.551775
274.039319,100,1485.75778
372.01848,100,1485.936423
269.856141,100,1486.11697
422.290986,100,1486.313168
355.637842,100,1486.503395
407.423748,100,1499.961123
424.950072,100,1500.160749
423.209383,100,1500.383855
414.407087,100,1500.601126
393.076864,100,1500.80079
306.94182,100,1500.990299
339.170835,100,1501.265931
419.874314,100,1501.480722
339.904345,100,1501.686303
369.245801,100,1501.860742
315.907716,100,1514.234002
395.765643,100,1514.387507
404.335736,100,1514.540847
413.058,100,1514.695032
335.545273,100,1514.85207
382.285766,100,1514.994955
404.099726,100,1515.254052
368.286306,100,1515.491984
432.547044,100,1515.656439
358.777037,100,1515.842699
364.369146,100,1528.597369
419.630845,100,1528.761832
330.334407,100,1528.909104
422.187755,100,1529.056381
423.29468,100,1529.319541
349.156547,100,1529.470087
394.052783,100,1529.637984
361.5478,100,1529.777625
437.363859,100,1529.918518
338.606677,100,1530.058488
409.000022,100,1540.511746
424.602522,100,1540.679493
412.801204,100,1540.83656
336.33162,100,1540.982383
404.093189,100,1541.184146
355.322053,100,1541.378996
413.238022,100,1541.538373
337.827006,100,1541.684208
360.871691,100,1541.838065
350.147449,100,1541.982358
361.465143,100,1555.322925
319.571027,100,1555.582922
328.737269,100,1555.763617
372.214703,100,1555.946239
310.634382,100,1556.120877
327.204676,100,1556.298915
309.458057,100,1556.486546
316.76359,100,1556.676186
334.915179,100,1556.841339
431.008106,100,1556.998105
345.197425,100,1568.852933
314.455555,100,1568.995037
271.065057,100,1569.138894
339.315372,100,1569.312144
349.931276,100,1569.554825
451.107919,100,1569.706505
288.745354,100,1569.873467
344.62569,100,1570.028057
399.831666,100,1570.186491
395.683849,100,1570.346453
337.689135,100,1581.300915
331.207475,100,1581.593864
420.586595,100,1581.859795
363.545511,100,1582.163129
311.833057,100,1582.474117
315.402738,100,1582.778927
342.370976,100,1583.087198
378.412658,100,1583.397067
400.04364,100,1583.669872
359.022196,100,1583.935976
339.338873,100,1596.44819
383.249112,100,1596.614542
326.624491,100,1596.791825
371.040068,100,1596.945033
308.56002,100,1597.088989
384.074024,100,1597.237861
408.526858,100,1597.486528
364.345936,100,1597.637743
398.517624,100,1597.822358
365.04638,100,1598.009356
348.726912,100,1611.195017
399.339745,100,1611.357195
277.773984,100,1611.624292
331.533111,100,1611.778346
412.321153,100,1611.948154
343.998302,100,1612.120443
367.967323,100,1612.286518
296.062177,100,1612.447254
313.704626,100,1612.611509
358.485789,100,1612.785758
431.174476,100,1625.243484
238.300388,100,1625.670057
365.252673,100,1626.055831
338.537056,100,1626.477792
386.632126,100,1626.84601
371.230521,100,1627.203786
310.650985,100,1627.544664
349.494731,100,1627.817052
297.049992,100,1628.146174
313.046958,100,1628.499103
374.089456,100,1640.143311
346.530467,100,1640.304453
401.771711,100,1640.459711
384.003115,100,1640.613425
320.631893,100,1640.778438
327.35255,100,1640.932976
392.654503,100,1641.095911
378.831371,100,1641.252899
421.950994,100,1641.464574
347.180515,100,1641.662445
368.139483,100,1654.409069
373.036286,100,1654.709596
358.352185,100,1655.037671
407.207371,100,1655.403311
353.400322,100,1655.742959
397.546401,100,1656.066809
312.844212,100,1656.425253
401.458122,100,1656.774274
414.200196,100,1657.104706
441.975056,100,1657.450788
354.580473,100,1670.87553
301.120424,100,1671.023092
288.882292,100,1671.176296
387.546806,100,1671.321884
341.628864,100,1671.597553
390.289149,100,1671.762809
362.089091,100,1671.93555
367.425011,100,1672.0913
334.373998,100,1672.244051
352.330102,100,1672.390801
350.539774,100,1684.773615
343.024806,100,1684.968456
398.463509,100,1685.162169
388.326386,100,1685.354718
390.7388,100,1685.630773
317.849453,100,1685.817891
320.490147,100,1686.027042
332.569503,100,1686.213845
359.634713,100,1686.416091
325.442758,100,1686.627439
371.759638,100,1698.156507
334.435342,100,1698.312297
333.87321,100,1698.458527
354.499579,100,1698.611515
389.663642,100,1698.758217
402.404675,100,1698.899284
428.484273,100,1699.046819
391.189147,100,1699.19359
340.19611,100,1699.339905
433.392844,100,1699.614019
320.582882,100,1710.334311
316.461419,100,1710.509781
311.760788,100,1710.676021
388.379523,100,1710.842562
355.26249,100,1711.002681
389.137419,100,1711.172409
349.380413,100,1711.34351
371.867935,100,1711.516377
305.494831,100,1711.732789
339.999063,100,1711.947608
421.67132,100,1726.418036
410.592645,100,1726.717581
346.215363,100,1727.018797
388.621401,100,1727.324207
340.748114,100,1727.619768
402.01857,100,1727.929435
308.230584,100,1728.190199
357.135567,100,1728.432548
328.977916,100,1728.731163
424.531281,100,1729.023672
336.95523,100,1.642271
370.144936,100,1.792535
418.362947,100,1.952318
367.376965,100,2.122529
329.725236,100,2.27399
425.64229,100,2.426809
422.909804,100,2.634412
343.400073,100,2.864771
261.514822,100,3.033822
349.232923,100,3.205159
367.675582,100,13.981851
381.895104,100,14.127694
302.916435,100,14.276809
324.025634,100,14.42022
349.991944,100,14.556342
380.724926,100,14.69294
389.085877,100,14.871172
451.952882,100,15.101162
325.254763,100,15.249918
408.447661,100,15.411137
339.18446,100,26.38075
456.721135,100,26.529601
423.762626,100,26.679931
408.743863,100,26.845737
435.012748,100,27.093924
411.592783,100,27.249122
349.507255,100,27.417316
422.933037,100,27.571669
373.004994,100,27.727252
358.759788,100,27.892671
396.645217,100,39.288883
346.56186,100,39.460072
442.297119,100,39.608783
283.432301,100,39.76438
281.864655,100,39.922962
383.843817,100,40.082189
389.362211,100,40.235142
449.634038,100,40.386964
370.931212,100,40.537616
291.518382,100,40.703192
404.529204,100,54.51869
383.712801,100,54.696081
377.281465,100,54.951099
393.761849,100,55.208539
342.983163,100,55.418497
343.496584,100,55.605073
431.821533,100,55.762266
345.475875,100,55.934324
384.419951,100,56.103234
372.116683,100,56.264566
342.791626,100,67.274079
317.656164,100,67.43972
380.949028,100,67.58467
360.99548,100,67.734735
280.94371,100,67.884032
328.664056,100,68.052768
301.555529,100,68.207641
386.70625,100,68.350069
357.967482,100,68.494334
425.701418,100,68.652026
339.803046,100,81.936931
377.238459,100,82.249211
391.565667,100,82.553815
362.277513,100,82.853114
291.584613,100,83.190227
413.920205,100,83.487157
362.831641,100,83.812481
401.971261,100,84.148742
397.650782,100,84.459569
406.68166,100,84.766127
377.46686,100,97.951441
366.995422,100,98.133121
376.373907,100,98.29429
249.59225,100,98.448252
402.96369,100,98.609752
386.34189,100,98.743551
292.763764,100,98.888812
343.767835,100,99.045485
415.720852,100,99.31205
342.417213,100,99.507288
333.67131,100,111.658136
430.175986,100,111.804409
363.696752,100,111.965563
338.129312,100,112.122239
338.78981,100,112.286213
339.899652,100,112.428284
366.40979,100,112.570997
462.958602,100,112.717071
367.037351,100,112.86904
397.361856,100,113.021845
367.784938,100,126.176353
403.959352,100,126.350547
384.257282,100,126.522069
348.313644,100,126.689434
297.744774,100,126.862852
278.446565,100,127.033632
411.387537,100,127.318244
335.129894,100,127.506497
386.131642,100,127.705624
367.914262,100,127.877748
411.459046,100,141.008073
394.479519,100,141.255754
397.097879,100,141.40988
391.206276,100,141.583343
372.566916,100,141.726185
377.959125,100,141.879159
412.294782,100,142.025676
362.099315,100,142.181298
320.353982,100,142.32277
377.771252,100,142.469469
307.602944,100,154.738323
338.705295,100,154.929406
295.792095,100,155.18228
381.372008,100,155.414133
343.845378,100,155.613315
347.638733,100,155.821871
381.975405,100,156.027654
344.306132,100,156.252204
321.779544,100,156.452323
277.287504,100,156.648449
322.875897,100,168.515179
351.13829,100,168.693911
381.861047,100,168.868372
316.474661,100,169.0496
403.253692,100,169.341114
397.88165,100,169.54423
395.250431,100,169.71581
422.25072,100,169.882066
355.233623,100,170.055202
361.307032,100,170.229097
338.033763,100,182.456975
369.616451,100,182.600212
365.584982,100,182.740483
412.511448,100,182.892265
372.961802,100,183.047272
356.942893,100,183.315633
438.61758,100,183.470168
419.607206,100,183.645575
395.015245,100,183.80317
308.346944,100,183.966981
455.35577,100,196.524884
362.271529,100,196.88633
289.808932,100,197.249144
448.877026,100,197.545287
418.833197,100,197.899054
375.645281,100,198.26385
374.16976,100,198.62019
387.84884,100,198.971625
353.588866,100,199.329042
390.219157,100,199.650186
342.470802,100,212.977291
412.561155,100,213.346113
311.569918,100,213.623072
243.989686,100,213.911998
430.352581,100,214.07024
358.203875,100,214.215766
351.781842,100,214.375519
335.76155,100,214.515274
453.449643,100,214.660979
422.202574,100,214.813395
334.896881,100,226.78765
333.513716,100,226.970244
389.518368,100,227.229203
342.586904,100,227.433497
399.89636,100,227.625623
386.761616,100,227.789132
320.415518,100,227.965222
353.383181,100,228.140039
392.28998,100,228.317771
368.217156,100,228.486696
424.461264,100,240.034941
425.200434,100,240.185365
318.373882,100,240.337512
345.719407,100,240.476512
319.104397,100,240.615392
375.556086,100,240.751364
338.397182,100,240.900436
326.198155,100,241.048454
411.897225,100,241.332471
364.457151,100,241.504087
331.470893,100,253.246088
345.985993,100,253.515416
310.656291,100,253.82103
321.63557,100,254.121019
405.876414,100,254.412874
376.875867,100,254.708277
415.719198,100,255.022233
431.881303,100,255.341176
372.495792,100,255.564888
367.066748,100,255.86096
357.657616,100,267.760836
433.477795,100,267.929139
364.298471,100,268.094787
409.123906,100,268.254839
324.05662,100,268.403679
286.86095,100,268.552615
331.559728,100,268.699077
421.495129,100,268.837467
314.385478,100,269.000534
397.654857,100,269.226903
407.045342,100,279.723264
325.977503,100,279.951366
382.660204,100,280.107382
301.178786,100,280.272822
336.682518,100,280.413156
347.398188,100,280.556985
421.808326,100,280.704833
363.366825,100,280.865385
301.286359,100,281.020676
312.671366,100,281.176483
410.115119,100,292.50573
328.427035,100,292.650255
424.807229,100,292.790291
336.970915,100,292.942151
279.699834,100,293.08828
394.172536,100,293.226258
274.830592,100,293.370211
383.999402,100,293.512556
366.194488,100,293.687917
330.068579,100,293.927884
268.524781,100,304.913889
324.314007,100,305.132366
250.564177,100,305.32714
310.045959,100,305.538757
413.993312,100,305.829033
300.14623,100,306.063331
378.176909,100,306.299567
416.375659,100,306.499562
352.106681,100,306.701367
381.068263,100,306.911346
289.678384,100,318.527892
335.391798,100,318.70962
393.318316,100,318.889906
423.29313,100,319.080671
340.97116,100,319.273325
451.465947,100,319.444398
291.199173,100,319.629337
365.922671,100,319.893416
376.211393,100,320.075163
346.759575,100,320.265834
388.766824,100,333.159806
359.744447,100,333.324842
411.494791,100,333.490143
386.70541,100,333.667849
400.886141,100,333.958029
355.845904,100,334.151305
358.276812,100,334.367327
432.178346,100,334.539364
320.971912,100,334.717785
404.348066,100,334.901475
387.871447,100,348.732563
406.706519,100,349.017921
348.442882,100,349.210165
369.550845,100,349.383357
346.562628,100,349.555618
383.304121,100,349.733049
399.406978,100,349.913693
375.347635,100,350.084241
344.969311,100,350.250289
418.57217,100,350.430436
446.225112,100,362.258984
427.165498,100,362.409081
440.61334,100,362.554521
429.095688,100,362.697583
305.612616,100,362.965621
390.954766,100,363.127345
363.010294,100,363.308675
320.919482,100,363.464278
351.3294,100,363.622914
411.209771,100,363.776394
470.308558,100,375.698247
407.617505,100,375.84534
374.942182,100,375.995267
323.859412,100,376.153827
326.954436,100,376.302844
279.638895,100,376.44969
342.789187,100,376.596058
312.548133,100,376.737255
389.653771,100,376.980289
428.616141,100,377.139032
396.120006,100,387.904457
372.413666,100,388.062001
397.242888,100,388.218279
351.720393,100,388.368236
451.629053,100,388.522084
291.803302,100,388.687036
319.451309,100,388.920321
436.365441,100,389.123035
354.618181,100,389.300925
363.594648,100,389.464376
395.72452,100,401.253402
334.764757,100,401.442285
305.713694,100,401.616562
407.751425,100,401.787918
396.891074,100,401.981992
410.782716,100,402.167291
363.869038,100,402.350083
443.666451,100,402.523527
335.017174,100,402.709743
384.768664,100,402.992177
353.080809,100,416.314329
432.15657,100,416.498216
386.584605,100,416.676576
345.773314,100,416.96796
383.404763,100,417.164447
383.696713,100,417.385182
384.043939,100,417.578032
341.960153,100,417.777794
350.303555,100,417.985806
357.962296,100,418.184998
275.234775,100,431.712528
380.960974,100,431.910351
421.032197,100,432.125751
356.735815,100,432.31986
409.090995,100,432.521816
373.658325,100,432.710094
325.679561,100,433.014674
329.542733,100,433.235462
345.693359,100,433.431829
310.994242,100,433.634649
374.39269,100,446.540297
361.451418,100,446.688348
319.812855,100,446.917027
364.039179,100,447.103671
340.854473,100,447.275323
400.004888,100,447.436048
304.949286,100,447.587618
371.066879,100,447.740062
338.676773,100,447.904092
400.695455,100,448.090461
308.705304,100,459.732861
287.016889,100,459.887374
353.207315,100,460.051385
372.24593,100,460.202199
336.891813,100,460.349649
332.643186,100,460.502043
380.166455,100,460.65596
429.124602,100,460.867715
395.347889,100,461.093945
382.843834,100,461.296109
335.220401,100,474.961403
407.192854,100,475.208113
285.007552,100,475.498135
465.394835,100,475.777157
393.720455,100,476.060709
362.917309,100,476.34116
370.730942,100,476.614125
399.947631,100,476.813635
341.817846,100,477.068528
383.434105,100,477.258176
290.532495,100,490.562136
351.540223,100,490.733159
309.92436,100,491.007739
461.534423,100,491.185335
451.969073,100,491.369379
334.671214,100,491.534564
374.504826,100,491.69617
278.57621,100,491.862939
424.244605,100,492.039632
375.881367,100,492.20978
335.858293,100,503.266919
358.598908,100,503.408018
367.770542,100,503.549317
367.700434,100,503.692684
376.139873,100,503.912119
363.172609,100,504.096209
416.645965,100,504.267063
314.204393,100,504.413132
389.358112,100,504.555021
442.293491,100,504.697485
367.283175,100,519.118695
363.089249,100,519.401418
372.466901,100,519.720289
435.556065,100,520.028866
327.089295,100,520.337291
349.528524,100,520.650312
381.055979,100,520.963949
397.45271,100,521.207239
358.869503,100,521.484186
285.426329,100,521.79759
352.543542,100,534.06003
365.363749,100,534.210795
385.191987,100,534.363641
340.58206,100,534.505263
448.27257,100,534.641022
437.554796,100,534.813799
363.068539,100,535.031368
333.445872,100,535.187245
356.152894,100,535.347512
394.372213,100,535.488136
354.564753,100,547.213161
400.239002,100,547.411408
376.880982,100,547.579489
337.58877,100,547.767496
324.735736,100,547.987364
382.606135,100,548.220799
417.72485,100,548.4444
311.193499,100,548.666203
333.987355,100,548.940796
311.754455,100,549.227208
443.923276,100,560.60766
290.047935,100,560.815941
353.683123,100,561.071041
323.053379,100,561.25405
332.255348,100,561.432075
374.347554,100,561.608003
332.192629,100,561.794929
389.835784,100,561.994055
410.951785,100,562.191249
372.456873,100,562.361554
303.329692,100,573.116589
374.229117,100,573.2712
365.149001,100,573.433518
334.431437,100,573.584699
393.669405,100,573.740353
358.029424,100,573.89678
381.765415,100,574.058489
360.310884,100,574.210696
400.060891,100,574.36257
394.918414,100,574.509453
333.056453,100,587.766892
349.390099,100,587.916631
380.213555,100,588.083491
367.350933,100,588.239255
364.820217,100,588.378672
414.51396,100,588.518898
444.809359,100,588.661535
439.364314,100,588.803833
399.810191,100,589.041082
407.992755,100,589.209613
312.451049,100,599.909079
393.532856,100,600.085451
415.338588,100,600.229577
349.332079,100,600.374645
324.585924,100,600.52112
286.280476,100,600.678486
390.629978,100,600.831171
336.648162,100,601.099321
324.178969,100,601.244836
375.626562,100,601.419258
383.092443,100,613.786855
378.421158,100,613.943689
374.696328,100,614.106587
344.515194,100,614.26684
361.33729,100,614.430453
390.609407,100,614.581867
297.524847,100,614.728766
446.656753,100,614.928457
409.079969,100,615.175127
354.855056,100,615.33939
342.930893,100,628.343705
328.136044,100,628.484366
367.158359,100,628.630362
301.889666,100,628.768361
399.567575,100,628.968515
278.138144,100,629.153361
399.496354,100,629.387076
341.176599,100,629.555882
368.813477,100,629.696505
353.143089,100,629.85061
355.579288,100,641.662434
351.145257,100,641.831848
366.256822,100,642.021401
413.673891,100,642.198625
382.063466,100,642.369565
442.021909,100,642.542686
343.101411,100,642.725068
380.372179,100,642.96314
327.359001,100,643.189661
310.551552,100,643.366192
235.995099,100,657.499975
409.363692,100,657.676875
373.154829,100,657.829546
373.993077,100,657.984013
416.057299,100,658.147405
421.951841,100,658.309948
411.51834,100,658.460377
397.96128,100,658.619313
367.81439,100,658.770397
437.960833,100,658.984343
424.185354,100,671.498169
282.917233,100,671.664749
372.372325,100,671.840275
355.844213,100,672.026203
395.225462,100,672.210241
356.880101,100,672.389118
361.098226,100,672.557786
424.750156,100,672.733895
333.638961,100,672.951672
377.361694,100,673.197303
364.906973,100,687.437313
324.330307,100,687.61464
397.785859,100,687.802693
425.034166,100,687.980653
366.522279,100,688.171561
375.763343,100,688.358201
392.630137,100,688.536256
324.469217,100,688.710594
382.446684,100,688.912763
413.209887,100,689.19079
484.048218,100,701.581888
388.79674,100,701.745576
362.018066,100,701.890477
367.13705,100,702.037307
394.825658,100,702.190672
303.461311,100,702.344368
259.279029,100,702.492551
363.739677,100,702.645833
376.177674,100,702.796221
302.542656,100,702.964226
400.531659,100,715.292684
352.354456,100,715.444393
341.309761,100,715.594218
375.970482,100,715.840748
409.161703,100,715.985274
330.933962,100,716.165255
402.254969,100,716.314199
386.185201,100,716.475616
358.683657,100,716.641776
332.562775,100,716.80541
419.886736,100,731.264184
347.871998,100,731.451857
365.728751,100,731.62443
359.695389,100,731.788955
334.639875,100,731.961762
331.151721,100,732.136773
334.113645,100,732.389917
429.804272,100,732.579636
343.03648,100,732.771968
415.519942,100,732.951987
438.310644,100,743.745282
428.061085,100,743.890131
367.123013,100,744.049314
303.449655,100,744.22353
420.302022,100,744.449391
368.013982,100,744.603277
429.465008,100,744.782619
321.332351,100,744.93819
321.68414,100,745.087272
356.060084,100,745.234599
322.11427,100,756.681848
425.843515,100,756.84725
393.803187,100,756.991142
346.712541,100,757.147281
334.567391,100,757.2894
365.511826,100,757.445592
380.934775,100,757.593562
410.428182,100,757.748461
418.238347,100,757.902885
431.099616,100,758.068921
329.576318,100,773.150676
291.176813,100,773.384946
385.661989,100,773.602438
371.991742,100,773.806328
383.700307,100,774.036684
352.356419,100,774.291117
394.564161,100,774.561747
370.3735,100,774.797685
419.309944,100,775.003069
383.054254,100,775.219835
386.206799,100,787.425117
303.414161,100,787.571011
312.910347,100,787.709548
370.933537,100,787.855304
308.582865,100,787.999543
398.395921,100,788.158966
367.61977,100,788.428457
261.741601,100,788.611368
408.342887,100,788.819284
342.854088,100,788.997866
323.205669,100,799.884295
367.26841,100,800.029912
355.449035,100,800.165175
406.175893,100,800.305155
385.915973,100,800.545923
379.814209,100,800.69662
337.556125,100,800.866541
317.904523,100,801.021225
378.616826,100,801.164195
346.667858,100,801.302667
374.393599,100,813.374731
345.758274,100,813.521659
444.346528,100,813.681442
331.988884,100,813.829148
382.417082,100,813.975162
336.437279,100,814.117893
394.259741,100,814.25754
390.600741,100,814.460662
402.070901,100,814.628911
320.20937,100,814.813243
366.971817,100,827.639399
326.184392,100,827.807347
358.383672,100,827.974261
372.877919,100,828.143024
401.881845,100,828.296227
366.29121,100,828.45119
306.248937,100,828.617521
371.201508,100,828.767573
337.655549,100,828.917259
356.465935,100,829.070767
402.404106,100,840.607966
334.800332,100,840.757979
362.810925,100,840.909815
331.178554,100,841.073195
371.706536,100,841.235658
330.297364,100,841.50612
269.992398,100,841.712893
369.771198,100,841.909079
330.592314,100,842.091876
415.653541,100,842.247339
408.667589,100,857.282936
414.510879,100,857.553097
402.730888,100,857.745784
322.343859,100,857.938335
297.288335,100,858.151526
324.850116,100,858.332266
368.480196,100,858.505367
375.525346,100,858.679121
412.842288,100,858.854531
426.221331,100,859.025217
336.037773,100,870.577604
299.020823,100,870.755564
321.137297,100,870.946796
341.178599,100,871.126227
298.9008,100,871.294702
423.150375,100,871.464129
363.578403,100,871.72562
363.585201,100,871.90579
366.355736,100,872.11436
311.26647,100,872.282429
298.23414,100,885.315075
364.60235,100,885.451033
422.824543,100,885.708013
334.989692,100,885.871888
375.432755,100,886.037257
305.641288,100,886.191401
327.835685,100,886.33807
311.698694,100,886.479319
333.60425,100,886.63816
369.111075,100,886.783207
362.833576,100,899.042299
427.548876,100,899.181823
315.661669,100,899.325699
330.693919,100,899.462525
347.897812,100,899.71794
356.411072,100,899.870701
385.573514,100,900.052082
332.401757,100,900.197926
422.606732,100,900.340646
320.523843,100,900.484268
317.877826,100,914.956498
352.547592,100,915.13522
388.931216,100,915.293341
404.921627,100,915.459288
357.804248,100,915.622452
283.255266,100,915.894128
388.195578,100,916.049299
379.62931,100,916.219832
349.243285,100,916.365705
428.13859,100,916.511485
324.925798,100,928.317333
404.711925,100,928.472759
378.892043,100,928.627261
267.667183,100,928.78515
320.570526,100,928.942551
355.775238,100,929.103682
334.363295,100,929.26637
374.641286,100,929.425298
289.042496,100,929.575271
388.710666,100,929.768533
378.003841,100,941.186229
374.576323,100,941.327409
370.769152,100,941.466874
340.817679,100,941.610462
384.551459,100,941.846368
410.713014,100,942.01561
410.952278,100,942.260305
305.587775,100,942.420413
373.651143,100,942.581659
449.038959,100,942.744885
390.910869,100,954.878698
360.760282,100,955.057417
386.226544,100,955.222925
343.169074,100,955.374692
306.21286,100,955.519884
438.672769,100,955.683447
381.943995,100,955.888524
330.298244,100,956.119444
299.70012,100,956.289883
368.031215,100,956.475911
331.351113,100,967.67933
395.135845,100,967.825073
398.761361,100,967.972822
319.448403,100,968.204245
366.515054,100,968.403166
439.012157,100,968.548942
292.277975,100,968.714418
308.736527,100,968.865156
362.879698,100,969.017919
413.897685,100,969.169853
368.824857,100,979.938206
406.249839,100,980.168484
352.826855,100,980.395984
316.863932,100,980.572173
351.304915,100,980.752674
298.528683,100,980.928643
402.883695,100,981.104431
354.463433,100,981.277296
363.364279,100,981.448624
401.904504,100,981.617996
316.046141,100,993.36457
397.432267,100,993.513626
386.09187,100,993.664069
357.996999,100,993.830994
318.543029,100,993.999892
392.337968,100,994.253274
379.43932,100,994.421701
350.76816,100,994.584398
391.074614,100,994.752365
390.833389,100,994.904235
368.442069,100,1007.781786
352.168439,100,1007.924641
255.226143,100,1008.096659
403.398086,100,1008.352389
372.536275,100,1008.542127
299.311329,100,1008.722327
340.171061,100,1008.892506
338.693984,100,1009.055025
360.076177,100,1009.231443
305.311792,100,1009.384646
320.455693,100,1021.045576
325.955286,100,1021.23189
262.880494,100,1021.423489
337.094309,100,1021.615726
371.077265,100,1021.793131
378.329879,100,1021.968753
351.695173,100,1022.208592
365.376251,100,1022.415481
291.08396,100,1022.623199
324.259145,100,1022.784944
296.656464,100,1035.658867
422.057334,100,1035.796655
409.170818,100,1035.93549
292.568156,100,1036.099831
358.013244,100,1036.337848
425.562453,100,1036.495831
397.291684,100,1036.673003
342.452136,100,1036.825342
366.577091,100,1036.981128
370.779668,100,1037.141969
331.201682,100,1049.541457
381.680271,100,1049.68692
348.194289,100,1049.850806
356.580698,100,1050.013778
331.660245,100,1050.162596
378.642909,100,1050.397426
446.548867,100,1050.561026
323.566224,100,1050.734556
424.803527,100,1050.886392
320.69147,100,1051.045547
293.079488,100,1069.552959
369.296753,100,1069.718499
360.23416,100,1069.881042
348.476479,100,1070.046365
300.505855,100,1070.205877
340.459833,100,1070.418358
360.09077,100,1070.613112
386.204253,100,1070.768498
366.445631,100,1070.947396
347.416566,100,1071.117606
381.104516,100,1087.557183
316.333956,100,1087.706502
312.001408,100,1087.862911
392.682674,100,1088.031449
340.916218,100,1088.189405
324.562039,100,1088.397351
299.675206,100,1088.600755
384.995783,100,1088.761838
407.618844,100,1088.922468
357.126587,100,1089.079532
340.64666,100,1101.518673
328.679318,100,1101.808136
311.468425,100,1102.114398
342.918975,100,1102.418867
430.985759,100,1102.669277
379.986361,100,1102.945181
346.359329,100,1103.252251
392.954723,100,1103.53941
312.258836,100,1103.828796
381.836515,100,1104.137652
307.144999,100,1116.104431
387.345142,100,1116.266469
380.517486,100,1116.527842
407.556418,100,1116.6809
380.135178,100,1116.853971
402.039009,100,1117.020366
289.027604,100,1117.178121
402.835998,100,1117.317654
421.030171,100,1117.468113
244.881008,100,1117.617862
391.354783,100,1128.909687
446.945282,100,1129.066627
423.007217,100,1129.213202
378.82095,100,1129.370892
382.338151,100,1129.519665
312.919698,100,1129.669027
413.54551,100,1129.808327
364.837722,100,1129.957413
318.795026,100,1130.105374
394.343907,100,1130.293407
263.035361,100,1145.266249
340.38601,100,1145.446898
397.683607,100,1145.65334
300.662967,100,1145.823216
364.461132,100,1146.000283
414.318171,100,1146.174838
355.725832,100,1146.332882
305.116581,100,1146.495089
344.712634,100,1146.662678
375.195502,100,1146.921593
430.145933,100,1158.848496
408.46548,100,1159.029472
379.892938,100,1159.193134
426.339653,100,1159.367228
395.764193,100,1159.52519
335.200595,100,1159.687222
442.331792,100,1159.833106
330.273407,100,1160.008243
432.18994,100,1160.178496
304.576355,100,1160.349089
322.790866,100,1173.774246
429.030318,100,1173.939692
380.639063,100,1174.113234
362.928625,100,1174.267597
373.901757,100,1174.423094
385.554622,100,1174.580413
320.252567,100,1174.806028
313.718408,100,1175.032109
379.048968,100,1175.205163
435.468174,100,1175.382821
346.795633,100,1188.243835
383.898592,100,1188.399992
242.618082,100,1188.558192
356.285337,100,1188.757829
330.034533,100,1188.98979
356.234488,100,1189.146395
381.015832,100,1189.311953
335.190607,100,1189.460507
301.117224,100,1189.612814
358.847195,100,1189.765855
350.991734,100,1202.407072
426.624831,100,1202.709447
371.590578,100,1203.026527
378.125945,100,1203.255277
326.629992,100,1203.538881
349.849194,100,1203.849905
360.958754,100,1204.16846
329.735244,100,1204.480204
368.59583,100,1204.783877
323.741029,100,1205.063368
329.022058,100,1216.614604
346.488843,100,1216.781385
327.73937,100,1217.044369
332.830281,100,1217.193582
288.71961,100,1217.368618
391.120192,100,1217.519944
396.364719,100,1217.679193
374.054842,100,1217.836971
408.765647,100,1218.003501
326.524887,100,1218.166132
318.794831,100,1229.847505
356.28484,100,1230.031193
318.143605,100,1230.208833
430.088044,100,1230.370559
349.302608,100,1230.53376
322.342476,100,1230.702133
294.559579,100,1230.930227
367.506373,100,1231.152813
269.90285,100,1231.328115
329.668696,100,1231.512609
388.278271,100,1243.048819
413.30302,100,1243.287615
392.916605,100,1243.466207
341.042639,100,1243.655639
368.567805,100,1243.835371
300.438831,100,1244.012346
377.941544,100,1244.183139
268.60118,100,1244.342255
369.723389,100,1244.503329
343.892247,100,1244.669384
302.105035,100,1256.900172
444.859506,100,1257.046663
363.389789,100,1257.253851
326.090979,100,1257.463461
321.164604,100,1257.627598
408.391594,100,1257.809185
327.983443,100,1257.956027
369.603818,100,1258.123361
376.433018,100,1258.307094
319.5228,100,1258.461015
283.53847,100,1269.023926
317.105777,100,1269.260762
391.82288,100,1269.530126
401.164752,100,1269.811306
356.900047,100,1270.128975
307.263738,100,1270.442732
359.715582,100,1270.760263
317.294591,100,1271.073282
403.683224,100,1271.38684
263.630714,100,1271.659333
354.92052,100,1285.037509
329.523367,100,1285.215254
370.712408,100,1285.425173
381.548628,100,1285.581219
414.402471,100,1285.762426
383.470957,100,1285.90689
339.135705,100,1286.05037
312.124578,100,1286.201157
379.579495,100,1286.365901
304.215691,100,1286.50221
422.402848,100,1299.792078
429.00389,100,1299.971644
354.492724,100,1300.1652
299.058515,100,1300.352522
268.645059,100,1300.538258
445.07526,100,1300.723847
396.683355,100,1300.914846
328.995125,100,1301.106445
325.437926,100,1301.383085
373.473617,100,1301.560446
386.970646,100,1314.001444
315.027843,100,1314.177187
386.283247,100,1314.354532
356.562639,100,1314.513671
309.572724,100,1314.668273
385.005693,100,1314.816884
383.922463,100,1314.975658
439.923418,100,1315.131701
347.628141,100,1315.383049
327.197658,100,1315.551639
324.379805,100,1326.065727
272.231326,100,1326.217898
423.744611,100,1326.375297
313.469474,100,1326.539038
376.385581,100,1326.698785
328.693235,100,1326.857171
304.242716,100,1327.016275
336.713755,100,1327.194955
312.13234,100,1327.431599
389.13195,100,1327.585015
310.835011,100,1340.279219
377.630468,100,1340.460868
418.485605,100,1340.639868
360.075469,100,1340.821686
407.510151,100,1340.995734
386.561686,100,1341.177332
355.945574,100,1341.442982
399.979244,100,1341.614258
281.561193,100,1341.802742
404.842722,100,1341.979383
336.434215,100,1354.251422
348.56402,100,1354.404012
404.528148,100,1354.560897
319.162667,100,1354.711262
358.806799,100,1354.863685
317.846237,100,1355.014787
387.189294,100,1355.181413
445.429323,100,1355.435069
359.726258,100,1355.618078
300.566159,100,1355.798371
313.965109,100,1367.018182
292.30825,100,1367.160202
376.513069,100,1367.297578
394.874575,100,1367.458345
339.328266,100,1367.7122
292.209442,100,1367.87603
306.362801,100,1368.061587
385.773552,100,1368.2375
260.812859,100,1368.394367
350.068483,100,1368.558448
395.018635,100,1380.058197
318.337542,100,1380.2334
325.102972,100,1380.389758
405.017096,100,1380.539464
334.426668,100,1380.70937
321.33352,100,1380.881029
403.2205,100,1381.068446
329.712022,100,1381.249066
423.69125,100,1381.428157
334.902563,100,1381.718851
308.501854,100,1392.890668
377.749405,100,1393.039459
324.605063,100,1393.18599
341.720894,100,1393.326553
310.832705,100,1393.471751
355.452656,100,1393.749938
336.964492,100,1393.910786
363.030808,100,1394.09148
332.782135,100,1394.234577
362.396718,100,1394.380192
428.386804,100,1405.54894
276.852133,100,1405.814238
346.632268,100,1405.963632
341.120538,100,1406.140688
391.371161,100,1406.292535
299.372506,100,1406.45316
385.248085,100,1406.596311
321.728078,100,1406.750114
318.725061,100,1406.911489
323.617686,100,1407.066829
369.257743,100,1417.948425
352.298363,100,1418.107459
377.710109,100,1418.302893
368.159192,100,1418.451334
363.240606,100,1418.610649
353.154735,100,1418.771068
326.203911,100,1418.939369
412.251914,100,1419.104382
401.211269,100,1419.283141
336.11022,100,1419.445479
397.47392,100,1430.863479
341.375426,100,1431.022886
437.590086,100,1431.171981
337.388469,100,1431.322629
411.39401,100,1431.472603
372.51792,100,1431.659227
336.882509,100,1431.935399
341.769119,100,1432.103361
348.403259,100,1432.291553
399.89567,100,1432.442051
332.478754,100,1444.800908
375.02991,100,1444.996727
412.750861,100,1445.17725
406.56736,100,1445.371579
374.440587,100,1445.560222
332.346733,100,1445.856299
342.807027,100,1446.033381
405.699122,100,1446.212351
362.586778,100,1446.372449
449.159257,100,1446.538229
362.149868,100,1458.274603
429.105141,100,1458.424325
285.785644,100,1458.577754
329.62397,100,1458.725085
344.522518,100,1458.879502
355.898055,100,1459.02681
392.8997,100,1459.169743
345.742714,100,1459.317183
326.120886,100,1459.449944
347.037351,100,1459.598983
335.877141,100,1471.282537
405.179728,100,1471.431453
395.46439,100,1471.573607
397.158506,100,1471.821927
409.155729,100,1471.975564
316.96928,100,1472.14944
393.1113,100,1472.311963
379.545602,100,1472.475039
344.465776,100,1472.638084
334.385525,100,1472.805524
359.173574,100,1487.287752
371.783556,100,1487.430077
442.524473,100,1487.576034
396.890333,100,1487.814748
342.137638,100,1487.988997
357.351058,100,1488.195796
350.184275,100,1488.358644
421.534451,100,1488.513744
406.339079,100,1488.663823
406.362807,100,1488.824363
334.582573,100,1501.230408
352.325041,100,1501.397249
392.357633,100,1501.539689
386.127201,100,1501.732721
351.110707,100,1501.936972
282.689733,100,1502.118669
363.515515,100,1502.266225
259.501929,100,1502.411695
420.877978,100,1502.560661
346.497108,100,1502.715235
425.054497,100,1514.542959
405.164032,100,1514.704993
424.988447,100,1514.85876
388.267821,100,1515.022493
378.301686,100,1515.183955
322.244857,100,1515.337832
342.685148,100,1515.485418
393.605542,100,1515.630857
342.843643,100,1515.77811
352.956486,100,1515.936948
318.998867,100,1527.586121
382.147751,100,1527.755228
411.370751,100,1527.925226
413.885115,100,1528.107824
331.071298,100,1528.27857
381.255296,100,1528.489511
409.94826,100,1528.744644
356.091069,100,1528.94436
429.535372,100,1529.115593
382.920381,100,1529.284345
372.960912,100,1542.603821
396.715501,100,1542.820795
334.796311,100,1543.0348
407.880964,100,1543.212568
381.166121,100,1543.38856
337.467615,100,1543.562553
379.909032,100,1543.740653
367.164712,100,1543.947621
423.199197,100,1544.135678
329.962851,100,1544.3078
376.006015,100,1557.779579
408.448752,100,1557.956781
398.341603,100,1558.143933
328.974326,100,1558.319109
386.716012,100,1558.547934
346.873032,100,1558.750408
405.367862,100,1558.91681
333.238575,100,1559.088205
355.316842,100,1559.237423
343.917304,100,1559.394289
359.234962,100,1571.809544
297.681868,100,1571.974818
316.967414,100,1572.151679
365.103957,100,1572.327012
305.537098,100,1572.492229
323.448955,100,1572.740077
288.650776,100,1572.924048
311.611294,100,1573.120613
328.441446,100,1573.294354
429.571474,100,1573.461479
329.250037,100,1584.603036
305.251448,100,1584.864672
279.928289,100,1585.034491
332.045114,100,1585.224591
334.695172,100,1585.376348
439.961054,100,1585.535358
297.202888,100,1585.700233
332.964424,100,1585.869544
376.956822,100,1586.049606
409.737692,100,1586.226189
320.782414,100,1597.801441
318.360577,100,1597.979104
395.633687,100,1598.175902
346.550738,100,1598.337444
312.001426,100,1598.494579
304.747158,100,1598.742987
335.300585,100,1598.934583
379.023442,100,1599.093667
388.156512,100,1599.272768
364.63393,100,1599.422849
332.987418,100,1610.550314
383.587223,100,1610.809631
311.489884,100,1610.986941
369.883675,100,1611.177553
310.673789,100,1611.335206
398.533866,100,1611.489616
394.192849,100,1611.666916
339.371896,100,1611.839532
387.757518,100,1612.00348
362.126721,100,1612.165906
344.949031,100,1624.233504
387.232407,100,1624.385185
286.951934,100,1624.533662
334.159296,100,1624.67516
404.142124,100,1624.861228
352.264964,100,1625.094891
357.838613,100,1625.262092
296.399219,100,1625.431898
300.104269,100,1625.586462
341.43332,100,1625.732
412.150459,100,1637.702544
252.123233,100,1637.866678
361.953626,100,1638.04657
341.130849,100,1638.235504
367.625347,100,1638.397926
371.271082,100,1638.581632
295.639193,100,1638.741472
351.485148,100,1638.995643
290.268659,100,1639.16125
303.42214,100,1639.345327
385.126232,100,1651.295617
350.214595,100,1651.500401
395.422837,100,1651.687943
363.663367,100,1651.882806
304.198794,100,1652.077479
312.785293,100,1652.263051
379.062413,100,1652.439274
371.060718,100,1652.617385
425.340229,100,1652.799581
348.389474,100,1653.073176
363.951681,100,1665.690699
363.603798,100,1665.86999
374.126041,100,1666.039276
394.406248,100,1666.207212
341.626031,100,1666.364166
384.092082,100,1666.526008
303.850688,100,1666.693009
383.029447,100,1666.908995
415.238203,100,1667.12514
426.634742,100,1667.284455
375.496351,100,1683.197085
311.373779,100,1683.459923
289.425553,100,1683.694532
366.780915,100,1683.986389
333.096487,100,1684.296488
366.859775,100,1684.599517
369.456367,100,1684.91032
378.550945,100,1685.22395
325.247978,100,1685.544889
349.349736,100,1685.811833
334.315919,100,1698.482637
335.667822,100,1698.668887
379.56492,100,1698.85662
385.099444,100,1699.059031
368.751209,100,1699.246241
313.401694,100,1699.423296
322.091461,100,1699.605677
339.960318,100,1699.887449
345.55574,100,1700.069494
312.777275,100,1700.259412
376.530224,100,1712.2242
324.983524,100,1712.399
337.458456,100,1712.571245
345.087443,100,1712.744505
367.595966,100,1712.934862
404.128486,100,1713.123967
407.200239,100,1713.298019
372.922858,100,1713.479662
328.891717,100,1713.658143
417.275604,100,1713.930911
325.843986,100,1725.512559
321.99676,100,1725.739237
315.797303,100,1725.9953
371.160649,100,1726.200908
345.580271,100,1726.372365
385.897224,100,1726.552354
339.464054,100,1726.739148
342.116051,100,1726.92352
299.345718,100,1727.096404
317.732832,100,1727.273461
417.915142,100,1739.198539
415.365676,100,1739.338508
331.454835,100,1739.475547
383.701353,100,1739.615285
350.256944,100,1739.848594
410.294489,100,1740.081507
295.60356,100,1740.244323
364.930981,100,1740.405635
314.854111,100,1740.560321
408.836337,100,1740.714459
