#{"t_start": 1784411697.6613934, "env_id": "None"}
r,l,t
191.610174,100,1.510871
189.837776,100,1.650875
169.32484,100,1.839003
177.296935,100,2.057304
238.45796,100,2.319601
168.647239,100,2.485586
182.533172,100,2.659675
200.353965,100,2.824907
122.512826,100,2.991838
181.951868,100,3.146168
106.208118,100,14.740774
180.860766,100,14.911977
144.353569,100,15.067719
154.950412,100,15.235983
203.553264,100,15.395895
222.751446,100,15.543056
223.169793,100,15.702266
183.270912,100,15.849615
188.632462,100,16.011203
252.993528,100,16.163756
190.34917,100,28.201357
157.261028,100,28.376361
204.135522,100,28.613789
194.89491,100,28.802748
150.310961,100,28.973848
207.984999,100,29.146792
217.422524,100,29.305026
129.439598,100,29.454516
227.850019,100,29.610943
179.887384,100,29.788117
117.191975,100,41.132168
226.810123,100,41.300788
189.785038,100,41.452741
206.670288,100,41.617262
189.388085,100,41.788308
217.466879,100,41.958602
158.718543,100,42.108639
197.328544,100,42.262446
201.331988,100,42.414047
178.032701,100,42.655162
190.990553,100,53.869685
207.900573,100,54.238864
206.342123,100,54.610579
188.645185,100,54.794876
252.949533,100,54.958625
241.446401,100,55.112157
189.447868,100,55.252935
164.956618,100,55.402751
262.366935,100,55.556647
224.58392,100,55.736336
214.35375,100,67.647649
181.28317,100,67.89493
209.275746,100,68.135648
229.979054,100,68.363041
264.640944,100,68.679815
213.076042,100,68.899261
189.645332,100,69.101503
188.125895,100,69.311994
244.995854,100,69.516327
179.414518,100,69.733899
195.971169,100,83.284184
235.883018,100,83.481923
186.628832,100,83.693144
161.184633,100,83.921006
235.60663,100,84.111259
176.7353,100,84.308045
188.810826,100,84.549196
159.199923,100,84.829542
191.461201,100,85.062224
244.667155,100,85.26261
199.419034,100,98.093774
240.938806,100,98.414299
243.320274,100,98.736566
221.183959,100,98.9925
221.805149,100,99.29889
183.821758,100,99.606766
207.11133,100,99.916972
250.137044,100,100.220216
162.322938,100,100.527228
212.317189,100,100.819099
171.589422,100,111.991128
197.434496,100,112.15975
258.687954,100,112.327448
265.811012,100,112.507716
229.625387,100,112.781255
228.810126,100,112.930337
219.761035,100,113.101273
240.719016,100,113.264696
292.283312,100,113.422563
208.300289,100,113.570885
230.848627,100,125.99268
256.08576,100,126.309079
154.380379,100,126.636297
233.047439,100,126.913908
143.528725,100,127.184803
196.057241,100,127.487111
197.433161,100,127.79317
184.416912,100,127.990258
195.195864,100,128.165911
206.168618,100,128.332234
216.406837,100,142.35266
205.193174,100,142.51972
215.397132,100,142.672223
204.205408,100,142.920005
163.704452,100,143.079353
166.340172,100,143.256941
250.785472,100,143.436738
249.757442,100,143.596385
255.48418,100,143.751787
236.322943,100,143.912676
248.44305,100,157.166789
258.814982,100,157.361222
249.450349,100,157.501722
192.576627,100,157.645062
202.922704,100,157.806776
274.520458,100,157.961321
181.604564,100,158.123581
267.039352,100,158.285318
236.424172,100,158.437161
201.359429,100,158.592905
241.023122,100,171.766881
265.815669,100,171.986552
221.19771,100,172.208205
220.719104,100,172.410903
160.361041,100,172.61173
206.585002,100,172.847145
254.911052,100,173.085178
251.725602,100,173.308967
164.817996,100,173.493163
171.028207,100,173.680375
283.935935,100,189.246833
232.499946,100,189.427497
209.950375,100,189.593678
161.830276,100,189.794209
313.097562,100,189.971788
227.734867,100,190.176471
270.628799,100,190.365042
261.703523,100,190.551145
257.614145,100,190.724326
208.314772,100,191.034171
260.123555,100,206.88343
256.269868,100,207.050294
195.157766,100,207.39182
293.430319,100,207.743824
204.339504,100,208.129597
234.655771,100,208.519225
264.131661,100,208.905746
312.210125,100,209.305919
213.270914,100,209.649908
243.772534,100,209.955004
201.858755,100,223.923668
193.993428,100,224.286777
230.091563,100,224.648212
240.070718,100,225.023556
238.039422,100,225.370453
266.865375,100,225.693386
273.489668,100,225.885449
257.874128,100,226.042834
210.494507,100,226.192988
211.27671,100,226.344746
179.28145,100,237.789292
235.968929,100,237.953127
237.820944,100,238.111677
317.017983,100,238.265817
257.788207,100,238.432776
213.583342,100,238.5975
245.398742,100,238.761858
232.884033,100,238.934932
182.281681,100,239.094332
187.104641,100,239.368742
232.580052,100,252.231068
267.816598,100,252.392774
269.686083,100,252.554199
253.23419,100,252.709252
195.910725,100,252.8829
255.491304,100,253.048851
196.915214,100,253.281503
287.168401,100,253.473132
224.966384,100,253.650826
258.755551,100,253.817644
271.615139,100,265.100579
240.516359,100,265.365627
293.83674,100,265.542272
255.362076,100,265.717942
301.30135,100,265.86451
286.705039,100,266.005306
273.387299,100,266.150403
190.337962,100,266.299659
215.625239,100,266.44406
241.767622,100,266.587694
316.538834,100,279.807969
245.53251,100,279.986239
279.036292,100,280.153644
247.382023,100,280.329909
322.126299,100,280.498228
268.902199,100,280.664143
255.343027,100,280.8498
190.998511,100,281.024222
208.925071,100,281.250529
240.517277,100,281.486768
289.131038,100,295.093423
290.64475,100,295.282851
236.8056,100,295.600755
182.289421,100,295.845611
288.580021,100,296.063972
288.512726,100,296.269479
287.732301,100,296.464141
315.384562,100,296.652261
251.753952,100,296.824178
207.138041,100,296.998785
230.147623,100,309.638825
274.830674,100,309.818264
273.755577,100,309.965986
260.788556,100,310.11953
303.767691,100,310.263329
227.27232,100,310.415688
243.850157,100,310.568295
322.933425,100,310.723313
230.932063,100,310.879198
270.286924,100,311.032773
182.196042,100,322.212406
205.535691,100,322.364309
202.374516,100,322.524863
234.36493,100,322.676759
267.750025,100,322.843996
230.287605,100,323.001938
249.002031,100,323.175123
265.791199,100,323.344419
232.117749,100,323.604701
195.977633,100,323.774014
243.545112,100,335.928093
236.695581,100,336.078327
301.707845,100,336.226247
180.052956,100,336.382534
229.583301,100,336.54227
305.620067,100,336.7187
209.235788,100,336.882215
306.318379,100,337.04255
300.613331,100,337.201678
267.998591,100,337.407319
205.659418,100,352.076931
296.616017,100,352.235205
239.366242,100,352.403955
221.563396,100,352.558331
271.870578,100,352.706408
246.642766,100,352.861335
267.254095,100,353.013693
248.292394,100,353.172759
260.130767,100,353.314251
323.416885,100,353.461944
227.690255,100,364.959001
222.878799,100,365.125316
236.34567,100,365.281388
226.458446,100,365.427873
299.349771,100,365.56818
302.71344,100,365.717967
288.01933,100,365.974736
199.689495,100,366.15179
314.667569,100,366.323046
270.37521,100,366.479532
228.979222,100,378.270772
235.485706,100,378.46596
252.923202,100,378.652113
301.840281,100,378.853945
361.498862,100,379.028828
229.316583,100,379.180212
313.345174,100,379.348905
320.112012,100,379.505645
254.295442,100,379.681942
289.096105,100,379.920661
289.724014,100,393.61226
280.350704,100,393.990159
237.559314,100,394.285939
240.054396,100,394.667004
322.129138,100,395.038063
307.53699,100,395.39551
248.736936,100,395.770462
266.008619,100,396.152838
241.8848,100,396.447217
204.720522,100,396.636444
315.25586,100,409.330318
292.609969,100,409.71907
282.798081,100,410.098361
306.884687,100,410.452095
267.394802,100,410.871219
322.234642,100,411.196692
249.916195,100,411.523113
217.93886,100,411.848456
328.053975,100,412.167067
288.200841,100,412.434547
271.523391,100,427.338768
300.999684,100,427.503267
250.96409,100,427.689316
236.409866,100,427.894018
180.567578,100,428.209992
231.073294,100,428.408462
262.185463,100,428.591916
243.277768,100,428.774727
298.77452,100,428.958926
237.868326,100,429.145961
249.786972,100,440.851807
320.711935,100,441.00799
278.830511,100,441.156698
282.633609,100,441.306702
266.195558,100,441.450114
268.99582,100,441.597276
269.314616,100,441.749465
187.643897,100,441.909457
225.2147,100,442.187608
318.772574,100,442.351758
275.371309,100,454.39845
265.731087,100,454.589566
276.760375,100,454.770522
267.792945,100,454.925837
313.789806,100,455.06661
293.964878,100,455.227209
236.815237,100,455.387545
237.775634,100,455.562342
261.154013,100,455.728737
303.448622,100,455.879287
248.604238,100,467.313289
292.646687,100,467.506544
233.762524,100,467.712084
307.105439,100,467.894821
248.915958,100,468.064238
237.082502,100,468.229355
230.866845,100,468.395837
214.095522,100,468.559534
269.395435,100,468.829436
291.502689,100,469.057871
309.626328,100,479.901144
309.422529,100,480.049475
238.044845,100,480.194494
245.210608,100,480.338054
319.10222,100,480.476338
297.033214,100,480.639741
269.469316,100,480.895165
311.513841,100,481.05113
278.039088,100,481.230668
390.712136,100,481.399036
295.58641,100,491.935626
274.788252,100,492.090041
333.0813,100,492.240433
277.270279,100,492.398628
249.31788,100,492.564662
242.160228,100,492.8048
306.522891,100,492.984607
271.899501,100,493.156068
294.085003,100,493.309266
264.39455,100,493.460498
271.858867,100,504.590147
323.531041,100,504.900044
293.847338,100,505.080769
229.367774,100,505.291082
352.078923,100,505.48753
290.112306,100,505.681187
294.310328,100,505.88026
336.937799,100,506.054449
316.78938,100,506.221513
356.578218,100,506.394258
217.834577,100,520.362883
327.818351,100,520.527756
236.306845,100,520.782248
337.877782,100,521.008251
283.99439,100,521.197962
236.630576,100,521.392211
215.223011,100,521.586043
319.141887,100,521.804762
223.048117,100,522.006707
308.389723,100,522.205881
289.910906,100,534.863226
329.473422,100,535.009019
236.926226,100,535.179525
294.272307,100,535.34376
297.923641,100,535.487003
321.283305,100,535.660285
276.342037,100,535.837749
287.699703,100,535.992551
258.253298,100,536.162951
199.490061,100,536.314957
218.816744,100,549.428679
261.175637,100,549.571758
320.555685,100,549.725604
221.4148,100,549.891252
227.175037,100,550.057131
265.948444,100,550.205962
286.580093,100,550.362416
309.095521,100,550.508549
332.058656,100,550.703396
254.594558,100,550.977669
318.181788,100,562.306569
280.512283,100,562.461614
269.068366,100,562.626804
267.165323,100,562.88798
254.34334,100,563.064507
279.485257,100,563.204252
278.401342,100,563.351245
240.960149,100,563.493968
314.317931,100,563.645727
258.811799,100,563.803803
300.407455,100,574.686846
219.331284,100,574.838773
223.842192,100,575.069633
324.837359,100,575.258206
276.73795,100,575.427955
243.371729,100,575.589192
234.218144,100,575.736701
284.388679,100,575.881158
371.01518,100,576.027821
269.020939,100,576.185115
285.917986,100,589.705115
282.058187,100,589.863521
284.475515,100,590.010608
257.165585,100,590.158683
231.197613,100,590.300979
310.09285,100,590.443802
260.662109,100,590.59809
292.163849,100,590.761414
312.032526,100,590.921
284.608204,100,591.177734
342.211741,100,601.796864
283.609901,100,601.946012
268.824079,100,602.101295
280.51609,100,602.256613
289.268566,100,602.404975
285.605157,100,602.552486
258.207685,100,602.706603
254.759854,100,602.85926
248.631658,100,603.061136
241.024611,100,603.281429
293.882811,100,614.77194
292.487285,100,614.98169
360.728345,100,615.254632
191.395124,100,615.429064
324.787518,100,615.635036
285.663941,100,615.844025
272.532261,100,616.023328
289.016326,100,616.205814
256.898182,100,616.395036
289.894421,100,616.581353
307.296212,100,627.423418
315.001078,100,627.574975
341.254635,100,627.734782
225.884303,100,627.957556
264.070747,100,628.211203
339.456151,100,628.456955
262.938672,100,628.764216
199.14693,100,629.07993
331.88479,100,629.359111
292.659228,100,629.649216
363.001572,100,643.294212
279.539536,100,643.600042
291.501061,100,643.76566
255.812256,100,643.919796
310.008429,100,644.070043
270.238214,100,644.23593
275.386626,100,644.396806
356.751449,100,644.561876
322.65963,100,644.711862
276.924273,100,644.863924
351.223465,100,659.089762
290.618806,100,659.276711
248.567087,100,659.545784
236.598303,100,659.726962
264.228136,100,659.926333
314.56798,100,660.105808
243.023158,100,660.283347
290.945769,100,660.469313
308.406042,100,660.663874
259.827585,100,660.872587
305.520063,100,673.869148
222.732055,100,674.020882
348.623763,100,674.170594
267.876393,100,674.325953
283.438944,100,674.479285
311.219942,100,674.663101
240.013885,100,674.8209
297.89784,100,674.981524
313.395278,100,675.137925
273.529932,100,675.338399
267.684749,100,687.109945
283.206078,100,687.25347
327.988385,100,687.400206
357.312594,100,687.548513
355.752697,100,687.824742
284.84312,100,687.980281
295.769924,100,688.152596
358.86039,100,688.318602
331.754109,100,688.460446
266.875241,100,688.609228
243.794344,100,699.910496
268.061583,100,700.113878
312.505316,100,700.298435
298.781295,100,700.490306
299.273714,100,700.697306
261.273209,100,700.946797
315.057431,100,701.147802
346.946559,100,701.334638
219.927926,100,701.521749
368.102478,100,701.799306
299.203259,100,715.983194
283.337024,100,716.177321
299.91908,100,716.36528
291.425315,100,716.555075
309.823821,100,716.760553
286.892606,100,716.956589
339.575397,100,717.150166
246.285482,100,717.345844
251.893513,100,717.53963
359.797766,100,717.798952
313.392621,100,729.049743
275.263875,100,729.209236
378.667215,100,729.367977
368.258114,100,729.511226
285.355389,100,729.688407
354.709676,100,729.921707
283.669594,100,730.068254
294.612602,100,730.241152
278.470998,100,730.392277
335.665289,100,730.558697
319.186828,100,742.7299
307.257129,100,742.901599
292.784656,100,743.065993
255.041359,100,743.224987
314.239855,100,743.402487
247.224793,100,743.559283
350.096504,100,743.773842
244.569998,100,743.974809
291.171492,100,744.143877
345.440063,100,744.301621
273.28691,100,755.279389
280.743294,100,755.441058
305.117184,100,755.618707
320.738736,100,755.931019
258.663355,100,756.10924
249.575579,100,756.294746
295.936509,100,756.45754
301.81507,100,756.629895
362.092997,100,756.826187
356.87547,100,757.017869
221.520142,100,768.517694
270.729034,100,768.69273
344.945299,100,768.838707
283.790099,100,769.005823
258.411658,100,769.153834
296.039517,100,769.317499
229.45592,100,769.478046
287.829041,100,769.638013
322.199403,100,769.800604
308.709021,100,769.962557
320.8607,100,783.905761
251.085,100,784.079261
288.139956,100,784.271768
315.346563,100,784.457141
255.31678,100,784.773829
327.858663,100,784.973353
269.653999,100,785.220205
350.526877,100,785.428875
263.760247,100,785.633689
253.565361,100,785.852215
308.105774,100,801.390781
261.037526,100,801.531899
339.321644,100,801.676393
337.418991,100,801.838152
322.113333,100,801.981256
264.187785,100,802.128692
316.025709,100,802.271809
329.299461,100,802.412958
382.006758,100,802.6048
257.355644,100,802.815415
277.705379,100,816.906345
289.038641,100,817.086835
265.613772,100,817.239073
298.563511,100,817.398479
332.416269,100,817.55434
329.127454,100,817.718662
355.067591,100,817.884264
218.58733,100,818.045993
332.858666,100,818.208214
275.713516,100,818.372651
393.214506,100,830.056695
289.828117,100,830.219491
243.155367,100,830.374628
255.643381,100,830.539687
342.22162,100,830.822887
361.105508,100,831.003665
338.852607,100,831.172328
367.043113,100,831.33499
250.210378,100,831.491363
262.801235,100,831.67053
257.734306,100,845.175799
262.843676,100,845.336044
233.212985,100,845.497658
340.542213,100,845.663535
280.648414,100,845.829209
351.609189,100,845.977171
298.770666,100,846.130916
314.299585,100,846.291436
333.32614,100,846.445817
304.752856,100,846.674452
281.07634,100,860.461092
300.771196,100,860.828933
326.190617,100,861.113777
270.029292,100,861.442103
254.005508,100,861.795158
257.208858,100,862.157674
343.017008,100,862.533035
304.885926,100,862.796597
360.563444,100,862.949816
311.147472,100,863.126048
321.381354,100,875.122117
395.16348,100,875.273983
384.801698,100,875.432363
325.563938,100,875.59734
384.983105,100,875.770074
335.570525,100,875.922574
317.661177,100,876.063914
262.122741,100,876.207996
249.442088,100,876.355082
342.843176,100,876.495564
345.98164,100,889.150452
287.462264,100,889.301577
310.239441,100,889.451288
269.208953,100,889.609799
288.099354,100,889.76249
254.160585,100,889.913148
359.901957,100,890.061017
223.357624,100,890.223307
272.907867,100,890.377262
236.281288,100,890.534922
286.131524,100,901.632471
327.084502,100,901.813659
312.709401,100,901.974264
293.106867,100,902.131012
311.702169,100,902.291987
328.211132,100,902.456238
309.689979,100,902.621185
296.020232,100,902.783978
272.6081,100,902.950024
262.4679,100,903.147749
334.99888,100,914.470581
398.729776,100,914.624651
384.252336,100,914.785012
330.269664,100,914.954237
366.715511,100,915.139606
319.94813,100,915.367182
270.965402,100,915.521019
282.680443,100,915.713856
326.743245,100,915.865822
320.947684,100,916.012216
360.25256,100,926.833954
268.673566,100,926.977917
237.180932,100,927.188888
314.310141,100,927.407232
332.486622,100,927.570604
305.394012,100,927.754313
374.523265,100,927.915037
364.778589,100,928.069945
319.19198,100,928.251242
322.076753,100,928.421736
391.319696,100,940.396039
343.97777,100,940.581492
254.399464,100,940.787106
264.290963,100,940.986683
358.956929,100,941.222081
305.284336,100,941.422758
335.857456,100,941.606277
361.517895,100,941.788719
287.953766,100,941.96448
317.621802,100,942.132719
333.067804,100,953.910129
308.367036,100,954.063869
264.149401,100,954.220014
332.184855,100,954.397804
277.657812,100,954.547847
233.249331,100,954.738756
264.440849,100,954.890299
301.494295,100,955.043617
319.665773,100,955.192871
308.890801,100,955.356113
318.157286,100,968.931754
338.387482,100,969.087892
368.979037,100,969.245724
399.225848,100,969.395765
308.849429,100,969.668319
288.589226,100,969.812043
319.096559,100,969.978801
270.850846,100,970.127061
371.73108,100,970.278724
335.075962,100,970.429783
299.76126,100,981.369461
328.167315,100,981.632772
328.089023,100,981.802549
329.57581,100,981.961005
249.038881,100,982.127855
369.424585,100,982.269763
250.851625,100,982.414768
286.448282,100,982.567526
291.794928,100,982.731805
366.295245,100,982.880217
305.829928,100,995.253061
337.940107,100,995.389764
245.158788,100,995.649427
300.377705,100,995.806813
334.123354,100,995.975194
255.641541,100,996.124251
251.139856,100,996.271924
311.677686,100,996.419777
304.950066,100,996.569966
328.223348,100,996.727986
329.011042,100,1010.861053
297.287586,100,1011.01996
246.003532,100,1011.179203
366.224245,100,1011.337926
356.296838,100,1011.559618
333.48347,100,1011.753942
332.584273,100,1011.946864
363.054457,100,1012.112343
327.277602,100,1012.262867
282.656098,100,1012.416896
352.074756,100,1024.24488
272.258788,100,1024.425045
295.232809,100,1024.596215
319.515298,100,1024.789083
321.892915,100,1024.970458
202.533172,100,1025.141594
315.668762,100,1025.30128
305.245066,100,1025.503521
290.026687,100,1025.744812
306.85638,100,1025.933639
345.378292,100,1039.949313
391.94176,100,1040.120665
319.842741,100,1040.270166
263.009527,100,1040.41565
305.768654,100,1040.567187
376.429989,100,1040.74008
295.881106,100,1040.919347
301.082437,100,1041.079824
406.18054,100,1041.224278
345.160344,100,1041.379853
361.35232,100,1052.811219
399.893734,100,1052.947857
354.413576,100,1053.084215
284.358928,100,1053.228136
345.101954,100,1053.37273
336.78382,100,1053.634526
277.064066,100,1053.779709
329.614033,100,1053.952244
296.737623,100,1054.09873
365.324209,100,1054.238567
259.506202,100,1065.180282
291.525472,100,1065.372125
369.108034,100,1065.6378
248.831757,100,1065.887067
344.418282,100,1066.09776
402.108616,100,1066.308316
332.953003,100,1066.540166
344.392381,100,1066.771072
375.074621,100,1067.030833
292.737359,100,1067.293889
271.443329,100,1081.190542
293.311959,100,1081.344353
352.538911,100,1081.585863
315.865415,100,1081.773879
362.731798,100,1081.947947
310.691727,100,1082.112042
382.619231,100,1082.261617
331.413136,100,1082.430475
312.369114,100,1082.599565
435.085828,100,1082.778305
335.812785,100,1093.374928
312.084235,100,1093.620993
266.582403,100,1093.776067
274.851998,100,1093.95155
366.19767,100,1094.096574
395.568586,100,1094.242717
364.965358,100,1094.39119
373.470867,100,1094.541221
345.209011,100,1094.697419
282.240042,100,1094.858227
271.744864,100,1106.726491
310.848494,100,1106.911252
342.490673,100,1107.066647
284.849655,100,1107.21985
293.979073,100,1107.38281
346.162462,100,1107.629148
287.446389,100,1107.802874
353.099906,100,1107.955686
301.110878,100,1108.11535
334.366504,100,1108.255191
375.41033,100,1121.649053
273.213735,100,1121.904623
293.570853,100,1122.165667
275.346579,100,1122.468471
296.129342,100,1122.774498
341.981229,100,1123.08824
315.986985,100,1123.387642
373.10616,100,1123.699123
401.830327,100,1123.935179
254.592965,100,1124.220078
328.657639,100,1138.096719
254.622135,100,1138.23488
391.465174,100,1138.457993
337.734573,100,1138.642358
320.380946,100,1138.808917
335.159539,100,1138.978024
316.847273,100,1139.139342
328.04899,100,1139.295267
382.784636,100,1139.449207
342.491789,100,1139.612154
375.691083,100,1151.460346
354.863982,100,1151.619297
416.356626,100,1151.807893
348.915774,100,1151.989378
446.565913,100,1152.166955
379.522319,100,1152.335003
301.160513,100,1152.517702
308.229044,100,1152.770056
282.291589,100,1152.956471
411.460008,100,1153.127296
347.249611,100,1164.352435
292.598331,100,1164.501169
344.807143,100,1164.769804
417.746176,100,1164.924435
320.848775,100,1165.087837
292.494457,100,1165.240046
284.291174,100,1165.399768
316.145592,100,1165.542957
283.522405,100,1165.717257
281.831493,100,1165.888399
300.678016,100,1176.396271
337.080483,100,1176.592024
276.65132,100,1176.800801
354.002075,100,1176.969953
365.874722,100,1177.139799
335.5929,100,1177.288893
334.642985,100,1177.442314
285.599497,100,1177.592674
315.358244,100,1177.741874
332.255946,100,1177.912265
333.64448,100,1189.967726
313.222,100,1190.265535
404.338986,100,1190.585382
421.138672,100,1190.878332
299.397088,100,1191.127872
308.568618,100,1191.433093
293.420156,100,1191.739519
302.061873,100,1192.05318
325.213376,100,1192.371981
314.093904,100,1192.705972
299.694069,100,1205.637298
288.19501,100,1205.81303
246.825409,100,1205.980284
262.738973,100,1206.148116
343.578801,100,1206.314914
377.533276,100,1206.502551
353.192348,100,1206.691117
264.19096,100,1206.936531
372.963916,100,1207.166025
336.271043,100,1207.376558
299.870375,100,1219.379695
325.292215,100,1219.552736
383.062469,100,1219.702684
354.302923,100,1219.858484
382.146989,100,1220.010042
356.135518,100,1220.168317
394.442166,100,1220.33035
335.20454,100,1220.474346
331.050739,100,1220.623359
280.581167,100,1220.782134
300.886728,100,1233.613757
316.040614,100,1233.782846
330.452145,100,1233.944283
423.03125,100,1234.116529
272.217068,100,1234.293966
319.521149,100,1234.470434
278.940559,100,1234.666768
342.811427,100,1234.874917
310.336725,100,1235.095118
363.51423,100,1235.276794
357.37083,100,1248.869935
344.137477,100,1249.093521
337.906713,100,1249.257083
371.598618,100,1249.414803
346.168121,100,1249.561809
345.706095,100,1249.807841
354.485039,100,1249.996268
374.123472,100,1250.167839
358.929911,100,1250.339746
350.792097,100,1250.513247
315.394921,100,1262.669081
334.154754,100,1262.855693
242.680325,100,1263.094833
331.845693,100,1263.259908
303.18943,100,1263.414216
364.591198,100,1263.599317
349.639822,100,1263.775629
351.132715,100,1263.942475
295.463139,100,1264.100587
334.554833,100,1264.282363
285.517562,100,1278.669162
371.939668,100,1278.874071
295.878337,100,1279.184632
285.431908,100,1279.384961
415.196687,100,1279.581923
242.437852,100,1279.777978
286.164115,100,1279.960626
403.610637,100,1280.151957
271.427956,100,1280.345891
400.632204,100,1280.536309
370.561873,100,1292.752667
394.572068,100,1292.915926
316.980194,100,1293.175645
380.569138,100,1293.337664
284.739782,100,1293.508205
324.553461,100,1293.662022
342.535615,100,1293.815179
305.268409,100,1293.966272
325.568183,100,1294.129301
401.370617,100,1294.292716
315.648095,100,1306.059173
345.730967,100,1306.376949
317.948819,100,1306.715537
396.705682,100,1307.045185
341.901259,100,1307.361084
286.521594,100,1307.64627
303.808797,100,1307.976099
328.531209,100,1308.28587
334.704581,100,1308.601614
333.766413,100,1308.920238
331.962875,100,1320.160691
424.113805,100,1320.305931
355.753267,100,1320.461259
370.516969,100,1320.609756
303.582155,100,1320.770901
292.08795,100,1320.924559
347.102739,100,1321.143718
321.374632,100,1321.331104
325.306059,100,1321.498713
369.528015,100,1321.655259
413.312003,100,1333.489933
391.988825,100,1333.69668
371.552009,100,1333.884094
348.01555,100,1334.066108
203.455131,100,1334.267319
321.21318,100,1334.453707
384.839985,100,1334.639788
299.364289,100,1334.829821
375.260061,100,1335.044666
318.850239,100,1335.312709
242.716111,100,1345.876487
366.59159,100,1346.02126
328.274765,100,1346.166732
270.388156,100,1346.34687
286.122479,100,1346.512321
421.639142,100,1346.684787
272.0116,100,1346.855882
271.602203,100,1347.039765
339.38841,100,1347.265628
394.021977,100,1347.439834
363.597656,100,1361.256629
308.591548,100,1361.433579
303.324427,100,1361.627693
314.214333,100,1361.804886
304.343314,100,1361.980072
395.530168,100,1362.148768
364.555722,100,1362.327401
328.554019,100,1362.494978
286.444817,100,1362.673338
350.162028,100,1362.850712
307.539508,100,1375.2551
338.140632,100,1375.439698
417.732314,100,1375.6887
326.247371,100,1375.883905
332.604546,100,1376.071213
290.96274,100,1376.231798
367.969164,100,1376.411894
333.32191,100,1376.598981
357.560995,100,1376.784025
274.762703,100,1376.944503
310.958254,100,1388.923983
347.957446,100,1389.144238
292.578751,100,1389.368139
272.829261,100,1389.647128
288.546399,100,1389.857504
341.191529,100,1390.046105
228.365526,100,1390.214518
415.946354,100,1390.391142
306.541174,100,1390.570797
376.802966,100,1390.768303
360.984702,100,1402.10724
347.556265,100,1402.251952
357.897944,100,1402.405718
364.310459,100,1402.561454
355.396603,100,1402.729995
331.344478,100,1402.881613
449.372924,100,1403.026708
385.522493,100,1403.171979
364.915638,100,1403.320412
296.732359,100,1403.460808
332.069778,100,1417.121734
315.796042,100,1417.305814
411.613088,100,1417.482956
400.14519,100,1417.765193
359.608235,100,1417.952828
324.172331,100,1418.149065
341.608769,100,1418.342699
359.943125,100,1418.52741
256.729258,100,1418.70776
372.415864,100,1418.89662
321.855475,100,1432.64975
340.681122,100,1432.831162
438.819656,100,1432.984401
405.197096,100,1433.151055
379.209934,100,1433.307912
359.361028,100,1433.522039
306.872185,100,1433.818865
290.645145,100,1433.973835
264.631883,100,1434.147937
404.673182,100,1434.295172
269.01063,100,1448.320278
300.374711,100,1448.478967
313.647034,100,1448.634295
309.978462,100,1448.789892
316.274419,100,1448.947071
281.191008,100,1449.118568
324.948728,100,1449.261054
372.506399,100,1449.406585
289.174088,100,1449.595151
351.059598,100,1449.827622
297.683682,100,1461.98919
395.17475,100,1462.181175
352.68725,100,1462.376585
402.132456,100,1462.562285
280.943183,100,1462.741478
373.01462,100,1462.930949
305.988607,100,1463.111029
359.666846,100,1463.279337
392.492406,100,1463.456081
284.317218,100,1463.72881
276.46075,100,1477.397283
378.140831,100,1477.575309
398.893606,100,1477.818857
347.026469,100,1478.014518
382.067941,100,1478.17175
332.732513,100,1478.342047
362.150773,100,1478.487243
335.306856,100,1478.628016
373.304216,100,1478.77312
376.641583,100,1478.928393
375.802096,100,1491.090207
393.161864,100,1491.248312
289.483142,100,1491.417826
405.369504,100,1491.5838
372.136447,100,1491.738882
362.847862,100,1491.907686
388.127508,100,1492.067392
323.589812,100,1492.220757
360.839244,100,1492.484235
416.405395,100,1492.6599
380.256696,100,1504.032336
320.613272,100,1504.178226
358.339834,100,1504.337003
308.813261,100,1504.485888
341.318321,100,1504.760496
328.272963,100,1504.919232
348.905012,100,1505.102533
401.861898,100,1505.265823
388.295189,100,1505.430311
331.112052,100,1505.587865
406.932931,100,1521.044159
307.997637,100,1521.415498
304.390228,100,1521.790951
350.801026,100,1522.165455
351.632249,100,1522.530174
398.989989,100,1522.905617
400.662425,100,1523.229038
314.711426,100,1523.600409
285.808248,100,1523.968546
364.167134,100,1524.327425
329.647712,100,1540.341046
299.819222,100,1540.502759
344.776135,100,1540.702939
288.700808,100,1540.961431
306.777373,100,1541.147784
349.176585,100,1541.324997
396.685176,100,1541.4848
380.896104,100,1541.642843
377.30523,100,1541.811487
332.802226,100,1541.980087
334.861117,100,1556.002913
316.233493,100,1556.306927
368.622696,100,1556.611032
313.961575,100,1556.907896
337.204386,100,1557.131508
313.568849,100,1557.408801
350.19099,100,1557.691173
378.203753,100,1557.943903
316.889267,100,1558.147691
319.780959,100,1558.374234
420.245687,100,1570.335533
268.951726,100,1570.478563
382.483439,100,1570.620582
425.574983,100,1570.775857
322.721514,100,1570.949822
354.868094,100,1571.253176
337.08864,100,1571.410169
370.506885,100,1571.591358
346.967494,100,1571.760227
257.666339,100,1571.905933
304.309008,100,1583.28013
352.956604,100,1583.442146
351.524001,100,1583.596771
344.779149,100,1583.744839
347.195327,100,1583.891639
327.422683,100,1584.042492
310.186072,100,1584.194145
378.643616,100,1584.344023
380.561225,100,1584.487772
421.263515,100,1584.634966
362.383533,100,1597.802402
366.556454,100,1598.152612
332.106393,100,1598.505342
401.848077,100,1598.859774
304.379013,100,1599.010824
321.437086,100,1599.184486
311.248458,100,1599.423821
410.666037,100,1599.567739
346.792418,100,1599.747699
298.899586,100,1599.89431
312.673647,100,1611.839879
410.721611,100,1611.995324
317.625969,100,1612.146812
248.135111,100,1612.293434
393.484692,100,1612.458617
394.427458,100,1612.618075
447.888021,100,1612.77987
418.665351,100,1612.929281
360.197388,100,1613.08222
391.502282,100,1613.337818
377.996969,100,1625.839803
323.803859,100,1626.001886
303.390386,100,1626.171853
339.208321,100,1626.334541
337.329022,100,1626.512057
357.460105,100,1626.680088
341.383183,100,1626.845269
330.031209,100,1627.012074
254.010223,100,1627.18134
432.791072,100,1627.45106
304.792905,100,1638.327131
330.96339,100,1638.473685
340.979133,100,1638.629578
432.764589,100,1638.788353
305.785659,100,1638.944536
374.18261,100,1639.104537
303.925305,100,1639.260728
338.826209,100,1639.411826
341.149768,100,1639.665655
337.662086,100,1639.816179
309.946296,100,1652.333685
368.640389,100,1652.636762
403.812507,100,1652.933934
381.788046,100,1653.221796
313.395182,100,1653.528907
364.511635,100,1653.803384
307.575107,100,1654.019949
368.419031,100,1654.318948
311.973763,100,1654.626098
429.860215,100,1654.930178
292.74317,100,1666.856512
296.499754,100,1667.036475
336.483985,100,1667.203825
375.714474,100,1667.379554
282.787678,100,1667.564763
333.097417,100,1667.843077
403.426422,100,1668.012936
367.38911,100,1668.22875
318.240898,100,1668.414172
426.261424,100,1668.596067
304.639263,100,1682.011472
278.364771,100,1682.205663
315.823186,100,1682.416797
296.061029,100,1682.580818
335.957245,100,1682.736552
327.384693,100,1682.912585
284.931051,100,1683.073753
333.240563,100,1683.217664
325.392526,100,1683.372954
312.202601,100,1683.521129
323.40424,100,1696.214293
382.13693,100,1696.385013
313.889177,100,1696.549994
373.122773,100,1696.726556
408.169829,100,1696.913259
335.519342,100,1697.114796
323.003643,100,1697.312997
281.001306,100,1697.511496
327.327749,100,1697.817139
344.927815,100,1698.031116
345.100324,100,1710.641747
399.335365,100,1710.824569
329.221605,100,1710.991362
331.183928,100,1711.137488
349.188935,100,1711.283448
392.375011,100,1711.431926
310.178459,100,1711.593574
292.165713,100,1711.840865
363.084157,100,1711.989098
402.68771,100,1712.168005
433.638484,100,1724.723345
338.219065,100,1724.88478
296.747009,100,1725.037408
306.806039,100,1725.187653
329.483423,100,1725.338991
322.267918,100,1725.484233
358.396588,100,1725.675471
385.792208,100,1725.889297
259.855959,100,1726.041788
330.339258,100,1726.213193
297.459102,100,1738.551409
330.284525,100,1738.726816
375.368533,100,1738.913461
297.111799,100,1739.092829
317.475319,100,1739.277209
340.243072,100,1739.453233
438.211639,100,1739.66995
262.344068,100,1739.909294
334.462363,100,1740.100669
396.517479,100,1740.273897
399.627828,100,1754.479919
350.750093,100,1754.62395
334.13997,100,1754.771009
282.41992,100,1754.930779
335.166543,100,1755.081219
407.315682,100,1755.223764
397.754319,100,1755.373078
391.376522,100,1755.519613
348.271666,100,1755.746552
431.144622,100,1755.920943
437.019833,100,1769.550659
379.148958,100,1769.707711
357.806381,100,1769.862701
357.384408,100,1770.001956
414.122987,100,1770.144553
331.2974,100,1770.332513
339.372729,100,1770.560058
295.824762,100,1770.715235
367.169741,100,1770.891567
277.333719,100,1771.045846
372.908416,100,1.535174
351.882982,100,1.692009
373.632361,100,1.834356
376.710576,100,1.982379
420.59118,100,2.14888
346.405366,100,2.300896
356.082562,100,2.442307
375.637799,100,2.585304
269.092525,100,2.723273
350.916371,100,2.865778
227.51555,100,15.646054
351.254094,100,15.826911
332.803929,100,16.008388
294.185581,100,16.194168
360.983972,100,16.356558
409.515064,100,16.507267
393.404296,100,16.662875
341.728501,100,16.822964
315.345039,100,16.971707
440.990417,100,17.182371
334.029642,100,28.761769
348.068175,100,28.936616
382.440116,100,29.119835
346.787071,100,29.379606
334.770107,100,29.602683
348.297411,100,29.819283
378.03849,100,29.973809
270.718233,100,30.123972
385.117442,100,30.276684
329.305016,100,30.42037
234.476286,100,41.836564
388.183548,100,42.133021
371.520973,100,42.441507
379.078188,100,42.744037
384.859647,100,43.039786
372.550064,100,43.360322
306.824813,100,43.570389
361.10074,100,43.747884
383.764266,100,43.914923
310.553781,100,44.070796
335.780368,100,55.925682
349.215285,100,56.091076
387.535139,100,56.249727
324.76271,100,56.415038
426.176025,100,56.601793
392.993522,100,56.781076
303.417214,100,56.931854
308.363848,100,57.087894
419.903584,100,57.27108
395.268205,100,57.508682
398.995677,100,69.738928
330.391523,100,69.948995
371.385582,100,70.141074
367.002478,100,70.342033
440.449701,100,70.545696
395.953923,100,70.734128
311.761405,100,70.920014
329.130696,100,71.098041
393.104,100,71.319634
334.9726,100,71.557625
337.409425,100,84.471018
384.14378,100,84.678617
315.017396,100,84.871288
301.897134,100,85.053881
409.400046,100,85.240831
307.89115,100,85.440131
355.611667,100,85.757666
316.844304,100,85.966375
347.888723,100,86.187057
400.719002,100,86.415823
351.395244,100,98.832586
414.32666,100,98.985073
401.015143,100,99.126618
370.35488,100,99.269869
384.972159,100,99.422963
293.355114,100,99.585239
375.398005,100,99.842069
418.213907,100,100.000781
293.477152,100,100.16687
379.374074,100,100.312284
316.078341,100,110.921528
300.891607,100,111.084856
409.411346,100,111.25268
409.249634,100,111.400079
373.987264,100,111.558718
388.991744,100,111.832287
388.330963,100,112.056388
382.903001,100,112.357268
449.35918,100,112.654626
357.761193,100,112.961089
378.655405,100,124.464003
415.754546,100,124.645828
270.65156,100,124.824288
358.498868,100,125.028735
284.089717,100,125.211975
311.293963,100,125.395017
334.101243,100,125.577873
302.386111,100,125.841872
349.926481,100,126.013833
370.776031,100,126.207352
352.440441,100,138.460576
339.492947,100,138.624731
376.770026,100,138.787045
324.814879,100,138.967892
269.347643,100,139.16493
329.692292,100,139.345158
404.184331,100,139.50536
393.800914,100,139.752936
394.983276,100,139.94069
369.348346,100,140.131653
396.364661,100,156.461457
402.22569,100,156.772859
392.518307,100,157.076503
315.322899,100,157.393372
312.057152,100,157.699764
398.479034,100,157.948481
279.531699,100,158.194766
406.433005,100,158.410658
365.746114,100,158.61433
282.566332,100,158.842323
374.77932,100,171.919334
371.48126,100,172.125731
368.792514,100,172.365297
321.827907,100,172.580113
251.480912,100,172.752084
352.482832,100,172.925785
381.923638,100,173.101284
382.228713,100,173.272021
276.771951,100,173.440549
269.331015,100,173.615631
419.479189,100,188.301395
367.546939,100,188.457966
311.9282,100,188.601687
281.848188,100,188.76397
446.557041,100,188.927899
373.866528,100,189.088128
402.484804,100,189.257854
407.646447,100,189.438816
398.793664,100,189.591794
293.753082,100,189.810249
390.535211,100,203.190258
377.984847,100,203.348988
321.989372,100,203.506373
430.484497,100,203.671252
335.632793,100,203.941809
369.562551,100,204.100911
382.495559,100,204.286804
448.132585,100,204.45506
330.258087,100,204.607791
385.39114,100,204.767643
310.670625,100,215.888853
265.929992,100,216.052793
338.770585,100,216.224035
341.512549,100,216.384142
355.105745,100,216.543568
398.797137,100,216.701925
410.363902,100,216.859175
389.192028,100,217.006423
325.548016,100,217.157458
308.511902,100,217.308396
255.295614,100,229.228924
390.549102,100,229.392163
386.912704,100,229.55231
440.501038,100,229.714755
380.973943,100,229.984771
322.469622,100,230.167159
349.210265,100,230.373485
357.247304,100,230.557989
283.851834,100,230.739201
305.600657,100,230.917364
328.378637,100,243.967889
396.979636,100,244.151769
396.729936,100,244.358074
374.733646,100,244.540298
334.792056,100,244.712595
368.192607,100,244.885266
308.605581,100,245.090339
419.173892,100,245.290499
318.967066,100,245.47714
396.929493,100,245.655216
397.971487,100,257.707843
348.14352,100,257.969363
393.387046,100,258.149597
357.785503,100,258.333301
411.007124,100,258.483138
427.850193,100,258.634277
388.572987,100,258.787893
306.583405,100,258.951143
314.563604,100,259.116601
339.64796,100,259.277492
423.506178,100,271.378011
351.631058,100,271.543329
406.753312,100,271.723033
337.82161,100,271.970946
458.107349,100,272.131752
339.25662,100,272.316609
356.438983,100,272.460029
298.612702,100,272.606845
311.198969,100,272.761847
362.690384,100,272.910954
408.119031,100,289.810986
388.033709,100,289.952607
347.384953,100,290.094004
260.725882,100,290.244947
411.297509,100,290.501696
404.208265,100,290.656759
416.561209,100,290.832502
430.202627,100,290.996781
371.384736,100,291.15223
311.850316,100,291.29997
296.026092,100,303.329803
391.464944,100,303.707772
401.09091,100,304.076648
360.445391,100,304.466108
425.013858,100,304.846473
315.441922,100,305.133709
348.045561,100,305.408126
433.49009,100,305.724792
341.309797,100,306.042894
407.268253,100,306.347638
261.628618,100,317.956146
292.921411,100,318.110188
311.775276,100,318.267225
357.252023,100,318.426828
387.250226,100,318.574032
315.225399,100,318.765201
358.341222,100,318.977026
360.01682,100,319.124458
347.183202,100,319.285628
302.938205,100,319.450688
328.634288,100,330.456941
320.096383,100,330.599978
416.234308,100,330.830691
301.636976,100,331.069394
296.838254,100,331.309962
413.647655,100,331.527247
290.483935,100,331.754998
416.971125,100,331.962923
395.705057,100,332.181123
375.489201,100,332.393479
293.639352,100,347.0697
396.067136,100,347.217271
348.077206,100,347.380364
332.734799,100,347.513517
400.063553,100,347.649952
353.087189,100,347.789227
358.047315,100,347.935459
334.473048,100,348.098442
380.114463,100,348.252705
419.140877,100,348.404706
296.87975,100,359.533906
293.310095,100,359.680123
315.719539,100,359.841205
311.751853,100,360.011499
402.090534,100,360.173169
399.819842,100,360.333119
370.438377,100,360.494804
286.896804,100,360.665448
414.529114,100,360.810978
381.703767,100,361.06001
298.593127,100,372.50326
327.330485,100,372.661363
326.840568,100,372.811784
392.258449,100,373.068233
467.243951,100,373.252286
333.944772,100,373.432154
414.33861,100,373.598041
422.555194,100,373.745144
336.646085,100,373.913895
383.730188,100,374.08381
372.245193,100,386.138093
338.918855,100,386.298827
347.28028,100,386.458323
340.261601,100,386.619601
421.756951,100,386.775033
403.848107,100,386.928248
340.345417,100,387.086551
362.916741,100,387.351808
325.112503,100,387.516611
268.280267,100,387.688316
414.054886,100,400.347084
391.28541,100,400.520934
380.578627,100,400.681893
403.522127,100,400.836578
357.6214,100,401.001893
417.362124,100,401.199301
342.883294,100,401.407676
283.48345,100,401.577336
424.276298,100,401.746787
395.75638,100,401.896038
376.843306,100,414.506538
405.689083,100,414.816535
361.175703,100,415.139076
328.610235,100,415.458649
265.776059,100,415.706391
337.160361,100,416.020313
354.074729,100,416.333124
349.801213,100,416.632843
407.210073,100,416.935821
325.480637,100,417.247068
337.097723,100,430.099801
388.371076,100,430.271173
368.540207,100,430.430133
363.361867,100,430.602984
352.697934,100,430.763189
344.390145,100,430.914018
349.461268,100,431.064037
270.037367,100,431.288989
315.559915,100,431.450871
399.127474,100,431.6414
390.025402,100,442.052162
375.876335,100,442.194518
358.665934,100,442.335658
361.783122,100,442.505078
404.106045,100,442.64525
378.910538,100,442.781193
327.401308,100,442.922104
348.154972,100,443.065907
363.910154,100,443.310035
392.643359,100,443.478906
330.856733,100,454.248713
388.34538,100,454.419681
303.928176,100,454.57767
400.06085,100,454.738793
343.077458,100,454.893632
324.216412,100,455.054368
326.268178,100,455.297384
296.03697,100,455.485319
369.901311,100,455.650201
414.586687,100,455.800045
374.267926,100,469.211525
401.477687,100,469.532198
314.259813,100,469.815303
323.082159,100,470.092563
411.234785,100,470.419515
370.268245,100,470.624472
369.55545,100,470.810017
412.059826,100,470.988359
354.926502,100,471.188983
486.69749,100,471.407321
377.600854,100,484.292206
350.639118,100,484.425201
409.966759,100,484.582772
381.977757,100,484.751208
349.520249,100,484.91686
330.809553,100,485.09228
396.489035,100,485.279235
373.946564,100,485.545814
394.776097,100,485.721062
345.3235,100,485.884151
373.439913,100,496.393522
412.923616,100,496.543368
369.220169,100,496.708668
330.523154,100,496.86257
427.881156,100,497.018797
360.214151,100,497.170617
369.581994,100,497.309491
419.80229,100,497.543323
402.549896,100,497.694864
431.158457,100,497.862751
304.96497,100,510.681714
409.169078,100,510.839991
333.957993,100,510.999299
436.89638,100,511.153721
355.428841,100,511.316345
316.69095,100,511.570791
296.192383,100,511.727608
406.962324,100,511.903531
274.003995,100,512.048341
392.313766,100,512.198589
357.831634,100,522.734592
415.56623,100,522.86549
319.351845,100,523.002763
355.018924,100,523.164926
390.882574,100,523.329538
402.782571,100,523.579016
364.60614,100,523.722248
369.790328,100,523.890091
305.385792,100,524.045608
291.674643,100,524.211765
304.696638,100,535.17178
326.042173,100,535.309474
407.007637,100,535.543286
284.386443,100,535.712959
307.91329,100,535.888946
359.786693,100,536.043607
333.924467,100,536.185341
377.080602,100,536.334849
409.537475,100,536.482773
319.791044,100,536.625349
404.955217,100,547.984471
378.717513,100,548.171791
337.146287,100,548.359791
337.106296,100,548.560614
320.250793,100,548.739089
361.948466,100,548.913238
358.867486,100,549.086295
327.144622,100,549.262502
394.117214,100,549.54062
322.57537,100,549.716157
375.333918,100,561.279743
296.103838,100,561.505726
288.184656,100,561.685841
390.531652,100,561.828176
365.199293,100,561.982125
311.188601,100,562.121396
301.361831,100,562.267909
373.45882,100,562.414374
455.093821,100,562.574505
348.817865,100,562.723022
371.64218,100,574.982907
336.557673,100,575.131035
355.82627,100,575.287467
339.399756,100,575.519529
296.793465,100,575.702728
395.182304,100,575.859857
342.584266,100,576.025643
384.850563,100,576.187844
394.092635,100,576.363397
344.126389,100,576.532115
425.807957,100,588.195235
350.589412,100,588.341532
329.964988,100,588.485594
339.756228,100,588.629697
376.123962,100,588.76855
353.905286,100,588.900171
316.655839,100,589.037063
334.740992,100,589.177247
308.026391,100,589.320177
304.042607,100,589.569158
357.442208,100,601.03415
367.736305,100,601.201449
422.44992,100,601.37738
241.665777,100,601.591049
391.317781,100,601.828989
398.815476,100,602.033151
345.411187,100,602.204328
388.362301,100,602.383622
351.242875,100,602.553473
387.457836,100,602.762616
382.778341,100,614.089767
405.347432,100,614.247791
425.97016,100,614.408337
311.804468,100,614.568858
316.033768,100,614.716842
414.264594,100,614.875021
347.96027,100,615.020093
260.161097,100,615.165081
417.002769,100,615.312685
357.222808,100,615.464995
451.433756,100,628.398244
336.784746,100,628.701178
370.436435,100,629.030639
325.097645,100,629.386329
380.016369,100,629.727246
324.670244,100,630.048086
355.202648,100,630.361038
429.954942,100,630.612775
425.285958,100,630.889333
373.772784,100,631.190985
414.968,100,645.619588
359.918553,100,645.802636
315.586069,100,645.991837
305.693393,100,646.177362
357.626097,100,646.454118
386.544007,100,646.644927
313.026778,100,646.835057
387.681367,100,647.010272
386.072854,100,647.195907
323.526715,100,647.361776
379.446566,100,657.994203
304.166234,100,658.145475
414.095813,100,658.414371
340.302463,100,658.615756
344.005392,100,658.776986
394.322341,100,658.933628
282.089807,100,659.075263
381.137899,100,659.230363
396.712073,100,659.383706
318.219656,100,659.543257
359.009824,100,670.536926
341.069906,100,670.795042
393.107107,100,670.955484
404.713034,100,671.101192
433.900725,100,671.27044
355.417669,100,671.410359
378.230922,100,671.550634
430.20013,100,671.706481
421.018017,100,671.861588
325.588333,100,672.01835
304.167428,100,683.710258
339.050475,100,683.856235
375.896337,100,684.001648
359.655692,100,684.14531
365.708713,100,684.305403
323.221975,100,684.448937
383.120224,100,684.639178
407.00356,100,684.853791
287.06802,100,684.999075
424.371598,100,685.168303
356.878682,100,695.624709
343.798971,100,695.801749
360.013088,100,695.962989
331.504822,100,696.127261
388.241699,100,696.288006
358.518157,100,696.441842
398.142978,100,696.639166
323.460219,100,696.862167
325.152856,100,697.01727
431.458291,100,697.190485
378.038542,100,711.633511
341.407358,100,711.93038
437.790896,100,712.250196
436.03805,100,712.552834
357.911567,100,712.855651
424.147362,100,713.164568
368.609223,100,713.421473
367.207641,100,713.663102
354.070696,100,713.973568
396.815314,100,714.289135
395.489122,100,727.482542
381.828443,100,727.65307
342.388779,100,727.788793
307.37712,100,727.925005
370.111342,100,728.060904
311.106439,100,728.216315
397.397581,100,728.384077
300.16392,100,728.528431
350.276978,100,728.685193
430.250868,100,728.839388
352.365354,100,739.599462
347.568627,100,739.762731
362.305381,100,739.915746
392.349332,100,740.066547
314.945884,100,740.215606
306.190458,100,740.379498
350.171194,100,740.551868
377.272308,100,740.708651
423.332216,100,740.859342
416.880393,100,741.013993
276.618697,100,751.677501
319.368011,100,751.839723
399.664087,100,751.989481
345.189396,100,752.140667
330.128977,100,752.29764
366.444818,100,752.44728
295.236952,100,752.593016
356.419505,100,752.734056
376.48707,100,752.871177
366.680278,100,753.0161
382.4521,100,764.390659
290.673851,100,764.564593
367.399293,100,764.736606
364.093509,100,764.908534
306.852999,100,765.0769
401.209733,100,765.281032
317.700233,100,765.534928
413.452427,100,765.704868
289.372647,100,765.880311
310.740328,100,766.035092
374.363572,100,779.639394
304.053978,100,779.896102
393.811584,100,780.197286
401.531545,100,780.514463
392.357392,100,780.830878
326.593621,100,781.148619
363.065023,100,781.46488
376.542395,100,781.759556
437.022947,100,781.978478
299.637417,100,782.298057
315.636412,100,794.597364
353.859052,100,794.75885
312.909001,100,794.91495
386.028716,100,795.084381
382.440018,100,795.250433
368.932494,100,795.398085
418.853868,100,795.583067
292.942624,100,795.81282
385.069675,100,795.964637
320.650396,100,796.143207
448.992329,100,806.928378
363.467743,100,807.088795
289.315259,100,807.258842
303.277298,100,807.419469
394.602236,100,807.612863
407.08018,100,807.831323
359.436068,100,808.008735
408.258897,100,808.209956
322.371798,100,808.404302
325.674644,100,808.586674
321.377427,100,822.558748
313.813674,100,822.706462
295.367049,100,822.850703
400.987486,100,823.004704
342.503284,100,823.162724
415.629377,100,823.307294
344.176913,100,823.447804
351.997006,100,823.651013
358.002002,100,823.836888
334.602962,100,823.996121
337.496885,100,835.81553
350.717453,100,836.040206
367.980219,100,836.328886
325.239795,100,836.621762
323.077223,100,836.909928
319.480478,100,837.19764
398.228125,100,837.482227
358.765312,100,837.787236
401.066665,100,838.046237
358.741046,100,838.332627
377.78137,100,850.408647
448.199719,100,850.560995
427.646052,100,850.719863
347.134257,100,850.886606
452.816165,100,851.043994
379.282273,100,851.194151
360.808628,100,851.340262
305.380309,100,851.484133
312.467462,100,851.719869
404.444038,100,851.880969
399.93424,100,864.309919
343.577446,100,864.472049
352.635516,100,864.636177
310.392681,100,864.807226
362.475217,100,864.965173
288.104654,100,865.130181
419.681732,100,865.285246
263.820553,100,865.440961
328.952698,100,865.64794
301.722798,100,865.855269
349.469005,100,876.891923
367.931781,100,877.048241
361.338865,100,877.199556
354.120754,100,877.350143
385.485313,100,877.503369
381.967816,100,877.763016
334.515479,100,877.920616
339.207961,100,878.085968
330.37596,100,878.23269
308.405831,100,878.38512
384.117881,100,888.76587
435.052222,100,888.926329
420.843743,100,889.083293
358.151258,100,889.234288
413.56633,100,889.377669
355.925624,100,889.52911
318.27871,100,889.773873
333.664827,100,889.923256
367.278957,100,890.089365
375.980513,100,890.239068
400.972083,100,903.042782
303.298886,100,903.349025
277.465007,100,903.635851
381.86939,100,903.902755
392.502431,100,904.159598
346.556932,100,904.454041
436.494706,100,904.758121
398.94286,100,905.053057
386.99087,100,905.368157
375.289809,100,905.678611
423.139081,100,917.493024
406.410819,100,917.735219
300.261498,100,917.880143
318.360728,100,918.029948
388.965365,100,918.198961
337.829692,100,918.349391
385.134184,100,918.501769
421.189261,100,918.660695
338.683203,100,918.812803
371.871951,100,918.954741
403.54067,100,930.939853
358.43248,100,931.108776
313.66266,100,931.273339
373.934936,100,931.441091
303.457548,100,931.65016
287.691515,100,931.86037
306.7677,100,932.046331
340.863888,100,932.215741
350.15939,100,932.380441
335.200487,100,932.560072
383.439213,100,944.332963
399.229785,100,944.50003
413.319243,100,944.66474
439.012321,100,944.833473
352.024015,100,944.997979
332.597796,100,945.187893
369.190587,100,945.368374
327.419178,100,945.528716
429.612027,100,945.784564
379.271788,100,945.951154
346.912884,100,958.839819
369.679903,100,958.989581
374.621046,100,959.142205
378.674781,100,959.306884
328.994099,100,959.472552
420.373892,100,959.644984
290.776395,100,959.799472
348.379047,100,959.948494
324.971317,100,960.113508
407.306445,100,960.370638
370.182826,100,971.941514
370.609871,100,972.097873
287.695422,100,972.370961
340.180581,100,972.5511
383.706241,100,972.728495
302.352247,100,972.904893
286.192394,100,973.077642
363.449647,100,973.268837
366.858889,100,973.453307
362.853061,100,973.602934
364.539202,100,986.398
319.551076,100,986.58807
313.91455,100,986.803163
410.131491,100,986.951783
406.065955,100,987.120742
379.009841,100,987.273696
371.21183,100,987.416954
405.548235,100,987.567724
370.935039,100,987.736687
327.872438,100,987.885059
382.76178,100,1001.104567
301.061701,100,1001.29048
334.526869,100,1001.451958
352.611468,100,1001.608945
368.720698,100,1001.768229
268.321971,100,1001.941339
359.849506,100,1002.11014
365.599377,100,1002.285198
330.361834,100,1002.457159
325.553824,100,1002.666916
380.381121,100,1017.408754
422.826049,100,1017.592986
371.801338,100,1017.773477
309.352646,100,1017.945366
361.063383,100,1018.118069
404.07743,100,1018.326358
332.986768,100,1018.53149
338.468687,100,1018.837338
442.527129,100,1019.018863
390.910631,100,1019.223707
407.581366,100,1033.337003
428.395008,100,1033.555262
376.357387,100,1033.769187
333.958295,100,1034.001248
349.133044,100,1034.217156
378.918236,100,1034.405267
294.584208,100,1034.628274
374.378839,100,1034.907547
341.36737,100,1035.115857
411.899085,100,1035.321556
300.217212,100,1046.729284
326.748117,100,1046.935495
400.817135,100,1047.100905
291.799729,100,1047.271038
388.109973,100,1047.418483
438.630227,100,1047.570317
378.927178,100,1047.725208
381.472242,100,1047.884235
421.638087,100,1048.030947
328.353874,100,1048.184514
306.653785,100,1059.36992
329.444479,100,1059.516584
383.84292,100,1059.656985
349.340485,100,1059.807503
392.656561,100,1059.958873
342.768583,100,1060.108036
423.383384,100,1060.251277
366.295745,100,1060.392177
326.714011,100,1060.551832
466.074915,100,1060.776553
365.704485,100,1071.368791
343.312345,100,1071.522776
282.050582,100,1071.674432
294.226014,100,1071.838946
392.407065,100,1072.008643
432.422665,100,1072.170977
405.27022,100,1072.331754
424.926082,100,1072.48502
386.210361,100,1072.640228
328.310949,100,1072.874978
306.937087,100,1083.870288
334.990097,100,1084.02005
384.771844,100,1084.177027
330.296763,100,1084.317104
328.471652,100,1084.473349
379.351312,100,1084.620927
315.23598,100,1084.824234
390.383773,100,1085.017673
348.924169,100,1085.17698
369.080925,100,1085.34132
402.952396,100,1097.311726
322.790579,100,1097.476892
324.823939,100,1097.629186
284.557077,100,1097.777911
331.734864,100,1097.937264
366.680215,100,1098.083865
357.804788,100,1098.246683
404.015449,100,1098.412226
433.333881,100,1098.561703
289.395183,100,1098.703955
383.136758,100,1109.695909
284.766243,100,1109.852123
432.091022,100,1110.025665
373.795765,100,1110.197705
350.845568,100,1110.355235
366.737296,100,1110.514834
338.741346,100,1110.672833
368.78585,100,1110.908683
416.001324,100,1111.1038
381.480131,100,1111.304086
403.244917,100,1122.956667
390.562865,100,1123.106785
452.350594,100,1123.285829
385.093828,100,1123.440115
486.33243,100,1123.591848
422.163374,100,1123.744232
325.498236,100,1123.904128
342.865506,100,1124.088385
304.246965,100,1124.254343
439.613113,100,1124.432995
369.405317,100,1136.472007
324.662522,100,1136.615995
378.413446,100,1136.800344
434.874168,100,1137.027314
362.180723,100,1137.217731
352.429961,100,1137.371606
330.372034,100,1137.518226
343.803612,100,1137.65787
326.508203,100,1137.811206
319.57754,100,1138.015077
342.30782,100,1149.967076
381.887722,100,1150.11582
320.132958,100,1150.266442
396.570976,100,1150.429118
397.334657,100,1150.594522
383.70448,100,1150.742295
386.487136,100,1150.890237
302.053803,100,1151.049229
348.679665,100,1151.215969
351.870884,100,1151.429999
361.047582,100,1163.891466
348.754174,100,1164.038024
407.477273,100,1164.208121
439.236407,100,1164.36551
329.421826,100,1164.515144
353.114007,100,1164.673215
339.603662,100,1164.828274
347.465979,100,1164.99096
357.480373,100,1165.146949
355.637751,100,1165.411571
341.348712,100,1179.848839
326.254631,100,1179.997487
273.132833,100,1180.14512
291.130988,100,1180.307285
398.094862,100,1180.474339
401.964664,100,1180.631731
344.438635,100,1180.791782
300.300401,100,1180.951565
407.483477,100,1181.103183
353.869199,100,1181.332985
320.207236,100,1192.127068
352.384349,100,1192.284477
410.780199,100,1192.432034
398.573264,100,1192.591427
403.508081,100,1192.749737
383.630608,100,1192.897125
419.256217,100,1193.06031
384.273597,100,1193.265644
359.314896,100,1193.47315
324.619425,100,1193.633798
347.206809,100,1204.558771
339.066458,100,1204.729872
375.585461,100,1204.898481
451.503999,100,1205.059623
318.731429,100,1205.31872
337.751719,100,1205.544726
300.789112,100,1205.748095
380.735921,100,1205.919215
341.672701,100,1206.095593
383.604892,100,1206.292663
394.850658,100,1217.283309
370.654739,100,1217.538533
371.534317,100,1217.689883
396.567523,100,1217.850225
365.260007,100,1218.009144
378.942,100,1218.16407
365.586445,100,1218.318308
420.846227,100,1218.456543
398.886291,100,1218.612946
373.497626,100,1218.763921
343.939087,100,1230.160282
372.689224,100,1230.301218
260.175407,100,1230.441986
366.007411,100,1230.584675
333.349401,100,1230.739773
380.179407,100,1230.895042
376.41191,100,1231.049692
378.283362,100,1231.198114
311.853844,100,1231.348707
369.675966,100,1231.496617
292.094206,100,1243.733925
384.481886,100,1243.903341
321.493399,100,1244.080755
317.251345,100,1244.243937
447.563761,100,1244.400645
290.486359,100,1244.551903
299.584156,100,1244.704371
419.158036,100,1244.867781
292.478183,100,1245.022459
420.786267,100,1245.188954
384.06869,100,1255.944056
414.715539,100,1256.182627
333.213146,100,1256.343925
381.420545,100,1256.541734
318.616616,100,1256.728799
330.280223,100,1256.900383
352.054834,100,1257.061136
334.89545,100,1257.242625
364.304453,100,1257.411758
429.525457,100,1257.562086
356.809092,100,1269.255628
359.15795,100,1269.612294
352.18314,100,1269.958508
427.364769,100,1270.233909
351.458169,100,1270.489572
327.611221,100,1270.792123
333.505315,100,1271.096928
368.028201,100,1271.392754
359.386609,100,1271.687089
362.71623,100,1271.993632
368.129213,100,1284.688572
446.22362,100,1284.84467
378.899716,100,1284.991567
402.120704,100,1285.152321
341.256476,100,1285.319019
324.828159,100,1285.481511
345.518844,100,1285.650774
350.101758,100,1285.807461
336.200496,100,1286.040167
382.443052,100,1286.223986
448.110994,100,1301.173815
424.468911,100,1301.357686
383.711209,100,1301.52474
366.868076,100,1301.685113
226.631318,100,1301.840544
347.22091,100,1302.024855
406.618155,100,1302.295567
321.506094,100,1302.467421
391.299614,100,1302.660883
355.782002,100,1302.836766
277.423294,100,1314.54974
395.058837,100,1314.761279
364.830138,100,1314.914503
294.999856,100,1315.09086
320.502851,100,1315.25825
441.699096,100,1315.412812
312.739821,100,1315.558601
318.920665,100,1315.713042
364.466515,100,1315.856244
418.857581,100,1315.995349
376.936989,100,1328.852212
330.647763,100,1329.053529
334.818246,100,1329.240018
355.51167,100,1329.411309
315.658601,100,1329.57661
417.195408,100,1329.748865
386.445833,100,1329.956973
353.283931,100,1330.144287
301.368028,100,1330.317904
372.444183,100,1330.492712
341.491514,100,1343.434477
391.32679,100,1343.572212
430.630947,100,1343.722326
344.000608,100,1343.875006
359.860381,100,1344.023337
296.29816,100,1344.173291
380.023921,100,1344.319838
357.458347,100,1344.461344
378.802891,100,1344.637772
291.504266,100,1344.846174
335.02413,100,1357.520672
367.708773,100,1357.695825
341.391861,100,1357.865927
293.571019,100,1358.051389
313.02869,100,1358.24017
367.7854,100,1358.425759
257.651423,100,1358.596723
426.275397,100,1358.765987
320.656203,100,1359.014573
389.262691,100,1359.221233
381.875409,100,1370.996204
379.962011,100,1371.206587
385.529325,100,1371.394892
389.732722,100,1371.588366
396.361887,100,1371.784269
375.690543,100,1371.977878
477.199361,100,1372.171197
405.311385,100,1372.353673
368.552876,100,1372.540539
342.452518,100,1372.733142
378.047398,100,1384.800968
352.445282,100,1385.034499
419.811217,100,1385.210891
407.28253,100,1385.364147
364.933865,100,1385.537041
360.772496,100,1385.69388
366.712117,100,1385.861168
378.607398,100,1386.025568
290.84808,100,1386.194824
366.284245,100,1386.361588
333.644604,100,1398.477375
373.636139,100,1398.640635
455.413547,100,1398.812967
442.609112,100,1399.074954
403.995076,100,1399.238749
389.416338,100,1399.40958
340.553555,100,1399.554657
326.283286,100,1399.695854
284.510694,100,1399.845579
416.24229,100,1400.005147
287.407796,100,1410.511635
324.367652,100,1410.644158
339.236326,100,1410.784086
328.456389,100,1410.997533
333.238335,100,1411.269802
310.783593,100,1411.489308
349.937606,100,1411.685755
391.062375,100,1411.880249
339.878348,100,1412.075059
361.086559,100,1412.292108
329.245293,100,1426.462063
414.154744,100,1426.609559
362.314804,100,1426.763373
427.726521,100,1427.00408
322.396503,100,1427.18923
392.88319,100,1427.36267
321.35804,100,1427.518626
378.572143,100,1427.672771
409.33874,100,1427.827013
303.980852,100,1427.995725
310.983607,100,1438.971746
405.2473,100,1439.182117
435.006251,100,1439.387905
379.503422,100,1439.529864
396.972183,100,1439.697087
338.364068,100,1439.837298
386.838742,100,1439.97806
357.017188,100,1440.126536
406.797357,100,1440.287221
395.677312,100,1440.442277
388.21402,100,1452.383474
416.511956,100,1452.540843
316.050132,100,1452.679876
430.390695,100,1452.818808
381.506543,100,1452.96191
377.571143,100,1453.158884
394.304444,100,1453.357084
350.205627,100,1453.525178
385.621394,100,1453.657487
418.422765,100,1453.791796
394.745478,100,1468.177903
348.192129,100,1468.501247
362.832674,100,1468.813594
339.675999,100,1469.118982
355.84977,100,1469.408248
343.157696,100,1469.649327
360.412026,100,1469.950727
409.355389,100,1470.273786
395.794904,100,1470.560046
342.139152,100,1470.8332
416.746404,100,1484.706592
324.240852,100,1484.882997
321.387272,100,1485.074426
366.798804,100,1485.34762
357.723878,100,1485.552114
419.151263,100,1485.758109
408.601514,100,1485.93688
346.007543,100,1486.117392
311.324481,100,1486.313163
396.000685,100,1486.503698
358.178553,100,1499.961384
332.385763,100,1500.161116
361.429031,100,1500.38405
299.281593,100,1500.601093
346.645679,100,1500.801141
357.648245,100,1500.990759
426.572967,100,1501.265839
383.985097,100,1501.480958
390.658232,100,1501.686387
357.647651,100,1501.861185
354.575184,100,1514.234364
348.70954,100,1514.387972
389.85578,100,1514.541175
347.921894,100,1514.695388
343.335391,100,1514.852512
323.902687,100,1514.995395
380.13131,100,1515.253597
400.530104,100,1515.492312
360.460724,100,1515.656524
325.912593,100,1515.84312
438.032696,100,1528.597713
297.754679,100,1528.762178
392.920006,100,1528.909565
443.782734,100,1529.056855
341.182234,100,1529.319958
376.044554,100,1529.470561
365.969679,100,1529.638359
396.519924,100,1529.778093
366.962092,100,1529.918941
300.389728,100,1530.058957
320.304866,100,1540.51219
379.326533,100,1540.679902
354.235287,100,1540.837026
349.626471,100,1540.982837
365.206556,100,1541.184295
339.066935,100,1541.37944
343.931325,100,1541.538841
397.507235,100,1541.684623
394.597764,100,1541.838364
441.930929,100,1541.982815
391.166461,100,1555.323111
372.286001,100,1555.583143
344.859526,100,1555.764071
419.831123,100,1555.94671
334.375384,100,1556.121124
349.568018,100,1556.299172
351.724349,100,1556.487006
427.296058,100,1556.676636
370.585884,100,1556.841673
303.620923,100,1556.998583
339.138294,100,1568.853319
428.47884,100,1568.995488
325.574675,100,1569.139272
285.900601,100,1569.312313
422.944796,100,1569.55527
393.084733,100,1569.706958
459.824333,100,1569.873946
412.457357,100,1570.02851
379.386878,100,1570.186936
420.012206,100,1570.34691
398.071365,100,1581.300699
351.487269,100,1581.594107
336.242588,100,1581.859761
349.373738,100,1582.163075
371.918159,100,1582.474088
382.996082,100,1582.778877
354.524725,100,1583.087172
342.357777,100,1583.397012
276.01668,100,1583.669958
434.466096,100,1583.935969
320.28496,100,1596.448649
347.067043,100,1596.614951
353.356964,100,1596.792137
452.874049,100,1596.945295
316.753807,100,1597.089448
392.501785,100,1597.238256
320.493747,100,1597.486995
361.677551,100,1597.638122
365.922893,100,1597.822827
352.311045,100,1598.009724
323.874789,100,1611.195316
373.580612,100,1611.357315
413.584347,100,1611.624752
408.792054,100,1611.778811
356.05298,100,1611.948591
377.143006,100,1612.120917
336.412726,100,1612.286918
393.249173,100,1612.447711
321.947812,100,1612.611968
438.059726,100,1612.786114
306.645224,100,1625.242659
317.333474,100,1625.669991
361.394636,100,1626.055514
394.485858,100,1626.477637
293.772329,100,1626.845949
370.62128,100,1627.203797
411.574758,100,1627.544343
393.474748,100,1627.81692
343.284937,100,1628.145521
429.656834,100,1628.498905
319.92054,100,1640.143598
320.033255,100,1640.304925
333.008888,100,1640.460133
300.292083,100,1640.613901
362.8165,100,1640.778895
366.17336,100,1640.933393
309.825761,100,1641.096198
361.561291,100,1641.253224
349.159536,100,1641.464663
331.567175,100,1641.662857
351.815235,100,1654.409104
402.446463,100,1654.710042
333.908096,100,1655.037446
377.207815,100,1655.403264
425.598766,100,1655.74311
358.423924,100,1656.066707
350.251437,100,1656.425118
299.447611,100,1656.774375
336.677361,100,1657.104627
351.47963,100,1657.450715
367.888025,100,1670.876001
421.836899,100,1671.023461
350.534694,100,1671.176733
336.620215,100,1671.322226
355.794081,100,1671.597557
416.513295,100,1671.763204
342.113425,100,1671.936007
319.619677,100,1672.091781
379.371754,100,1672.244343
428.930754,100,1672.391142
435.094386,100,1684.773928
361.458309,100,1684.968391
309.379603,100,1685.162512
333.534471,100,1685.354575
334.694426,100,1685.630932
343.141042,100,1685.818023
372.624403,100,1686.027466
410.480311,100,1686.214152
288.96105,100,1686.416516
360.389923,100,1686.627669
308.948272,100,1698.156968
357.87059,100,1698.312762
377.321032,100,1698.458982
321.920146,100,1698.611985
339.996516,100,1698.758579
353.90457,100,1698.899756
443.126909,100,1699.047211
275.85431,100,1699.194067
363.595099,100,1699.340349
418.318823,100,1699.614493
404.016299,100,1710.334776
367.615575,100,1710.510153
348.03059,100,1710.676354
308.213428,100,1710.842947
348.054732,100,1711.003082
415.006419,100,1711.172874
423.063462,100,1711.343965
396.31661,100,1711.51684
358.996607,100,1711.732682
429.936544,100,1711.94807
449.194184,100,1726.418164
390.890648,100,1726.717567
382.617052,100,1727.018734
371.188535,100,1727.324206
410.377948,100,1727.619675
338.225754,100,1727.929354
370.125577,100,1728.190341
330.201111,100,1728.432492
379.082653,100,1728.731098
299.098562,100,1729.023654
389.333994,100,1.642781
359.606796,100,1.792907
407.517284,100,1.95284
393.12362,100,2.123143
432.553954,100,2.27446
369.484432,100,2.427386
377.899481,100,2.634595
398.757794,100,2.865316
310.432909,100,3.034142
365.499884,100,3.205742
255.030489,100,13.982157
362.754917,100,14.128021
340.456852,100,14.277389
307.141179,100,14.420822
382.848016,100,14.556951
405.688257,100,14.693521
415.290826,100,14.871238
347.175521,100,15.101748
330.293566,100,15.250428
453.777558,100,15.411757
350.715086,100,26.381333
354.441393,100,26.529846
412.025963,100,26.680496
361.390439,100,26.846153
363.096428,100,27.094496
367.324995,100,27.249723
388.378615,100,27.417923
287.447397,100,27.572241
385.644407,100,27.727846
338.362661,100,27.893238
248.942124,100,39.289381
399.73243,100,39.460668
393.813982,100,39.609333
400.801722,100,39.764992
367.606132,100,39.923515
379.409595,100,40.08277
312.578314,100,40.235745
384.027334,100,40.387554
381.246446,100,40.53815
314.798501,100,40.703784
356.488169,100,54.519177
358.159885,100,54.696211
399.189924,100,54.951217
334.299652,100,55.209023
426.219273,100,55.419014
403.08242,100,55.605467
326.389126,100,55.762879
317.845021,100,55.934931
425.633872,100,56.103558
412.591781,100,56.265177
404.828397,100,67.274567
338.101873,100,67.440307
380.165327,100,67.58518
376.160691,100,67.735327
444.454719,100,67.884609
407.21006,100,68.053345
329.022351,100,68.20822
334.269993,100,68.350658
408.277042,100,68.494939
335.876278,100,68.652565
347.413633,100,81.937015
406.849032,100,82.249381
317.08133,100,82.553969
325.184576,100,82.853177
424.806231,100,83.190306
339.983161,100,83.487277
363.420253,100,83.812511
320.315722,100,84.148835
364.116734,100,84.459631
410.091904,100,84.766211
367.851125,100,97.95204
421.137596,100,98.133694
413.216054,100,98.29489
382.547317,100,98.448857
381.942873,100,98.610176
318.893809,100,98.74417
374.439977,100,98.889352
445.048706,100,99.045742
332.315605,100,99.312205
397.547262,100,99.507416
348.674022,100,111.658727
304.868575,100,111.80501
420.19316,100,111.966177
445.603517,100,112.122845
374.105298,100,112.286821
397.367198,100,112.428886
390.83094,100,112.571564
400.601064,100,112.717546
463.67098,100,112.869328
356.198484,100,113.022357
387.716935,100,126.17695
433.03367,100,126.350996
295.025249,100,126.522598
369.000836,100,126.689993
302.744949,100,126.863407
322.85134,100,127.034173
338.700441,100,127.318799
324.822684,100,127.506836
361.127257,100,127.70606
385.387672,100,127.878283
372.674405,100,141.008495
350.541089,100,141.255857
388.106749,100,141.410362
342.688114,100,141.583934
276.942775,100,141.726793
351.669058,100,141.879742
415.110723,100,142.026272
411.500722,100,142.181919
402.114542,100,142.3233
374.786655,100,142.470055
420.279977,100,154.738691
412.603456,100,154.929902
410.509428,100,155.182209
331.604176,100,155.414715
338.900144,100,155.613917
424.816653,100,155.822378
292.616061,100,156.028221
419.845799,100,156.25278
380.149862,100,156.452894
292.586738,100,156.649039
399.356331,100,168.515708
390.694047,100,168.694271
386.073228,100,168.868984
333.128763,100,169.0502
265.816599,100,169.341455
370.284172,100,169.54442
397.134948,100,169.716389
409.883599,100,169.882393
298.929616,100,170.055671
306.130472,100,170.229386
415.353732,100,182.457533
363.416351,100,182.600762
310.307225,100,182.741091
306.306902,100,182.892869
449.126485,100,183.047865
399.685046,100,183.316233
423.336532,100,183.470713
425.155911,100,183.646151
424.047614,100,183.803583
301.769431,100,183.967418
398.142157,100,196.524849
389.89114,100,196.886312
339.466933,100,197.249124
447.923289,100,197.545257
355.404688,100,197.899189
383.006368,100,198.263743
392.392475,100,198.620128
459.09863,100,198.971689
338.26158,100,199.329181
390.670225,100,199.65014
323.646885,100,212.977192
269.320664,100,213.346406
358.005914,100,213.623227
360.413991,100,213.912485
360.386369,100,214.07084
403.654542,100,214.216308
418.826234,100,214.376132
399.979476,100,214.515865
335.33514,100,214.661442
328.330038,100,214.813998
269.848189,100,226.788253
390.999196,100,226.970839
384.798433,100,227.229219
450.107871,100,227.434081
399.676016,100,227.626217
330.056812,100,227.789436
350.525133,100,227.965807
373.003495,100,228.140446
299.957768,100,228.31832
331.206889,100,228.487294
348.376727,100,240.035473
418.771921,100,240.185965
412.808531,100,240.338095
381.639435,100,240.477127
363.599943,100,240.615992
383.396681,100,240.751982
323.132134,100,240.90105
426.873188,100,241.049045
329.753832,100,241.333065
396.306948,100,241.504686
416.854957,100,253.246316
368.227101,100,253.515529
409.871943,100,253.821093
359.048439,100,254.121138
412.542443,100,254.413007
441.023064,100,254.708469
409.466442,100,255.022316
306.90177,100,255.341318
326.389813,100,255.565258
342.413096,100,255.861082
442.648415,100,267.761068
367.793374,100,267.929749
437.202546,100,268.095344
344.601131,100,268.255361
473.127785,100,268.40429
339.659294,100,268.55321
363.326354,100,268.699607
308.253952,100,268.83807
321.562218,100,269.00114
362.236679,100,269.227141
416.047121,100,279.723559
395.714417,100,279.951969
350.49513,100,280.107982
263.636997,100,280.273384
417.561268,100,280.413742
410.702868,100,280.557562
424.452602,100,280.70528
439.681257,100,280.865967
380.786116,100,281.021223
323.683069,100,281.177078
296.988552,100,292.506196
418.828136,100,292.650812
415.649056,100,292.790902
373.227749,100,292.942748
413.561449,100,293.088889
322.896631,100,293.226858
367.016446,100,293.370832
438.123446,100,293.513121
360.307017,100,293.688156
416.533616,100,293.928401
288.171954,100,304.914353
303.83361,100,305.132945
314.494585,100,305.327053
361.733569,100,305.53933
398.770784,100,305.829083
327.389899,100,306.063695
371.851968,100,306.300169
368.711767,100,306.499929
357.091402,100,306.70193
299.376939,100,306.911947
339.907582,100,318.528401
327.993591,100,318.710219
406.065374,100,318.890353
315.175851,100,319.080913
291.81272,100,319.273911
433.245924,100,319.444924
306.904981,100,319.629783
424.664216,100,319.894027
418.339771,100,320.075385
387.460247,100,320.266232
302.370827,100,333.160145
392.284197,100,333.325335
346.987683,100,333.4905
337.275846,100,333.668432
416.618907,100,333.958283
370.159332,100,334.151782
372.466843,100,334.367938
363.449075,100,334.539976
379.22058,100,334.717778
432.64156,100,334.90207
318.033268,100,348.733007
307.022158,100,349.018339
326.428711,100,349.210376
317.378619,100,349.383968
417.721865,100,349.556183
408.63707,100,349.733462
384.891121,100,349.914287
300.243552,100,350.08481
417.218918,100,350.250891
392.418479,100,350.431028
306.176719,100,362.259535
344.883282,100,362.409526
334.877434,100,362.555137
402.50018,100,362.698185
453.969306,100,362.965879
335.902846,100,363.127951
413.355302,100,363.309235
423.673294,100,363.464878
339.508219,100,363.623343
409.016379,100,363.776936
379.692063,100,375.698843
349.813315,100,375.845927
363.164423,100,375.995868
353.117741,100,376.154325
406.973092,100,376.303154
412.355525,100,376.45031
345.854782,100,376.596632
376.307789,100,376.737548
346.704296,100,376.980518
278.542761,100,377.139245
407.734843,100,387.904651
388.430019,100,388.062572
385.821085,100,388.218858
387.769901,100,388.368838
358.875609,100,388.522659
413.137692,100,388.687366
363.771777,100,388.920641
300.725801,100,389.123592
440.218426,100,389.301315
405.966085,100,389.464984
406.518698,100,401.253988
397.994668,100,401.442885
374.31596,100,401.617163
339.845224,100,401.788234
261.766215,100,401.982074
338.303123,100,402.167892
354.969249,100,402.350486
365.590032,100,402.524128
414.233623,100,402.71026
352.534514,100,402.992544
325.382693,100,416.314918
407.02724,100,416.49847
373.840079,100,416.677014
368.637656,100,416.96835
348.76053,100,417.164985
346.166053,100,417.385784
368.304648,100,417.578593
285.509969,100,417.778236
336.388344,100,417.986172
426.231804,100,418.185374
384.063072,100,431.712988
368.535698,100,431.91089
367.280659,100,432.126053
375.243934,100,432.320135
402.258827,100,432.522276
371.452594,100,432.710479
330.76015,100,433.014709
357.645505,100,433.235895
352.408691,100,433.431809
386.724559,100,433.634986
338.207303,100,446.540898
402.938682,100,446.688965
319.249761,100,446.917253
413.408,100,447.10425
363.398207,100,447.275924
343.004709,100,447.43651
341.641006,100,447.58822
306.49534,100,447.740654
373.677054,100,447.904552
411.313619,100,448.09102
373.162667,100,459.733421
407.065055,100,459.887976
341.291621,100,460.051991
325.633591,100,460.202799
408.085346,100,460.350249
377.493793,100,460.502597
368.672829,100,460.656409
422.572549,100,460.867903
357.661278,100,461.094445
490.704458,100,461.296519
393.724954,100,474.961545
384.442429,100,475.208413
397.830985,100,475.4982
370.796364,100,475.777209
360.811229,100,476.061188
326.920144,100,476.341389
394.990963,100,476.614603
385.637441,100,476.813754
404.100134,100,477.069135
359.512456,100,477.258775
357.616737,100,490.562597
412.55264,100,490.733745
378.843131,100,491.00826
339.297803,100,491.185665
435.731312,100,491.369812
363.624514,100,491.535166
383.962612,100,491.696751
422.773438,100,491.863522
406.967411,100,492.040097
435.483421,100,492.210167
307.505301,100,503.267449
419.084883,100,503.408591
329.982278,100,503.549925
446.90543,100,503.693292
354.023105,100,503.912143
344.461054,100,504.096785
309.995198,100,504.267659
424.72671,100,504.413726
293.704371,100,504.555578
404.930096,100,504.698062
374.452131,100,519.119044
426.235459,100,519.401319
303.648437,100,519.72039
383.198372,100,520.029
393.017609,100,520.337379
408.125865,100,520.650386
386.610672,100,520.964153
379.811886,100,521.207647
308.315514,100,521.484308
307.594662,100,521.797596
331.752042,100,534.060598
326.120411,100,534.211253
414.345634,100,534.36422
303.042676,100,534.505866
331.204501,100,534.641491
363.451186,100,534.81398
335.57695,100,535.031439
385.875714,100,535.187828
402.674868,100,535.348121
331.514383,100,535.488728
421.626474,100,547.213462
385.534783,100,547.411808
345.724304,100,547.58004
343.058306,100,547.76807
309.398905,100,547.987701
369.98923,100,548.221323
363.57533,100,548.444647
330.737465,100,548.666553
404.002734,100,548.940943
341.696912,100,549.22768
376.885769,100,560.608063
291.062882,100,560.816076
304.788058,100,561.071547
407.827228,100,561.254426
373.545528,100,561.432451
303.426006,100,561.608208
316.364464,100,561.79545
360.552911,100,561.994476
459.272649,100,562.19184
354.219449,100,562.362154
359.413675,100,573.117011
337.28601,100,573.271798
368.151909,100,573.43384
340.141142,100,573.585273
294.031202,100,573.740733
414.451197,100,573.897361
344.720191,100,574.059098
380.320086,100,574.211257
393.756855,100,574.363168
354.080794,100,574.510052
428.167033,100,587.767462
358.681429,100,587.917242
357.802749,100,588.083776
347.927248,100,588.239805
393.898695,100,588.379246
367.332713,100,588.51947
331.007929,100,588.662104
342.719102,100,588.804381
330.765479,100,589.041546
309.972414,100,589.210124
369.498097,100,599.90965
355.613195,100,600.08605
416.910604,100,600.230189
244.726206,100,600.375264
397.781911,100,600.521713
340.429699,100,600.679089
355.538226,100,600.831756
377.76996,100,601.099903
338.813424,100,601.245362
392.255347,100,601.419861
392.533864,100,613.787341
410.673242,100,613.944229
409.236414,100,614.107165
307.606093,100,614.267435
321.288651,100,614.430975
422.095929,100,614.582374
341.266163,100,614.729306
267.251814,100,614.928903
411.571024,100,615.175509
379.740614,100,615.33959
440.052035,100,628.344316
338.132645,100,628.484972
376.606,100,628.63097
330.723132,100,628.768965
384.982594,100,628.968691
323.382288,100,629.153947
337.451251,100,629.387506
427.464435,100,629.556453
442.159347,100,629.697099
379.718199,100,629.851209
415.993917,100,641.662991
382.249677,100,641.832309
335.635999,100,642.021996
320.447683,100,642.199175
366.293715,100,642.370172
376.144042,100,642.543274
317.123425,100,642.725553
380.097791,100,642.963063
393.504365,100,643.190227
324.209088,100,643.366475
390.337701,100,657.500439
299.955498,100,657.67738
393.912522,100,657.830155
353.481726,100,657.984509
349.796458,100,658.148004
400.012035,100,658.310355
299.433068,100,658.460514
395.583064,100,658.61992
407.329442,100,658.771001
316.532852,100,658.984529
367.507806,100,671.498696
344.441298,100,671.665304
391.684136,100,671.840795
398.625283,100,672.026608
436.440223,100,672.210751
343.725015,100,672.389715
385.107573,100,672.558264
444.238976,100,672.734387
429.755216,100,672.951842
321.990866,100,673.197846
296.033972,100,687.437318
337.340582,100,687.61517
372.934139,100,687.803174
368.942079,100,687.981252
342.762421,100,688.172158
334.67325,100,688.358723
394.794285,100,688.536799
401.025845,100,688.71119
266.123874,100,688.912753
422.945697,100,689.191336
352.808314,100,701.582456
356.486841,100,701.746171
359.045843,100,701.891088
331.486002,100,702.037902
377.265588,100,702.191279
350.528446,100,702.344967
400.707146,100,702.493147
315.386894,100,702.646408
327.991564,100,702.7968
428.393308,100,702.964807
390.176544,100,715.293185
349.410098,100,715.444993
442.797437,100,715.594307
443.58715,100,715.841193
372.517568,100,715.98588
426.769289,100,716.16587
364.952637,100,716.314743
365.431179,100,716.476215
335.827596,100,716.642354
395.705269,100,716.805993
396.742967,100,731.264753
393.81924,100,731.452281
362.608637,100,731.625026
347.662029,100,731.78952
367.647584,100,731.962289
325.917142,100,732.137155
397.422615,100,732.38998
296.328715,100,732.580112
351.512368,100,732.772468
443.093096,100,732.952348
346.919515,100,743.74588
339.268101,100,743.890679
366.599467,100,744.049925
375.834143,100,744.223766
317.903605,100,744.450002
302.150508,100,744.603873
358.176063,100,744.783199
383.863414,100,744.938659
418.061793,100,745.087875
408.421304,100,745.235206
265.61608,100,756.682008
336.681896,100,756.847844
399.868593,100,756.991652
354.864788,100,757.147886
341.976175,100,757.290006
375.631615,100,757.446202
302.193795,100,757.59405
351.784648,100,757.749014
397.77616,100,757.903458
361.769377,100,758.069457
399.08499,100,773.151197
292.383387,100,773.385124
370.825487,100,773.602819
368.172723,100,773.806823
313.310604,100,774.037236
428.605986,100,774.291301
336.259432,100,774.562184
424.505008,100,774.79814
317.498253,100,775.003562
308.761789,100,775.220051
371.701051,100,787.425258
317.325595,100,787.571568
410.670971,100,787.710152
423.32601,100,787.855915
400.186883,100,788.000137
340.966933,100,788.159531
369.516309,100,788.429045
381.623964,100,788.611804
432.754402,100,788.819875
309.920967,100,788.998444
324.749448,100,799.884906
320.144976,100,800.030473
321.197718,100,800.165792
394.063931,100,800.305761
413.232459,100,800.546377
379.668147,100,800.697203
409.530371,100,800.866848
294.449088,100,801.021834
376.83566,100,801.16477
333.110469,100,801.303279
447.355105,100,813.375277
351.880247,100,813.522252
315.411645,100,813.682042
318.015769,100,813.829498
385.825062,100,813.97577
414.126492,100,814.118462
356.737367,100,814.258117
402.876014,100,814.460922
322.282609,100,814.629482
303.985539,100,814.813837
317.867492,100,827.639787
284.726266,100,827.807947
314.860062,100,827.974843
391.53922,100,828.143483
364.626486,100,828.296834
411.682171,100,828.451767
347.373096,100,828.618126
354.572361,100,828.768181
338.045357,100,828.917861
335.582076,100,829.071342
328.485437,100,840.608452
326.414484,100,840.758337
342.992096,100,840.910376
328.951516,100,841.073775
308.919318,100,841.236241
313.704619,100,841.506182
411.595061,100,841.713128
344.169638,100,841.909376
402.479578,100,842.092421
370.243132,100,842.247948
367.754604,100,857.282576
458.609397,100,857.553461
430.054422,100,857.746315
345.39803,100,857.938776
442.057684,100,858.152091
381.789441,100,858.332871
363.947458,100,858.505978
327.907681,100,858.679688
293.539899,100,858.855132
406.388755,100,859.025792
398.596457,100,870.578195
346.396933,100,870.756098
350.811099,100,870.947227
297.996473,100,871.12657
330.502117,100,871.295301
279.058262,100,871.46445
431.238545,100,871.726192
279.300561,100,871.906318
333.014255,100,872.114846
280.638287,100,872.283029
337.565541,100,885.315652
357.179779,100,885.451599
365.986844,100,885.708557
346.641584,100,885.872267
388.217872,100,886.037419
377.064122,100,886.192005
329.641052,100,886.338557
340.57973,100,886.479938
324.441178,100,886.638335
307.777496,100,886.78382
389.624874,100,899.042902
438.634749,100,899.182381
401.414501,100,899.326311
359.086103,100,899.463127
413.163565,100,899.718353
351.451047,100,899.871315
317.77366,100,900.05264
333.500925,100,900.198418
359.749148,100,900.341241
380.334653,100,900.484848
400.181719,100,914.957077
302.81299,100,915.135805
275.320227,100,915.293941
378.979703,100,915.459888
385.346063,100,915.622998
343.298405,100,915.89453
433.172378,100,916.04989
409.384496,100,916.220086
367.454135,100,916.366308
367.65892,100,916.512086
421.431514,100,928.317931
419.184507,100,928.473308
310.705546,100,928.627853
318.361355,100,928.785736
377.479284,100,928.943137
349.75699,100,929.104293
380.161924,100,929.266537
420.176974,100,929.425889
329.450787,100,929.575858
357.662577,100,929.768784
408.730245,100,941.186811
340.324513,100,941.328019
308.657342,100,941.467423
369.325859,100,941.610597
294.548748,100,941.846563
285.429951,100,942.015956
295.090038,100,942.260723
336.486622,100,942.421011
351.850881,100,942.582194
350.100859,100,942.745003
378.615355,100,954.879277
418.908734,100,955.057973
416.65933,100,955.223503
429.511137,100,955.375287
360.687694,100,955.520442
325.520418,100,955.684044
359.21318,100,955.888703
323.409973,100,956.12004
420.844909,100,956.290354
372.354045,100,956.476357
359.504381,100,967.679783
395.171443,100,967.825552
362.868485,100,967.973303
364.780758,100,968.204423
329.963435,100,968.403759
425.349834,100,968.549439
295.637218,100,968.715001
362.653659,100,968.865545
321.661551,100,969.018483
392.330344,100,969.170438
374.349432,100,979.938529
362.183651,100,980.168553
296.314792,100,980.396402
317.008759,100,980.572161
390.453109,100,980.753251
280.366195,100,980.929103
292.094045,100,981.104994
343.867626,100,981.277872
364.568898,100,981.44919
359.260742,100,981.618527
386.957043,100,993.36513
317.252312,100,993.514154
293.260681,100,993.664572
419.341741,100,993.83148
399.466581,100,994.000395
380.515029,100,994.253714
387.07689,100,994.422238
420.527934,100,994.584986
363.271257,100,994.752967
340.785046,100,994.904505
382.318094,100,1007.782376
300.596969,100,1007.925247
350.254571,100,1008.096761
353.379285,100,1008.352571
344.793358,100,1008.542594
258.612321,100,1008.722453
354.028586,100,1008.893102
357.280699,100,1009.055471
339.077046,100,1009.232024
331.315715,100,1009.385254
383.569733,100,1021.046055
433.743934,100,1021.232392
357.757043,100,1021.424084
308.885775,100,1021.616148
369.583904,100,1021.793538
412.547783,100,1021.969347
334.425372,100,1022.208714
344.221146,100,1022.41601
433.354106,100,1022.623775
385.0809,100,1022.785505
416.22527,100,1035.659428
416.869135,100,1035.797261
379.193131,100,1035.936098
332.214448,100,1036.100065
378.735094,100,1036.338354
366.508825,100,1036.496397
308.233125,100,1036.673509
362.540256,100,1036.825922
320.65756,100,1036.981716
396.170329,100,1037.142325
296.107665,100,1049.542015
327.139588,100,1049.687468
407.071556,100,1049.85136
312.631819,100,1050.014361
395.363013,100,1050.163027
437.612513,100,1050.397572
384.045871,100,1050.56148
396.557408,100,1050.735152
410.622523,100,1050.886573
341.393303,100,1051.045997
302.977218,100,1069.553183
343.902147,100,1069.718945
381.299455,100,1069.881541
348.066806,100,1070.046883
370.283193,100,1070.206365
338.122917,100,1070.418561
416.975569,100,1070.613713
373.455849,100,1070.769055
313.209827,100,1070.947993
461.773251,100,1071.118207
374.538354,100,1087.557779
343.515563,100,1087.707107
296.509636,100,1087.863406
296.422639,100,1088.031976
397.600645,100,1088.18994
439.784497,100,1088.397942
399.329883,100,1088.601333
419.94705,100,1088.762114
384.601287,100,1088.922961
324.864216,100,1089.080126
298.317756,100,1101.518833
339.011862,100,1101.808268
397.337666,100,1102.114691
323.186604,100,1102.419063
324.447232,100,1102.669715
390.298392,100,1102.945255
313.719154,100,1103.25232
393.244417,100,1103.539574
344.671513,100,1103.828923
354.429939,100,1104.137773
404.381688,100,1116.105022
312.426454,100,1116.267045
332.996128,100,1116.528399
284.865043,100,1116.681406
341.118492,100,1116.854445
387.15802,100,1117.020863
369.487949,100,1117.178728
378.284008,100,1117.318235
425.21834,100,1117.468583
288.769483,100,1117.618438
355.24168,100,1128.910273
279.899396,100,1129.067223
436.374795,100,1129.213766
372.412418,100,1129.37147
349.443249,100,1129.520215
373.365353,100,1129.669595
346.823542,100,1129.808936
357.470281,100,1129.957767
427.145103,100,1130.105969
380.181265,100,1130.287416
400.227987,100,1145.266786
387.040666,100,1145.44723
456.250585,100,1145.653904
378.72885,100,1145.823802
475.680481,100,1146.000879
426.139688,100,1146.175215
348.464662,100,1146.333381
346.910798,100,1146.49545
312.742391,100,1146.662983
435.179976,100,1146.922119
371.027134,100,1158.848633
319.109123,100,1159.030009
382.144533,100,1159.193597
430.524993,100,1159.367571
348.694023,100,1159.525743
345.28567,100,1159.687524
316.213034,100,1159.8337
348.088444,100,1160.008818
326.684952,100,1160.179098
319.252203,100,1160.349527
334.952099,100,1173.774568
372.710636,100,1173.940293
328.321192,100,1174.113828
393.823306,100,1174.268194
381.714748,100,1174.423589
386.778571,100,1174.580986
377.347793,100,1174.806153
314.876868,100,1175.032565
349.70594,100,1175.205301
358.609173,100,1175.383326
358.808887,100,1188.244054
361.261301,100,1188.400552
410.49816,100,1188.558776
434.860106,100,1188.758068
330.265282,100,1188.990372
331.409098,100,1189.146992
325.945843,100,1189.312488
333.686537,100,1189.460589
351.134148,100,1189.613365
368.956605,100,1189.76642
322.446822,100,1202.407148
321.523135,100,1202.70952
267.654177,100,1203.02695
285.632444,100,1203.255553
374.828442,100,1203.539051
389.276465,100,1203.849797
360.845293,100,1204.168448
304.447341,100,1204.480537
390.830864,100,1204.783915
355.209552,100,1205.063955
325.64508,100,1216.615128
345.505658,100,1216.781543
398.9785,100,1217.044949
390.178588,100,1217.194172
405.642712,100,1217.369181
379.588929,100,1217.520458
418.312971,100,1217.679774
357.298373,100,1217.837447
363.126742,100,1218.004056
325.721115,100,1218.166732
319.157622,100,1229.848096
336.967018,100,1230.03131
350.45658,100,1230.209344
428.818025,100,1230.37104
311.159613,100,1230.534303
329.149779,100,1230.702448
308.554054,100,1230.930468
376.620978,100,1231.153329
334.779686,100,1231.328548
409.896667,100,1231.513202
398.691057,100,1243.049068
370.095875,100,1243.288171
367.163344,100,1243.466805
396.629065,100,1243.656086
352.099459,100,1243.835949
375.127797,100,1244.012799
369.090089,100,1244.183742
413.738741,100,1244.342843
401.363315,100,1244.503821
370.411748,100,1244.669898
343.845652,100,1256.900768
351.096493,100,1257.047273
261.176015,100,1257.254016
379.500071,100,1257.463657
335.791829,100,1257.628098
367.935007,100,1257.809778
372.61743,100,1257.95659
379.586884,100,1258.123883
302.461861,100,1258.307598
345.156639,100,1258.461588
304.100969,100,1269.024376
396.815937,100,1269.260902
305.111725,100,1269.530333
309.222034,100,1269.811064
448.095716,100,1270.129028
288.751571,100,1270.442838
324.770211,100,1270.760374
424.870203,100,1271.073335
303.345327,100,1271.387036
405.943972,100,1271.659524
385.193494,100,1285.038093
421.776775,100,1285.215648
343.834278,100,1285.425776
405.142849,100,1285.581506
326.945153,100,1285.762979
346.591473,100,1285.907443
361.324547,100,1286.050903
326.673439,100,1286.201422
366.489412,100,1286.366406
432.469214,100,1286.502817
330.168633,100,1299.792648
365.544792,100,1299.972238
358.914799,100,1300.165505
442.451046,100,1300.353122
340.601499,100,1300.53878
331.230327,100,1300.724258
321.710986,100,1300.915402
356.725958,100,1301.107046
355.32445,100,1301.383461
361.335557,100,1301.561044
387.362951,100,1314.001883
446.497384,100,1314.17772
361.688972,100,1314.355129
409.382526,100,1314.514259
333.469112,100,1314.668867
316.568097,100,1314.817453
345.501612,100,1314.976248
352.774706,100,1315.132257
347.322545,100,1315.383638
388.155443,100,1315.552193
442.693028,100,1326.066285
421.560223,100,1326.218409
379.965977,100,1326.375673
381.930069,100,1326.53963
231.772359,100,1326.699307
338.709139,100,1326.857728
390.992645,100,1327.016879
354.127012,100,1327.195176
393.495831,100,1327.432191
339.968979,100,1327.585451
281.155779,100,1340.279811
386.829629,100,1340.461391
346.219509,100,1340.640445
307.572151,100,1340.822274
312.916636,100,1340.996307
423.139248,100,1341.177222
306.178478,100,1341.443393
308.667889,100,1341.614807
362.391318,100,1341.803209
415.64746,100,1341.97998
350.775382,100,1354.252023
332.498271,100,1354.404321
323.590827,100,1354.56119
351.081437,100,1354.71186
317.819443,100,1354.864236
410.954493,100,1355.015356
392.568559,100,1355.181408
337.174972,100,1355.435236
321.773417,100,1355.61865
367.481005,100,1355.798975
369.123661,100,1367.018501
386.793305,100,1367.160807
432.435538,100,1367.29815
355.589721,100,1367.45819
363.873703,100,1367.712785
308.813569,100,1367.876481
390.524503,100,1368.062178
360.834123,100,1368.23807
373.122456,100,1368.39497
295.072935,100,1368.559045
338.934074,100,1380.058707
359.892808,100,1380.233993
319.932642,100,1380.390334
293.566611,100,1380.540071
294.427283,100,1380.709972
357.543645,100,1380.881442
267.220042,100,1381.069001
423.653958,100,1381.249532
296.821076,100,1381.428435
398.39859,100,1381.719344
389.944939,100,1392.891273
389.988535,100,1393.040052
372.829468,100,1393.186544
391.011687,100,1393.327107
379.51122,100,1393.47197
356.009335,100,1393.750437
475.550352,100,1393.911243
396.845514,100,1394.092079
360.847043,100,1394.234952
336.682253,100,1394.380776
362.973135,100,1405.549508
341.089766,100,1405.81482
410.902621,100,1405.964195
415.782469,100,1406.140994
368.707404,100,1406.293129
347.264227,100,1406.453767
363.724076,100,1406.596755
385.281687,100,1406.750679
287.252864,100,1406.911705
368.918233,100,1407.067327
320.700846,100,1417.948778
362.070077,100,1418.107276
459.263096,100,1418.303421
435.326124,100,1418.45193
389.082568,100,1418.611245
370.173468,100,1418.771538
324.805138,100,1418.939969
316.48426,100,1419.104989
287.244093,100,1419.283705
405.911155,100,1419.446084
301.321146,100,1430.864064
339.135933,100,1431.023423
330.434399,100,1431.172304
317.244994,100,1431.323236
322.569713,100,1431.473097
314.520629,100,1431.659158
346.732016,100,1431.935997
389.193869,100,1432.103926
335.935645,100,1432.292109
352.739806,100,1432.442647
310.059977,100,1444.80142
414.868879,100,1444.99703
384.146435,100,1445.177825
416.999746,100,1445.372133
302.165169,100,1445.560776
390.623718,100,1445.85689
328.214351,100,1446.033979
387.065855,100,1446.212952
403.212422,100,1446.373015
311.287027,100,1446.538828
305.001736,100,1458.275208
400.166833,100,1458.424931
408.645281,100,1458.578341
368.490725,100,1458.725563
389.628225,100,1458.880078
344.146151,100,1459.027296
380.690477,100,1459.170331
350.769018,100,1459.317679
413.803546,100,1459.450458
402.64563,100,1459.599452
392.864292,100,1471.283128
411.486163,100,1471.431902
326.710469,100,1471.574187
429.484075,100,1471.822011
374.415708,100,1471.976157
384.873239,100,1472.150026
401.127558,100,1472.312403
350.16735,100,1472.475361
381.872275,100,1472.638567
401.719742,100,1472.806112
384.501028,100,1487.288289
334.445995,100,1487.430549
375.721974,100,1487.576621
328.369948,100,1487.814918
348.715477,100,1487.989489
335.25421,100,1488.196301
355.586616,100,1488.359236
404.482356,100,1488.514211
398.397401,100,1488.664401
345.426858,100,1488.824711
423.188415,100,1501.230999
319.856751,100,1501.397775
319.31771,100,1501.540289
371.976131,100,1501.732902
350.875754,100,1501.937465
405.406554,100,1502.119263
399.868221,100,1502.266825
336.989924,100,1502.412292
318.245891,100,1502.561258
368.654496,100,1502.715722
341.833561,100,1514.543426
323.634677,100,1514.705468
341.168235,100,1514.859239
297.791052,100,1515.023086
337.310431,100,1515.184458
343.235903,100,1515.338333
422.573584,100,1515.486021
387.850994,100,1515.631362
362.674152,100,1515.778598
348.541058,100,1515.937384
345.389657,100,1527.586699
339.185489,100,1527.75582
374.267787,100,1527.925831
334.265774,100,1528.108392
354.67061,100,1528.279167
331.223227,100,1528.489689
363.885467,100,1528.745212
404.310382,100,1528.944878
351.781684,100,1529.116074
326.967862,100,1529.28478
425.94672,100,1542.603876
292.676456,100,1542.820834
388.31022,100,1543.03494
436.404351,100,1543.213151
338.667635,100,1543.388984
372.857167,100,1543.563068
375.50632,100,1543.740988
396.011443,100,1543.947887
358.962553,100,1544.13625
283.53413,100,1544.308317
307.285705,100,1557.780164
370.018161,100,1557.957351
344.855385,100,1558.144376
344.816245,100,1558.319699
363.008973,100,1558.548015
328.984621,100,1558.750955
329.462304,100,1558.917347
398.654719,100,1559.088734
383.848847,100,1559.238003
418.711637,100,1559.394903
370.208135,100,1571.810116
374.296303,100,1571.975323
347.020288,100,1572.152276
425.553107,100,1572.327477
337.555182,100,1572.492826
345.382156,100,1572.740389
335.095992,100,1572.924589
414.767705,100,1573.120903
358.904313,100,1573.294933
314.811622,100,1573.462088
328.470598,100,1584.603105
424.506346,100,1584.865257
293.174286,100,1585.035082
253.090523,100,1585.225194
415.289303,100,1585.376951
387.978173,100,1585.535956
449.46911,100,1585.700817
399.328527,100,1585.870089
381.653191,100,1586.050198
422.413524,100,1586.22675
397.953165,100,1597.802039
342.226634,100,1597.979692
334.706379,100,1598.176407
338.257114,100,1598.338041
351.018523,100,1598.495173
358.889663,100,1598.742961
352.270709,100,1598.935182
328.356534,100,1599.094238
268.848163,100,1599.273345
425.720026,100,1599.42342
317.202259,100,1610.550908
344.439354,100,1610.81021
335.70576,100,1610.987155
445.998871,100,1611.178145
323.082796,100,1611.335793
385.700729,100,1611.490221
311.383792,100,1611.667416
362.425506,100,1611.840117
353.520167,100,1612.004054
335.149513,100,1612.166306
334.180395,100,1624.234077
370.930144,100,1624.385779
418.697088,100,1624.534269
383.444668,100,1624.675749
341.03743,100,1624.86138
382.694443,100,1625.09538
310.434344,100,1625.262594
398.185478,100,1625.432231
320.520511,100,1625.587047
441.930365,100,1625.73254
312.142484,100,1637.703024
298.017394,100,1637.867069
353.712707,100,1638.04711
378.225638,100,1638.236109
290.531789,100,1638.39836
353.411857,100,1638.582222
416.79876,100,1638.741999
389.6525,100,1638.99585
316.286824,100,1639.161829
429.28411,100,1639.345922
325.867871,100,1651.296193
304.106487,100,1651.500961
318.009227,100,1651.688263
308.863057,100,1651.883229
357.914144,100,1652.07782
342.499492,100,1652.263462
309.152851,100,1652.439718
359.055618,100,1652.617812
336.607966,100,1652.79976
322.613685,100,1653.073666
321.76205,100,1665.691233
399.585767,100,1665.870377
316.34424,100,1666.03988
377.056307,100,1666.207798
427.685985,100,1666.364658
360.927425,100,1666.526406
342.537401,100,1666.693493
292.69038,100,1666.909182
326.656516,100,1667.125717
349.436497,100,1667.285056
379.734223,100,1683.197145
401.621406,100,1683.460085
353.976798,100,1683.694826
333.525708,100,1683.986437
350.070654,100,1684.296592
407.913975,100,1684.599569
311.260716,100,1684.910401
301.1425,100,1685.224045
369.079667,100,1685.545164
420.083531,100,1685.812106
443.905383,100,1698.483238
339.304773,100,1698.669365
311.380143,100,1698.857196
334.396399,100,1699.058504
342.441112,100,1699.246844
334.424396,100,1699.423866
374.856763,100,1699.606238
387.117576,100,1699.887846
276.639644,100,1700.070099
344.637275,100,1700.260007
309.385783,100,1712.224538
340.443306,100,1712.399479
384.120663,100,1712.571832
317.200193,100,1712.745004
337.450774,100,1712.935168
353.285522,100,1713.124478
431.88649,100,1713.298491
268.974424,100,1713.480255
351.077575,100,1713.658436
413.117866,100,1713.931363
401.004886,100,1725.513151
346.441782,100,1725.739348
341.545098,100,1725.995892
295.563332,100,1726.201427
363.125343,100,1726.372813
410.64559,100,1726.55296
391.202897,100,1726.739719
387.796743,100,1726.923886
359.573442,100,1727.096999
413.150406,100,1727.274059
427.010935,100,1739.199145
368.768147,100,1739.339111
351.818172,100,1739.47615
334.897335,100,1739.615902
419.272894,100,1739.849133
333.602098,100,1740.082082
365.454672,100,1740.244535
321.106038,100,1740.406232
380.237728,100,1740.560911
287.71401,100,1740.715043
