#{"t_start": 1784411697.6596267, "env_id": "None"}
r,l,t
239.096045,100,1.512123
124.288904,100,1.652211
163.189429,100,1.839957
155.937529,100,2.053868
99.965022,100,2.320841
183.167291,100,2.48692
155.942778,100,2.660845
162.388707,100,2.825709
126.814285,100,2.993079
229.54889,100,3.147462
207.958944,100,14.741993
146.895135,100,14.913323
182.614916,100,15.068928
213.518065,100,15.237323
147.511286,100,15.397227
168.049952,100,15.544392
198.122036,100,15.703591
149.046978,100,15.85094
138.306134,100,16.012538
150.109549,100,16.165071
240.085254,100,28.202668
204.175472,100,28.377703
172.223035,100,28.614708
186.650457,100,28.803947
210.427379,100,28.975065
184.71176,100,29.147646
223.118463,100,29.306373
180.724626,100,29.455703
152.120912,100,29.612203
174.882336,100,29.78923
207.042427,100,41.133508
174.535459,100,41.302108
178.942235,100,41.454042
190.466051,100,41.618575
200.453527,100,41.789636
213.898126,100,41.959864
210.739303,100,42.109945
174.370403,100,42.263746
222.101148,100,42.415368
187.218424,100,42.656231
189.790039,100,53.870553
227.816995,100,54.239705
225.419902,100,54.611408
158.882903,100,54.796182
196.550466,100,54.959738
259.268049,100,55.113501
193.742456,100,55.254282
213.144041,100,55.404064
180.734616,100,55.557879
197.549724,100,55.737654
190.704547,100,67.648539
177.213958,100,67.895989
161.562235,100,68.136953
269.40739,100,68.364378
170.186123,100,68.681087
197.74067,100,68.900358
217.832366,100,69.102677
174.820287,100,69.313057
209.695484,100,69.517537
280.048266,100,69.735142
210.802501,100,83.285329
191.578861,100,83.483174
230.725929,100,83.693883
233.396004,100,83.922188
203.657489,100,84.112594
138.551672,100,84.309095
138.155405,100,84.549917
185.656214,100,84.830766
232.23969,100,85.063556
210.174262,100,85.263896
137.006194,100,98.094513
219.201349,100,98.415216
219.291558,100,98.737511
188.414087,100,98.993461
188.104075,100,99.29974
168.18247,100,99.607593
166.570653,100,99.917769
150.077499,100,100.221076
235.320557,100,100.528041
178.03942,100,100.820087
176.93836,100,111.992352
156.897495,100,112.160921
204.748186,100,112.3286
178.4186,100,112.508591
157.115336,100,112.782606
246.895003,100,112.931656
235.879424,100,113.102574
175.516098,100,113.265887
203.394817,100,113.423812
231.966976,100,113.571783
189.118311,100,125.993492
209.336111,100,126.309957
191.320207,100,126.637244
180.689204,100,126.914869
180.771032,100,127.185671
194.369314,100,127.487959
183.1075,100,127.794538
252.985218,100,127.991101
220.027068,100,128.167177
233.793607,100,128.333188
164.511967,100,142.353949
184.276351,100,142.520783
251.827141,100,142.673567
228.396579,100,142.920869
255.422024,100,143.080674
262.214736,100,143.257825
199.205988,100,143.438021
226.241143,100,143.597715
221.424359,100,143.753003
223.971155,100,143.913875
224.579716,100,157.168086
206.46489,100,157.362443
226.567511,100,157.50303
248.758061,100,157.646376
270.377531,100,157.808007
238.973605,100,157.962652
236.377285,100,158.124867
189.932797,100,158.286659
171.255967,100,158.438515
218.426808,100,158.594225
204.905203,100,171.76773
253.3779,100,171.987642
226.478314,100,172.209556
245.68237,100,172.411797
241.141494,100,172.612922
209.659209,100,172.84815
241.970792,100,173.086368
249.09217,100,173.31009
160.916379,100,173.494424
209.733516,100,173.681637
268.584118,100,189.247989
226.95717,100,189.428746
191.881565,100,189.594891
229.328636,100,189.795421
215.077654,100,189.972907
224.226791,100,190.177533
277.346273,100,190.366201
267.109715,100,190.552511
277.247171,100,190.725301
201.826666,100,191.035232
223.926409,100,206.884659
273.735734,100,207.051623
212.745123,100,207.392723
197.498623,100,207.744528
189.325711,100,208.130222
230.281527,100,208.519845
266.762487,100,208.906627
228.239833,100,209.306735
212.318707,100,209.650778
208.985747,100,209.955803
171.831708,100,223.924342
271.217578,100,224.287493
305.578464,100,224.64892
287.122835,100,225.024398
242.47056,100,225.371109
257.014867,100,225.694023
197.094982,100,225.886797
245.71453,100,226.044181
187.292313,100,226.194107
213.732849,100,226.345942
247.331749,100,237.790673
212.335852,100,237.954475
279.073784,100,238.11289
268.799886,100,238.267107
166.182202,100,238.43406
200.929188,100,238.598749
257.022809,100,238.762926
254.970909,100,238.93626
236.734369,100,239.095625
299.910418,100,239.369942
228.432071,100,252.23231
320.603655,100,252.394082
235.833592,100,252.555296
280.491027,100,252.710571
172.906052,100,252.884085
253.627889,100,253.050074
162.469099,100,253.282342
277.320446,100,253.474469
262.680947,100,253.651933
192.861691,100,253.818647
296.841434,100,265.101794
267.750516,100,265.366845
230.569214,100,265.543535
176.0641,100,265.719286
245.257529,100,265.865757
232.960679,100,266.006665
202.497358,100,266.151638
273.046499,100,266.300937
221.953016,100,266.445418
197.391711,100,266.588981
256.703453,100,279.809271
225.651921,100,279.987579
242.845284,100,280.154887
250.722694,100,280.331105
260.552245,100,280.499543
295.336188,100,280.665371
258.614005,100,280.850965
228.866727,100,281.025427
193.528573,100,281.251299
220.751979,100,281.487895
195.664405,100,295.094652
282.079823,100,295.283714
198.932625,100,295.60184
294.120148,100,295.846607
296.436735,100,296.064892
308.313331,100,296.270525
352.638251,100,296.465042
259.861283,100,296.653447
222.927917,100,296.825384
240.655264,100,297.000113
274.128275,100,309.640035
264.592349,100,309.819577
217.383048,100,309.967331
231.350745,100,310.120842
178.725707,100,310.264678
214.427918,100,310.416978
205.330161,100,310.569602
255.965521,100,310.724616
182.74099,100,310.880529
229.54129,100,311.033979
243.639208,100,322.2137
317.447947,100,322.365649
217.235143,100,322.526043
238.690915,100,322.677981
202.324845,100,322.845323
207.671528,100,323.003177
257.119923,100,323.176445
253.069035,100,323.345277
293.271849,100,323.605806
287.18593,100,323.77533
264.669245,100,335.92942
224.199975,100,336.079628
272.308095,100,336.227562
251.221627,100,336.383839
254.455156,100,336.543529
210.222911,100,336.719916
322.783959,100,336.883434
296.010784,100,337.043806
228.250992,100,337.202914
356.838816,100,337.40827
293.286637,100,352.078244
204.29614,100,352.236389
257.480657,100,352.405261
342.794245,100,352.559707
261.466552,100,352.70771
284.992195,100,352.862664
247.21839,100,353.014937
272.280727,100,353.174057
248.762071,100,353.315572
266.757937,100,353.463291
266.370582,100,364.960269
189.955172,100,365.12665
265.623524,100,365.282641
220.277133,100,365.429085
253.691686,100,365.56952
339.040599,100,365.719277
236.002115,100,365.975737
236.61942,100,366.153089
300.019102,100,366.324347
230.7083,100,366.480736
290.760282,100,378.271657
222.203787,100,378.467091
243.447414,100,378.653448
289.060486,100,378.855241
234.059835,100,379.030049
365.71278,100,379.181566
234.905279,100,379.350202
284.185495,100,379.506947
286.750167,100,379.683245
277.415974,100,379.921626
241.444931,100,393.612892
271.496448,100,393.990936
235.717706,100,394.286631
211.845426,100,394.6677
263.359503,100,395.038752
319.623126,100,395.39611
339.671683,100,395.771179
265.773496,100,396.153714
233.900252,100,396.44828
287.746042,100,396.637704
270.782607,100,409.331092
344.730027,100,409.719941
263.747323,100,410.099486
238.501512,100,410.45285
278.059426,100,410.872066
267.591208,100,411.197392
268.699617,100,411.523929
258.88124,100,411.849298
280.654361,100,412.168172
281.175097,100,412.435619
203.721211,100,427.339788
262.907275,100,427.50444
252.834406,100,427.690624
261.149484,100,427.895346
354.484156,100,428.210755
236.840389,100,428.409412
249.189478,100,428.593035
238.028016,100,428.775952
254.25933,100,428.960074
260.24767,100,429.147122
272.042605,100,440.853014
253.985481,100,441.009354
247.976882,100,441.158015
315.307559,100,441.307854
190.318961,100,441.451385
230.628516,100,441.598618
339.395107,100,441.750699
277.101864,100,441.910751
213.106346,100,442.188583
301.136777,100,442.353058
382.421909,100,454.399533
292.071256,100,454.590499
356.671734,100,454.771749
251.149204,100,454.927164
207.507363,100,455.067902
216.701839,100,455.228499
307.175438,100,455.388548
293.219503,100,455.56361
246.049576,100,455.730025
275.990874,100,455.880631
301.358763,100,467.314511
242.390578,100,467.50765
254.061955,100,467.713215
310.910711,100,467.896089
271.392547,100,468.065522
234.050987,100,468.230716
289.486393,100,468.396979
302.693395,100,468.560667
217.800127,100,468.83026
302.896431,100,469.058939
317.12457,100,479.902475
199.438238,100,480.050755
300.140284,100,480.195772
305.023159,100,480.339387
267.3452,100,480.477304
320.853807,100,480.640663
212.329623,100,480.896472
304.187054,100,481.052358
309.224411,100,481.231977
296.614614,100,481.400383
259.817081,100,491.936687
336.902877,100,492.091396
258.389713,100,492.241747
263.939604,100,492.399801
240.928877,100,492.565902
218.10889,100,492.805675
269.740874,100,492.985749
341.281091,100,493.157386
217.487057,100,493.310586
254.806437,100,493.461778
276.147006,100,504.591464
260.53412,100,504.901344
339.26735,100,505.081835
302.452531,100,505.29244
251.192849,100,505.488832
290.964385,100,505.682355
221.100111,100,505.881504
242.75272,100,506.055353
209.719684,100,506.222716
236.383902,100,506.395444
267.627702,100,520.364069
226.952145,100,520.529006
265.668174,100,520.782929
328.022464,100,521.009593
248.395546,100,521.199224
302.828164,100,521.393422
266.061799,100,521.587106
229.3755,100,521.805977
281.080762,100,522.007783
337.756526,100,522.206971
307.981864,100,534.864576
280.282593,100,535.010263
237.053174,100,535.180655
308.026692,100,535.344998
257.75158,100,535.488334
313.186928,100,535.661604
317.188079,100,535.839043
261.643372,100,535.993797
325.181785,100,536.16426
313.170747,100,536.316289
293.815461,100,549.42998
179.113006,100,549.573032
282.563175,100,549.726891
304.366634,100,549.892516
301.578433,100,550.058472
312.286548,100,550.207298
311.578453,100,550.363679
258.656105,100,550.509826
296.126659,100,550.704355
343.174537,100,550.97892
259.98799,100,562.307769
311.801122,100,562.462807
282.375737,100,562.627816
334.286582,100,562.889075
290.780898,100,563.065685
272.463402,100,563.205552
316.142649,100,563.352566
339.304073,100,563.495277
283.540408,100,563.647038
222.04319,100,563.804978
307.478103,100,574.688021
246.216158,100,574.839989
210.373995,100,575.070532
314.622937,100,575.259492
278.886915,100,575.429252
305.157884,100,575.59052
298.936413,100,575.737981
236.850568,100,575.882504
301.551124,100,576.029041
253.383998,100,576.186446
271.435526,100,589.706371
288.321396,100,589.864689
251.532054,100,590.011862
347.99423,100,590.159844
277.67053,100,590.302299
304.910606,100,590.445016
291.057267,100,590.599351
304.206292,100,590.76267
344.867464,100,590.922335
288.461677,100,591.17875
304.75642,100,601.798166
280.688619,100,601.947329
317.865459,100,602.102366
288.312415,100,602.257912
324.554782,100,602.406323
286.75564,100,602.553703
244.334762,100,602.707722
314.42606,100,602.860591
370.381154,100,603.062245
263.195781,100,603.282757
322.018075,100,614.773014
237.266553,100,614.98237
285.355476,100,615.255836
292.693165,100,615.430317
331.391966,100,615.636101
282.912323,100,615.845361
365.056662,100,616.024665
296.891163,100,616.206817
335.873336,100,616.396385
312.532208,100,616.582608
291.730023,100,627.424731
244.357582,100,627.576287
335.794065,100,627.732967
288.495332,100,627.958217
252.694076,100,628.21209
295.225899,100,628.457959
307.512352,100,628.765096
327.558292,100,629.08078
254.982583,100,629.360084
292.423286,100,629.650056
314.69093,100,643.294872
293.005509,100,643.601117
204.567297,100,643.766838
232.365833,100,643.920983
305.648583,100,644.071365
253.29795,100,644.237087
200.464121,100,644.398021
300.289318,100,644.56311
253.702785,100,644.713208
348.048596,100,644.86521
321.740142,100,659.091049
259.132107,100,659.277646
281.574475,100,659.546757
338.619477,100,659.727835
296.191191,100,659.927686
285.345785,100,660.107026
253.853413,100,660.284673
324.545344,100,660.470518
268.127304,100,660.665228
240.165158,100,660.873704
318.656602,100,673.870488
322.867869,100,674.022197
307.79083,100,674.171905
370.99321,100,674.327241
338.655636,100,674.480623
335.91424,100,674.664432
321.018781,100,674.822209
286.063923,100,674.982823
308.037493,100,675.139204
333.598365,100,675.339328
310.500521,100,687.111268
331.821248,100,687.254755
219.906302,100,687.40154
317.103546,100,687.549698
246.05599,100,687.825651
235.341293,100,687.981611
352.980981,100,688.153902
289.222456,100,688.319657
378.433068,100,688.461761
336.685992,100,688.610549
353.429382,100,699.911484
310.652419,100,700.114811
333.983054,100,700.299735
315.44658,100,700.491398
307.005907,100,700.697471
239.25276,100,700.947928
295.468506,100,701.148932
351.503516,100,701.335701
291.626075,100,701.522864
290.280662,100,701.800194
302.938072,100,715.984321
296.227851,100,716.178473
259.662989,100,716.366633
300.44814,100,716.556081
308.488712,100,716.761732
291.68721,100,716.957686
309.886828,100,717.151327
234.023213,100,717.347107
252.925339,100,717.540746
312.114559,100,717.799515
246.115465,100,729.050971
281.969573,100,729.210574
358.342305,100,729.369254
282.568817,100,729.512592
276.583757,100,729.689385
281.017955,100,729.922984
330.750121,100,730.069575
327.923459,100,730.242087
283.797707,100,730.393603
292.014163,100,730.559859
233.451269,100,742.731193
235.69529,100,742.902669
259.608098,100,743.067317
290.159285,100,743.226268
315.996093,100,743.403747
339.98972,100,743.560518
326.983004,100,743.774837
197.713613,100,743.976095
347.055612,100,744.144863
387.026305,100,744.302898
384.113422,100,755.280652
290.611537,100,755.442374
254.899115,100,755.61981
276.663126,100,755.932307
289.906349,100,756.110602
280.149952,100,756.296054
257.721868,100,756.458855
328.349658,100,756.630619
311.265672,100,756.827382
336.68663,100,757.019106
287.733521,100,768.518938
308.070947,100,768.693769
220.861084,100,768.839992
347.896149,100,769.007072
316.341886,100,769.155105
310.686944,100,769.318759
346.293954,100,769.479398
407.58526,100,769.639066
294.359927,100,769.801801
291.168247,100,769.963739
386.937438,100,783.906919
322.85179,100,784.08059
253.58276,100,784.272907
284.187144,100,784.45832
317.883741,100,784.774577
334.935886,100,784.974507
381.552681,100,785.221538
317.373991,100,785.430144
333.665098,100,785.634768
246.345448,100,785.853574
277.680637,100,801.392039
242.83224,100,801.533225
283.222867,100,801.677693
284.338414,100,801.839411
280.517201,100,801.982615
317.449681,100,802.129666
246.519179,100,802.2731
283.527034,100,802.414286
402.768471,100,802.605675
281.305763,100,802.816725
323.019157,100,816.907642
292.519716,100,817.087951
346.819781,100,817.240396
300.441236,100,817.399721
319.49533,100,817.555674
386.998021,100,817.719853
258.572783,100,817.885588
278.492919,100,818.04734
307.0849,100,818.209515
276.184758,100,818.373826
293.266639,100,830.057897
321.786675,100,830.220707
302.32423,100,830.375843
340.520416,100,830.540658
288.329992,100,830.824184
307.200929,100,831.004886
272.571773,100,831.173617
344.634248,100,831.336322
256.757824,100,831.492584
283.979679,100,831.671471
292.857673,100,845.176924
349.558795,100,845.337259
311.512506,100,845.49892
276.236782,100,845.664786
402.576083,100,845.830523
302.509111,100,845.978511
301.825876,100,846.132266
311.021805,100,846.292328
309.169549,100,846.446979
331.164894,100,846.675377
307.365547,100,860.461831
309.42912,100,860.829569
288.502813,100,861.114515
254.95579,100,861.442816
247.63857,100,861.795755
342.734741,100,862.158328
299.10399,100,862.533668
300.99581,100,862.797839
368.015007,100,862.951088
370.873562,100,863.12722
267.886221,100,875.123433
247.987407,100,875.27495
284.706186,100,875.433635
344.219413,100,875.598613
366.970666,100,875.771406
236.281485,100,875.923811
348.317703,100,876.065259
262.307873,100,876.209313
288.664765,100,876.356419
273.515579,100,876.496796
256.71692,100,889.151757
279.232278,100,889.302873
227.187642,100,889.45261
330.563055,100,889.610877
331.790529,100,889.763788
253.353177,100,889.914474
266.402504,100,890.062336
257.775293,100,890.224581
272.177866,100,890.378536
310.249265,100,890.535558
259.18892,100,901.633688
333.757851,100,901.81478
350.75717,100,901.975605
259.580221,100,902.132335
304.810852,100,902.293329
300.418332,100,902.457578
281.384986,100,902.622404
305.265585,100,902.785328
300.306279,100,902.951262
283.742095,100,903.148739
321.561472,100,914.47186
353.678641,100,914.625941
345.781546,100,914.786218
298.878913,100,914.95557
349.705271,100,915.140543
351.768607,100,915.368516
286.303603,100,915.522218
271.766264,100,915.71506
287.055823,100,915.867103
245.670271,100,916.01352
307.130353,100,926.835273
352.019854,100,926.979233
350.899428,100,927.190012
264.965308,100,927.408558
315.892934,100,927.571822
325.860094,100,927.755627
420.645726,100,927.916263
279.237834,100,928.071232
309.42396,100,928.252565
268.06385,100,928.423017
317.788963,100,940.397086
368.413025,100,940.58261
324.221182,100,940.788407
275.041784,100,940.987725
365.994812,100,941.222797
337.451071,100,941.42372
295.779421,100,941.607265
358.262634,100,941.789915
257.148355,100,941.965607
314.334743,100,942.133961
201.320558,100,953.910906
281.786688,100,954.065068
255.96335,100,954.22119
304.418481,100,954.399049
260.206376,100,954.549089
235.610574,100,954.740067
282.223058,100,954.891624
280.814677,100,955.044894
321.307978,100,955.194038
377.605774,100,955.357072
360.935583,100,968.932998
420.523684,100,969.089113
374.44261,100,969.246943
288.044851,100,969.396992
333.435538,100,969.669638
419.622179,100,969.813352
350.02778,100,969.980013
332.989031,100,970.128385
346.053531,100,970.279945
307.361659,100,970.431061
406.181971,100,981.370732
325.42242,100,981.633721
403.403969,100,981.803764
308.567224,100,981.961697
323.231033,100,982.129069
291.405665,100,982.271041
303.922247,100,982.416066
311.747232,100,982.568587
295.726026,100,982.732969
269.218945,100,982.881574
293.15916,100,995.254174
392.507686,100,995.39107
307.840398,100,995.650676
329.356586,100,995.807992
379.268066,100,995.976512
266.395835,100,996.125557
337.58201,100,996.273249
338.909487,100,996.421085
383.7568,100,996.571315
282.214874,100,996.729318
392.993064,100,1010.862024
287.148992,100,1011.021269
317.210598,100,1011.180484
290.125905,100,1011.339232
277.660518,100,1011.560622
322.753064,100,1011.755248
269.964685,100,1011.948049
312.293274,100,1012.113663
323.140905,100,1012.264107
313.125683,100,1012.418174
338.049347,100,1024.246073
323.641462,100,1024.426277
316.645742,100,1024.59737
350.523471,100,1024.790123
319.668043,100,1024.971705
287.139228,100,1025.142739
344.304911,100,1025.302611
363.306713,100,1025.504468
326.822621,100,1025.745941
260.592253,100,1025.934701
275.020097,100,1039.950281
312.703757,100,1040.12194
238.091321,100,1040.271493
303.296762,100,1040.416942
336.068183,100,1040.568251
267.677406,100,1040.741396
389.419497,100,1040.920565
345.37574,100,1041.081035
354.517409,100,1041.22561
367.061802,100,1041.381123
363.712017,100,1052.812541
265.55658,100,1052.949206
334.437058,100,1053.08552
392.199661,100,1053.229217
259.136866,100,1053.374016
345.75519,100,1053.635717
300.99927,100,1053.780997
430.857828,100,1053.953311
305.519483,100,1054.099816
350.879892,100,1054.239849
274.10799,100,1065.181628
333.173441,100,1065.373333
292.650586,100,1065.638858
322.936853,100,1065.888132
389.202899,100,1066.098768
340.046886,100,1066.309525
354.166672,100,1066.54109
312.000504,100,1066.77194
283.299688,100,1067.031687
377.252966,100,1067.294737
355.515231,100,1081.191743
333.477874,100,1081.345671
300.837993,100,1081.586689
320.268401,100,1081.775063
284.636762,100,1081.948951
406.404787,100,1082.113353
329.645452,100,1082.262926
326.353174,100,1082.42887
358.189072,100,1082.600761
384.971653,100,1082.779627
336.320826,100,1093.376237
267.802586,100,1093.621774
277.540298,100,1093.777403
302.658537,100,1093.95278
242.016383,100,1094.097876
233.285706,100,1094.243807
290.96795,100,1094.392504
280.846006,100,1094.542531
255.303071,100,1094.698615
339.393511,100,1094.85954
314.883498,100,1106.727663
288.509535,100,1106.912591
374.428247,100,1107.067823
299.386403,100,1107.22104
227.592854,100,1107.384107
387.03252,100,1107.630483
269.146561,100,1107.804149
328.518694,100,1107.956991
416.759205,100,1108.116668
294.755262,100,1108.256518
303.914325,100,1121.650082
288.664384,100,1121.90575
400.932546,100,1122.166525
363.909203,100,1122.469355
368.814333,100,1122.775298
344.092222,100,1123.089003
307.325859,100,1123.388427
297.096355,100,1123.700172
358.762749,100,1123.936301
350.114405,100,1124.220912
257.645419,100,1138.098012
377.346161,100,1138.236209
369.910633,100,1138.458945
365.941638,100,1138.643695
358.921096,100,1138.810231
395.159175,100,1138.979366
299.617942,100,1139.140652
307.909771,100,1139.296586
282.512221,100,1139.450554
317.230112,100,1139.613479
364.293052,100,1151.461635
330.02445,100,1151.620558
380.596152,100,1151.809193
348.634334,100,1151.99065
360.113197,100,1152.168289
319.340594,100,1152.336328
330.514744,100,1152.518661
387.142142,100,1152.771365
281.23896,100,1152.957604
382.403251,100,1153.128605
378.588741,100,1164.353735
296.497941,100,1164.502121
315.548019,100,1164.771083
371.708003,100,1164.925721
322.776004,100,1165.088953
292.212059,100,1165.241299
304.854932,100,1165.400949
337.35545,100,1165.543849
249.311987,100,1165.718619
315.965718,100,1165.8897
322.938469,100,1176.397588
327.855881,100,1176.592884
323.037067,100,1176.80203
230.565033,100,1176.971302
332.099177,100,1177.141078
327.691461,100,1177.290228
372.236951,100,1177.443649
319.720547,100,1177.593899
328.761424,100,1177.743207
373.145433,100,1177.913616
345.244356,100,1189.968579
310.571716,100,1190.266394
256.365619,100,1190.586201
333.304365,100,1190.879427
394.658568,100,1191.128705
316.898186,100,1191.433908
347.095948,100,1191.740402
289.681156,100,1192.054029
393.741716,100,1192.372802
354.760173,100,1192.706784
383.491842,100,1205.638589
258.923608,100,1205.81425
363.337265,100,1205.981601
364.958763,100,1206.149471
335.940392,100,1206.316211
264.709682,100,1206.503856
377.916053,100,1206.692345
320.396373,100,1206.937498
353.013494,100,1207.167115
379.073107,100,1207.377734
334.253722,100,1219.380859
405.913041,100,1219.553984
369.522308,100,1219.703956
264.249336,100,1219.859551
404.650551,100,1220.011372
282.617859,100,1220.169674
318.998534,100,1220.331698
317.974943,100,1220.47568
335.4837,100,1220.624683
374.804988,100,1220.783439
398.857375,100,1233.615025
358.232643,100,1233.784187
305.014675,100,1233.945524
263.956356,100,1234.117621
369.897044,100,1234.295291
266.621655,100,1234.47164
308.439137,100,1234.667893
359.712194,100,1234.875824
347.674388,100,1235.096454
371.138266,100,1235.27804
262.911566,100,1248.870896
298.253415,100,1249.094726
366.275663,100,1249.258018
313.914513,100,1249.416009
333.148112,100,1249.562704
279.849137,100,1249.809018
276.309069,100,1249.997508
291.898524,100,1250.168999
292.485209,100,1250.340918
408.57739,100,1250.514504
333.986329,100,1262.670354
362.581087,100,1262.85666
346.187859,100,1263.096073
356.461465,100,1263.261216
294.140228,100,1263.41512
297.434198,100,1263.600548
253.014767,100,1263.776923
317.821854,100,1263.94374
271.236408,100,1264.101835
286.372302,100,1264.283679
299.878836,100,1278.670097
275.787687,100,1278.875252
332.438463,100,1279.185772
307.357817,100,1279.386241
350.890309,100,1279.582776
348.702076,100,1279.778986
366.789939,100,1279.961746
339.524612,100,1280.153295
366.61886,100,1280.347108
392.535102,100,1280.537537
336.767779,100,1292.753815
265.311422,100,1292.917249
285.991929,100,1293.176793
343.207467,100,1293.338855
270.184824,100,1293.50956
341.900236,100,1293.663346
344.300063,100,1293.816511
366.507745,100,1293.967426
353.712762,100,1294.130602
350.633601,100,1294.294007
271.417224,100,1306.05992
390.712829,100,1306.3778
365.467166,100,1306.716302
312.707104,100,1307.045985
311.910741,100,1307.361952
246.352105,100,1307.647074
292.860918,100,1307.976902
310.235178,100,1308.286768
392.925654,100,1308.60245
399.765022,100,1308.921059
371.34718,100,1320.161932
375.50419,100,1320.307265
394.829964,100,1320.4626
396.639686,100,1320.610944
241.722801,100,1320.772197
226.841036,100,1320.925789
393.694978,100,1321.144682
324.400247,100,1321.332402
350.868072,100,1321.499685
413.008531,100,1321.656595
373.775373,100,1333.491101
315.837877,100,1333.697859
344.69197,100,1333.885185
318.345852,100,1334.067329
299.570159,100,1334.268546
276.659793,100,1334.454779
351.831122,100,1334.641067
342.762459,100,1334.831014
319.61556,100,1335.045382
329.348342,100,1335.313837
298.098891,100,1345.877798
374.519712,100,1346.022591
371.151341,100,1346.167988
318.48485,100,1346.348178
322.979041,100,1346.513507
380.943883,100,1346.686062
333.188577,100,1346.857194
364.910737,100,1347.040771
383.998558,100,1347.266861
371.187764,100,1347.441051
358.273049,100,1361.257739
294.539077,100,1361.434715
289.639269,100,1361.628792
399.742412,100,1361.806063
292.205072,100,1361.981089
321.75128,100,1362.149718
250.604649,100,1362.328712
371.957763,100,1362.496124
325.794018,100,1362.674659
323.110266,100,1362.851983
307.836074,100,1375.256358
366.363149,100,1375.440591
289.244569,100,1375.689956
367.580957,100,1375.885192
352.171234,100,1376.072526
363.088489,100,1376.233078
233.381372,100,1376.413112
348.275378,100,1376.6
342.554981,100,1376.785365
299.71269,100,1376.945757
361.571149,100,1388.924946
309.605763,100,1389.145448
342.807321,100,1389.369316
382.869575,100,1389.648058
342.224271,100,1389.858612
290.838349,100,1390.047207
292.464516,100,1390.215823
387.321781,100,1390.392339
306.633514,100,1390.571939
411.676786,100,1390.769582
400.878672,100,1402.1085
289.825049,100,1402.25327
310.497092,100,1402.406928
379.213314,100,1402.562754
335.944418,100,1402.731278
331.143792,100,1402.882687
286.748459,100,1403.027926
302.136712,100,1403.173308
360.385044,100,1403.321695
291.942917,100,1403.462095
318.95933,100,1417.122902
321.717345,100,1417.307087
334.148092,100,1417.484197
247.773604,100,1417.766509
309.085828,100,1417.953721
285.682256,100,1418.150107
320.001886,100,1418.343834
389.701604,100,1418.528552
342.100627,100,1418.70872
328.110568,100,1418.897756
261.339393,100,1432.650976
312.398405,100,1432.832481
290.871901,100,1432.985725
414.270623,100,1433.152338
382.934034,100,1433.309046
299.937544,100,1433.522817
339.017162,100,1433.820115
318.312429,100,1433.975097
364.008119,100,1434.149108
207.955968,100,1434.29651
412.0997,100,1448.321526
279.260119,100,1448.479984
334.585553,100,1448.635631
403.958289,100,1448.791225
281.823265,100,1448.948365
289.288128,100,1449.119841
345.142388,100,1449.262402
340.349011,100,1449.407877
355.736726,100,1449.596054
240.877483,100,1449.82893
332.23453,100,1461.990511
389.219045,100,1462.182435
314.067576,100,1462.377496
378.169756,100,1462.563629
372.327543,100,1462.742632
374.144034,100,1462.932262
406.025283,100,1463.112213
391.817721,100,1463.28065
351.658539,100,1463.457407
320.876851,100,1463.729587
351.120422,100,1477.397452
295.887949,100,1477.576634
384.330783,100,1477.819814
271.079178,100,1478.015718
362.021901,100,1478.172829
332.526589,100,1478.343362
310.227888,100,1478.488591
410.957265,100,1478.629271
353.321102,100,1478.774442
395.275905,100,1478.929682
337.125796,100,1491.091485
388.671766,100,1491.249463
269.092994,100,1491.419038
352.630287,100,1491.58505
268.716683,100,1491.740218
366.247501,100,1491.908758
360.082962,100,1492.068703
331.423759,100,1492.221973
298.000832,100,1492.484831
334.791969,100,1492.660957
307.308854,100,1504.033645
374.015928,100,1504.179522
293.690803,100,1504.33833
369.557009,100,1504.487188
292.679996,100,1504.761743
355.662377,100,1504.920519
329.544293,100,1505.103679
327.900781,100,1505.267099
299.336068,100,1505.431619
305.499986,100,1505.589094
325.475408,100,1521.045001
361.615051,100,1521.416116
381.553112,100,1521.791547
304.647608,100,1522.16611
293.78242,100,1522.53086
375.585982,100,1522.906304
360.226712,100,1523.229847
279.945598,100,1523.601079
363.283601,100,1523.969312
288.549449,100,1524.328116
290.284049,100,1540.342299
296.76721,100,1540.504076
395.492964,100,1540.702931
319.179398,100,1540.962708
290.9618,100,1541.148979
324.421989,100,1541.326235
401.30876,100,1541.486023
225.119581,100,1541.644073
370.301541,100,1541.812679
372.411047,100,1541.98123
343.159802,100,1556.003773
312.698424,100,1556.307798
290.474445,100,1556.611819
282.821158,100,1556.908927
353.948445,100,1557.132649
334.162175,100,1557.40964
352.752726,100,1557.691979
315.702462,100,1557.945096
394.801296,100,1558.148807
315.774408,100,1558.375416
297.75111,100,1570.33679
355.941547,100,1570.47985
382.916384,100,1570.621877
358.028274,100,1570.777113
414.305326,100,1570.95104
359.435922,100,1571.25444
348.37254,100,1571.411469
282.129794,100,1571.592669
302.23872,100,1571.761542
342.270539,100,1571.907233
347.627823,100,1583.28146
319.873092,100,1583.443469
426.977211,100,1583.598059
428.302486,100,1583.746109
321.551828,100,1583.892919
369.030149,100,1584.043697
302.274804,100,1584.195198
362.514613,100,1584.345318
335.794179,100,1584.488995
387.928889,100,1584.636273
352.191202,100,1597.803076
377.291977,100,1598.153369
291.238811,100,1598.506161
397.217479,100,1598.860746
312.461362,100,1599.012111
386.754918,100,1599.185396
295.772066,100,1599.425128
390.006583,100,1599.569022
350.340034,100,1599.74899
348.445752,100,1599.895645
362.151583,100,1611.841195
339.106938,100,1611.996644
322.126207,100,1612.148106
306.458098,100,1612.294683
350.080064,100,1612.459913
352.854548,100,1612.619401
370.620531,100,1612.781026
314.902751,100,1612.930608
380.97492,100,1613.083523
309.933675,100,1613.338751
368.616647,100,1625.841043
319.67775,100,1626.003027
333.36504,100,1626.173002
408.747542,100,1626.335771
350.245708,100,1626.513382
374.1854,100,1626.681294
368.239927,100,1626.846573
372.922211,100,1627.013381
321.616237,100,1627.182625
323.425016,100,1627.452397
322.716269,100,1638.328411
384.667956,100,1638.47484
385.083586,100,1638.630874
368.019493,100,1638.789687
316.687465,100,1638.945812
367.520183,100,1639.105778
276.572857,100,1639.26194
412.584313,100,1639.41301
363.837262,100,1639.666865
300.511727,100,1639.817484
462.893216,100,1652.334533
269.179878,100,1652.637567
332.724578,100,1652.9348
368.599073,100,1653.222785
284.076503,100,1653.529693
467.299188,100,1653.804291
335.573223,100,1654.020878
340.705419,100,1654.319768
339.686436,100,1654.626931
350.293354,100,1654.930923
334.183317,100,1666.85781
347.447328,100,1667.037632
374.106886,100,1667.205119
336.634247,100,1667.38066
302.152957,100,1667.565968
384.481974,100,1667.84425
363.848726,100,1668.014109
330.355672,100,1668.230009
340.73391,100,1668.415332
401.973493,100,1668.597057
339.536268,100,1682.012605
357.396407,100,1682.206561
388.603241,100,1682.417841
358.570156,100,1682.581976
362.396532,100,1682.737684
352.803616,100,1682.91375
386.816806,100,1683.074974
348.031194,100,1683.218849
418.836566,100,1683.374271
377.045756,100,1683.522456
373.879875,100,1696.215642
386.644293,100,1696.386292
374.895624,100,1696.551322
387.114648,100,1696.727703
368.730739,100,1696.914387
376.060735,100,1697.115874
327.578924,100,1697.31411
271.712281,100,1697.5128
328.02123,100,1697.817437
330.860164,100,1698.031878
434.031162,100,1710.64303
365.602712,100,1710.825711
374.166668,100,1710.99267
343.785993,100,1711.138752
321.624917,100,1711.284684
358.843209,100,1711.433224
365.948221,100,1711.594498
365.507811,100,1711.842115
377.862667,100,1711.990449
448.233126,100,1712.16932
266.722733,100,1724.724642
341.638959,100,1724.886069
388.013891,100,1725.038701
379.151023,100,1725.188956
381.78154,100,1725.340113
402.188841,100,1725.485534
359.066336,100,1725.67637
347.966769,100,1725.890637
386.995422,100,1726.043019
388.177818,100,1726.214528
411.367915,100,1738.552717
246.691976,100,1738.728005
330.125667,100,1738.914714
384.932647,100,1739.09403
351.991461,100,1739.278479
341.458515,100,1739.454325
276.250307,100,1739.670645
408.908312,100,1739.910417
326.478754,100,1740.101603
375.227556,100,1740.27523
298.189817,100,1754.481218
327.08044,100,1754.625268
394.769207,100,1754.77232
334.753001,100,1754.932
296.875324,100,1755.082535
412.913538,100,1755.225033
283.404278,100,1755.374202
410.463049,100,1755.520898
319.04413,100,1755.747432
418.821886,100,1755.922169
308.666164,100,1769.551682
394.769199,100,1769.708957
412.860151,100,1769.863987
398.381733,100,1770.0033
346.630456,100,1770.145822
366.870523,100,1770.333414
408.13331,100,1770.561367
370.090341,100,1770.716543
402.327518,100,1770.892814
345.668606,100,1771.047082
412.617668,100,1.535645
261.560343,100,1.692669
313.186496,100,1.835016
323.735957,100,1.983002
230.20582,100,2.14947
376.928562,100,2.301537
352.012366,100,2.442956
366.126819,100,2.585975
287.384872,100,2.723944
421.022389,100,2.86633
399.936767,100,15.646569
266.078704,100,15.827373
348.373079,100,16.009049
416.735848,100,16.194869
337.18984,100,16.357144
329.208032,100,16.507907
387.608595,100,16.6634
295.699995,100,16.823605
255.798012,100,16.972288
283.080204,100,17.182388
433.22304,100,28.762375
368.342842,100,28.937039
375.519676,100,29.120215
351.678513,100,29.380111
395.735354,100,29.60305
340.471414,100,29.819955
426.316328,100,29.974436
354.579906,100,30.124657
274.747223,100,30.277295
367.607549,100,30.421025
357.278424,100,41.836708
320.620887,100,42.133245
323.240885,100,42.441672
347.622047,100,42.744178
344.801381,100,43.039961
381.675162,100,43.360219
341.825498,100,43.571048
324.877762,100,43.748426
437.546839,100,43.915543
362.931887,100,44.071391
358.51285,100,55.926263
389.1141,100,56.091738
390.912925,100,56.250223
304.987355,100,56.4157
350.148653,100,56.602305
407.742722,100,56.781722
349.740505,100,56.932458
389.646999,100,57.088446
377.338623,100,57.270924
361.5541,100,57.509195
319.98627,100,69.739351
343.653425,100,69.949647
298.980585,100,70.141747
416.229598,100,70.342544
322.304606,100,70.546138
341.008365,100,70.734694
375.354829,100,70.92046
317.338373,100,71.098642
365.112187,100,71.319754
452.856814,100,71.558091
356.820782,100,84.471338
316.083013,100,84.678933
356.843199,100,84.871838
412.918663,100,85.054158
353.5594,100,85.241268
283.217848,100,85.440589
253.12345,100,85.757947
352.430811,100,85.966795
383.408182,100,86.18769
369.985118,100,86.416053
276.608564,100,98.833099
368.116647,100,98.985749
402.868148,100,99.127225
332.973298,100,99.270387
355.471892,100,99.423618
292.670017,100,99.58545
298.13447,100,99.842709
306.808474,100,100.001354
364.162476,100,100.167531
291.849236,100,100.31294
311.099383,100,110.922079
259.103075,100,111.085398
355.357364,100,111.253218
271.76964,100,111.400755
305.656941,100,111.558179
399.268291,100,111.832809
367.468362,100,112.056661
303.871575,100,112.357421
344.031523,100,112.654829
362.826632,100,112.961257
324.017216,100,124.464396
322.991567,100,124.64645
330.246912,100,124.824967
307.395759,100,125.029256
295.998354,100,125.212666
348.102399,100,125.395458
314.458391,100,125.578147
400.493822,100,125.84245
321.39764,100,126.014314
387.952875,100,126.208012
267.07825,100,138.461123
312.613974,100,138.625281
392.127482,100,138.787673
386.548373,100,138.96845
404.145821,100,139.165036
439.060035,100,139.345805
328.79263,100,139.505872
343.098246,100,139.753386
376.668061,100,139.941318
353.776005,100,140.132111
363.890408,100,156.461553
340.838082,100,156.772996
366.792458,100,157.076708
363.223797,100,157.393611
400.338861,100,157.699937
350.83031,100,157.949109
357.182123,100,158.195157
313.763232,100,158.410984
280.581318,100,158.614729
355.357079,100,158.842844
299.035079,100,171.920014
393.256403,100,172.126213
367.3531,100,172.364707
395.279425,100,172.580727
380.449368,100,172.752733
313.183669,100,172.926402
374.534487,100,173.101746
364.704899,100,173.272665
267.250903,100,173.441152
336.42511,100,173.616259
401.758406,100,188.302021
349.702638,100,188.45862
276.703548,100,188.602313
341.430908,100,188.764633
347.623526,100,188.928415
373.423496,100,189.08879
377.794273,100,189.258457
428.676162,100,189.439433
402.458464,100,189.592401
361.145756,100,189.810388
339.855574,100,203.190801
394.509891,100,203.349635
291.142226,100,203.507037
328.598792,100,203.67153
327.798041,100,203.942332
358.731634,100,204.101487
380.9798,100,204.287357
348.871938,100,204.455743
350.418471,100,204.608335
338.785596,100,204.768206
266.307787,100,215.889473
388.281317,100,216.05337
424.038304,100,216.224682
415.794986,100,216.384777
364.485861,100,216.54418
379.045082,100,216.702487
315.818644,100,216.85985
388.628204,100,217.007077
323.882741,100,217.158092
345.196478,100,217.309056
380.864343,100,229.22954
289.592123,100,229.392739
375.395055,100,229.552928
392.697876,100,229.714977
261.633597,100,229.985364
329.390142,100,230.167702
390.432711,100,230.373966
382.727202,100,230.55865
341.85321,100,230.739747
403.694582,100,230.917795
332.232475,100,243.968248
427.29322,100,244.152292
342.976685,100,244.358475
388.995945,100,244.540885
253.970195,100,244.712933
374.452054,100,244.885849
271.260487,100,245.091002
393.126437,100,245.290913
387.116359,100,245.477474
263.883584,100,245.655732
417.605217,100,257.708129
383.475142,100,257.970007
352.926311,100,258.15019
285.538356,100,258.333964
348.740279,100,258.483797
370.381672,100,258.63494
288.544993,100,258.788495
380.376738,100,258.951786
322.666275,100,259.117238
305.381768,100,259.278002
334.031256,100,271.37865
331.83282,100,271.543913
345.226793,100,271.723228
340.939592,100,271.971604
383.307451,100,272.13201
401.871007,100,272.317208
374.710239,100,272.460659
352.432226,100,272.607406
271.704652,100,272.762406
318.994228,100,272.911438
278.990117,100,289.811474
407.370823,100,289.953249
311.310257,100,290.09465
407.354837,100,290.242099
405.975738,100,290.502318
418.266179,100,290.657411
454.327844,100,290.833075
384.523493,100,290.997315
314.677545,100,291.15288
326.174101,100,291.300629
384.589997,100,303.329842
366.086948,100,303.707826
322.086461,100,304.076696
320.073404,100,304.466111
249.887942,100,304.84676
335.891703,100,305.134095
289.461228,100,305.408314
367.680153,100,305.724977
245.092082,100,306.043043
351.341275,100,306.347821
343.230591,100,317.956798
420.264461,100,318.110862
331.105871,100,318.267868
357.660821,100,318.427373
312.611132,100,318.574668
288.035172,100,318.765471
340.780513,100,318.977652
355.777214,100,319.124969
399.991309,100,319.286159
405.761453,100,319.451195
369.185751,100,330.457547
329.748573,100,330.600638
368.005435,100,330.830947
333.931439,100,331.06989
345.312472,100,331.310416
286.623253,100,331.527896
446.418193,100,331.755529
389.916363,100,331.963354
304.433197,100,332.181765
446.111054,100,332.393787
394.27817,100,347.070255
322.642839,100,347.217926
363.772739,100,347.381044
421.94087,100,347.514159
373.521862,100,347.650607
401.672325,100,347.789894
362.477879,100,347.936117
376.71696,100,348.099065
358.674186,100,348.253261
370.726235,100,348.405358
380.430307,100,359.534451
256.693983,100,359.680777
348.737856,100,359.841843
299.361271,100,360.01177
382.423356,100,360.173823
436.651885,100,360.333678
324.901951,100,360.495221
285.979038,100,360.666058
429.240519,100,360.811568
321.626549,100,361.06031
384.881342,100,372.503927
304.816645,100,372.661948
335.751289,100,372.812386
386.621658,100,373.068776
310.815918,100,373.25255
491.275877,100,373.432754
298.088635,100,373.598651
382.296124,100,373.745833
385.847824,100,373.914201
374.722935,100,374.084426
311.279061,100,386.138744
341.976381,100,386.29933
354.953613,100,386.458981
301.948357,100,386.620147
363.446733,100,386.775684
433.168355,100,386.928895
439.959351,100,387.087178
371.023812,100,387.352357
351.738519,100,387.51716
405.10138,100,387.688954
354.457711,100,400.347444
440.899692,100,400.521407
382.439091,100,400.682386
354.6048,100,400.837099
380.430105,100,401.002445
380.662855,100,401.199766
365.84588,100,401.40822
372.781066,100,401.577962
384.312845,100,401.747404
360.910225,100,401.896688
307.450818,100,414.506683
379.272421,100,414.816687
326.164921,100,415.139146
358.51133,100,415.458846
433.174819,100,415.706595
339.686507,100,416.020444
334.081822,100,416.333316
306.055558,100,416.633045
344.726459,100,416.935921
330.259937,100,417.247225
365.331901,100,430.100386
350.515438,100,430.271814
330.464966,100,430.430794
390.974756,100,430.603622
262.511204,100,430.763457
347.546865,100,430.914658
469.388583,100,431.064702
363.613533,100,431.289235
308.622339,100,431.451421
395.064667,100,431.642057
472.951204,100,442.052819
387.302142,100,442.195089
448.632387,100,442.336277
342.626318,100,442.505684
294.506383,100,442.645922
309.248131,100,442.781852
399.573453,100,442.922558
396.368319,100,443.066462
332.930786,100,443.310352
351.057035,100,443.479552
403.924052,100,454.249269
327.977946,100,454.420157
338.506784,100,454.578201
413.968516,100,454.739255
374.253084,100,454.89427
303.367404,100,455.05499
387.167285,100,455.297175
392.970836,100,455.486006
310.042736,100,455.650851
404.195286,100,455.800701
401.8954,100,469.211665
296.563532,100,469.53235
382.073189,100,469.815468
398.772002,100,470.092695
371.676929,100,470.416378
411.713675,100,470.624953
279.858671,100,470.810416
399.812155,100,470.988812
397.813496,100,471.189586
381.59376,100,471.407336
353.755243,100,484.292847
434.189975,100,484.425721
349.721534,100,484.583239
344.306813,100,484.751882
343.19657,100,484.917439
310.906054,100,485.092532
346.504668,100,485.278149
426.867744,100,485.545964
294.929691,100,485.721678
363.263458,100,485.884635
338.688428,100,496.39407
350.028639,100,496.54403
419.757742,100,496.709215
394.443217,100,496.863175
327.46916,100,497.01931
389.113965,100,497.171235
298.622247,100,497.31011
322.123399,100,497.543553
298.214474,100,497.695406
330.061317,100,497.8632
328.290141,100,510.682275
336.086539,100,510.840621
367.487534,100,510.999913
426.402257,100,511.154186
330.078799,100,511.317003
395.141773,100,511.57135
351.41283,100,511.728204
290.335597,100,511.904089
380.114543,100,512.048997
429.536285,100,512.199212
400.874185,100,522.735154
352.046355,100,522.86612
318.959136,100,523.00332
373.121782,100,523.16546
343.038977,100,523.330111
392.292574,100,523.579665
421.319781,100,523.722936
364.185211,100,523.890714
377.507078,100,524.046135
391.415426,100,524.212301
354.442967,100,535.172359
271.004133,100,535.310086
354.445363,100,535.543928
379.015359,100,535.71362
389.897342,100,535.88956
406.837261,100,536.044069
389.19416,100,536.185999
318.963654,100,536.335462
366.540258,100,536.483315
420.052028,100,536.626022
330.691477,100,547.984966
389.270202,100,548.172256
376.918511,100,548.360193
412.980906,100,548.561154
344.25255,100,548.739746
361.513227,100,548.913889
402.742671,100,549.086468
420.552249,100,549.262677
362.531342,100,549.54073
327.497421,100,549.716578
405.845659,100,561.280249
328.278458,100,561.505943
279.793746,100,561.686463
396.450031,100,561.828828
345.95041,100,561.982782
377.234404,100,562.121933
384.979764,100,562.268452
326.301147,100,562.415032
396.479109,100,562.575087
338.258856,100,562.723389
349.734195,100,574.983559
378.946488,100,575.131671
287.781864,100,575.28807
432.205628,100,575.519747
348.133897,100,575.703308
380.62572,100,575.86017
375.490937,100,576.026164
393.348815,100,576.188165
435.385522,100,576.364012
373.536102,100,576.532769
406.104371,100,588.195913
351.957432,100,588.342069
391.954289,100,588.486185
354.283507,100,588.630258
406.457632,100,588.769191
352.056504,100,588.900846
328.638152,100,589.037701
384.721449,100,589.177926
453.965909,100,589.320852
347.232291,100,589.56936
402.281736,100,601.034645
328.683117,100,601.202089
367.486115,100,601.377707
360.872116,100,601.591341
402.769762,100,601.829443
338.07474,100,602.033821
427.519568,100,602.204841
372.12733,100,602.384052
411.529195,100,602.553949
394.05885,100,602.762988
376.48702,100,614.090004
303.134941,100,614.248053
435.597764,100,614.409015
372.794072,100,614.569429
331.393844,100,614.717463
371.813004,100,614.875653
377.074949,100,615.020734
414.751828,100,615.165727
319.102584,100,615.313192
335.623214,100,615.465288
393.302147,100,628.398362
378.04953,100,628.701403
271.201012,100,629.030694
307.724843,100,629.386342
367.376808,100,629.727433
318.845894,100,630.04831
261.811403,100,630.361181
369.877784,100,630.613204
352.241002,100,630.889642
398.312525,100,631.191209
390.242654,100,645.620115
351.876609,100,645.802892
349.733066,100,645.99226
414.311623,100,646.177743
367.624029,100,646.454278
363.661953,100,646.645362
345.267025,100,646.835689
401.212104,100,647.010832
342.060568,100,647.19645
306.365408,100,647.36217
367.938726,100,657.994867
413.696839,100,658.146082
376.505736,100,658.414568
430.875419,100,658.615994
409.942961,100,658.777655
395.554031,100,658.934236
393.797992,100,659.07589
363.157473,100,659.230995
378.987866,100,659.384358
405.562646,100,659.54385
400.818784,100,670.537478
414.057281,100,670.795704
284.484778,100,670.956075
352.203879,100,671.101649
320.505014,100,671.271073
294.565076,100,671.411023
403.863259,100,671.551256
353.790149,100,671.707102
440.757371,100,671.86216
406.668004,100,672.019019
434.982692,100,683.710928
377.48432,100,683.856912
386.167177,100,684.002254
358.762454,100,684.145947
359.376935,100,684.306051
307.205397,100,684.449595
348.493157,100,684.639462
418.31985,100,684.854403
343.292574,100,684.999709
368.349602,100,685.168856
369.953274,100,695.625207
352.951367,100,695.802288
333.131544,100,695.963483
340.289853,100,696.127742
375.440754,100,696.288607
349.983933,100,696.442398
371.676679,100,696.639483
274.72218,100,696.862829
348.955168,100,697.017692
378.861461,100,697.191106
330.116524,100,711.633693
330.548863,100,711.930513
416.471716,100,712.250314
341.905588,100,712.552978
343.269472,100,712.855862
321.960974,100,713.164669
376.177252,100,713.421793
391.170808,100,713.663296
332.465836,100,713.973714
347.538258,100,714.289294
300.613361,100,727.483056
273.534501,100,727.653726
321.37237,100,727.789416
379.531944,100,727.925653
380.539518,100,728.061535
405.561045,100,728.216943
414.146158,100,728.384618
274.727654,100,728.52905
413.655983,100,728.685751
434.463447,100,728.840044
448.745882,100,739.600044
357.534359,100,739.763233
311.192029,100,739.916377
351.804157,100,740.067148
324.144522,100,740.216191
330.692745,100,740.380044
304.298276,100,740.552367
380.387394,100,740.709288
351.292448,100,740.859973
415.284651,100,741.014641
335.814775,100,751.678099
354.985396,100,751.840287
290.621873,100,751.990066
409.141874,100,752.141247
375.221068,100,752.298193
371.434101,100,752.447963
415.40771,100,752.593654
464.246479,100,752.734541
344.27981,100,752.87185
347.98224,100,753.016757
431.260501,100,764.391193
392.16346,100,764.565098
323.966265,100,764.737113
348.803549,100,764.909016
366.853449,100,765.077173
382.836618,100,765.281374
441.193408,100,765.535535
383.517458,100,765.705317
380.500053,100,765.880949
286.531113,100,766.035767
340.959623,100,779.639475
301.461988,100,779.896275
330.48092,100,780.197414
346.979231,100,780.514606
332.043512,100,780.830768
392.133339,100,781.14875
285.620852,100,781.465066
355.654741,100,781.759868
472.503933,100,781.978679
374.907582,100,782.298159
382.439006,100,794.597917
329.853772,100,794.759419
400.040691,100,794.915481
362.348302,100,795.085028
381.656192,100,795.251062
429.271837,100,795.39872
328.959293,100,795.583439
354.796484,100,795.813319
353.691354,100,795.965202
326.733118,100,796.143649
337.464308,100,806.92905
379.498449,100,807.089216
343.443197,100,807.259429
394.247808,100,807.420105
331.170382,100,807.613088
357.832796,100,807.83178
342.483873,100,808.00893
396.210833,100,808.210454
305.532943,100,808.404934
344.534096,100,808.587097
332.665542,100,822.559241
407.853542,100,822.706713
367.467659,100,822.851346
333.233491,100,823.005234
450.376027,100,823.163359
340.741561,100,823.30793
345.944658,100,823.448347
366.230403,100,823.651398
354.800777,100,823.837494
367.424915,100,823.996348
384.457116,100,835.815893
377.119342,100,836.040479
330.183373,100,836.329033
303.868791,100,836.621923
285.097274,100,836.91011
384.255251,100,837.197827
354.878648,100,837.482393
349.702783,100,837.787439
394.957881,100,838.046422
422.11767,100,838.332701
303.773635,100,850.409186
333.994981,100,850.561627
322.754585,100,850.720375
378.056889,100,850.886956
404.831419,100,851.044618
269.416336,100,851.19472
392.838397,100,851.34092
296.566391,100,851.484788
337.454874,100,851.720185
293.760701,100,851.881597
321.758833,100,864.310377
302.405227,100,864.472447
244.67203,100,864.636706
381.206855,100,864.807897
383.990257,100,864.965821
343.306284,100,865.130835
325.859001,100,865.285901
311.576813,100,865.44145
311.814815,100,865.64808
349.05031,100,865.855906
336.536708,100,876.892396
396.16547,100,877.048902
414.322543,100,877.200034
302.339648,100,877.350809
336.195074,100,877.503948
348.830268,100,877.763678
314.329615,100,877.921245
344.882926,100,878.086621
360.955129,100,878.233306
349.101428,100,878.385777
372.595493,100,888.766234
416.454694,100,888.92698
416.035201,100,889.083938
363.313939,100,889.234948
385.724164,100,889.3783
408.2886,100,889.529706
340.157411,100,889.774432
295.322176,100,889.923903
334.528272,100,890.090027
285.375814,100,890.239727
360.843054,100,903.042886
385.331829,100,903.348959
410.302016,100,903.635975
319.836199,100,903.902953
375.656506,100,904.159798
378.542519,100,904.454191
467.757304,100,904.758295
337.381992,100,905.053207
347.29771,100,905.368325
296.814431,100,905.678732
345.719395,100,917.493663
416.255267,100,917.735559
388.395798,100,917.880793
308.282104,100,918.030572
441.385414,100,918.199625
387.091425,100,918.35006
320.500632,100,918.502344
407.168913,100,918.661236
292.27356,100,918.813426
375.311606,100,918.955262
228.839161,100,930.940289
331.145749,100,931.109262
283.460438,100,931.273804
313.140382,100,931.441557
327.066376,100,931.650624
289.139857,100,931.860878
319.681906,100,932.046808
332.335345,100,932.216348
363.740176,100,932.381065
414.034469,100,932.560596
433.725537,100,944.333429
461.474713,100,944.500665
418.187936,100,944.665259
336.552792,100,944.834024
384.589743,100,944.998415
468.053414,100,945.188359
394.190452,100,945.369004
374.263481,100,945.529105
394.225864,100,945.785006
349.929608,100,945.951423
450.916497,100,958.84042
376.766017,100,958.990061
434.463307,100,959.142731
361.720778,100,959.307425
371.444345,100,959.47303
354.696667,100,959.645663
358.451556,100,959.800052
348.942471,100,959.949009
322.803484,100,960.113681
323.863774,100,960.371177
320.466372,100,971.942062
442.201755,100,972.09802
352.588934,100,972.371592
383.512981,100,972.551734
429.307695,100,972.728929
320.707306,100,972.90543
363.570751,100,973.078237
397.695667,100,973.269365
419.497651,100,973.453977
320.852027,100,973.603412
429.096274,100,986.398602
327.603552,100,986.588264
341.632934,100,986.803767
332.127777,100,986.952318
324.983541,100,987.121343
369.833236,100,987.273989
341.219546,100,987.417593
350.773657,100,987.568353
353.155886,100,987.737247
361.263957,100,987.885702
380.571345,100,1001.105157
352.503347,100,1001.291003
362.975021,100,1001.452571
392.38355,100,1001.609638
364.754587,100,1001.768743
334.356332,100,1001.941761
386.79692,100,1002.110628
411.391567,100,1002.28572
374.357334,100,1002.457651
294.780144,100,1002.667216
311.84369,100,1017.409348
358.141615,100,1017.593356
279.321733,100,1017.774077
352.906301,100,1017.946047
371.50814,100,1018.118559
291.7001,100,1018.326402
430.492014,100,1018.531919
395.259276,100,1018.838001
402.221067,100,1019.019433
408.42481,100,1019.224239
401.459701,100,1033.33727
289.771395,100,1033.555551
356.266542,100,1033.769729
403.917423,100,1034.001689
292.340187,100,1034.217635
387.855475,100,1034.405318
352.120289,100,1034.628296
474.629865,100,1034.90794
325.162289,100,1035.116201
386.969494,100,1035.322123
305.63329,100,1046.729565
380.86309,100,1046.93609
345.965478,100,1047.10144
353.372178,100,1047.27171
431.661455,100,1047.419106
391.82024,100,1047.57096
378.701496,100,1047.72582
349.040743,100,1047.884874
309.444317,100,1048.031586
422.772258,100,1048.185153
402.125019,100,1059.370461
358.775783,100,1059.517149
321.899577,100,1059.657629
372.842062,100,1059.808114
307.678037,100,1059.959119
437.06018,100,1060.108695
380.284493,100,1060.251931
367.170988,100,1060.392828
382.14042,100,1060.552175
422.032582,100,1060.776597
372.348353,100,1071.369322
309.218448,100,1071.523294
309.791083,100,1071.674638
326.587127,100,1071.839469
284.683462,100,1072.009086
274.127003,100,1072.171623
335.456343,100,1072.332225
329.688496,100,1072.485647
306.704095,100,1072.640399
381.690098,100,1072.875581
330.904831,100,1083.870941
322.592629,100,1084.020705
412.943688,100,1084.177618
336.42532,100,1084.317741
249.990511,100,1084.473968
416.055839,100,1084.621559
293.834755,100,1084.824375
357.495088,100,1085.018023
437.057814,100,1085.177345
317.108325,100,1085.341985
334.113879,100,1097.311935
321.591665,100,1097.47733
433.192254,100,1097.629841
401.171784,100,1097.77855
413.366584,100,1097.937859
390.75517,100,1098.084491
332.118911,100,1098.247288
340.603011,100,1098.412876
398.64637,100,1098.562264
367.098225,100,1098.704634
293.209258,100,1109.69653
418.339917,100,1109.852758
394.790376,100,1110.026227
380.961848,100,1110.198234
390.0023,100,1110.355794
429.554458,100,1110.51527
337.812487,100,1110.673428
357.190605,100,1110.908899
305.75461,100,1111.10428
353.256261,100,1111.304366
392.664461,100,1122.957147
387.216401,100,1123.107412
405.12465,100,1123.286391
384.924879,100,1123.44074
391.475393,100,1123.592365
362.138707,100,1123.74472
363.207337,100,1123.904779
429.306811,100,1124.08906
309.776362,100,1124.254974
418.413155,100,1124.433292
437.498392,100,1136.472639
328.352545,100,1136.616643
347.125209,100,1136.800601
406.374104,100,1137.027965
366.872844,100,1137.21828
356.66631,100,1137.372154
337.313414,100,1137.518886
380.935411,100,1137.658421
289.645896,100,1137.81156
334.184451,100,1138.015115
354.361191,100,1149.967717
363.178441,100,1150.116455
345.941015,100,1150.267055
266.694097,100,1150.429531
359.602619,100,1150.595083
349.876912,100,1150.742823
418.425081,100,1150.890909
350.579213,100,1151.049887
352.479551,100,1151.216226
402.920101,100,1151.43055
386.923004,100,1163.892013
345.614921,100,1164.038668
282.381568,100,1164.208672
367.915158,100,1164.366125
422.648403,100,1164.515763
350.310315,100,1164.673897
403.699645,100,1164.828838
305.033093,100,1164.99157
413.822302,100,1165.147267
374.383548,100,1165.412075
411.364386,100,1179.849344
297.003099,100,1179.998029
393.709879,100,1180.145782
392.60913,100,1180.307896
361.179092,100,1180.474922
299.553907,100,1180.632261
403.114334,100,1180.792246
352.880701,100,1180.95209
372.926444,100,1181.103809
386.792485,100,1181.333199
362.593239,100,1192.127678
436.649272,100,1192.285055
399.166365,100,1192.432539
281.327611,100,1192.592034
440.23014,100,1192.750236
308.788045,100,1192.897806
347.450599,100,1193.060946
356.474573,100,1193.265985
354.355761,100,1193.473764
392.532416,100,1193.634278
427.296479,100,1204.559382
377.579026,100,1204.73027
330.730109,100,1204.898915
282.419113,100,1205.060121
395.878666,100,1205.318791
294.281481,100,1205.54517
341.975522,100,1205.748454
387.053764,100,1205.919723
375.388711,100,1206.0962
398.009329,100,1206.293151
287.330005,100,1217.283961
320.730479,100,1217.539116
400.748713,100,1217.690305
333.836111,100,1217.850735
363.873334,100,1218.009798
309.23633,100,1218.164742
312.196306,100,1218.318836
348.429567,100,1218.457067
339.814041,100,1218.613481
429.860453,100,1218.764467
360.546965,100,1230.160901
389.243063,100,1230.301901
381.116192,100,1230.442624
380.345994,100,1230.585235
320.524683,100,1230.740315
320.246961,100,1230.895677
252.664157,100,1231.050308
356.545528,100,1231.198766
313.833338,100,1231.349281
333.355294,100,1231.497214
340.094437,100,1243.73418
317.143268,100,1243.904005
367.576355,100,1244.081124
347.526375,100,1244.244557
380.559938,100,1244.401272
373.740755,100,1244.552422
407.645916,100,1244.70492
376.85628,100,1244.868393
384.099042,100,1245.022897
405.017214,100,1245.189589
357.327593,100,1255.94438
293.985995,100,1256.183229
311.128754,100,1256.344543
355.907028,100,1256.542261
317.73733,100,1256.729327
358.741689,100,1256.90091
391.105355,100,1257.061697
383.485957,100,1257.243088
391.486111,100,1257.412247
368.174532,100,1257.562667
280.855018,100,1269.255561
391.916017,100,1269.612243
389.3498,100,1269.958111
333.770482,100,1270.234092
318.450703,100,1270.489774
283.934361,100,1270.79233
316.950604,100,1271.0971
344.742425,100,1271.392888
403.565981,100,1271.68722
433.053359,100,1271.993864
396.092437,100,1284.689108
398.290774,100,1284.845297
421.0299,100,1284.992106
415.327809,100,1285.152947
282.321017,100,1285.319665
260.213162,100,1285.482097
397.725579,100,1285.651166
365.830014,100,1285.807996
370.963952,100,1286.040304
451.277203,100,1286.224555
386.17749,100,1301.174366
349.096112,100,1301.358019
364.487601,100,1301.525227
335.490467,100,1301.685654
319.328317,100,1301.841175
302.9381,100,1302.02495
371.993047,100,1302.296098
358.013856,100,1302.467017
341.62943,100,1302.661409
366.678646,100,1302.837142
350.629523,100,1314.549938
401.285316,100,1314.76186
400.148748,100,1314.914771
361.067965,100,1315.09136
355.08498,100,1315.258882
392.562597,100,1315.413403
372.369219,100,1315.55921
399.293516,100,1315.713681
403.682273,100,1315.856893
372.019043,100,1315.996015
377.090504,100,1328.852409
316.613643,100,1329.05327
323.990655,100,1329.24042
421.947274,100,1329.411899
311.19066,100,1329.57701
339.763872,100,1329.749084
285.73276,100,1329.957638
405.912002,100,1330.144762
340.472687,100,1330.318533
343.183498,100,1330.493032
337.240795,100,1343.434997
384.045484,100,1343.572866
306.160718,100,1343.722976
371.232944,100,1343.875685
361.831273,100,1344.023986
383.077591,100,1344.173959
246.143603,100,1344.320455
351.159846,100,1344.462008
372.730177,100,1344.638051
317.896938,100,1344.846833
375.918363,100,1357.521184
307.64075,100,1357.696322
364.449274,100,1357.866467
388.858953,100,1358.051589
348.588222,100,1358.240758
308.053427,100,1358.426311
312.780032,100,1358.597275
409.023186,100,1358.766444
330.48838,100,1359.01468
433.838133,100,1359.221731
413.848655,100,1370.996391
297.141841,100,1371.207192
338.437697,100,1371.395449
404.422302,100,1371.588914
361.057884,100,1371.7849
354.574357,100,1371.978303
298.227146,100,1372.171642
320.869584,100,1372.354111
375.60201,100,1372.541088
315.200641,100,1372.733615
336.284398,100,1384.801614
348.812117,100,1385.034722
366.487747,100,1385.211444
260.758534,100,1385.364795
339.308366,100,1385.537655
294.137074,100,1385.694366
357.233665,100,1385.861773
401.588322,100,1386.026185
356.968876,100,1386.195437
348.799317,100,1386.362149
284.205094,100,1398.477902
366.510134,100,1398.641259
318.557939,100,1398.813374
435.577774,100,1399.075118
390.323036,100,1399.239336
318.097825,100,1399.410141
382.404859,100,1399.555185
367.896801,100,1399.696393
378.792388,100,1399.84619
243.312337,100,1400.005803
422.882395,100,1410.512218
301.531684,100,1410.644804
346.037218,100,1410.784725
432.091711,100,1410.9978
303.441856,100,1411.270201
316.94807,100,1411.489851
381.215295,100,1411.686161
367.822566,100,1411.880828
382.524923,100,1412.075464
251.014786,100,1412.292575
358.862368,100,1426.4626
422.862818,100,1426.610149
331.819157,100,1426.763992
383.474214,100,1427.004594
406.869689,100,1427.189856
398.982346,100,1427.363182
424.777056,100,1427.51909
410.331431,100,1427.673342
372.14312,100,1427.827658
340.119393,100,1427.996227
377.468549,100,1438.972264
331.587727,100,1439.182209
403.514391,100,1439.388459
284.482179,100,1439.530456
386.450621,100,1439.697754
358.551637,100,1439.83792
336.886409,100,1439.978505
417.041625,100,1440.127144
357.299483,100,1440.287864
421.522396,100,1440.442916
357.089023,100,1452.384059
396.411412,100,1452.541441
309.776792,100,1452.680462
375.032793,100,1452.819404
278.980989,100,1452.962571
385.47094,100,1453.159113
378.052221,100,1453.357724
346.906676,100,1453.525732
324.056808,100,1453.658104
355.476622,100,1453.792392
328.998467,100,1468.178022
404.88106,100,1468.50117
330.762521,100,1468.813738
384.653046,100,1469.117371
326.210912,100,1469.40871
374.048825,100,1469.649589
357.650242,100,1469.950841
324.479818,100,1470.273967
319.783333,100,1470.560149
347.199203,100,1470.833425
366.400404,100,1484.70701
394.324741,100,1484.883666
403.455965,100,1485.074617
319.041713,100,1485.348253
307.881524,100,1485.552759
409.058084,100,1485.758396
370.407306,100,1485.937334
298.335754,100,1486.117901
392.654396,100,1486.313714
329.904361,100,1486.504326
348.67586,100,1499.962019
303.116967,100,1500.161562
404.864565,100,1500.384667
347.167025,100,1500.601259
327.006505,100,1500.801557
361.391816,100,1500.991249
421.070866,100,1501.265798
255.674021,100,1501.481376
387.207331,100,1501.687042
382.675368,100,1501.861677
378.59135,100,1514.234992
317.65261,100,1514.388619
336.021756,100,1514.54163
310.570059,100,1514.696018
368.595333,100,1514.853118
360.94755,100,1514.996037
370.950714,100,1515.253827
326.2677,100,1515.492897
391.471283,100,1515.656766
338.963049,100,1515.843594
323.38184,100,1528.598237
377.972247,100,1528.762844
400.144318,100,1528.910213
386.207542,100,1529.05746
415.633057,100,1529.320593
375.102732,100,1529.471166
371.843424,100,1529.638992
306.076943,100,1529.778674
322.723168,100,1529.919564
351.900767,100,1530.059575
370.018281,100,1540.512824
342.27497,100,1540.680397
433.631938,100,1540.837622
444.626277,100,1540.98339
334.296049,100,1541.184634
385.566717,100,1541.38002
328.255286,100,1541.539382
387.246899,100,1541.685207
351.687522,100,1541.838993
392.525211,100,1541.983363
363.347092,100,1555.323419
385.21528,100,1555.583791
315.187192,100,1555.764486
408.915704,100,1555.947196
318.19394,100,1556.121566
407.980739,100,1556.299633
315.245773,100,1556.487557
404.322315,100,1556.677072
381.719139,100,1556.842299
368.110963,100,1556.999127
379.362035,100,1568.853824
359.433971,100,1568.996096
338.700943,100,1569.139822
317.482937,100,1569.312666
366.781249,100,1569.555925
386.654896,100,1569.707472
385.106289,100,1569.87457
339.399719,100,1570.029126
399.665743,100,1570.187461
322.574429,100,1570.347558
391.407482,100,1581.300861
344.284734,100,1581.594576
349.404586,100,1581.859929
427.647827,100,1582.163191
395.22573,100,1582.47427
380.840766,100,1582.779053
383.915033,100,1583.087315
400.522387,100,1583.397275
339.075138,100,1583.670389
340.022379,100,1583.936143
336.292644,100,1596.449261
388.223892,100,1596.615611
381.707551,100,1596.792748
378.513287,100,1596.945943
327.699743,100,1597.090048
374.137925,100,1597.238918
299.955137,100,1597.487565
427.262341,100,1597.638763
385.438768,100,1597.823382
322.344317,100,1598.010169
470.769706,100,1611.195945
295.299976,100,1611.35766
348.800293,100,1611.625283
390.645119,100,1611.77934
301.804538,100,1611.949169
479.890468,100,1612.121437
369.825342,100,1612.287436
362.391579,100,1612.448197
357.931238,100,1612.612566
357.864024,100,1612.786668
354.332747,100,1625.24243
364.360237,100,1625.670059
377.045333,100,1626.055115
353.203369,100,1626.477387
315.368908,100,1626.846253
398.744248,100,1627.203989
377.359796,100,1627.544365
340.239038,100,1627.816945
360.35492,100,1628.145869
406.343029,100,1628.498935
355.001958,100,1640.144016
392.15603,100,1640.305552
425.237664,100,1640.460791
365.371219,100,1640.614458
380.491942,100,1640.77946
362.097227,100,1640.934045
396.418526,100,1641.096781
356.293773,100,1641.253856
449.544174,100,1641.464861
404.789376,100,1641.663444
392.375572,100,1654.40906
396.274232,100,1654.710152
393.716544,100,1655.037495
391.919392,100,1655.403146
364.661378,100,1655.743387
378.425338,100,1656.066857
339.412059,100,1656.425543
305.45693,100,1656.774693
360.906965,100,1657.104638
335.619909,100,1657.450429
455.683186,100,1670.876622
382.955616,100,1671.024054
391.850287,100,1671.177235
371.593624,100,1671.322879
328.265358,100,1671.597741
354.625001,100,1671.763849
383.743049,100,1671.936621
385.667822,100,1672.09236
387.11859,100,1672.244984
450.345071,100,1672.391785
290.26826,100,1684.774478
349.714691,100,1684.968861
410.527237,100,1685.162963
388.129208,100,1685.354552
391.96867,100,1685.631388
410.435254,100,1685.818213
385.356459,100,1686.028069
362.087455,100,1686.214799
389.75014,100,1686.416925
397.76594,100,1686.627866
448.51288,100,1698.157449
273.521905,100,1698.31337
344.931922,100,1698.459626
389.256043,100,1698.612575
374.321473,100,1698.759205
350.836927,100,1698.900319
300.674994,100,1699.047762
407.331907,100,1699.194661
339.440568,100,1699.341021
393.672356,100,1699.615091
315.490499,100,1710.335278
343.595681,100,1710.51075
410.157456,100,1710.676872
341.978044,100,1710.843616
310.485393,100,1711.003654
408.233609,100,1711.173302
298.792382,100,1711.344484
425.023449,100,1711.517153
332.701221,100,1711.732863
425.549919,100,1711.948577
319.811161,100,1726.418604
401.979098,100,1726.717722
422.507847,100,1727.018879
402.214392,100,1727.324407
355.959186,100,1727.619808
384.292212,100,1727.929534
423.853736,100,1728.190792
389.519432,100,1728.432611
416.800431,100,1728.731172
353.800393,100,1729.023725
431.069679,100,1.643661
280.553609,100,1.793532
329.665978,100,1.953634
349.635519,100,2.124119
264.574924,100,2.275305
381.875903,100,2.428384
371.377398,100,2.635321
378.235234,100,2.866337
301.051979,100,3.034872
434.005165,100,3.20672
401.053943,100,13.982888
284.109947,100,14.128664
348.653097,100,14.2784
425.492687,100,14.421784
340.467395,100,14.557902
337.212401,100,14.694521
410.316332,100,14.871831
313.33856,100,15.102681
263.867652,100,15.251439
316.441586,100,15.412737
443.456977,100,26.382328
376.964877,100,26.53042
402.387099,100,26.681497
367.862665,100,26.846873
401.535183,100,27.095496
356.907213,100,27.250696
433.532287,100,27.418857
367.058856,100,27.573112
298.59197,100,27.728798
384.193626,100,27.894258
383.949436,100,39.29029
334.793419,100,39.461646
347.026397,100,39.610195
364.255957,100,39.765946
361.381387,100,39.924532
390.763353,100,40.083611
358.710095,100,40.236719
342.200114,100,40.388517
428.545106,100,40.538977
362.700916,100,40.704679
372.49721,100,54.519999
419.671315,100,54.696901
397.484232,100,54.951876
336.064464,100,55.209994
369.073642,100,55.419936
405.11538,100,55.606478
369.070272,100,55.763764
394.08896,100,55.935799
385.512967,100,56.104542
379.340635,100,56.266144
338.555535,100,67.275544
374.234257,100,67.441308
320.110233,100,67.586136
446.931107,100,67.736328
327.854944,100,67.885562
342.025588,100,68.054336
373.382029,100,68.209075
329.039337,100,68.351643
379.584369,100,68.495859
465.610946,100,68.653534
350.180261,100,81.937507
324.712962,100,82.249941
360.902405,100,82.554462
418.342564,100,82.853672
377.826861,100,83.1908
296.42767,100,83.487737
279.988431,100,83.813005
368.145651,100,84.149348
384.535079,100,84.460171
373.268385,100,84.76669
284.290907,100,97.952874
373.686712,100,98.134578
414.437187,100,98.295521
354.846513,100,98.449739
352.228578,100,98.611161
311.951962,100,98.745167
319.56843,100,98.889938
296.055352,100,99.046639
356.568057,100,99.312533
295.628553,100,99.507895
331.435132,100,111.659671
273.00846,100,111.805988
371.670655,100,111.967178
286.303901,100,112.123801
330.054632,100,112.28772
408.773897,100,112.429857
390.234715,100,112.572567
338.505108,100,112.718522
352.649,100,112.870116
385.172301,100,113.023359
336.336346,100,126.177904
345.262972,100,126.351948
345.353533,100,126.523132
343.933793,100,126.690862
320.675061,100,126.864204
374.186933,100,127.03494
324.073519,100,127.319432
414.703768,100,127.507709
348.670887,100,127.706941
390.719373,100,127.879151
282.75597,100,141.009481
345.700695,100,141.256389
406.212445,100,141.411252
410.930234,100,141.584784
397.952916,100,141.727781
454.114827,100,141.880675
340.185109,100,142.027268
354.327189,100,142.182908
374.235271,100,142.3243
372.86167,100,142.471018
399.047235,100,154.739271
340.796907,100,154.930711
374.255786,100,155.182585
374.551269,100,155.415445
418.535269,100,155.614653
349.628825,100,155.823121
375.844695,100,156.028866
341.995398,100,156.25351
299.176443,100,156.453633
375.714631,100,156.649757
315.346145,100,168.516608
404.289577,100,168.695285
382.32457,100,168.869636
408.587221,100,169.050982
391.845069,100,169.342457
326.681714,100,169.54516
387.972733,100,169.717217
385.509875,100,169.883375
276.53873,100,170.056668
348.088367,100,170.229915
409.791657,100,182.458509
364.881938,100,182.601729
286.156701,100,182.742016
350.730605,100,182.893706
359.473348,100,183.048818
389.946589,100,183.31724
390.692031,100,183.471625
441.548878,100,183.647131
402.861923,100,183.804591
368.212845,100,183.968241
361.918263,100,196.525136
396.456876,100,196.886868
313.59658,100,197.249497
340.565374,100,197.545646
335.67714,100,197.899578
386.091421,100,198.264138
406.761253,100,198.620565
364.371613,100,198.971989
357.725465,100,199.329717
342.424221,100,199.650489
273.855354,100,212.97772
393.267008,100,213.346855
437.717747,100,213.623741
434.29839,100,213.91349
378.156325,100,214.071812
384.552974,100,214.217279
327.035432,100,214.377128
411.002875,100,214.516717
353.392998,100,214.662444
363.682785,100,214.814892
385.292397,100,226.789092
289.793655,100,226.971525
382.390634,100,227.229767
403.660999,100,227.434857
285.574385,100,227.626999
354.323566,100,227.790322
412.867829,100,227.96661
388.559313,100,228.141449
352.295695,100,228.319195
417.718603,100,228.488168
344.593882,100,240.036464
439.742429,100,240.186842
349.30611,100,240.339009
398.206309,100,240.478018
268.736306,100,240.616927
389.793793,100,240.752933
278.401588,100,240.901933
401.544033,100,241.049988
404.397362,100,241.333951
269.329837,100,241.505691
420.12011,100,253.246892
391.979908,100,253.51601
374.033696,100,253.821582
283.845282,100,254.121614
350.808527,100,254.413523
372.40615,100,254.708689
297.688681,100,255.022826
401.339938,100,255.342111
340.908148,100,255.56606
315.287256,100,255.86156
343.49242,100,267.761678
338.662056,100,267.930709
357.547552,100,268.096314
367.822131,100,268.256388
400.109978,100,268.405311
406.192028,100,268.554202
393.721883,100,268.70061
362.091758,100,268.838976
286.409962,100,269.002118
331.194288,100,269.227775
288.928611,100,279.724276
415.227479,100,279.95286
341.015332,100,280.108919
424.825051,100,280.274392
415.393748,100,280.41471
426.189874,100,280.558506
461.462163,100,280.706176
389.973761,100,280.866682
324.192633,100,281.022154
354.206827,100,281.17797
385.353151,100,292.507113
378.131346,100,292.651757
351.610064,100,292.791847
315.995531,100,292.943712
279.274203,100,293.089867
348.695012,100,293.227817
297.905195,100,293.371812
383.464771,100,293.514122
263.891623,100,293.688826
364.991123,100,293.929365
358.679678,100,304.915183
410.858479,100,305.133513
341.103872,100,305.327479
367.640869,100,305.540116
342.010176,100,305.82952
318.838714,100,306.064646
338.196972,100,306.300908
375.116558,100,306.500352
411.354316,100,306.702653
408.021539,100,306.912842
364.257494,100,318.529255
336.180532,100,318.711013
380.186557,100,318.891199
331.777366,100,319.081562
366.838788,100,319.274657
299.15522,100,319.445652
449.076989,100,319.630693
408.170448,100,319.894849
323.656673,100,320.076193
461.951038,100,320.267145
394.877365,100,333.160837
347.247349,100,333.326185
376.982441,100,333.491477
423.862802,100,333.66925
381.725791,100,333.95931
398.625151,100,334.152508
374.870995,100,334.368685
361.503835,100,334.540867
366.827671,100,334.718727
375.661007,100,334.903054
366.181728,100,348.733314
268.254169,100,349.019288
373.903706,100,349.210966
302.023889,100,349.384783
394.948047,100,349.556978
445.481248,100,349.734296
342.732818,100,349.915312
299.445322,100,350.085643
441.31867,100,350.251764
334.52393,100,350.431819
399.144959,100,362.260522
305.789507,100,362.410365
355.902487,100,362.556079
410.318887,100,362.699178
315.82706,100,362.966397
493.554584,100,363.128882
307.078905,100,363.310233
398.488331,100,363.465822
378.502526,100,363.624285
364.531907,100,363.77537
320.16076,100,375.699723
355.986943,100,375.846875
380.233225,100,375.996823
302.262356,100,376.155315
374.759423,100,376.304075
434.841893,100,376.451331
458.163916,100,376.597595
385.716958,100,376.738277
355.108345,100,376.98113
407.7098,100,377.1398
363.960289,100,387.90523
447.81859,100,388.063561
370.902493,100,388.219736
382.647022,100,388.369744
364.175981,100,388.523595
398.385521,100,388.688367
364.60946,100,388.921322
373.686356,100,389.124588
380.699577,100,389.302304
373.702237,100,389.465837
320.980069,100,401.254723
392.759452,100,401.443686
339.489734,100,401.618149
362.789037,100,401.789227
425.643408,100,401.982484
338.408781,100,402.168739
328.043417,100,402.351491
305.702558,100,402.524922
350.307529,100,402.711287
347.880084,100,402.993424
357.64436,100,416.315633
357.9735,100,416.499488
346.357028,100,416.677978
379.879523,100,416.969344
264.95521,100,417.165741
355.918256,100,417.386728
463.713952,100,417.579411
350.050512,100,417.779236
295.733509,100,417.987118
410.863586,100,418.186375
474.119182,100,431.71384
399.693485,100,431.911733
448.533331,100,432.12702
327.924981,100,432.321115
306.582537,100,432.52309
335.410409,100,432.711328
401.056729,100,433.015094
413.319443,100,433.236757
321.370169,100,433.432496
341.055623,100,433.635615
395.033408,100,446.541841
353.103257,100,446.689952
347.131101,100,446.917895
434.746135,100,447.105244
378.9855,100,447.276792
303.144754,100,447.437509
392.163773,100,447.589205
384.210009,100,447.741615
323.213336,100,447.902222
418.388085,100,448.091833
413.909213,100,459.734416
300.336589,100,459.888925
379.921393,100,460.052736
423.059217,100,460.203724
380.421497,100,460.351021
412.354432,100,460.503569
277.491809,100,460.65738
398.780889,100,460.868419
396.205351,100,461.095254
373.457323,100,461.297504
353.976809,100,474.96216
433.229941,100,475.209192
338.740412,100,475.49844
354.374204,100,475.777781
366.587837,100,476.061892
291.147954,100,476.341985
363.094277,100,476.615494
422.619465,100,476.814331
313.357037,100,477.069949
355.405071,100,477.259611
348.041417,100,490.563285
360.957278,100,490.734556
430.174559,100,491.009076
411.748836,100,491.186307
335.083157,100,491.370714
396.23666,100,491.536017
288.066837,100,491.697535
333.583086,100,491.864374
311.629287,100,492.041096
323.027749,100,492.211145
337.791181,100,503.268456
339.932538,100,503.409538
344.246609,100,503.550876
433.8628,100,503.694299
323.166501,100,503.912715
397.99319,100,504.097583
349.413944,100,504.268626
292.276007,100,504.414687
383.663373,100,504.556576
439.109021,100,504.69892
425.911397,100,519.119676
343.380482,100,519.401838
335.009558,100,519.720845
380.224679,100,520.029422
335.940696,100,520.337867
402.40203,100,520.650912
426.498585,100,520.964791
329.644296,100,521.20837
397.255304,100,521.484823
395.362296,100,521.798
374.12339,100,534.061568
269.694003,100,534.212161
376.928696,100,534.365236
392.963826,100,534.506819
409.06548,100,534.642505
421.798906,100,534.814515
399.161849,100,535.031964
341.542899,100,535.188697
385.938343,100,535.349103
427.636592,100,535.489677
347.431853,100,547.213931
390.514446,100,547.41263
392.819972,100,547.58069
413.937475,100,547.768799
342.454792,100,547.988647
357.322296,100,548.22157
406.1665,100,548.445158
446.379737,100,548.667457
347.695211,100,548.941381
337.178461,100,549.228469
426.82391,100,560.608727
298.261673,100,560.816586
293.354913,100,561.072403
383.418804,100,561.255397
358.371739,100,561.433393
345.609965,100,561.608889
396.33892,100,561.796271
347.137013,100,561.99495
408.914098,100,562.192627
346.770886,100,562.363121
363.62573,100,573.11763
393.475133,100,573.272695
299.664135,100,573.434675
443.388244,100,573.585798
366.786227,100,573.741571
386.032624,100,573.898343
374.824103,100,574.060019
411.651242,100,574.212228
438.093017,100,574.364147
373.218729,100,574.510941
405.305913,100,587.768371
345.958218,100,587.918251
401.311844,100,588.084387
351.135685,100,588.240647
404.775214,100,588.380177
366.629547,100,588.520477
333.578316,100,588.663012
395.91379,100,588.805371
455.27909,100,589.042214
347.494148,100,589.210998
405.941223,100,599.910611
316.630571,100,600.086972
359.147188,100,600.231133
350.639362,100,600.376245
396.418023,100,600.522693
339.511311,100,600.680022
418.770204,100,600.832625
384.56854,100,601.100767
412.736046,100,601.246272
379.916341,100,601.420707
366.42169,100,613.788169
304.800704,100,613.94522
427.869795,100,614.108116
368.1344,100,614.268403
337.885879,100,614.431796
370.838778,100,614.583376
383.279172,100,614.730326
406.936863,100,614.929594
335.914036,100,615.176514
344.925928,100,615.340195
370.957598,100,628.345318
369.341471,100,628.485855
283.084302,100,628.631848
325.42921,100,628.769885
392.2951,100,628.968862
334.257969,100,629.15486
274.410647,100,629.388358
384.442602,100,629.557436
343.097563,100,629.698004
397.120174,100,629.852195
402.988404,100,641.663754
346.990924,100,641.832949
337.212686,100,642.022698
413.816303,100,642.199979
365.576906,100,642.371009
359.297631,100,642.544236
330.494862,100,642.726407
408.420332,100,642.963692
367.636091,100,643.191172
313.945171,100,643.367241
372.816917,100,657.501013
429.767931,100,657.678268
386.854218,100,657.831126
444.448466,100,657.985514
402.083274,100,658.148907
391.810688,100,658.311089
410.055385,100,658.461382
346.350634,100,658.620795
381.54978,100,658.77196
405.499621,100,658.985223
403.034316,100,671.499327
401.641241,100,671.66612
295.826613,100,671.841728
354.690291,100,672.027571
336.371375,100,672.211595
320.535101,100,672.390709
406.286615,100,672.558971
330.918329,100,672.735211
441.841901,100,672.952473
422.708275,100,673.19869
441.155557,100,687.43813
368.999221,100,687.615989
396.493204,100,687.804181
378.579784,100,687.982181
381.634222,100,688.172989
314.140078,100,688.359599
344.812336,100,688.537634
417.212472,100,688.711927
341.048026,100,688.913111
365.50783,100,689.192136
383.773783,100,701.583436
350.935,100,701.747091
348.623006,100,701.89207
339.333241,100,702.038701
369.804384,100,702.192257
364.331607,100,702.345835
359.102128,100,702.494117
296.839539,100,702.647344
334.447785,100,702.797742
384.719367,100,702.965528
328.502276,100,715.294135
328.270876,100,715.445935
417.414306,100,715.594834
338.403625,100,715.842173
343.758348,100,715.986779
331.079565,100,716.16684
377.391542,100,716.315695
392.934848,100,716.477174
334.656105,100,716.64335
351.955749,100,716.806854
312.382656,100,731.265563
278.593043,100,731.45329
336.284357,100,731.625931
362.403673,100,731.790353
397.122231,100,731.963192
412.269995,100,732.138086
420.970626,100,732.390529
282.844621,100,732.58109
402.877168,100,732.773297
431.892954,100,732.952906
453.468106,100,743.746834
367.137262,100,743.891622
325.43007,100,744.05079
342.341309,100,744.224332
317.274317,100,744.450959
327.775341,100,744.604745
318.749435,100,744.783874
374.539185,100,744.939611
367.735052,100,745.088785
405.460664,100,745.236179
341.419248,100,756.682577
369.412585,100,756.848686
290.976163,100,756.992602
419.190214,100,757.148749
355.388313,100,757.290978
375.111747,100,757.447115
412.289673,100,757.59502
476.189183,100,757.749973
359.548286,100,757.904456
344.300713,100,758.070285
431.309816,100,773.152023
400.725356,100,773.385574
333.333184,100,773.603653
349.130656,100,773.807585
369.59166,100,774.037926
403.095304,100,774.291726
441.997306,100,774.563013
395.799958,100,774.798823
390.876756,100,775.004188
293.331515,100,775.220811
335.112158,100,787.426197
301.992607,100,787.572568
360.941466,100,787.711142
344.79397,100,787.856847
337.911012,100,788.001097
392.463657,100,788.160502
300.699277,100,788.429743
351.391087,100,788.612741
460.412292,100,788.820773
359.832236,100,788.999407
399.762457,100,799.885844
335.868791,100,800.031469
392.380063,100,800.166733
351.416241,100,800.306712
359.931972,100,800.547343
431.451417,100,800.698199
315.983296,100,800.867637
331.833917,100,801.022786
342.047474,100,801.165547
327.201973,100,801.304271
350.305102,100,813.376217
375.633973,100,813.523211
344.806913,100,813.682993
394.937198,100,813.830478
313.158837,100,813.976707
342.082824,100,814.119457
352.635951,100,814.259091
407.33399,100,814.461593
293.604262,100,814.630473
337.606104,100,814.814743
335.558953,100,827.640021
418.528899,100,827.808853
373.422433,100,827.975725
341.120578,100,828.144463
448.654835,100,828.297765
346.254339,100,828.452583
349.897731,100,828.619127
367.922798,100,828.769071
346.977642,100,828.918808
360.448941,100,829.072323
370.556105,100,840.609424
377.568671,100,840.759236
319.953731,100,840.911361
323.866865,100,841.074691
280.300048,100,841.237228
382.625827,100,841.506455
363.723917,100,841.714003
326.038707,100,841.910299
389.843183,100,842.09336
408.578797,100,842.248888
308.674999,100,857.282912
321.658787,100,857.554409
310.015735,100,857.747127
358.841823,100,857.93963
416.093689,100,858.152856
282.452695,100,858.333678
394.663174,100,858.506809
314.254541,100,858.680508
345.708455,100,858.855885
303.456994,100,859.02662
317.834069,100,870.579182
311.787156,100,870.75698
254.000345,100,870.948206
379.326693,100,871.127584
386.891104,100,871.296326
341.871401,100,871.465463
327.419848,100,871.726934
313.13414,100,871.90714
303.956172,100,872.115663
357.061532,100,872.283827
324.13027,100,885.316602
378.54736,100,885.452594
421.958052,100,885.70956
314.877518,100,885.87328
326.600466,100,886.03797
371.361217,100,886.192915
312.028224,100,886.339558
347.398699,100,886.480891
367.455742,100,886.638949
356.271547,100,886.784771
374.926467,100,899.043851
399.009282,100,899.183203
421.130687,100,899.327313
364.857097,100,899.464104
389.61805,100,899.719351
402.495737,100,899.872282
336.01454,100,900.053589
297.524212,100,900.19941
316.242785,100,900.342229
284.968019,100,900.485739
348.262833,100,914.958014
386.677423,100,915.136622
392.455495,100,915.294864
316.5882,100,915.460817
375.226693,100,915.623874
377.577126,100,915.895448
456.315034,100,916.050768
325.960048,100,916.220735
351.809381,100,916.367291
285.568507,100,916.513017
354.002176,100,928.318818
404.580098,100,928.47421
377.659593,100,928.628654
317.165955,100,928.786702
422.434844,100,928.944098
385.487772,100,929.105284
329.022554,100,929.267143
408.99885,100,929.426781
298.225726,100,929.57673
374.145033,100,929.769529
221.04386,100,941.187738
344.076077,100,941.328902
297.273343,100,941.468381
325.092188,100,941.611591
330.4487,100,941.847085
298.033317,100,942.016517
283.077342,100,942.261286
334.696462,100,942.421907
364.87687,100,942.58314
420.003183,100,942.74548
416.710041,100,954.880018
435.875078,100,955.058919
424.286475,100,955.224463
330.718652,100,955.37628
386.182572,100,955.521446
458.241962,100,955.685023
375.45531,100,955.889213
366.941879,100,956.120918
390.417208,100,956.291337
353.619197,100,956.477334
451.389304,100,967.680624
373.768102,100,967.826535
424.949276,100,967.97427
355.628701,100,968.205196
371.399051,100,968.404692
360.1995,100,968.550449
359.668349,100,968.715947
340.95373,100,968.866519
322.043603,100,969.019466
324.421912,100,969.171436
329.123575,100,979.939518
432.680972,100,980.169014
342.864762,100,980.397384
403.20363,100,980.572571
432.049631,100,980.75406
305.380644,100,980.930018
383.380615,100,981.10574
380.633787,100,981.278663
419.289818,100,981.449987
311.632047,100,981.619499
428.832464,100,993.366102
319.132333,100,993.515167
332.073905,100,993.665546
332.374904,100,993.832482
330.485992,100,994.001288
368.990226,100,994.254545
335.626156,100,994.423216
337.126577,100,994.585943
370.941752,100,994.753893
348.541887,100,994.905391
381.872834,100,1007.783344
367.053931,100,1007.926242
370.021086,100,1008.097249
367.342997,100,1008.353277
354.352921,100,1008.543454
346.780076,100,1008.722967
401.03438,100,1008.893922
414.720033,100,1009.05642
376.425831,100,1009.232835
312.23267,100,1009.386082
322.662678,100,1021.046924
350.445863,100,1021.233232
280.167043,100,1021.424792
357.979401,100,1021.617135
344.449259,100,1021.79448
299.893915,100,1021.970343
432.774261,100,1022.209174
414.369391,100,1022.416814
412.759345,100,1022.624598
418.551631,100,1022.786494
401.24925,100,1035.660421
292.725091,100,1035.798255
349.534856,100,1035.936872
427.057802,100,1036.100487
299.299947,100,1036.339316
363.412507,100,1036.497396
339.90866,100,1036.674412
461.738858,100,1036.826851
326.735198,100,1036.982607
366.756269,100,1037.14303
305.889942,100,1049.542938
380.237103,100,1049.688442
327.733694,100,1049.852324
355.000459,100,1050.015364
429.825057,100,1050.163956
381.307552,100,1050.398177
371.801463,100,1050.562334
337.511002,100,1050.73612
308.658502,100,1050.88758
419.792662,100,1051.046899
369.691717,100,1069.554004
359.887762,100,1069.719805
324.452867,100,1069.882534
366.624002,100,1070.047766
313.46346,100,1070.207103
436.115572,100,1070.419259
377.774846,100,1070.614667
362.844515,100,1070.769907
399.863408,100,1070.948855
422.631715,100,1071.119184
378.849281,100,1087.558709
283.575361,100,1087.707989
317.606991,100,1087.864267
313.818462,100,1088.03284
258.946819,100,1088.19086
271.65473,100,1088.398795
316.939674,100,1088.602317
303.022445,100,1088.762768
314.780645,100,1088.923848
374.840966,100,1089.081019
340.451979,100,1101.519333
330.486585,100,1101.8088
409.522938,100,1102.115158
342.149053,100,1102.419693
274.504436,100,1102.670492
405.543693,100,1102.945724
303.321416,100,1103.252747
364.47035,100,1103.540437
429.711694,100,1103.829428
317.46769,100,1104.138282
340.450905,100,1116.105973
317.991386,100,1116.267804
429.09008,100,1116.529375
400.257653,100,1116.682414
410.20447,100,1116.855443
377.896339,100,1117.021666
327.692855,100,1117.179687
355.893266,100,1117.319245
400.236953,100,1117.469577
384.164825,100,1117.619432
280.429896,100,1128.911161
414.163121,100,1129.068201
408.121983,100,1129.214653
384.255192,100,1129.372465
391.254958,100,1129.52117
445.0913,100,1129.670589
333.382168,100,1129.809872
327.621807,100,1129.958723
323.382974,100,1130.106905
352.180224,100,1130.287974
393.340439,100,1145.267658
372.077517,100,1145.448189
397.62353,100,1145.654757
405.814734,100,1145.824738
387.081759,100,1146.001746
361.68225,100,1146.176138
356.480038,100,1146.334363
429.860972,100,1146.496389
333.343858,100,1146.663606
430.244641,100,1146.923019
443.511037,100,1158.849124
341.305434,100,1159.03046
358.732735,100,1159.194337
412.010228,100,1159.368157
352.038089,100,1159.526627
342.26641,100,1159.688488
319.325273,100,1159.834535
381.126542,100,1160.00975
280.378995,100,1160.179997
337.68182,100,1160.350502
379.999785,100,1173.77552
358.881538,100,1173.941305
331.996644,100,1174.114758
274.640522,100,1174.269197
372.031892,100,1174.42456
364.034177,100,1174.581675
425.273062,100,1174.806727
345.085428,100,1175.033502
332.700205,100,1175.205913
386.328997,100,1175.384291
386.188248,100,1188.244957
340.757782,100,1188.401539
286.977744,100,1188.559705
344.553207,100,1188.758678
433.861533,100,1188.99135
344.920664,100,1189.14793
402.254551,100,1189.313478
302.868365,100,1189.461543
406.958025,100,1189.614348
369.785605,100,1189.767411
410.776457,100,1202.407427
291.256808,100,1202.709997
398.883394,100,1203.02767
396.31042,100,1203.256335
375.106271,100,1203.539519
293.864507,100,1203.850227
412.084419,100,1204.168811
348.950339,100,1204.480984
370.886383,100,1204.784365
392.400415,100,1205.064835
362.269528,100,1216.616089
425.948679,100,1216.782148
406.712928,100,1217.045858
283.348544,100,1217.195147
430.269527,100,1217.369591
327.576806,100,1217.521447
350.063832,100,1217.680744
340.994645,100,1217.83845
366.821442,100,1218.004995
402.76538,100,1218.16766
434.292756,100,1229.84886
372.13183,100,1230.031852
334.791679,100,1230.210339
283.019089,100,1230.371957
378.69147,100,1230.535181
302.072789,100,1230.703442
338.949664,100,1230.931081
386.250868,100,1231.154336
368.018977,100,1231.329393
396.161406,100,1231.513995
288.758758,100,1243.049419
305.027606,100,1243.288927
390.137452,100,1243.467556
318.589958,100,1243.657
362.915269,100,1243.836694
322.587672,100,1244.013723
300.249322,100,1244.184678
331.814637,100,1244.343686
346.473272,100,1244.504808
437.56287,100,1244.670719
379.536981,100,1256.9017
394.297214,100,1257.04826
393.599232,100,1257.254699
364.912685,100,1257.464225
333.723633,100,1257.629005
325.274598,100,1257.81068
262.858285,100,1257.957568
347.898624,100,1258.124808
317.675889,100,1258.308572
303.7689,100,1258.462592
323.04561,100,1269.025208
293.765342,100,1269.26141
357.619376,100,1269.530918
347.011905,100,1269.811542
370.784537,100,1270.129487
367.259748,100,1270.443288
395.695555,100,1270.760788
369.704467,100,1271.073805
379.059494,100,1271.387654
403.710152,100,1271.660067
355.322202,100,1285.039055
306.430821,100,1285.216367
307.770088,100,1285.426733
365.922677,100,1285.58227
320.226026,100,1285.763929
362.224079,100,1285.908442
371.161314,100,1286.051846
405.060041,100,1286.20242
390.773013,100,1286.367389
355.218989,100,1286.503775
279.032271,100,1299.79341
402.434272,100,1299.972961
416.848445,100,1300.166521
363.522428,100,1300.353897
331.747385,100,1300.539553
294.801704,100,1300.724967
330.201585,100,1300.916426
349.621779,100,1301.107836
406.768623,100,1301.384452
421.114678,100,1301.561887
396.73305,100,1314.002586
391.812154,100,1314.178516
413.530025,100,1314.355996
406.271766,100,1314.515242
281.403728,100,1314.66981
266.697925,100,1314.81844
403.306445,100,1314.977072
347.171115,100,1315.133241
392.071528,100,1315.384578
445.190958,100,1315.553168
389.271284,100,1326.067267
335.14143,100,1326.219385
369.145148,100,1326.376647
313.775125,100,1326.540577
312.939044,100,1326.700289
310.385548,100,1326.858485
383.360808,100,1327.01782
376.933042,100,1327.195803
321.680498,100,1327.433159
358.045284,100,1327.586457
346.850477,100,1340.280548
401.109185,100,1340.46208
401.313879,100,1340.64133
360.836546,100,1340.823257
343.602731,100,1340.997285
391.46761,100,1341.177703
343.980276,100,1341.444364
386.808497,100,1341.615642
421.310899,100,1341.804197
373.854351,100,1341.980753
371.057404,100,1354.252962
310.958484,100,1354.405
320.956699,100,1354.561773
416.558855,100,1354.71274
309.463906,100,1354.865218
342.132663,100,1355.016327
284.322016,100,1355.181987
380.152826,100,1355.435817
340.340464,100,1355.619634
328.485449,100,1355.79987
337.621939,100,1367.019472
373.325947,100,1367.161727
308.349374,100,1367.299109
375.32644,100,1367.458242
347.165116,100,1367.713697
379.600266,100,1367.877441
256.202153,100,1368.063125
328.286564,100,1368.239026
362.073025,100,1368.395792
334.467674,100,1368.559853
383.775661,100,1380.059546
320.266645,100,1380.234944
358.13005,100,1380.391327
380.072484,100,1380.540964
352.621611,100,1380.710887
308.449528,100,1380.882233
306.431137,100,1381.069889
404.075229,100,1381.250564
327.673749,100,1381.429263
432.750373,100,1381.720309
411.342611,100,1392.892261
287.102084,100,1393.040972
323.473266,100,1393.187495
397.35139,100,1393.328023
349.784757,100,1393.472518
340.239979,100,1393.751409
295.645026,100,1393.911937
326.370051,100,1394.092973
350.910948,100,1394.235898
314.600952,100,1394.381481
327.85363,100,1405.550478
345.530862,100,1405.815686
365.7884,100,1405.965174
258.181648,100,1406.141741
330.564399,100,1406.294015
290.822246,100,1406.454704
351.247844,100,1406.597577
393.518296,100,1406.751606
366.633618,100,1406.912593
342.862378,100,1407.068014
286.815493,100,1417.949472
360.781083,100,1418.107795
318.075103,100,1418.304401
416.881545,100,1418.452844
379.789704,100,1418.612173
321.724019,100,1418.772533
374.625118,100,1418.940937
359.283953,100,1419.105905
388.459504,100,1419.284632
242.717844,100,1419.446959
416.218923,100,1430.86492
294.062471,100,1431.024355
322.703053,100,1431.172782
418.190684,100,1431.3242
295.088124,100,1431.473969
328.393793,100,1431.659513
383.792867,100,1431.936937
363.692934,100,1432.10488
365.374392,100,1432.293009
269.772377,100,1432.443542
351.839187,100,1444.802096
414.215224,100,1444.99793
329.352339,100,1445.178496
373.212474,100,1445.372982
408.655584,100,1445.561564
381.804509,100,1445.85774
402.373053,100,1446.034843
414.403204,100,1446.213871
353.949906,100,1446.373854
336.897568,100,1446.539727
361.357565,100,1458.276178
302.358143,100,1458.425656
382.171467,100,1458.579326
277.490389,100,1458.726549
374.979297,100,1458.88095
358.72645,100,1459.028252
327.562699,100,1459.171327
415.199279,100,1459.318298
359.327568,100,1459.451364
416.340235,100,1459.600423
361.87268,100,1471.28413
394.124353,100,1471.432842
268.3223,100,1471.57518
364.430946,100,1471.822524
284.292176,100,1471.977138
383.275345,100,1472.150896
363.902941,100,1472.313427
355.881676,100,1472.476286
315.538623,100,1472.63957
353.502282,100,1472.806908
322.177873,100,1487.289116
387.889662,100,1487.43153
323.137189,100,1487.577609
380.227296,100,1487.815454
308.441207,100,1487.990456
365.717976,100,1488.196915
353.765861,100,1488.360192
323.808778,100,1488.514722
300.321556,100,1488.665335
323.09535,100,1488.825222
339.203112,100,1501.23173
387.409221,100,1501.398669
386.294273,100,1501.541266
318.805044,100,1501.733565
295.072237,100,1501.938422
411.240821,100,1502.120251
362.945629,100,1502.267777
285.724849,100,1502.413278
389.332362,100,1502.562249
311.592488,100,1502.716621
345.629275,100,1514.5441
311.483539,100,1514.706451
402.122312,100,1514.86023
331.031058,100,1515.023921
330.891013,100,1515.185421
347.854113,100,1515.339322
414.31073,100,1515.48691
247.234947,100,1515.632344
370.063998,100,1515.779588
375.998508,100,1515.93838
341.694854,100,1527.587565
313.324271,100,1527.756645
308.220108,100,1527.926655
298.589957,100,1528.109304
369.692412,100,1528.279965
354.405102,100,1528.49028
347.006696,100,1528.746017
331.950671,100,1528.945847
398.083594,100,1529.117013
337.006344,100,1529.285688
316.567791,100,1542.604112
372.036638,100,1542.821486
400.779378,100,1543.035514
356.207197,100,1543.213922
429.941477,100,1543.389639
360.500541,100,1543.563984
358.892367,100,1543.741544
296.76231,100,1543.948214
325.670031,100,1544.137064
354.692708,100,1544.309219
363.944212,100,1557.78095
344.019228,100,1557.958344
425.716094,100,1558.145339
430.724135,100,1558.32063
335.513127,100,1558.548359
375.797195,100,1558.75191
335.311517,100,1558.918344
381.271043,100,1559.089538
340.799885,100,1559.238887
354.308214,100,1559.395842
357.288968,100,1571.810993
387.488024,100,1571.976225
305.140053,100,1572.153235
403.793488,100,1572.328479
323.195364,100,1572.493613
381.746985,100,1572.741137
321.676275,100,1572.925577
405.622407,100,1573.121458
373.780744,100,1573.295686
374.342979,100,1573.462932
395.341077,100,1584.603489
350.609872,100,1584.866201
344.818043,100,1585.03591
318.910934,100,1585.22615
358.198164,100,1585.377867
390.28036,100,1585.536815
391.822549,100,1585.7015
324.587411,100,1585.870977
381.548585,100,1586.051199
308.19678,100,1586.227628
376.785331,100,1597.802933
342.220273,100,1597.98062
340.98261,100,1598.176977
427.443367,100,1598.338938
360.631238,100,1598.496141
362.763452,100,1598.743593
388.651496,100,1598.936174
402.366169,100,1599.095255
330.094609,100,1599.274336
334.110866,100,1599.424403
318.156154,100,1610.551798
392.136838,100,1610.811131
376.074682,100,1610.987815
368.163443,100,1611.179104
330.452907,100,1611.336669
391.246075,100,1611.49119
299.853279,100,1611.668396
433.255612,100,1611.840947
364.298126,100,1612.00498
312.472138,100,1612.167101
461.618218,100,1624.234907
302.70003,100,1624.386688
328.211545,100,1624.535254
386.26976,100,1624.6767
278.627494,100,1624.862131
455.331146,100,1625.096372
343.701146,100,1625.2636
358.376112,100,1625.433003
354.970231,100,1625.58798
336.612491,100,1625.733508
361.100333,100,1637.703946
358.250845,100,1637.868014
371.546905,100,1638.04789
330.438176,100,1638.236999
320.335017,100,1638.399302
379.72498,100,1638.583175
369.625961,100,1638.742806
347.764316,100,1638.996368
359.51189,100,1639.162692
403.641415,100,1639.346811
353.91898,100,1651.296815
398.133387,100,1651.501726
398.49159,100,1651.68925
351.536244,100,1651.884155
369.030105,100,1652.078573
368.526336,100,1652.264471
407.132457,100,1652.440585
360.494541,100,1652.61869
435.159976,100,1652.800315
403.251245,100,1653.07444
378.848392,100,1665.692007
392.305985,100,1665.871372
394.821459,100,1666.040715
388.815457,100,1666.208727
376.557031,100,1666.365604
358.891584,100,1666.527275
329.789226,100,1666.694449
288.62322,100,1666.909671
332.430972,100,1667.126607
338.767858,100,1667.286005
455.074201,100,1683.1977
368.066708,100,1683.460613
392.589156,100,1683.695415
347.718594,100,1683.986878
320.612069,100,1684.294256
351.028659,100,1684.600029
365.420426,100,1684.910911
389.037644,100,1685.224497
378.417718,100,1685.545728
443.055367,100,1685.812775
306.149996,100,1698.483973
358.215823,100,1698.670219
397.018653,100,1698.858009
384.333704,100,1699.059093
379.919532,100,1699.247576
403.584561,100,1699.424558
377.937874,100,1699.606937
352.595927,100,1699.888724
405.136124,100,1700.071063
393.77164,100,1700.260815
432.231542,100,1712.225528
252.110189,100,1712.400459
348.435727,100,1712.572559
378.411869,100,1712.745773
367.609669,100,1712.936114
342.557458,100,1713.125285
291.376165,100,1713.299315
391.404655,100,1713.48102
346.184741,100,1713.659276
379.167187,100,1713.932207
303.343429,100,1725.513863
325.24967,100,1725.73965
398.11921,100,1725.996714
348.350373,100,1726.202268
313.197552,100,1726.373747
392.998265,100,1726.553772
286.6246,100,1726.740466
422.937822,100,1726.92463
337.726535,100,1727.097912
426.411405,100,1727.274789
328.5927,100,1739.200106
397.868019,100,1739.340073
432.097496,100,1739.476917
406.617215,100,1739.61685
347.163735,100,1739.849915
377.53673,100,1740.08275
403.206753,100,1740.245484
393.444425,100,1740.406981
410.255915,100,1740.561818
373.162707,100,1740.715866
