#{"t_start": 1784395646.549664, "env_id": "None"}
r,l,t
330.834049,100,1.393888
307.647047,100,1.491621
291.41715,100,1.631964
299.152308,100,1.800562
345.535185,100,1.903892
296.848328,100,2.016035
343.208933,100,2.131246
301.361744,100,2.237967
310.31288,100,2.336767
305.519617,100,2.434025
371.020556,100,3.559742
314.570529,100,3.771211
309.920051,100,3.967734
336.77476,100,4.168082
313.029042,100,4.358655
312.200573,100,4.549258
260.652145,100,4.754757
291.757393,100,4.949996
307.104178,100,5.168653
295.118247,100,5.389992
353.573612,100,6.420711
289.706104,100,6.526399
353.141386,100,6.626523
360.818732,100,6.722004
321.337831,100,6.832901
335.581515,100,6.931555
327.449368,100,7.026598
328.489136,100,7.123932
255.146007,100,7.21608
303.838611,100,7.312251
290.854373,100,8.578887
291.52667,100,8.762521
309.746248,100,8.960826
282.05536,100,9.139536
323.150131,100,9.319049
314.749618,100,9.497743
340.02478,100,9.68553
342.614627,100,9.836871
290.337313,100,9.982185
316.146004,100,10.146286
354.796525,100,11.43013
310.259546,100,11.669593
283.684565,100,11.888577
304.831864,100,12.106925
369.169497,100,12.328532
330.877861,100,12.544652
333.161401,100,12.770025
299.63315,100,12.980531
328.000874,100,13.186209
298.967978,100,13.396345
283.256563,100,14.925549
302.22895,100,15.02692
280.278,100,15.137976
294.282567,100,15.248505
296.985201,100,15.368376
330.77912,100,15.471971
292.34097,100,15.573711
301.542632,100,15.675168
311.772112,100,15.781065
282.04575,100,15.94481
302.97041,100,17.4012
303.757467,100,17.613583
271.647572,100,17.82318
313.107385,100,18.052852
323.712502,100,18.214166
299.728958,100,18.386021
269.147792,100,18.562831
293.831109,100,18.787534
282.961713,100,19.037233
327.562112,100,19.192051
274.976181,100,20.333236
290.073365,100,20.490269
283.412749,100,20.638485
212.461269,100,20.785391
281.671179,100,20.934037
306.141317,100,21.068795
282.161575,100,21.202188
244.745605,100,21.359729
294.062681,100,21.504052
286.639862,100,21.646344
353.009495,100,22.851147
309.084025,100,23.023825
304.386776,100,23.199914
284.324129,100,23.394512
268.420635,100,23.583397
296.962209,100,23.763802
242.224253,100,23.982626
327.162195,100,24.146517
274.659682,100,24.306792
316.211345,100,24.449672
346.641268,100,25.668444
316.064269,100,25.849688
307.057892,100,26.021501
288.789857,100,26.155506
317.785388,100,26.280449
332.213773,100,26.458064
299.590049,100,26.629261
297.6986,100,26.822426
288.519771,100,27.011064
277.347696,100,27.198474
297.062422,100,28.325434
282.343948,100,28.453955
346.217768,100,28.57018
258.726778,100,28.685642
319.279123,100,28.805667
290.110411,100,28.919821
319.31202,100,29.041558
300.301099,100,29.149634
259.04162,100,29.256639
354.763511,100,29.368167
313.103089,100,30.466781
297.70459,100,30.576285
311.860179,100,30.682728
293.396255,100,30.791928
368.949093,100,30.90684
335.069097,100,31.025347
324.322717,100,31.138945
339.005953,100,31.247812
334.008547,100,31.355745
229.580419,100,31.475157
301.806863,100,32.535792
330.598977,100,32.645944
268.622963,100,32.761729
288.227044,100,32.880054
298.922455,100,32.995942
274.537555,100,33.097172
357.433061,100,33.208759
286.219446,100,33.315177
278.420874,100,33.425744
335.068658,100,33.545153
352.555067,100,34.585909
331.151599,100,34.704671
362.712711,100,34.85123
337.470417,100,35.004951
314.204129,100,35.117941
309.101195,100,35.235671
324.174435,100,35.358667
303.769358,100,35.476886
321.85768,100,35.588281
333.806991,100,35.70202
266.186405,100,36.761732
271.471793,100,36.875305
321.922927,100,36.989025
361.307283,100,37.098811
326.170769,100,37.210506
307.312433,100,37.330491
280.071576,100,37.440631
264.061938,100,37.555528
245.515018,100,37.665991
324.92735,100,37.780549
358.878158,100,38.822889
269.208103,100,38.943391
333.71712,100,39.054327
303.617192,100,39.166004
347.161939,100,39.275911
301.219034,100,39.387299
332.831286,100,39.499784
313.256115,100,39.603497
280.511683,100,39.713129
271.095941,100,39.846167
287.068537,100,40.769837
377.814394,100,40.86823
314.163109,100,40.964283
311.28974,100,41.060744
296.715212,100,41.157679
368.462208,100,41.257431
277.564546,100,41.356026
301.627055,100,41.45763
326.159309,100,41.559065
300.154999,100,41.661915
284.844582,100,42.827054
310.014676,100,42.920485
254.101985,100,43.019004
341.763437,100,43.11479
286.056074,100,43.216879
333.141625,100,43.316604
290.176578,100,43.423409
297.584015,100,43.537182
338.054762,100,43.63619
299.500455,100,43.744767
301.574736,100,45.449005
342.532287,100,45.674231
293.422864,100,45.932508
312.967206,100,46.163226
330.589254,100,46.37443
337.590609,100,46.48968
341.607619,100,46.588259
306.082241,100,46.684261
322.569757,100,46.801769
323.476652,100,46.907455
277.734305,100,47.603169
264.175785,100,47.707655
276.652194,100,47.824813
329.096105,100,47.992085
317.241136,100,48.119854
283.055415,100,48.227295
335.793266,100,48.347067
349.191546,100,48.447439
311.578511,100,48.545972
272.711722,100,48.643688
337.95913,100,49.440806
291.471018,100,49.535795
320.899543,100,49.628206
334.379115,100,49.726417
300.651423,100,49.863283
385.705935,100,50.066421
329.060688,100,50.184632
324.562405,100,50.313979
336.161743,100,50.435938
313.859291,100,50.567895
282.284347,100,51.302217
344.564099,100,51.408408
354.959334,100,51.51781
339.962776,100,51.621396
301.607495,100,51.734987
290.270947,100,51.901143
325.510527,100,52.084763
352.332983,100,52.201936
396.86828,100,52.317517
340.642309,100,52.441395
310.574662,100,53.206097
303.347128,100,53.310335
360.541211,100,53.412395
313.186336,100,53.521334
311.422503,100,53.632771
335.204326,100,53.749618
385.087927,100,53.890972
354.292411,100,54.069442
318.33928,100,54.171242
273.467806,100,54.279837
329.285272,100,55.113941
297.979921,100,55.216031
296.897811,100,55.319575
363.202502,100,55.428251
342.971713,100,55.530753
345.038285,100,55.638037
334.55278,100,55.750782
327.965743,100,55.89547
381.717401,100,56.056614
331.633865,100,56.166048
316.878196,100,56.985753
334.716187,100,57.094802
370.060977,100,57.222313
319.109527,100,57.337945
319.729642,100,57.468656
277.941485,100,57.59419
281.301658,100,57.711561
320.238241,100,57.88071
325.313419,100,58.070695
355.760559,100,58.192672
319.477823,100,59.00261
355.181028,100,59.125466
289.586841,100,59.240549
286.732733,100,59.359172
317.866738,100,59.486331
317.446597,100,59.609039
357.239653,100,59.732262
376.891694,100,59.879023
350.229937,100,60.057804
301.242822,100,60.182018
307.64747,100,60.988457
349.723385,100,61.097173
289.828553,100,61.213765
357.876585,100,61.323807
343.57141,100,61.443066
347.38412,100,61.573199
318.757522,100,61.714318
300.904928,100,61.916552
350.774291,100,62.128457
376.046572,100,62.252793
376.750164,100,63.099141
335.408522,100,63.199034
325.584923,100,63.299747
349.065077,100,63.402889
340.412655,100,63.502156
331.319669,100,63.609562
290.837005,100,63.715058
332.010034,100,63.837582
333.544425,100,64.01238
273.590361,100,64.133009
295.41879,100,64.937026
342.382044,100,65.061474
351.750074,100,65.179307
350.290625,100,65.293722
311.806819,100,65.427029
359.770034,100,65.547866
317.903226,100,65.672641
352.49092,100,65.793544
375.564127,100,65.923204
323.502627,100,66.08937
336.349479,100,67.072543
379.574996,100,67.176858
275.961217,100,67.281598
308.807724,100,67.38247
359.038721,100,67.478033
332.670338,100,67.568974
349.2123,100,67.664059
312.934949,100,67.764828
287.659959,100,67.873614
337.996892,100,67.994175
332.373898,100,68.929235
338.529893,100,69.021306
362.638779,100,69.118686
331.247008,100,69.215648
362.398517,100,69.337384
317.615005,100,69.434578
346.399511,100,69.53088
327.856495,100,69.625006
324.081838,100,69.726927
299.270625,100,69.823812
343.629935,100,70.76978
318.32839,100,70.86683
317.684921,100,70.967926
319.254885,100,71.063191
317.345384,100,71.17192
353.645474,100,71.274481
322.592,100,71.390187
266.498079,100,71.498581
321.625786,100,71.601014
364.55888,100,71.708236
345.142193,100,72.730014
316.426028,100,72.835303
321.388656,100,72.93591
347.887095,100,73.037707
334.80941,100,73.136708
324.383617,100,73.233541
305.10295,100,73.334621
337.056205,100,73.439599
317.312823,100,73.545768
366.873042,100,73.654557
349.236682,100,74.594132
338.385467,100,74.700922
338.84947,100,74.79773
317.673405,100,74.90162
306.868646,100,75.007382
333.21731,100,75.116998
350.475232,100,75.220195
335.191593,100,75.327229
307.168143,100,75.428479
343.350119,100,75.532164
362.393434,100,76.504118
362.991982,100,76.617795
350.329485,100,76.723077
349.096072,100,76.832063
324.048787,100,76.939308
296.805892,100,77.039873
324.653343,100,77.148839
326.753122,100,77.268793
311.091469,100,77.395538
328.19126,100,77.505973
294.939184,100,78.897434
307.91386,100,79.095632
342.008777,100,79.275231
333.969353,100,79.474856
316.617988,100,79.694207
318.29774,100,79.88872
314.108642,100,80.102371
343.917381,100,80.296855
330.471033,100,80.444669
325.818668,100,80.612276
353.974882,100,81.823155
364.203711,100,82.020733
352.038481,100,82.210026
313.487836,100,82.342779
372.208579,100,82.511923
293.277397,100,82.668324
290.472929,100,82.813651
338.073321,100,83.000967
331.53396,100,83.155419
341.875416,100,83.31321
383.446226,100,84.643677
320.857148,100,84.74097
337.585243,100,84.840544
341.912312,100,84.940429
340.627208,100,85.035391
348.002344,100,85.135153
352.040912,100,85.226039
287.425006,100,85.325639
376.27371,100,85.422711
345.36876,100,85.526222
308.040778,100,86.336075
335.455581,100,86.480855
319.923515,100,86.57373
301.582766,100,86.682925
375.960012,100,86.803983
399.215377,100,86.91057
295.269865,100,87.011708
320.086673,100,87.110564
346.06543,100,87.209663
325.987798,100,87.309166
335.014537,100,88.896893
267.775737,100,89.010899
298.4977,100,89.114296
323.755133,100,89.222429
321.950915,100,89.322065
323.89223,100,89.417566
369.982522,100,89.525545
266.797736,100,89.623292
356.400541,100,89.72667
302.469811,100,89.828205
362.290805,100,90.657835
346.957198,100,90.760869
313.595622,100,90.856285
304.792585,100,90.968098
390.160001,100,91.064947
308.939342,100,91.169459
335.35262,100,91.276371
341.640952,100,91.37797
379.396359,100,91.47465
360.674553,100,91.570394
338.730846,100,92.275057
290.759424,100,92.381333
346.939953,100,92.547723
394.850874,100,92.694262
389.931664,100,92.801613
413.771256,100,92.913786
342.33622,100,93.014316
328.189764,100,93.119087
324.705625,100,93.217509
331.001344,100,93.321276
325.156213,100,93.985849
335.410306,100,94.077769
360.780397,100,94.170863
375.368275,100,94.260224
398.14513,100,94.351083
351.877547,100,94.479333
355.200287,100,94.625842
347.84373,100,94.718439
364.100841,100,94.839828
350.967912,100,94.938913
305.482918,100,95.669792
343.448599,100,95.768634
381.982793,100,95.872294
367.191296,100,95.976645
321.399286,100,96.077891
377.047258,100,96.189588
307.27617,100,96.289669
332.558542,100,96.387256
307.444847,100,96.548373
365.844069,100,96.681354
370.337326,100,97.376563
337.225995,100,97.471385
351.355467,100,97.568401
372.349945,100,97.676856
327.46575,100,97.776661
305.103786,100,97.872334
337.517051,100,97.969339
344.57503,100,98.067993
360.318972,100,98.163362
315.151622,100,98.25617
392.006305,100,99.390039
376.874737,100,99.486297
339.781488,100,99.578593
371.920451,100,99.676062
367.290465,100,99.772834
310.80856,100,99.875629
326.952944,100,99.980726
378.25273,100,100.080656
343.028554,100,100.17101
375.948692,100,100.261559
360.683726,100,101.234088
356.136513,100,101.322284
322.644393,100,101.418072
323.229504,100,101.51487
350.518026,100,101.611863
377.847659,100,101.714872
383.969089,100,101.822941
398.05768,100,101.944873
303.727163,100,102.08573
297.458946,100,102.193262
341.603043,100,103.189055
374.936833,100,103.299709
341.094509,100,103.393349
330.459657,100,103.49133
381.690378,100,103.585324
348.708315,100,103.681546
311.924595,100,103.777133
338.294947,100,103.872492
324.477683,100,103.968188
378.467562,100,104.060358
311.130734,100,105.036291
401.737668,100,105.136666
349.483427,100,105.255488
349.689708,100,105.367779
373.432652,100,105.475518
323.814497,100,105.577175
378.742425,100,105.670513
352.768649,100,105.762472
368.833935,100,105.864686
341.42305,100,105.970771
383.447461,100,106.716158
300.645501,100,106.844837
312.202574,100,106.945369
351.56205,100,107.043991
355.991336,100,107.15404
367.181086,100,107.253755
366.597581,100,107.35702
313.393899,100,107.455685
310.738445,100,107.556535
338.634971,100,107.66244
303.006715,100,108.386817
390.841602,100,108.486543
376.902929,100,108.609849
358.693914,100,108.764637
377.375075,100,108.865964
356.221821,100,108.960517
389.245834,100,109.073142
347.486473,100,109.170581
388.163749,100,109.266985
383.341841,100,109.364921
350.286924,100,110.844981
380.118597,100,111.020961
310.453479,100,111.204882
361.586942,100,111.409124
339.779234,100,111.606223
357.608868,100,111.814625
350.768845,100,112.063344
337.65399,100,112.289929
326.471611,100,112.5244
350.992126,100,112.767689
326.400781,100,113.63492
319.804315,100,113.755636
325.941317,100,113.867017
382.676572,100,113.983795
402.079449,100,114.099181
386.70935,100,114.222917
348.926077,100,114.362372
324.284845,100,114.507012
315.638791,100,114.687589
367.788091,100,114.85923
400.732317,100,115.536431
361.213074,100,115.639647
370.313486,100,115.747799
333.494547,100,115.849928
393.321879,100,115.946854
377.818781,100,116.045968
367.083328,100,116.144575
398.795305,100,116.246816
293.178037,100,116.341856
375.746413,100,116.443052
306.953049,100,117.500173
333.50314,100,117.619279
371.0907,100,117.733232
376.759894,100,117.862947
350.572971,100,117.987679
374.558398,100,118.1113
333.998073,100,118.220217
386.230646,100,118.327501
358.081488,100,118.437851
384.538684,100,118.543564
388.040493,100,119.644451
345.378393,100,119.765965
406.014934,100,119.890889
376.863772,100,120.01683
349.762692,100,120.136183
331.509473,100,120.252391
382.615429,100,120.375989
359.978522,100,120.500498
370.503887,100,120.658948
359.848768,100,120.836825
351.651115,100,121.687101
372.945923,100,121.813713
379.741358,100,121.938354
353.538638,100,122.054754
333.353541,100,122.181869
373.706848,100,122.294962
413.975911,100,122.423481
361.585008,100,122.546998
335.609407,100,122.748732
348.271537,100,122.875528
312.793499,100,124.062717
373.443434,100,124.216222
295.82989,100,124.379276
379.386967,100,124.544412
340.001641,100,124.723868
340.726938,100,124.862559
390.827375,100,124.994856
343.150085,100,125.144118
343.444349,100,125.305642
286.677697,100,125.470605
293.397912,100,126.176256
355.498879,100,126.268291
362.28612,100,126.36233
336.408149,100,126.453502
310.268782,100,126.551069
330.416178,100,126.705879
338.413895,100,126.841172
338.885876,100,126.944857
320.850267,100,127.052976
365.791766,100,127.161228
297.968486,100,127.838533
329.049391,100,127.935534
396.722077,100,128.033307
356.778882,100,128.126432
348.739241,100,128.217015
357.111153,100,128.308074
405.797402,100,128.406898
395.852686,100,128.499806
354.548635,100,128.627577
404.226553,100,128.788438
361.404706,100,129.501074
349.701555,100,129.59777
305.394683,100,129.697086
379.575258,100,129.80825
308.33265,100,129.924502
412.781182,100,130.031261
369.814079,100,130.137875
312.322063,100,130.243648
407.489113,100,130.346506
331.787474,100,130.461173
347.298333,100,131.472066
323.273755,100,131.581815
332.155858,100,131.701465
400.649046,100,131.833852
374.377084,100,131.986175
339.896461,100,132.108008
381.19322,100,132.23372
301.049321,100,132.339558
385.430924,100,132.4616
330.298147,100,132.598301
380.374726,100,133.969951
356.658895,100,134.172011
334.60745,100,134.356707
405.79315,100,134.547432
358.934097,100,134.751966
341.445645,100,134.929781
307.286606,100,135.078142
357.063254,100,135.24575
334.202145,100,135.43346
370.574653,100,135.614556
342.970203,100,136.4518
335.923542,100,136.594078
324.98255,100,136.77124
317.378544,100,136.895057
379.361888,100,136.997925
332.145779,100,137.112882
366.703115,100,137.210422
329.675886,100,137.308477
358.292508,100,137.406467
412.385005,100,137.50754
400.743086,100,138.330297
369.466106,100,138.43689
369.494537,100,138.545321
399.377246,100,138.717396
307.176893,100,138.850049
387.033234,100,138.954885
358.61465,100,139.074466
328.326689,100,139.180406
389.76476,100,139.276881
312.192496,100,139.371472
418.108993,100,140.417979
310.900542,100,140.671155
323.416708,100,140.88837
343.556143,100,141.062485
378.286431,100,141.209027
340.911985,100,141.394416
339.48082,100,141.567242
363.269226,100,141.768827
318.150428,100,141.973378
379.594266,100,142.157032
347.965859,100,143.156536
404.732322,100,143.257698
337.84626,100,143.374411
343.05882,100,143.474064
377.726264,100,143.585516
402.137433,100,143.704597
358.921022,100,143.817842
377.118057,100,143.929997
379.140768,100,144.040954
377.401124,100,144.226428
388.52598,100,145.21343
382.330255,100,145.309001
385.065513,100,145.403042
373.475491,100,145.505242
375.978645,100,145.598063
343.56791,100,145.699579
366.252097,100,145.797961
409.437903,100,145.891685
374.575089,100,145.983449
321.742589,100,146.079634
366.862008,100,147.088748
381.085355,100,147.201002
379.94834,100,147.309404
361.168675,100,147.410906
349.445049,100,147.508553
367.180451,100,147.608606
297.112543,100,147.707312
380.184412,100,147.817544
357.496186,100,147.910691
373.795288,100,148.004
412.902499,100,148.888463
337.739847,100,149.004927
351.413659,100,149.130234
404.12438,100,149.238228
386.710646,100,149.349593
330.164279,100,149.456795
397.601371,100,149.569118
379.261484,100,149.686742
339.645206,100,149.812711
371.76927,100,149.951362
399.50185,100,151.015927
397.028252,100,151.135175
376.341275,100,151.247961
339.841308,100,151.353343
297.185304,100,151.459308
359.655032,100,151.565047
371.556736,100,151.671782
392.105993,100,151.790466
345.193492,100,151.907964
360.452765,100,152.015338
372.895367,100,153.007251
394.590443,100,153.104132
336.52281,100,153.210736
361.493041,100,153.314683
377.18729,100,153.42759
293.544984,100,153.535795
334.555727,100,153.638889
375.56357,100,153.741987
388.082761,100,153.854586
370.299272,100,153.971625
420.481732,100,154.966605
358.097226,100,155.097471
370.851488,100,155.225186
358.598317,100,155.339524
327.893639,100,155.46369
308.037157,100,155.570921
348.412351,100,155.685624
367.394272,100,155.813041
384.882379,100,155.949501
343.647103,100,156.066599
382.782898,100,157.025725
333.269801,100,157.144737
352.899461,100,157.248554
371.519797,100,157.343678
378.641093,100,157.437003
379.438907,100,157.532382
365.699887,100,157.63141
342.180807,100,157.739553
325.230017,100,157.850695
375.404492,100,157.949353
348.04015,100,158.649024
354.481778,100,158.800833
399.617254,100,158.91364
355.664818,100,159.016202
391.559384,100,159.135247
380.392602,100,159.237144
359.084441,100,159.330627
387.814321,100,159.432425
418.102739,100,159.525081
408.095461,100,159.621872
416.791066,100,160.336337
358.772089,100,160.426883
323.599815,100,160.518979
350.062636,100,160.655877
390.302241,100,160.814872
374.946637,100,160.927139
327.775242,100,161.034632
390.344606,100,161.131204
401.53449,100,161.224519
355.974151,100,161.320899
316.97921,100,162.091079
341.285375,100,162.189457
339.865761,100,162.28353
362.8386,100,162.378326
405.519359,100,162.471658
364.719296,100,162.583347
326.910548,100,162.747056
353.680609,100,162.864634
400.350853,100,162.963279
312.976815,100,163.065753
393.727342,100,163.773244
397.192818,100,163.888786
372.669327,100,164.009698
372.315833,100,164.127367
347.915465,100,164.235245
327.672033,100,164.343744
378.154756,100,164.455366
397.062857,100,164.586806
371.572682,100,164.749006
407.422013,100,164.867332
342.672399,100,165.597957
351.334377,100,165.709296
371.293171,100,165.821462
356.133266,100,165.930612
391.678249,100,166.06813
348.348785,100,166.208472
402.416067,100,166.353282
324.021279,100,166.50373
413.743402,100,166.666228
369.740944,100,166.82827
306.996667,100,168.115502
394.650631,100,168.221954
373.92387,100,168.327342
362.68218,100,168.439766
390.050385,100,168.54191
324.176267,100,168.715784
370.871399,100,168.850129
348.307137,100,168.960774
378.788928,100,169.082043
376.976423,100,169.184745
390.978857,100,170.23398
376.845695,100,170.334564
433.160036,100,170.441681
432.988812,100,170.548307
335.451782,100,170.71944
421.289964,100,170.845636
382.516213,100,170.951893
372.27049,100,171.067578
361.647606,100,171.167597
330.617298,100,171.272692
359.340014,100,172.026639
420.160046,100,172.164355
387.145344,100,172.274979
393.533158,100,172.384395
341.313442,100,172.501269
363.524814,100,172.653401
402.776866,100,172.839891
352.613298,100,172.965397
315.576659,100,173.073797
368.835933,100,173.196635
392.020186,100,173.893182
392.686431,100,174.014626
409.941085,100,174.124786
352.20052,100,174.229791
370.186537,100,174.328603
375.209872,100,174.440864
326.060964,100,174.543047
410.432453,100,174.691747
332.480408,100,174.836217
439.409936,100,174.936622
338.638136,100,175.6329
381.11961,100,175.742945
418.930977,100,175.854458
373.534099,100,175.962446
354.231467,100,176.069573
375.269553,100,176.17368
392.705165,100,176.271532
341.643198,100,176.374788
345.40215,100,176.480625
417.124144,100,176.594041
389.616597,100,177.467638
345.019055,100,177.565718
394.035572,100,177.672409
360.424645,100,177.77748
399.941115,100,177.878919
416.512629,100,177.991797
338.412431,100,178.106699
407.413791,100,178.206188
398.481715,100,178.308678
419.253065,100,178.408975
377.209857,100,179.395698
363.54245,100,179.497719
390.186417,100,179.601671
377.443736,100,179.710805
365.173261,100,179.817544
377.420738,100,179.923649
432.145812,100,180.027963
368.41586,100,180.128339
413.231069,100,180.223982
415.798207,100,180.329965
326.564897,100,181.24296
360.187356,100,181.336291
370.506663,100,181.442622
346.615639,100,181.547031
391.968026,100,181.652465
394.605189,100,181.770498
368.576181,100,181.898605
407.235158,100,182.009604
372.596718,100,182.122534
389.489963,100,182.222083
388.059368,100,183.131027
372.733349,100,183.249334
414.443802,100,183.356391
357.348512,100,183.453723
348.807786,100,183.549142
338.137012,100,183.645771
381.230709,100,183.742641
406.8657,100,183.848824
418.162593,100,183.952909
372.337441,100,184.051491
399.665318,100,184.973605
337.317201,100,185.072521
408.237297,100,185.178918
347.808255,100,185.28388
340.457986,100,185.385344
354.227077,100,185.480404
343.045946,100,185.573501
373.390287,100,185.672846
350.430711,100,185.773887
378.016473,100,185.870057
374.582651,100,186.595458
308.024663,100,186.754504
424.768187,100,186.874399
316.701616,100,186.987714
384.662093,100,187.08373
347.330505,100,187.19152
351.250198,100,187.297856
388.904106,100,187.401272
383.7165,100,187.502546
360.722142,100,187.601435
386.829281,100,188.274251
358.881418,100,188.36757
382.167963,100,188.460296
373.504523,100,188.56207
323.017442,100,188.715221
410.283288,100,188.842845
356.107963,100,188.936567
356.940223,100,189.041068
399.145039,100,189.163218
354.361659,100,189.266898
389.940281,100,189.94014
376.310199,100,190.05215
353.453519,100,190.156605
389.662117,100,190.25675
389.15892,100,190.358975
360.277144,100,190.466834
330.23333,100,190.574633
330.680227,100,190.71867
311.593289,100,190.84018
346.240329,100,190.944911
360.211389,100,191.623637
322.098369,100,191.720609
373.570587,100,191.834676
418.923252,100,191.942827
354.617162,100,192.051167
325.191585,100,192.180188
375.61208,100,192.286179
392.912498,100,192.39585
398.636646,100,192.493763
369.444326,100,192.627957
410.731748,100,193.563662
414.446187,100,193.666932
366.36161,100,193.784132
347.760943,100,193.893725
356.947439,100,194.006927
411.756923,100,194.109359
360.557696,100,194.207467
335.598204,100,194.308866
403.366792,100,194.417079
407.759928,100,194.530699
405.10873,100,195.54098
361.254709,100,195.650029
354.089918,100,195.765704
392.808219,100,195.872664
388.072434,100,195.980034
337.958533,100,196.083835
400.018658,100,196.186243
366.034138,100,196.285744
381.050096,100,196.388216
397.056889,100,196.488551
394.22884,100,197.362254
364.413546,100,197.46659
377.393692,100,197.569474
350.45372,100,197.672972
358.730502,100,197.773822
364.781007,100,197.883316
370.542727,100,197.990996
410.373886,100,198.099343
370.347805,100,198.200626
382.696844,100,198.300332
404.023017,100,199.224492
375.660024,100,199.335656
379.652659,100,199.450312
352.220065,100,199.568784
387.227095,100,199.678955
392.979632,100,199.78769
392.389037,100,199.894296
384.460221,100,200.016422
382.518982,100,200.138968
408.03067,100,200.241624
343.52567,100,201.183872
409.44704,100,201.27994
327.554827,100,201.370766
400.888692,100,201.463624
412.972345,100,201.560302
373.721644,100,201.656003
398.083295,100,201.754354
363.014213,100,201.863291
325.936967,100,201.961751
318.887212,100,202.070389
364.626967,100,202.967519
385.941197,100,203.069595
365.547686,100,203.164279
352.910066,100,203.285156
370.385365,100,203.380753
346.909175,100,203.481843
365.423917,100,203.581372
350.2933,100,203.675088
372.187754,100,203.769537
389.297283,100,203.863477
391.028907,100,204.579144
348.435307,100,204.741912
393.009324,100,204.859452
348.661474,100,204.967806
380.861847,100,205.076473
366.038408,100,205.169534
393.249769,100,205.261569
419.708419,100,205.35285
338.175625,100,205.443948
412.020368,100,205.543257
415.754196,100,206.405351
379.397913,100,206.503563
351.715823,100,206.626459
353.418862,100,206.774992
363.569403,100,206.872621
401.273428,100,206.995686
378.124459,100,207.096405
374.514871,100,207.203752
394.006394,100,207.295473
399.344692,100,207.392555
353.421664,100,208.27889
420.375351,100,208.424911
365.877013,100,208.605398
338.491243,100,208.848403
378.381796,100,208.995668
407.550474,100,209.148965
430.342284,100,209.271626
374.033207,100,209.403999
362.307364,100,209.536258
412.507818,100,209.681615
366.089221,100,210.464849
390.243584,100,210.582239
353.126736,100,210.744604
406.160822,100,210.862319
337.834281,100,210.964663
358.391808,100,211.076412
390.108492,100,211.17031
359.493368,100,211.262326
406.918828,100,211.35638
362.762499,100,211.457758
371.743171,100,212.124483
380.554812,100,212.223961
370.778269,100,212.316647
368.863139,100,212.413229
318.902401,100,212.508767
353.020833,100,212.639147
399.987875,100,212.801241
356.802802,100,212.922904
391.891417,100,213.019348
394.936712,100,213.132739
351.028116,100,213.83346
412.148032,100,213.938067
400.659084,100,214.033667
417.523895,100,214.126776
377.851479,100,214.21986
387.633359,100,214.314218
430.904988,100,214.406976
406.157407,100,214.501978
384.402936,100,214.621518
383.009184,100,214.784969
377.548564,100,215.488032
395.892734,100,215.581424
367.373256,100,215.676909
425.67654,100,215.77656
383.536439,100,215.886729
320.397153,100,215.989252
357.762859,100,216.088671
390.147258,100,216.188349
374.534535,100,216.285431
390.391157,100,216.385702
389.622836,100,217.471548
415.109671,100,217.566207
345.19201,100,217.66221
356.255485,100,217.764096
378.15884,100,217.86957
325.204221,100,217.969908
399.09716,100,218.066997
363.391885,100,218.170565
354.459619,100,218.271043
382.923417,100,218.368639
325.049736,100,219.256994
411.074269,100,219.349429
415.952488,100,219.442659
447.108476,100,219.536083
378.408942,100,219.62942
328.901919,100,219.728909
446.86854,100,219.827499
405.609363,100,219.927265
411.188126,100,220.031491
403.017825,100,220.123738
375.031599,100,221.00932
376.587445,100,221.114234
362.521802,100,221.212403
381.836034,100,221.309546
384.421727,100,221.404238
384.126774,100,221.495739
362.461682,100,221.588094
364.157273,100,221.695379
401.46903,100,221.808234
378.297527,100,221.913884
395.795909,100,223.166177
349.185783,100,223.278348
332.597062,100,223.391509
412.601225,100,223.515067
326.93177,100,223.642719
384.082139,100,223.77679
397.017203,100,223.903976
391.332543,100,224.034837
366.240353,100,224.157743
363.958566,100,224.278338
391.369477,100,225.368028
410.230808,100,225.485049
363.776102,100,225.602133
388.313085,100,225.733152
405.756366,100,225.866372
374.435784,100,225.991697
395.080546,100,226.101694
390.244567,100,226.208167
416.651845,100,226.309562
400.227677,100,226.406747
389.832519,100,227.342508
428.550772,100,227.444702
400.390251,100,227.53912
395.796944,100,227.638016
390.149788,100,227.739676
434.743427,100,227.836186
423.234384,100,227.946348
337.860812,100,228.051594
402.520513,100,228.147415
356.381311,100,228.250397
413.293917,100,228.985982
357.851973,100,229.11403
356.840574,100,229.209603
409.680711,100,229.316503
376.994857,100,229.426939
369.52443,100,229.52158
441.532561,100,229.617896
373.796378,100,229.720463
405.097587,100,229.823283
398.131366,100,229.939459
418.104331,100,230.604282
347.655505,100,230.700358
409.387087,100,230.815555
395.402962,100,230.979705
371.454673,100,231.098172
303.994181,100,231.19624
353.701659,100,231.309473
398.488114,100,231.413295
366.630385,100,231.506756
403.083214,100,231.601344
373.477975,100,232.361843
361.618721,100,232.466869
414.795126,100,232.561038
334.924173,100,232.660262
364.703821,100,232.761686
400.899792,100,232.924687
415.290546,100,233.061819
345.207655,100,233.159729
384.080211,100,233.269767
375.642827,100,233.394826
410.132237,100,234.451492
346.440257,100,234.618834
386.223371,100,234.786185
411.440428,100,235.014231
389.912399,100,235.154832
401.398124,100,235.304216
379.054344,100,235.484996
373.367871,100,235.654219
349.855787,100,235.830806
411.810343,100,235.996393
370.475504,100,236.641517
387.727018,100,236.732882
413.450461,100,236.879118
388.539172,100,237.021582
428.420499,100,237.117424
427.030337,100,237.220242
393.38801,100,237.33621
375.426468,100,237.435715
410.16189,100,237.534469
430.379711,100,237.63248
390.885801,100,238.748433
387.085648,100,238.940475
383.044229,100,239.088221
430.427611,100,239.207709
412.9949,100,239.346758
387.376724,100,239.523491
434.034006,100,239.689226
369.437114,100,239.861427
406.398669,100,240.044193
379.644364,100,240.209674
422.755367,100,241.004805
348.198966,100,241.111623
389.451251,100,241.211795
371.295911,100,241.322423
407.948044,100,241.430466
388.193204,100,241.530152
419.327886,100,241.629236
375.641564,100,241.731439
370.428304,100,241.832701
393.232112,100,241.939027
358.726333,100,242.706089
425.758925,100,242.931188
401.959026,100,243.090514
418.255117,100,243.22633
408.748765,100,243.37948
357.50624,100,243.553652
367.410157,100,243.723225
364.459625,100,243.917015
361.093546,100,244.083783
401.608056,100,244.25177
407.440527,100,245.521072
403.808429,100,245.626727
422.150932,100,245.727916
391.11351,100,245.836534
411.541435,100,245.949308
360.815637,100,246.053487
391.181357,100,246.156903
417.874793,100,246.25474
445.554821,100,246.352753
399.334597,100,246.450608
381.310451,100,247.806161
390.928791,100,247.986445
368.008858,100,248.164267
430.575667,100,248.338145
379.922653,100,248.512122
386.525912,100,248.681053
432.635136,100,248.877342
362.790361,100,249.062305
404.448259,100,249.220924
420.434828,100,249.377303
395.932722,100,250.605066
349.657151,100,250.777834
410.321731,100,250.961466
411.75982,100,251.104662
409.717204,100,251.232492
365.627039,100,251.400896
421.59775,100,251.56995
434.207048,100,251.742828
399.384131,100,251.928053
419.294674,100,252.109229
392.993291,100,253.586648
407.923594,100,253.760592
378.338728,100,253.946014
408.152193,100,254.118573
391.19181,100,254.297405
368.128798,100,254.476498
414.199688,100,254.650458
359.304902,100,254.837615
372.643637,100,255.028055
416.11085,100,255.172965
341.945842,100,256.274823
422.216752,100,256.455708
347.255071,100,256.634098
394.804069,100,256.815701
388.294512,100,256.993751
405.705765,100,257.144536
371.308814,100,257.287036
384.973171,100,257.478711
363.078359,100,257.648306
370.56458,100,257.823566
400.966243,100,259.164813
407.821366,100,259.270749
378.471964,100,259.377516
355.009599,100,259.485462
391.303167,100,259.583208
432.674756,100,259.681446
434.936759,100,259.781358
337.666212,100,259.875474
372.125985,100,259.982809
416.85966,100,260.089967
395.519693,100,261.160563
404.748963,100,261.267743
421.878203,100,261.376804
445.938446,100,261.477952
394.89296,100,261.571848
348.389384,100,261.675793
446.754077,100,261.781458
420.875418,100,261.889944
407.762988,100,262.00018
332.573584,100,262.118484
388.839192,100,262.917825
359.451928,100,263.06351
392.464655,100,263.168329
417.810349,100,263.272403
404.639748,100,263.399468
371.972104,100,263.496721
361.687945,100,263.593451
428.148641,100,263.700917
393.335287,100,263.807439
363.284946,100,263.911376
347.558773,100,264.625789
379.356115,100,264.726168
415.31245,100,264.861659
375.921714,100,265.014591
370.450632,100,265.113701
358.53625,100,265.226791
417.027949,100,265.333617
403.985905,100,265.433721
412.433458,100,265.531296
380.102514,100,265.626661
419.052701,100,266.310795
388.352874,100,266.40828
414.171245,100,266.512503
385.281324,100,266.616666
377.543486,100,266.726716
409.786491,100,266.872682
412.222266,100,267.034355
359.8866,100,267.146827
398.890345,100,267.247622
373.511694,100,267.34833
394.379571,100,268.081102
386.32028,100,268.178452
413.953498,100,268.278075
355.774529,100,268.377897
379.860681,100,268.474295
407.494002,100,268.567953
458.887882,100,268.658746
325.80898,100,268.755401
368.375392,100,268.912074
379.638709,100,269.035922
375.913835,100,269.924795
368.211832,100,270.030529
348.961685,100,270.125043
418.841559,100,270.222488
393.617297,100,270.324616
429.153718,100,270.425046
402.626627,100,270.523974
403.31634,100,270.621069
319.355741,100,270.716138
358.109406,100,270.830559
419.489786,100,271.910179
382.192066,100,272.050289
365.12193,100,272.186736
378.074381,100,272.313615
401.836305,100,272.446051
356.83289,100,272.570673
380.030701,100,272.686374
363.441212,100,272.800707
351.052076,100,272.975767
381.994075,100,273.094968
354.865889,100,273.87974
371.988574,100,274.00099
365.974833,100,274.118408
412.955941,100,274.232251
390.697245,100,274.343365
431.00214,100,274.463829
397.349237,100,274.575327
399.219596,100,274.686638
356.637935,100,274.807692
363.522061,100,274.984031
383.889185,100,275.685665
353.074676,100,275.786355
408.790161,100,275.894809
394.454095,100,276.00065
392.666382,100,276.103647
364.171069,100,276.19958
420.668086,100,276.30046
410.691956,100,276.398451
387.676685,100,276.496343
459.28379,100,276.598036
430.822553,100,277.626684
413.301531,100,277.728301
416.433094,100,277.848699
371.029682,100,277.969338
361.780519,100,278.086887
411.645585,100,278.203688
361.368043,100,278.311456
431.316975,100,278.413092
343.091691,100,278.515114
430.771698,100,278.615702
336.326521,100,279.58962
383.87642,100,279.700567
391.926021,100,279.804642
401.377113,100,279.914755
407.784373,100,280.034249
379.222693,100,280.151459
359.514291,100,280.259604
389.231577,100,280.374268
359.40861,100,280.489833
405.326743,100,280.596136
390.71476,100,281.609326
403.879007,100,281.715713
418.508666,100,281.823519
365.665835,100,281.943175
389.018427,100,282.056511
363.525942,100,282.165312
430.503307,100,282.27332
388.115029,100,282.385455
345.290902,100,282.495014
403.805867,100,282.600069
415.176528,100,283.619349
442.410993,100,283.738275
415.754571,100,283.862028
375.452202,100,283.9825
434.508788,100,284.111011
408.312337,100,284.227151
429.598613,100,284.3373
398.190856,100,284.458122
425.129496,100,284.573246
380.4526,100,284.691858
426.846998,100,285.793448
420.067613,100,285.953743
434.79782,100,286.105254
414.711264,100,286.274501
384.751911,100,286.439131
384.724018,100,286.600907
396.208918,100,286.766569
376.318539,100,286.966445
386.899152,100,287.097363
405.730134,100,287.217525
392.154482,100,288.340099
427.558412,100,288.49101
357.72167,100,288.638078
353.017346,100,288.797692
389.578007,100,288.983336
370.993615,100,289.130461
422.259668,100,289.266887
396.445316,100,289.429065
424.001748,100,289.605624
372.035991,100,289.786592
416.534058,100,290.766563
409.497844,100,290.934986
455.031649,100,291.050227
389.674117,100,291.142457
407.651568,100,291.251435
432.568399,100,291.353334
437.805599,100,291.455624
404.403005,100,291.550593
372.710623,100,291.646079
397.747748,100,291.753754
393.10489,100,292.492851
359.710931,100,292.588507
395.067838,100,292.68542
402.447742,100,292.782164
430.472985,100,292.957639
444.601267,100,293.08854
437.851596,100,293.182753
422.731181,100,293.294455
418.883087,100,293.395761
414.230657,100,293.502876
378.88243,100,294.222867
407.784379,100,294.328193
324.193726,100,294.440281
390.833841,100,294.542578
393.711253,100,294.639628
433.85703,100,294.738484
390.119266,100,294.889402
402.973751,100,295.032806
453.540901,100,295.141657
422.681422,100,295.247678
377.312318,100,295.983267
379.030489,100,296.088661
439.054524,100,296.210613
382.16705,100,296.323996
383.675249,100,296.449192
413.600817,100,296.559135
382.372982,100,296.676501
381.718567,100,296.812945
420.386067,100,296.997868
365.839853,100,297.133485
441.476013,100,297.969857
391.780476,100,298.097776
415.574624,100,298.211815
417.985445,100,298.333503
356.091213,100,298.458219
422.183758,100,298.579031
393.238226,100,298.694364
388.523254,100,298.841139
374.299782,100,299.025408
318.945721,100,299.139165
430.631312,100,299.998471
416.001618,100,300.130699
424.893311,100,300.268167
391.944995,100,300.399308
432.110463,100,300.532764
354.524895,100,300.66115
436.54763,100,300.775183
382.753763,100,300.975582
410.158589,100,301.104967
392.330812,100,301.232386
423.902151,100,302.047482
410.70283,100,302.184886
429.534358,100,302.308342
386.535133,100,302.435907
410.783239,100,302.549478
427.422275,100,302.659042
417.958423,100,302.771624
425.253273,100,302.985904
413.62775,100,303.129055
426.223738,100,303.271897
384.482065,100,303.931169
363.306193,100,304.039015
419.549554,100,304.147584
379.082535,100,304.242906
394.98684,100,304.340355
423.843034,100,304.437359
399.824141,100,304.53777
390.244286,100,304.639179
373.819761,100,304.737552
366.1466,100,304.874371
432.978525,100,305.882562
420.254276,100,306.011452
364.126638,100,306.135718
400.476979,100,306.250386
427.020355,100,306.364937
371.890254,100,306.491458
360.640778,100,306.619609
370.262929,100,306.763704
408.323074,100,306.978026
384.41575,100,307.137681
385.128015,100,307.830213
421.763025,100,307.952362
424.077821,100,308.05646
381.469965,100,308.169883
406.339852,100,308.273516
427.970719,100,308.373654
421.309741,100,308.467269
458.668135,100,308.559508
372.845229,100,308.652686
393.688032,100,308.748776
447.828712,100,309.704619
366.505113,100,309.799517
385.36892,100,309.906945
423.235707,100,310.011978
425.407349,100,310.109659
426.254702,100,310.215713
441.436645,100,310.307482
395.143204,100,310.402789
437.603646,100,310.502917
427.235391,100,310.595358
407.427128,100,311.585409
421.697849,100,311.691682
415.344942,100,311.797817
410.620545,100,311.910471
427.605079,100,312.022768
394.632599,100,312.123874
420.354131,100,312.253332
458.060115,100,312.395294
383.147933,100,312.518304
410.790271,100,312.641572
428.880727,100,313.793333
394.643982,100,313.918379
435.148599,100,314.0499
394.367186,100,314.172971
398.31186,100,314.293257
426.91504,100,314.415509
397.765249,100,314.551158
420.30291,100,314.678288
395.442172,100,314.829229
419.809638,100,315.03857
406.017034,100,315.890444
412.28208,100,316.008925
402.221019,100,316.114884
370.938888,100,316.216753
418.938942,100,316.32098
387.979437,100,316.425616
386.550357,100,316.528186
445.14032,100,316.630046
375.918478,100,316.735412
363.887005,100,316.899538
374.291175,100,317.806192
356.014257,100,317.910918
431.095455,100,318.01083
430.482116,100,318.113015
388.38981,100,318.219836
396.973376,100,318.319084
412.120172,100,318.416344
443.866297,100,318.519644
415.640535,100,318.618697
368.443636,100,318.721506
431.911713,100,319.709369
401.991802,100,319.817518
417.90532,100,319.922653
456.099631,100,320.043262
436.94123,100,320.160783
410.919856,100,320.267922
387.31646,100,320.375858
457.324228,100,320.486452
424.397759,100,320.598176
404.140399,100,320.714511
428.384942,100,321.645921
441.018882,100,321.740768
447.137004,100,321.844848
437.146257,100,321.950315
395.413482,100,322.052863
403.584058,100,322.149641
433.790846,100,322.240925
441.820251,100,322.331943
393.871579,100,322.430794
437.618,100,322.52453
392.263201,100,323.592152
462.262603,100,323.692746
399.98206,100,323.796678
461.199371,100,323.895037
467.537457,100,323.997452
412.912181,100,324.090552
450.069701,100,324.205034
416.941731,100,324.305902
424.928145,100,324.41193
438.218785,100,324.519715
447.695624,100,325.416875
448.897618,100,325.514455
452.197537,100,325.610083
403.561971,100,325.709554
393.028797,100,325.808216
407.518285,100,325.912231
390.785967,100,326.015896
408.034072,100,326.119461
394.050437,100,326.217335
410.709883,100,326.325703
378.711791,100,327.530831
422.577113,100,327.733243
448.635456,100,327.949301
429.419035,100,328.161971
401.394849,100,328.363116
408.577104,100,328.579487
382.090214,100,328.795702
423.095271,100,329.010855
423.284104,100,329.1846
415.05218,100,329.364369
403.564925,100,330.358724
401.227798,100,330.495915
455.531898,100,330.637036
421.839494,100,330.809455
449.571406,100,330.954674
423.840298,100,331.121868
431.880009,100,331.277689
408.295887,100,331.412688
392.155939,100,331.561003
420.509425,100,331.737223
425.535688,100,332.483413
448.935793,100,332.577662
467.510642,100,332.669039
435.235397,100,332.762025
437.658494,100,332.91428
412.385998,100,333.066738
429.912855,100,333.16655
459.661862,100,333.264812
398.153238,100,333.380439
383.534914,100,333.487414
396.362613,100,334.141761
420.279485,100,334.234832
430.559303,100,334.326036
380.297366,100,334.418572
406.152895,100,334.513879
412.380437,100,334.606974
428.756829,100,334.702566
408.960134,100,334.802216
408.273144,100,334.967394
382.156698,100,335.08653
405.341494,100,335.81952
385.553598,100,335.932084
452.514985,100,336.033197
421.162765,100,336.131794
404.506446,100,336.224182
399.755611,100,336.330218
450.755516,100,336.425873
399.736236,100,336.524087
426.927818,100,336.623052
409.269785,100,336.722027
421.632152,100,337.67768
418.478303,100,337.775404
418.923759,100,337.870473
437.763636,100,337.974007
405.764005,100,338.077629
432.522243,100,338.183187
413.493201,100,338.291939
405.784579,100,338.390578
367.512401,100,338.483746
412.005928,100,338.578536
378.509345,100,339.504617
389.600293,100,339.596951
453.677625,100,339.690856
422.41591,100,339.787702
392.395389,100,339.892533
450.121107,100,339.999262
435.030668,100,340.095034
441.560542,100,340.194069
425.657362,100,340.284613
409.902492,100,340.375935
435.480291,100,341.843706
425.400206,100,342.054393
423.026005,100,342.251018
378.915975,100,342.463485
382.481153,100,342.667588
398.813667,100,342.898492
407.664266,100,343.108022
421.97927,100,343.26008
446.907759,100,343.461901
439.08602,100,343.688685
403.463428,100,345.281658
417.053015,100,345.497117
416.153711,100,345.696922
373.267786,100,345.901578
410.262774,100,346.093182
420.277051,100,346.276178
427.918222,100,346.476339
416.734353,100,346.681851
405.332947,100,346.90913
435.761576,100,347.105507
443.460241,100,348.343951
448.396515,100,348.510017
433.466288,100,348.677269
432.704046,100,348.858749
462.62303,100,349.026879
444.937836,100,349.160631
423.638124,100,349.298632
379.134466,100,349.45924
446.423296,100,349.627831
449.096678,100,349.805504
359.381237,100,350.500841
419.784981,100,350.591177
416.670028,100,350.68609
428.531091,100,350.778302
425.497583,100,350.909951
412.078571,100,351.059753
408.328554,100,351.152656
396.090757,100,351.252225
448.010127,100,351.363609
405.381986,100,351.461591
445.699546,100,352.137659
443.222876,100,352.228736
398.542698,100,352.321381
428.632178,100,352.415478
403.221237,100,352.520645
428.269608,100,352.613393
425.967902,100,352.707435
465.72844,100,352.799933
434.453118,100,352.965492
422.009823,100,353.089156
423.817787,100,353.833839
412.401807,100,353.947552
427.314712,100,354.053128
361.638018,100,354.161901
377.761539,100,354.267628
456.537772,100,354.375257
439.141739,100,354.51253
425.415669,100,354.626072
395.940799,100,354.740215
451.005405,100,354.896833
375.266229,100,355.88694
411.707259,100,356.007643
417.737425,100,356.126501
404.597906,100,356.236497
415.407331,100,356.352273
419.668252,100,356.47002
428.342369,100,356.577758
406.863541,100,356.686442
399.365181,100,356.801807
429.835222,100,356.994799
423.709398,100,357.848796
418.762537,100,357.956981
438.631537,100,358.076467
437.230384,100,358.184836
487.526795,100,358.290452
438.263933,100,358.401085
436.179312,100,358.507941
413.858925,100,358.616472
453.379431,100,358.72172
453.290827,100,358.851444
440.887465,100,359.784593
436.463243,100,359.903468
439.645672,100,360.020042
386.246068,100,360.131028
403.172214,100,360.239599
439.056794,100,360.348496
460.32926,100,360.460849
401.066712,100,360.568234
427.062193,100,360.673387
419.25724,100,360.789244
404.747453,100,361.816219
449.085542,100,361.937881
382.302284,100,362.061288
461.628887,100,362.184657
434.908925,100,362.295022
438.195963,100,362.409682
383.118143,100,362.530366
406.360372,100,362.654564
439.138848,100,362.778087
452.105349,100,362.961724
464.45187,100,363.752651
413.348116,100,363.866191
462.91606,100,363.978198
450.186002,100,364.100034
411.093336,100,364.213745
401.263586,100,364.322938
432.80546,100,364.436584
435.230348,100,364.552063
421.689831,100,364.66444
398.558798,100,364.774446
432.163651,100,365.762876
431.214302,100,365.875335
423.965558,100,365.996693
462.508161,100,366.125224
439.256454,100,366.251376
400.624096,100,366.371795
445.844291,100,366.496894
429.498884,100,366.625717
379.533485,100,366.746049
444.065763,100,366.896168
411.371501,100,368.067364
384.270566,100,368.244576
396.543844,100,368.42141
430.916147,100,368.588053
441.696351,100,368.765864
470.127703,100,368.956761
439.771764,100,369.112193
409.000535,100,369.243007
462.579848,100,369.416227
401.340605,100,369.587567
413.212715,100,370.861582
412.484472,100,371.041698
408.388867,100,371.186701
422.603684,100,371.340331
431.403288,100,371.510536
385.250088,100,371.676412
416.195433,100,371.860963
447.320899,100,372.048452
418.04704,100,372.220559
421.859541,100,372.380652
386.057463,100,373.512599
398.828623,100,373.624264
464.836132,100,373.739594
410.500692,100,373.857993
462.313355,100,373.977783
405.967767,100,374.097226
411.682967,100,374.212102
436.57933,100,374.323931
405.233232,100,374.435867
428.409638,100,374.553198
461.371433,100,375.513239
444.596633,100,375.621693
453.883251,100,375.730289
420.385923,100,375.847008
413.951386,100,375.962585
448.181101,100,376.073251
438.229247,100,376.188667
468.501561,100,376.298475
441.439367,100,376.406596
463.735029,100,376.511487
448.111204,100,377.516068
449.524391,100,377.631302
371.110702,100,377.739473
393.541827,100,377.852071
417.225622,100,377.962659
433.062222,100,378.080687
411.978331,100,378.194523
385.030508,100,378.308062
438.7557,100,378.419751
420.473411,100,378.545033
407.684703,100,379.549543
455.103853,100,379.661245
423.441059,100,379.774429
417.741696,100,379.887859
418.900472,100,380.001521
415.988723,100,380.117828
428.819836,100,380.237242
411.640125,100,380.344541
425.53224,100,380.457578
408.661688,100,380.571199
407.024281,100,381.658142
383.324962,100,381.770744
372.287643,100,381.881737
438.640525,100,382.007846
445.975327,100,382.131811
431.277206,100,382.237307
466.60576,100,382.354393
394.567202,100,382.467812
437.70846,100,382.571483
427.098371,100,382.676156
413.596599,100,383.653978
447.34845,100,383.752872
408.912892,100,383.860619
448.095076,100,383.962941
429.428364,100,384.066719
409.796198,100,384.167856
426.822803,100,384.274901
456.078585,100,384.380517
457.000429,100,384.482466
458.854563,100,384.583492
413.72528,100,385.511466
406.414294,100,385.609418
433.22945,100,385.705525
435.601429,100,385.803615
427.388159,100,385.899647
425.367705,100,386.00288
456.046261,100,386.113208
386.70026,100,386.209379
411.785513,100,386.30928
443.292618,100,386.414929
455.454463,100,387.333713
434.919751,100,387.439277
463.268126,100,387.548891
439.152315,100,387.649288
457.958873,100,387.75629
429.219517,100,387.863925
419.944936,100,387.963876
440.484667,100,388.075511
447.479179,100,388.182857
452.593069,100,388.27581
438.193761,100,389.138781
434.523992,100,389.236507
420.077499,100,389.344068
455.893042,100,389.452777
404.462335,100,389.551461
406.449807,100,389.654859
400.333258,100,389.760764
433.770217,100,389.871267
472.308303,100,389.980609
432.902529,100,390.088316
424.736692,100,390.779947
400.154193,100,390.948597
462.83227,100,391.079768
425.247862,100,391.18694
476.571638,100,391.303222
439.043192,100,391.409654
379.062834,100,391.508865
400.587532,100,391.605562
422.89782,100,391.708184
455.253981,100,391.825945
427.597359,100,392.443247
439.186264,100,392.53945
436.816498,100,392.633271
422.026631,100,392.730118
435.246532,100,392.841461
446.523047,100,393.003434
405.030334,100,393.113576
435.465731,100,393.219946
432.79168,100,393.324457
400.920772,100,393.424476
411.956249,100,394.130923
448.944426,100,394.257892
458.729269,100,394.381199
407.603866,100,394.494892
394.379318,100,394.609473
428.914334,100,394.709647
411.453708,100,394.806814
396.250054,100,394.975508
466.380722,100,395.116213
452.829969,100,395.211529
405.111625,100,396.012254
412.808442,100,396.120217
384.821671,100,396.222874
418.536714,100,396.324238
419.38571,100,396.429764
433.974437,100,396.542969
450.678859,100,396.655977
434.421613,100,396.762365
425.905129,100,396.92217
450.55696,100,397.073179
461.224457,100,397.784477
441.023529,100,397.88351
408.694268,100,397.974032
402.014179,100,398.074008
399.532492,100,398.177776
427.534569,100,398.281268
421.38171,100,398.393238
455.061898,100,398.495896
384.041852,100,398.595041
454.960546,100,398.694124
445.28953,100,399.682995
392.805317,100,399.78432
450.019882,100,399.888325
435.574303,100,399.989869
452.950394,100,400.087844
441.387015,100,400.192677
442.00679,100,400.289639
414.806258,100,400.390548
388.200166,100,400.49263
400.375409,100,400.590436
429.4354,100,401.569546
385.020035,100,401.675545
395.374483,100,401.775732
473.50202,100,401.886071
446.752544,100,402.004053
404.426303,100,402.131162
444.165302,100,402.244088
407.168586,100,402.340444
425.419453,100,402.445212
455.608419,100,402.540744
414.284531,100,403.958323
423.335663,100,404.144168
431.727847,100,404.325649
410.322962,100,404.494252
402.826652,100,404.667809
461.187675,100,404.832502
431.72987,100,405.010127
417.593948,100,405.190888
410.338182,100,405.351696
445.907038,100,405.506374
404.694463,100,406.659272
428.133559,100,406.842357
424.342686,100,407.024672
440.340824,100,407.198781
432.26894,100,407.33386
462.196938,100,407.470948
438.1115,100,407.630717
443.519703,100,407.816581
395.286343,100,408.009484
434.620793,100,408.192281
440.684254,100,409.677935
468.257101,100,409.890994
461.671195,100,410.098806
402.973967,100,410.2782
426.007415,100,410.454746
439.97136,100,410.631692
363.657798,100,410.805255
455.369302,100,410.981632
451.97514,100,411.169122
474.622318,100,411.33032
387.073738,100,412.569527
446.363048,100,412.748756
447.521724,100,412.937433
417.29452,100,413.114145
441.684031,100,413.273338
413.163548,100,413.407535
466.467833,100,413.547306
393.514865,100,413.716676
428.73878,100,413.899962
397.717687,100,414.076421
417.913987,100,414.800296
459.884876,100,414.892443
419.897849,100,414.98982
435.631082,100,415.127856
427.797149,100,415.26533
398.049523,100,415.365822
399.311821,100,415.461071
434.239508,100,415.573123
435.910947,100,415.667622
396.801889,100,415.767533
435.096913,100,417.051839
448.683235,100,417.228698
438.277871,100,417.371651
480.142941,100,417.497292
442.593584,100,417.642734
447.818402,100,417.824759
460.093434,100,418.003315
431.192746,100,418.17517
450.919041,100,418.348577
434.819544,100,418.529175
368.974874,100,419.910333
444.2626,100,420.089731
427.297181,100,420.273234
471.817781,100,420.455457
458.538472,100,420.636061
404.416261,100,420.826269
429.961758,100,421.011194
447.405618,100,421.187403
415.701257,100,421.342554
425.753752,100,421.483628
408.702918,100,422.210624
426.959844,100,422.308258
386.01052,100,422.413801
412.759448,100,422.510162
443.467776,100,422.604779
460.434174,100,422.701685
391.853836,100,422.799104
414.312418,100,422.899585
424.915345,100,422.998528
404.97229,100,423.134533
431.833665,100,424.377297
422.608832,100,424.549897
399.150592,100,424.744329
460.179436,100,424.943801
422.881751,100,425.144578
397.185533,100,425.317687
420.641937,100,425.461734
442.3602,100,425.627779
462.564019,100,425.781826
411.061145,100,425.948668
419.747111,100,426.67104
448.692625,100,426.781256
409.725255,100,426.88993
414.182537,100,427.003942
458.019547,100,427.160785
453.671187,100,427.31288
442.640922,100,427.426116
460.825091,100,427.551706
400.818892,100,427.671351
422.534961,100,427.787229
432.854043,100,428.521605
451.752269,100,428.626344
460.930539,100,428.733501
445.231046,100,428.839405
444.642976,100,428.948045
403.660011,100,429.064999
409.098797,100,429.237406
421.170406,100,429.373713
451.630019,100,429.505553
435.190288,100,429.630232
437.728059,100,430.689571
493.532856,100,430.877505
472.922696,100,431.06668
432.402606,100,431.251563
444.046091,100,431.386488
453.916968,100,431.536226
444.858391,100,431.671163
450.748336,100,431.791579
418.112959,100,431.925155
437.088562,100,432.072038
416.896604,100,432.811385
443.264876,100,432.908201
422.737697,100,433.0022
437.775143,100,433.145825
452.480245,100,433.288789
472.12727,100,433.38888
418.123413,100,433.484972
456.094477,100,433.598561
459.146108,100,433.704146
393.579504,100,433.807236
390.592222,100,434.49951
431.321579,100,434.593694
416.271895,100,434.692548
457.452674,100,434.791636
453.027124,100,434.886171
456.551523,100,434.981563
435.792298,100,435.117025
416.909081,100,435.271504
442.023221,100,435.372469
430.583102,100,435.470089
435.352561,100,436.164451
431.83424,100,436.263683
433.645355,100,436.361325
464.566447,100,436.462584
438.940556,100,436.561045
463.424366,100,436.66261
482.153275,100,436.765537
415.285205,100,436.873806
433.625857,100,436.976722
414.627326,100,437.111065
422.435871,100,437.938939
459.699155,100,438.032671
463.27058,100,438.125981
459.196812,100,438.220889
444.706323,100,438.314733
426.773246,100,438.408319
443.674542,100,438.512181
421.102267,100,438.627565
421.192893,100,438.735216
378.776424,100,438.843436
420.194994,100,439.756683
422.802637,100,439.850481
460.000214,100,439.946742
439.930162,100,440.047179
453.643789,100,440.146478
433.264933,100,440.246629
391.458935,100,440.344244
424.562233,100,440.441973
443.334707,100,440.532415
419.742556,100,440.621902
424.709975,100,441.529119
423.740821,100,441.642932
426.485218,100,441.743779
449.101449,100,441.843491
459.337566,100,441.958079
430.188513,100,442.058337
432.242549,100,442.161379
432.270868,100,442.258965
444.667089,100,442.35847
400.814468,100,442.45706
449.244683,100,443.098435
382.771538,100,443.26504
461.002171,100,443.385706
398.506217,100,443.479286
448.175451,100,443.590091
436.994049,100,443.689489
443.916313,100,443.796765
413.800752,100,443.897727
380.698632,100,443.993196
441.20129,100,444.085901
472.638615,100,444.765727
471.067412,100,444.861
463.205846,100,444.952979
395.965437,100,445.05362
462.408708,100,445.198715
405.876734,100,445.335463
450.851496,100,445.427449
424.002956,100,445.525833
453.103916,100,445.640651
410.129024,100,445.739492
412.844284,100,446.376449
444.382284,100,446.465946
420.786203,100,446.555619
464.365466,100,446.645238
427.224659,100,446.735018
437.500686,100,446.831269
408.804246,100,446.93431
427.694346,100,447.028772
448.241065,100,447.170648
443.27096,100,447.324934
451.424683,100,448.001625
465.265986,100,448.101156
468.909337,100,448.201758
447.481516,100,448.29792
416.668555,100,448.401537
462.155339,100,448.503991
412.286802,100,448.602402
430.30338,100,448.705935
432.520311,100,448.806003
464.227914,100,448.902387
448.052619,100,449.833447
461.20298,100,449.93414
432.284751,100,450.033835
414.006443,100,450.132385
460.374383,100,450.232063
453.036208,100,450.32787
449.861659,100,450.431506
452.753854,100,450.529774
427.89505,100,450.631019
438.788986,100,450.725871
471.19473,100,451.407311
405.88177,100,451.540895
426.804507,100,451.70389
429.243139,100,451.808044
435.021668,100,451.919971
455.516776,100,452.039849
458.55646,100,452.140646
458.589488,100,452.238168
450.420588,100,452.343315
408.290393,100,452.446412
434.825799,100,453.144831
459.669783,100,453.241285
491.025029,100,453.336124
423.975412,100,453.437436
451.650866,100,453.597008
383.385781,100,453.728477
446.889125,100,453.823725
452.120177,100,453.938668
444.591986,100,454.038204
447.727144,100,454.132437
448.402029,100,454.838645
445.556828,100,454.940976
429.745775,100,455.03884
472.188476,100,455.131197
452.825983,100,455.224547
431.358656,100,455.317516
439.008851,100,455.412018
427.949068,100,455.53938
416.285041,100,455.678226
412.860371,100,455.780688
450.936575,100,456.469226
454.229805,100,456.570279
433.191268,100,456.673692
457.716579,100,456.772688
426.955886,100,456.879909
404.312269,100,456.973382
453.798906,100,457.067423
449.920934,100,457.161983
440.377474,100,457.254027
444.742027,100,457.346646
426.543625,100,458.418964
456.384279,100,458.556803
422.414388,100,458.673779
429.762189,100,458.786453
437.876939,100,458.904052
380.419363,100,459.025065
453.364012,100,459.150248
462.125414,100,459.265477
433.014209,100,459.383668
472.43776,100,459.537966
399.8492,100,460.477317
399.665216,100,460.584801
404.820044,100,460.702879
449.578128,100,460.820473
417.24051,100,460.934322
420.477122,100,461.047914
422.227395,100,461.16861
450.485669,100,461.283394
451.22653,100,461.400825
443.336803,100,461.558352
437.585629,100,462.724754
428.012293,100,462.868227
403.076433,100,463.011936
405.077641,100,463.155959
452.321163,100,463.277868
447.634272,100,463.399798
446.761497,100,463.575535
401.692618,100,463.736176
444.387497,100,463.864901
458.35915,100,464.02081
453.686289,100,464.72652
449.356697,100,464.828656
423.479536,100,464.936937
455.273494,100,465.04574
363.572142,100,465.168649
449.674272,100,465.274562
461.09189,100,465.380571
453.454679,100,465.513535
441.986892,100,465.682045
379.849237,100,465.801537
433.108643,100,466.542633
441.37283,100,466.649662
426.118136,100,466.76291
432.68703,100,466.865462
445.958218,100,466.963862
410.734954,100,467.060034
433.257445,100,467.153523
468.81744,100,467.24439
465.911635,100,467.336312
459.603878,100,467.431978
394.752893,100,468.500824
440.480962,100,468.60966
404.245088,100,468.719958
463.340967,100,468.825958
450.794724,100,468.947897
455.527739,100,469.050228
422.2092,100,469.148775
416.355774,100,469.245257
430.209243,100,469.348388
432.500559,100,469.446843
416.078565,100,470.404474
402.1072,100,470.498009
433.891393,100,470.590523
386.295567,100,470.692641
404.553933,100,470.786849
404.988333,100,470.8901
439.528124,100,470.985287
441.612209,100,471.07994
430.200655,100,471.183243
436.085569,100,471.28095
421.943594,100,472.322511
406.123147,100,472.450833
433.977128,100,472.565818
454.231774,100,472.680177
435.785862,100,472.797342
414.848721,100,472.910461
491.482117,100,473.015493
427.345042,100,473.124775
439.7011,100,473.224841
448.762661,100,473.324399
466.752078,100,474.408675
445.341223,100,474.580893
416.840538,100,474.753943
423.444154,100,474.939517
454.717473,100,475.116582
429.734786,100,475.288142
448.161077,100,475.458408
450.471648,100,475.635663
451.210878,100,475.821659
438.520712,100,475.965317
441.893847,100,477.084844
455.722541,100,477.257383
404.043707,100,477.431277
417.860453,100,477.608497
455.112638,100,477.797744
434.823385,100,477.950671
459.412371,100,478.084557
389.433815,100,478.240792
432.055929,100,478.415339
448.014258,100,478.587893
427.749139,100,479.279923
415.475698,100,479.379452
410.013242,100,479.482184
403.146172,100,479.588021
458.648743,100,479.733858
448.640146,100,479.894032
469.673425,100,479.992279
401.643114,100,480.088536
440.702393,100,480.203581
438.999585,100,480.304001
450.047536,100,481.15377
459.708747,100,481.244524
469.027428,100,481.336648
436.627776,100,481.431851
427.434341,100,481.524909
426.784251,100,481.616426
429.800214,100,481.782447
433.189906,100,481.92501
469.687989,100,482.03398
427.993844,100,482.154747
426.630718,100,482.864896
430.206529,100,482.96418
400.796989,100,483.068854
455.345149,100,483.16873
455.676897,100,483.266829
430.355101,100,483.370641
468.679023,100,483.473084
422.19586,100,483.57607
457.326833,100,483.714161
486.503416,100,483.873929
474.412447,100,484.584031
463.761375,100,484.68353
420.040343,100,484.788197
428.897985,100,484.891143
461.492303,100,484.990598
426.320956,100,485.090377
447.053069,100,485.199214
438.950901,100,485.29765
436.773021,100,485.398144
462.168578,100,485.498067
463.927301,100,486.421923
448.680951,100,486.517821
471.159843,100,486.618039
428.440487,100,486.716779
398.796787,100,486.822077
439.046834,100,486.92438
456.09785,100,487.028781
444.438406,100,487.127021
449.016754,100,487.227864
475.258454,100,487.327273
475.076053,100,488.417832
460.399296,100,488.542708
468.896164,100,488.664524
428.605284,100,488.786829
410.776517,100,488.915996
440.535925,100,489.024484
467.195912,100,489.132751
453.575318,100,489.236574
429.311817,100,489.345796
455.523484,100,489.45195
470.735485,100,490.426532
433.326945,100,490.521965
437.165574,100,490.618696
419.236212,100,490.719859
462.009868,100,490.821279
438.206679,100,490.93153
400.930049,100,491.031788
454.254454,100,491.127006
425.077207,100,491.224454
475.964193,100,491.322245
466.012393,100,492.273562
433.865428,100,492.379447
401.707895,100,492.485607
479.087097,100,492.594878
475.083733,100,492.710383
431.171686,100,492.834291
428.462074,100,492.961778
493.564923,100,493.079034
446.026197,100,493.195972
405.694859,100,493.312814
410.527774,100,494.321001
441.304109,100,494.435288
426.174845,100,494.548787
460.902721,100,494.667226
435.465349,100,494.794199
466.545471,100,494.924025
424.326034,100,495.053319
449.614778,100,495.174532
420.844443,100,495.297467
420.413516,100,495.416958
428.816513,100,496.436741
419.289449,100,496.535642
462.95472,100,496.635469
471.185869,100,496.741247
426.971349,100,496.85466
468.304819,100,496.961444
424.962026,100,497.070674
464.177037,100,497.181871
433.103843,100,497.287645
455.64107,100,497.392743
439.660966,100,498.447971
429.805848,100,498.556172
460.064112,100,498.663833
405.787632,100,498.775998
466.180228,100,498.896658
464.607528,100,499.021882
432.227638,100,499.138867
442.668838,100,499.251467
425.708981,100,499.373941
418.027524,100,499.485621
485.008652,100,500.939449
480.136358,100,501.132666
429.67035,100,501.309501
461.82407,100,501.506422
455.039361,100,501.698749
423.662926,100,501.918138
451.475826,100,502.102565
465.745622,100,502.238255
451.185955,100,502.422984
476.507928,100,502.604414
466.073396,100,503.600029
427.236502,100,503.772254
460.207978,100,503.931619
478.679649,100,504.045288
453.088905,100,504.174998
448.861913,100,504.282343
460.969339,100,504.388896
411.583976,100,504.493677
446.128816,100,504.603288
473.463821,100,504.715222
453.706372,100,505.417737
445.72585,100,505.523505
481.953804,100,505.631387
432.025097,100,505.737253
471.676247,100,505.874599
425.105215,100,506.044475
471.981297,100,506.159859
467.511959,100,506.285553
400.989032,100,506.407754
412.546832,100,506.522457
434.900548,100,507.370573
474.443597,100,507.484169
420.011925,100,507.591916
394.505454,100,507.710534
448.200738,100,507.846915
448.426744,100,508.023065
483.24885,100,508.151783
425.613565,100,508.260244
447.250667,100,508.381707
393.938381,100,508.486667
468.405393,100,509.262403
437.262654,100,509.369736
450.840568,100,509.48134
490.057226,100,509.58993
423.567643,100,509.70777
424.123391,100,509.840703
472.111835,100,510.012957
424.28748,100,510.14966
419.111017,100,510.266438
393.801075,100,510.408737
452.332333,100,511.307915
403.26994,100,511.413044
417.011125,100,511.515042
484.014087,100,511.617815
450.637881,100,511.734866
448.708355,100,511.887643
485.657543,100,512.069082
454.186488,100,512.183076
431.799844,100,512.299516
483.191947,100,512.41659
436.014148,100,513.147549
430.890171,100,513.255615
415.853396,100,513.356292
451.690536,100,513.460964
441.745991,100,513.567255
429.73912,100,513.685721
449.302383,100,513.797012
457.78991,100,513.964903
471.806942,100,514.110403
408.084099,100,514.216791
423.685028,100,515.03725
451.823008,100,515.152695
412.873736,100,515.264246
438.037565,100,515.387401
423.793627,100,515.504934
450.422073,100,515.622357
411.59839,100,515.731213
402.729326,100,515.905682
472.805649,100,516.074527
446.090126,100,516.19207
420.832526,100,516.924618
423.857435,100,517.029421
416.555489,100,517.133958
442.95077,100,517.233762
447.063317,100,517.336122
477.530472,100,517.441706
467.151498,100,517.538706
432.004928,100,517.637723
459.341627,100,517.74146
433.795553,100,517.885248
460.632158,100,518.705648
460.659956,100,518.803259
472.546804,100,518.903832
445.007298,100,519.011412
434.501818,100,519.115667
480.240003,100,519.213282
461.801397,100,519.309024
457.491629,100,519.406266
446.64376,100,519.500224
462.414109,100,519.590555
484.163997,100,520.451743
466.409908,100,520.578026
439.418236,100,520.692391
425.207622,100,520.803893
455.228345,100,520.907013
411.33762,100,520.998822
429.901748,100,521.094343
457.87379,100,521.191499
487.181016,100,521.297234
448.31238,100,521.401691
487.884524,100,522.417668
419.930917,100,522.529641
459.148655,100,522.633454
485.040606,100,522.736673
469.442417,100,522.842572
440.945311,100,522.938815
480.555869,100,523.047423
411.691306,100,523.152049
439.958216,100,523.25262
450.41668,100,523.35566
476.52666,100,524.325209
449.251439,100,524.449856
434.072013,100,524.558834
466.629464,100,524.66999
453.353491,100,524.786866
440.42076,100,524.905383
459.982162,100,525.022796
466.779113,100,525.146958
437.63629,100,525.265352
455.384053,100,525.385884
406.990077,100,526.375427
444.112973,100,526.470205
412.125741,100,526.570029
481.666113,100,526.669767
475.997361,100,526.773027
451.478817,100,526.880416
457.713478,100,526.981001
440.521564,100,527.086004
468.07036,100,527.186184
396.339216,100,527.286018
463.72456,100,528.225467
475.37447,100,528.34012
439.709782,100,528.457142
457.250023,100,528.566443
500.380552,100,528.665303
468.043582,100,528.765312
436.327521,100,528.870663
429.262561,100,528.970304
453.204518,100,529.072242
482.288788,100,529.175517
396.071831,100,530.122827
470.757809,100,530.222152
422.06602,100,530.338743
455.491392,100,530.44205
471.866561,100,530.545351
439.56965,100,530.64347
475.67283,100,530.746816
462.752137,100,530.849163
431.768379,100,530.957147
450.00021,100,531.059527
422.43539,100,531.709414
438.086197,100,531.804607
424.933969,100,531.992724
408.845263,100,532.129139
492.107719,100,532.241582
487.072343,100,532.351607
457.042728,100,532.446957
454.108008,100,532.539995
438.919354,100,532.635164
418.161086,100,532.730053
469.119231,100,533.433542
454.017211,100,533.531721
442.643241,100,533.631175
472.429446,100,533.724003
480.008039,100,533.82963
478.803253,100,533.99525
464.647812,100,534.104585
461.46893,100,534.205826
427.769513,100,534.323786
421.093438,100,534.427058
447.243244,100,535.10645
457.022234,100,535.206342
387.161005,100,535.304513
458.265216,100,535.410918
473.172583,100,535.516216
427.858505,100,535.620868
451.447274,100,535.731081
461.487615,100,535.867539
461.299276,100,536.035193
400.272905,100,536.140324
433.705364,100,536.878286
466.863807,100,536.987327
450.277053,100,537.092198
467.851781,100,537.196301
444.156031,100,537.298956
412.695657,100,537.398685
429.924416,100,537.496909
478.058692,100,537.59626
472.87219,100,537.695571
437.5545,100,537.792221
433.027886,100,538.6473
471.157666,100,538.749349
404.994425,100,538.852318
471.482388,100,538.960532
467.33837,100,539.068793
475.497919,100,539.172557
490.672043,100,539.278071
456.691959,100,539.387225
422.958662,100,539.491836
470.480838,100,539.59513
452.28765,100,540.544639
473.377531,100,540.643414
475.980214,100,540.749924
462.464692,100,540.855844
455.54588,100,540.957853
446.873597,100,541.056307
486.271628,100,541.152959
466.703739,100,541.248765
429.51331,100,541.342859
459.521099,100,541.439761
471.958934,100,542.341141
502.535861,100,542.450661
450.815563,100,542.546562
470.651358,100,542.644488
449.958535,100,542.744666
395.832909,100,542.851004
416.643363,100,542.947634
403.791272,100,543.046718
432.520371,100,543.14902
481.078289,100,543.245271
417.836336,100,544.507199
475.59713,100,544.686779
447.107004,100,544.864604
418.597281,100,545.041135
393.000748,100,545.236369
458.042967,100,545.422045
354.669979,100,545.605331
444.73529,100,545.794175
474.245093,100,545.980602
388.451886,100,546.120957
483.222835,100,546.836051
455.874029,100,546.934933
450.104195,100,547.037503
485.472305,100,547.132557
456.797162,100,547.23864
449.510345,100,547.339715
455.195545,100,547.438707
442.418351,100,547.532139
417.750955,100,547.624262
453.541041,100,547.718774
449.970539,100,548.700692
434.493023,100,548.797801
483.527716,100,548.901031
494.192583,100,549.002275
397.185795,100,549.1035
443.730065,100,549.20348
427.794143,100,549.30355
455.677533,100,549.400931
434.140523,100,549.498327
458.966942,100,549.593578
486.815283,100,550.498473
435.888813,100,550.596899
408.821272,100,550.696675
479.135979,100,550.798814
467.900718,100,550.894147
423.728885,100,550.999346
450.080228,100,551.106493
455.780977,100,551.204784
423.441673,100,551.30193
435.169732,100,551.399377
474.624067,100,552.369216
475.880753,100,552.473998
425.889317,100,552.568276
418.527018,100,552.665035
421.087552,100,552.762691
416.23692,100,552.861724
404.019582,100,552.967153
463.29698,100,553.064022
435.006827,100,553.167408
432.705965,100,553.263946
469.960044,100,553.949782
432.556342,100,554.05883
457.385174,100,554.215194
452.540424,100,554.3313
401.481748,100,554.426498
461.386354,100,554.531518
399.263952,100,554.635297
434.461759,100,554.732597
481.613807,100,554.829932
469.649787,100,554.928356
456.980384,100,555.598464
448.804373,100,555.693861
478.274822,100,555.790015
432.613722,100,555.887217
458.898686,100,555.985759
434.123724,100,556.117183
439.752169,100,556.274265
416.547654,100,556.370202
456.910695,100,556.469993
446.806216,100,556.585998
449.627516,100,557.270721
444.890968,100,557.375524
423.315508,100,557.471909
471.437832,100,557.567806
417.939977,100,557.664045
490.60092,100,557.761966
467.388141,100,557.861626
433.244335,100,557.960022
452.93335,100,558.078136
462.673194,100,558.227133
481.947899,100,558.935949
426.486852,100,559.038636
430.535109,100,559.135475
444.55295,100,559.238801
462.501941,100,559.340692
444.731291,100,559.444698
441.501805,100,559.546911
476.668089,100,559.650108
440.245704,100,559.756813
450.568546,100,559.860616
424.598422,100,560.800888
486.331232,100,560.903507
439.663076,100,561.000999
454.727507,100,561.097933
468.819359,100,561.19521
473.511777,100,561.295889
443.377317,100,561.397296
397.670146,100,561.501656
380.809392,100,561.598923
475.83794,100,561.69794
454.244761,100,562.70747
425.221512,100,562.810887
444.335018,100,562.911403
400.627465,100,563.010476
453.499371,100,563.114226
483.094046,100,563.213379
432.130621,100,563.323609
469.118323,100,563.421441
448.844779,100,563.522045
426.135699,100,563.629724
447.071882,100,564.511662
476.420371,100,564.622636
492.35263,100,564.725476
472.576723,100,564.823839
469.111313,100,564.921957
444.115633,100,565.0158
473.39565,100,565.109945
500.591866,100,565.205461
470.947112,100,565.301246
453.789996,100,565.399404
479.131357,100,566.567528
456.210032,100,566.675382
431.343664,100,566.776734
487.514352,100,566.876581
487.227011,100,566.976606
395.849208,100,567.081953
430.129987,100,567.188225
424.451716,100,567.297346
454.251604,100,567.403942
448.146774,100,567.511179
381.317805,100,568.581678
456.33921,100,568.677037
457.843474,100,568.774095
425.090142,100,568.876335
485.024498,100,568.974634
462.772089,100,569.073286
441.853949,100,569.170957
461.739149,100,569.275861
483.01624,100,569.381627
461.717821,100,569.492223
445.653334,100,570.550664
434.616315,100,570.650982
469.836641,100,570.74587
433.311173,100,570.840571
505.32446,100,570.931826
423.608075,100,571.02739
388.326541,100,571.119623
477.970792,100,571.223245
451.201124,100,571.330536
458.831084,100,571.435669
462.405598,100,572.45394
464.125765,100,572.582109
439.446379,100,572.710021
433.570943,100,572.832283
446.297308,100,572.96146
496.570238,100,573.081347
436.657051,100,573.202464
431.291201,100,573.328342
495.51465,100,573.447581
481.822437,100,573.562773
450.185869,100,574.536528
420.987622,100,574.643569
451.867876,100,574.742814
445.228136,100,574.842092
392.644643,100,574.946708
402.238724,100,575.042676
458.9353,100,575.141971
471.172293,100,575.245548
459.67767,100,575.355531
477.31471,100,575.466546
414.726125,100,576.250835
469.13827,100,576.357436
431.247401,100,576.467861
480.88009,100,576.579175
475.366248,100,576.674512
474.941584,100,576.770451
462.706281,100,576.869278
385.844552,100,576.967223
467.692059,100,577.060377
445.91009,100,577.159986
421.121062,100,577.908554
420.905894,100,578.018966
469.720886,100,578.199914
482.568627,100,578.338736
472.584253,100,578.463807
480.404599,100,578.601513
418.658523,100,578.722606
468.318867,100,578.841301
485.334803,100,578.967915
455.321109,100,579.09429
440.757387,100,579.779957
479.319588,100,579.876064
486.122546,100,579.976014
452.559461,100,580.094305
453.167462,100,580.26319
473.866175,100,580.364498
434.862468,100,580.471503
462.09639,100,580.581665
471.566793,100,580.684678
437.502916,100,580.786804
416.388427,100,581.769045
470.399292,100,581.89556
442.369462,100,582.02198
414.273012,100,582.232057
480.330297,100,582.374315
458.078278,100,582.505733
470.341793,100,582.636985
486.039956,100,582.766157
460.675958,100,582.880602
433.988148,100,582.997085
468.038082,100,583.660697
406.765766,100,583.758957
448.266662,100,583.861865
489.233789,100,583.968831
446.668401,100,584.087291
450.214728,100,584.240727
464.981744,100,584.350543
451.936324,100,584.44933
439.328036,100,584.561414
483.359564,100,584.671811
383.754354,100,585.409845
481.876967,100,585.515585
462.920687,100,585.610861
444.801845,100,585.707599
485.159329,100,585.808534
483.402018,100,585.906271
473.427164,100,586.003163
432.384173,100,586.098677
454.525568,100,586.209989
483.912909,100,586.363326
471.322575,100,587.094042
472.241821,100,587.213796
465.068674,100,587.321722
436.846536,100,587.432454
491.051885,100,587.543034
470.397441,100,587.64748
459.179474,100,587.75422
464.816901,100,587.862008
467.091156,100,587.967651
473.296452,100,588.074445
476.907401,100,588.996552
452.760331,100,589.099393
443.542707,100,589.202994
437.395237,100,589.301576
443.441172,100,589.403809
492.494748,100,589.504359
488.751927,100,589.608946
469.022383,100,589.712493
460.655081,100,589.812734
502.326447,100,589.916879
426.603512,100,590.814462
486.548643,100,590.915016
462.139531,100,591.016678
480.47235,100,591.116902
489.950501,100,591.218266
470.045214,100,591.319421
428.445651,100,591.424819
470.73339,100,591.522383
457.684165,100,591.621322
425.356424,100,591.722636
427.774006,100,592.823251
492.060721,100,593.020197
450.456275,100,593.20238
461.843682,100,593.379621
506.806693,100,593.556583
490.615816,100,593.731972
450.526098,100,593.932473
416.623823,100,594.116821
484.132666,100,594.320801
425.812131,100,594.476617
441.31383,100,595.160606
453.680884,100,595.256056
467.879001,100,595.355059
481.376082,100,595.450941
464.235833,100,595.547421
434.954644,100,595.641512
492.942759,100,595.73299
467.609921,100,595.82932
461.670758,100,595.926266
488.985584,100,596.021597
414.963321,100,597.041228
431.312438,100,597.161305
491.480087,100,597.274767
468.309657,100,597.394316
487.556972,100,597.515839
439.090928,100,597.639322
443.137193,100,597.75603
443.057408,100,597.873609
476.788433,100,597.99338
430.189959,100,598.109655
480.643769,100,599.123872
474.449161,100,599.244058
450.101808,100,599.364585
461.868388,100,599.489842
456.529254,100,599.605608
446.683283,100,599.723814
475.010076,100,599.845573
462.003408,100,599.967822
469.694282,100,600.087811
448.252784,100,600.2303
492.735032,100,601.168451
458.34369,100,601.282493
403.171004,100,601.398714
480.511396,100,601.517205
442.768483,100,601.628932
441.848747,100,601.751165
448.460987,100,601.877499
453.171615,100,602.007321
449.868803,100,602.130983
411.237374,100,602.272966
422.492216,100,603.233472
401.43758,100,603.356059
484.578774,100,603.48043
448.275401,100,603.594306
410.823855,100,603.710464
472.646678,100,603.823488
473.963954,100,603.947392
475.023866,100,604.0658
484.411395,100,604.180875
419.656318,100,604.397481
482.184398,100,605.199825
437.165473,100,605.327913
454.776799,100,605.450443
444.941898,100,605.562066
465.489752,100,605.686398
424.718445,100,605.805714
441.182735,100,605.929469
461.080634,100,606.050084
476.745123,100,606.163297
449.95395,100,606.353492
497.512602,100,607.219517
475.324979,100,607.342797
450.637943,100,607.462877
469.435876,100,607.581939
466.974724,100,607.707093
464.344391,100,607.830526
488.092465,100,607.952585
499.608771,100,608.080993
453.831443,100,608.217008
469.542037,100,608.400883
454.978502,100,609.225039
441.367712,100,609.34555
442.492426,100,609.46878
429.243718,100,609.584885
464.404077,100,609.701942
449.081895,100,609.819257
425.115199,100,609.943133
392.197605,100,610.061755
398.117604,100,610.174305
492.749394,100,610.379081
487.18067,100,611.183078
471.672351,100,611.300215
468.567087,100,611.412594
483.42717,100,611.543871
471.418039,100,611.665823
454.843459,100,611.790617
468.791023,100,611.921305
485.650844,100,612.054286
477.430325,100,612.183599
490.151104,100,612.386948
458.395715,100,613.168352
457.090457,100,613.276496
446.783482,100,613.388132
418.65091,100,613.511128
448.499231,100,613.629529
443.805978,100,613.73787
441.177828,100,613.846806
428.618133,100,613.955749
460.899379,100,614.067057
467.616149,100,614.188041
423.816652,100,615.17226
468.987929,100,615.287227
428.274876,100,615.417988
469.020221,100,615.53352
483.101254,100,615.646399
462.401201,100,615.759997
442.210775,100,615.873013
478.808968,100,615.987569
475.651895,100,616.098648
448.348617,100,616.214964
425.543045,100,617.29797
421.360912,100,617.403625
468.674077,100,617.506953
476.625987,100,617.615697
468.027855,100,617.724648
458.392095,100,617.829452
457.15546,100,617.941195
447.674258,100,618.054505
384.003336,100,618.156603
461.312287,100,618.291553
404.122142,100,619.091851
411.478466,100,619.190545
451.861174,100,619.292578
467.05174,100,619.402202
406.082804,100,619.512321
487.833023,100,619.61872
445.770764,100,619.734822
459.871572,100,619.843668
504.35711,100,619.956524
459.917524,100,620.080287
426.525997,100,621.032636
464.771919,100,621.134609
404.983915,100,621.236504
510.307012,100,621.332298
463.360216,100,621.438744
459.396435,100,621.535566
459.743157,100,621.630175
421.907394,100,621.732876
429.036162,100,621.841932
467.834826,100,621.970851
466.668947,100,622.843955
473.921762,100,622.942651
508.045896,100,623.049863
422.818523,100,623.161035
487.211456,100,623.262704
472.427816,100,623.367707
471.760357,100,623.482194
445.039232,100,623.586083
427.527048,100,623.6887
463.615026,100,623.789951
439.319766,100,624.785883
494.612105,100,624.906445
450.262774,100,625.018154
429.113378,100,625.110735
494.240471,100,625.205383
471.147538,100,625.308964
441.717495,100,625.40675
425.67929,100,625.513532
441.407978,100,625.611397
426.020569,100,625.7103
435.34552,100,626.675622
422.30035,100,626.857423
451.889597,100,627.04933
439.137893,100,627.236694
465.718135,100,627.426586
464.994523,100,627.613303
439.047883,100,627.801236
432.063275,100,627.981937
464.130526,100,628.169374
433.173529,100,628.361287
478.295432,100,629.72568
454.875714,100,629.916776
428.973728,100,630.112891
461.840257,100,630.293357
458.662542,100,630.480922
463.024129,100,630.680984
465.59036,100,630.8548
470.297263,100,630.99959
472.260884,100,631.132133
484.776807,100,631.289961
453.775885,100,632.540779
479.652885,100,632.721224
464.970575,100,632.905509
420.225667,100,633.067261
479.15499,100,633.219869
489.93959,100,633.40907
455.172142,100,633.582249
450.685413,100,633.760593
481.336534,100,633.94749
484.440298,100,634.121873
447.805948,100,635.384039
455.311304,100,635.509881
497.112415,100,635.636669
473.786053,100,635.768669
439.320556,100,635.897284
447.291255,100,636.001972
459.851838,100,636.114662
493.803744,100,636.214509
436.999622,100,636.310623
409.597789,100,636.407844
474.922574,100,637.305483
448.211995,100,637.413832
483.922889,100,637.512481
431.907579,100,637.620541
488.647627,100,637.727384
444.640558,100,637.845315
443.044814,100,637.953637
470.972031,100,638.053536
449.094115,100,638.149918
461.824239,100,638.247062
449.973202,100,639.145055
445.056936,100,639.245781
465.215716,100,639.343829
469.33208,100,639.440463
465.940237,100,639.53873
447.773628,100,639.633971
468.877722,100,639.74068
462.392838,100,639.847806
439.606718,100,639.948734
440.125954,100,640.046849
485.254854,100,640.716041
444.938651,100,640.845699
451.67528,100,640.955094
475.769084,100,641.049792
439.060041,100,641.152439
408.794733,100,641.261016
467.455581,100,641.357814
502.427525,100,641.454519
465.003774,100,641.557308
440.580861,100,641.658015
485.603213,100,642.369229
490.173274,100,642.466632
473.690378,100,642.561468
421.909431,100,642.709467
433.974568,100,642.830622
497.498918,100,642.943215
445.663153,100,643.045239
442.80995,100,643.139656
474.93484,100,643.234998
436.634194,100,643.329626
468.586949,100,644.303074
467.163219,100,644.417586
451.54957,100,644.53469
441.933172,100,644.679307
481.724428,100,644.852869
491.358365,100,644.972205
451.00072,100,645.088172
469.033696,100,645.21499
477.536509,100,645.319159
445.885425,100,645.43053
488.045117,100,646.176499
414.12419,100,646.284489
466.639281,100,646.393443
460.842855,100,646.488384
397.769287,100,646.58176
454.035964,100,646.753644
432.774371,100,646.881977
443.309556,100,646.987141
447.13233,100,647.082999
479.299217,100,647.202815
476.898864,100,647.868987
407.463159,100,647.96131
474.663224,100,648.071785
485.021064,100,648.17064
500.372429,100,648.263867
471.465149,100,648.355079
474.866495,100,648.454723
486.303463,100,648.547589
483.982932,100,648.675963
409.344239,100,648.826246
446.143972,100,650.266269
432.043623,100,650.477182
480.563201,100,650.696254
474.256822,100,650.837216
432.537055,100,650.986978
473.544033,100,651.120952
450.407058,100,651.283323
472.472873,100,651.466183
481.0309,100,651.632661
446.040738,100,651.816831
470.27011,100,653.132975
459.097892,100,653.24176
441.220936,100,653.351163
484.950974,100,653.459686
458.807271,100,653.575293
475.931342,100,653.686516
437.92284,100,653.803616
457.236804,100,653.921072
463.027905,100,654.046836
440.577223,100,654.158945
471.771292,100,655.135768
474.364158,100,655.242555
413.862488,100,655.346042
476.125422,100,655.451731
488.271031,100,655.553374
491.106017,100,655.64958
482.596517,100,655.749939
434.726917,100,655.86052
459.857449,100,655.956753
482.40324,100,656.050745
461.535586,100,656.958877
486.676874,100,657.057643
444.65411,100,657.163206
420.420486,100,657.267523
451.859187,100,657.375987
466.370812,100,657.475852
437.388769,100,657.573428
464.225561,100,657.672741
485.413468,100,657.777192
428.262502,100,657.891344
492.460815,100,658.575014
428.791795,100,658.734294
395.587506,100,658.878873
473.929968,100,658.982989
461.147601,100,659.098165
482.877618,100,659.203787
469.898242,100,659.307268
471.27646,100,659.412096
488.375491,100,659.515675
447.22862,100,659.614267
448.658492,100,660.30623
468.15827,100,660.400348
440.675064,100,660.499344
459.264934,100,660.59552
431.465908,100,660.765435
442.929922,100,660.881847
480.942084,100,660.981793
491.599339,100,661.087197
462.327963,100,661.195181
445.782647,100,661.300005
454.428479,100,661.977888
504.577549,100,662.073606
436.11651,100,662.184895
448.825162,100,662.280346
462.413244,100,662.377872
476.21843,100,662.473693
488.582275,100,662.566707
473.56485,100,662.707957
459.151093,100,662.840085
494.650272,100,662.939393
416.755281,100,663.640199
438.462638,100,663.759413
479.884683,100,663.87019
489.917553,100,663.972212
453.877319,100,664.069767
464.958173,100,664.177354
446.812789,100,664.28008
459.920558,100,664.388162
451.999437,100,664.496456
479.105249,100,664.621959
481.89964,100,665.505725
472.60527,100,665.603338
496.910128,100,665.706653
449.357579,100,665.816786
466.840951,100,665.927401
491.213486,100,666.023548
466.0118,100,666.120088
477.710098,100,666.216799
502.952598,100,666.316068
468.484475,100,666.414153
451.207053,100,667.341447
467.333987,100,667.445502
465.408015,100,667.542239
484.201122,100,667.642808
482.571494,100,667.744938
426.91198,100,667.850443
490.708587,100,667.955048
490.671778,100,668.062055
478.162565,100,668.158414
436.532217,100,668.251763
425.086237,100,669.222249
448.758725,100,669.3174
477.455711,100,669.415662
458.273435,100,669.517458
478.988853,100,669.610924
430.731138,100,669.714643
484.452317,100,669.813845
475.69285,100,669.924067
476.320433,100,670.031329
449.331748,100,670.136492
393.077559,100,671.143297
457.384374,100,671.25189
460.681416,100,671.354263
484.2386,100,671.446843
476.547855,100,671.541688
469.212948,100,671.640951
463.36984,100,671.746731
449.647557,100,671.851954
426.072304,100,671.977298
454.854159,100,672.084974
440.804339,100,673.035823
490.236673,100,673.152753
477.555083,100,673.253613
482.859791,100,673.351646
469.226651,100,673.45687
434.184841,100,673.554042
493.523481,100,673.654
476.126492,100,673.753315
459.4535,100,673.856997
449.139256,100,673.957852
489.635528,100,674.743681
478.51698,100,674.873294
438.259384,100,674.973898
447.257845,100,675.079736
435.631002,100,675.196542
466.449367,100,675.29523
482.303213,100,675.397926
440.341167,100,675.495454
458.562424,100,675.595861
447.463681,100,675.699822
493.767317,100,676.343894
448.413161,100,676.447564
463.586567,100,676.547094
495.350652,100,676.698287
457.949524,100,676.846551
466.673979,100,676.948034
481.883745,100,677.03941
474.062866,100,677.149996
484.162928,100,677.252348
441.740266,100,677.356253
451.281721,100,678.093729
423.380195,100,678.211926
476.457651,100,678.323144
483.192078,100,678.432307
421.24986,100,678.542776
450.034686,100,678.687641
474.982434,100,678.859928
428.506881,100,678.973735
441.988229,100,679.105019
484.630613,100,679.219048
472.162568,100,679.988559
455.077011,100,680.118548
458.868958,100,680.240744
438.00553,100,680.362676
487.064044,100,680.476807
479.880662,100,680.588899
440.526509,100,680.775471
478.333994,100,680.910052
491.775516,100,681.017686
433.603515,100,681.143766
465.185336,100,681.870936
485.175975,100,681.989946
454.116671,100,682.101351
463.886115,100,682.207789
460.665832,100,682.314636
469.444452,100,682.426527
505.683978,100,682.530735
451.83108,100,682.657288
475.870277,100,682.831535
479.273455,100,682.977411
459.438911,100,683.967782
456.934095,100,684.076193
506.372391,100,684.193457
491.221081,100,684.306789
446.604897,100,684.422719
460.22159,100,684.538188
440.180811,100,684.683326
455.392627,100,684.870096
418.771058,100,685.007578
491.463101,100,685.134905
446.967012,100,686.329472
485.544247,100,686.498309
477.184761,100,686.665313
462.009024,100,686.840596
458.366129,100,686.976567
461.300539,100,687.133985
454.790628,100,687.316931
473.699529,100,687.48994
476.942431,100,687.663655
457.415894,100,687.832788
481.602836,100,689.417942
429.0416,100,689.517892
463.384232,100,689.614932
470.557659,100,689.710646
452.913445,100,689.809733
468.579521,100,689.912578
424.285221,100,690.013072
483.371006,100,690.109416
465.372238,100,690.20713
466.759075,100,690.310601
472.848488,100,691.204822
486.185257,100,691.305173
468.870832,100,691.402429
433.976608,100,691.501403
438.422148,100,691.601408
431.171007,100,691.701258
486.85394,100,691.806591
446.9034,100,691.927173
485.419602,100,692.028334
447.232231,100,692.130002
479.864841,100,693.330938
460.711111,100,693.422632
491.341552,100,693.518736
435.101992,100,693.613315
403.944704,100,693.712453
431.813751,100,693.814902
447.614115,100,693.917574
495.429947,100,694.023226
464.383838,100,694.119741
471.287097,100,694.217067
416.535513,100,695.871615
472.525313,100,696.08844
454.938787,100,696.30621
465.588142,100,696.505235
451.648687,100,696.696743
494.831687,100,696.860064
457.397127,100,697.023324
468.272004,100,697.191262
446.618321,100,697.373194
446.703614,100,697.549897
467.132047,100,698.845846
430.223604,100,699.013501
464.421615,100,699.180442
472.767737,100,699.36195
480.593019,100,699.533882
455.896603,100,699.702354
486.71101,100,699.887259
436.444166,100,700.073687
467.154676,100,700.248424
472.497233,100,700.422625
461.001533,100,701.784608
462.282503,100,702.002941
456.00628,100,702.205639
432.914136,100,702.388635
431.962667,100,702.575655
489.873522,100,702.759442
463.36949,100,702.912569
451.382244,100,703.085866
429.595028,100,703.250926
464.70926,100,703.410896
493.022393,100,704.51902
419.456051,100,704.678498
474.46799,100,704.85186
441.340986,100,704.982536
460.280176,100,705.14423
487.161989,100,705.32023
474.621055,100,705.499891
465.867661,100,705.632957
483.641887,100,705.752384
435.076422,100,705.876925
476.856836,100,706.833774
472.41699,100,706.963884
486.719037,100,707.089556
470.957133,100,707.210682
437.498179,100,707.317692
435.184951,100,707.425605
460.921101,100,707.529659
410.76062,100,707.637409
429.792903,100,707.74585
472.365848,100,707.859063
472.890432,100,708.551602
466.268537,100,708.684271
444.352587,100,708.833834
482.463241,100,708.944643
498.209674,100,709.047459
481.910482,100,709.160582
431.760168,100,709.263899
387.801413,100,709.363491
457.868822,100,709.467739
434.283515,100,709.566936
471.406619,100,710.25279
480.554242,100,710.3534
472.854421,100,710.452392
434.413253,100,710.549271
447.176049,100,710.684538
467.196789,100,710.838621
451.570897,100,710.943987
461.193218,100,711.052264
474.590592,100,711.166314
415.76025,100,711.2684
476.512482,100,711.996662
493.731784,100,712.106369
497.703207,100,712.210262
453.574232,100,712.31125
465.788371,100,712.416502
443.691787,100,712.527055
434.166855,100,712.652799
423.664764,100,712.805967
457.256722,100,712.904604
439.164465,100,713.001328
469.789475,100,713.734896
463.882351,100,713.851676
432.55759,100,713.956092
485.162367,100,714.059012
486.51053,100,714.164723
488.406057,100,714.265052
465.577403,100,714.364921
432.357516,100,714.464386
476.947366,100,714.575942
459.994563,100,714.747332
467.230545,100,715.443942
463.357107,100,715.543921
472.943852,100,715.644975
454.379908,100,715.747157
462.979353,100,715.85545
439.350283,100,715.958052
435.243479,100,716.063388
462.204066,100,716.167841
461.225492,100,716.273922
470.460377,100,716.380464
419.420369,100,717.279405
470.614363,100,717.378675
450.184275,100,717.473174
429.146511,100,717.570435
403.412449,100,717.669339
461.066334,100,717.770501
488.891491,100,717.883295
476.609486,100,717.985908
455.193031,100,718.084406
462.516986,100,718.1848
444.776046,100,719.283492
458.678904,100,719.386481
476.181446,100,719.488591
476.841176,100,719.593174
484.627821,100,719.692624
424.116046,100,719.794267
454.424305,100,719.900567
467.914721,100,720.014185
471.278899,100,720.112711
468.879772,100,720.211777
416.760377,100,721.162593
470.871894,100,721.26719
495.686127,100,721.366435
463.94533,100,721.467543
481.16236,100,721.564517
482.524075,100,721.66591
494.452947,100,721.773533
468.646152,100,721.887969
474.762516,100,721.991417
490.495564,100,722.092813
489.391148,100,723.305005
468.431754,100,723.465618
449.450279,100,723.615659
496.508825,100,723.783162
469.608711,100,723.965086
448.50904,100,724.146541
449.101806,100,724.313687
501.943592,100,724.489597
416.912587,100,724.682833
473.079715,100,724.874504
476.467837,100,725.996437
478.767946,100,726.172409
475.524425,100,726.343977
481.166906,100,726.52073
460.949622,100,726.694467
464.417832,100,726.855907
486.845417,100,726.982878
466.875514,100,727.135492
454.190747,100,727.297926
433.453587,100,727.463736
417.362385,100,728.60265
444.639663,100,728.77386
424.889022,100,728.93446
420.458708,100,729.096347
418.490458,100,729.26603
478.502901,100,729.44946
436.476241,100,729.619517
452.918978,100,729.784845
475.7546,100,729.951128
464.721683,100,730.137586
424.554352,100,731.279461
475.305172,100,731.390188
434.167237,100,731.506617
455.733495,100,731.623714
458.284172,100,731.73696
463.059148,100,731.858324
492.906141,100,731.974607
452.444989,100,732.100535
474.675801,100,732.216489
480.212228,100,732.325358
475.123602,100,733.296488
436.113878,100,733.403472
488.420983,100,733.511737
467.022587,100,733.615782
451.730804,100,733.721458
435.807755,100,733.834703
464.726405,100,733.947583
433.812678,100,734.050723
471.507689,100,734.15761
457.092798,100,734.270202
461.220178,100,735.397841
429.822172,100,735.561744
497.773724,100,735.728754
440.546849,100,735.911641
481.88419,100,736.10187
441.937501,100,736.284793
461.422651,100,736.45916
457.914004,100,736.636964
453.61893,100,736.806593
451.972612,100,736.938657
471.438777,100,738.119335
446.529875,100,738.286248
444.685754,100,738.446446
474.501966,100,738.605169
437.623151,100,738.784213
471.947007,100,738.935004
480.903225,100,739.061382
488.839086,100,739.217693
496.88094,100,739.38491
461.669878,100,739.551489
476.376415,100,740.257033
501.863694,100,740.355213
453.551074,100,740.452336
423.916171,100,740.548598
436.161569,100,740.680405
494.30168,100,740.835006
468.027507,100,740.932939
477.863183,100,741.038023
414.107214,100,741.148973
413.493087,100,741.24576
473.653575,100,741.927224
481.385732,100,742.025543
477.404215,100,742.13129
489.525844,100,742.228376
474.863759,100,742.323013
482.665842,100,742.423755
417.99877,100,742.522642
486.789261,100,742.639409
454.413584,100,742.803132
421.250655,100,742.913676
428.30184,100,743.651466
477.872945,100,743.754858
469.167832,100,743.860548
448.355887,100,743.960792
424.085952,100,744.061316
423.453717,100,744.160361
488.831337,100,744.261376
454.5969,100,744.358433
473.840403,100,744.462021
438.284915,100,744.563491
465.893585,100,745.532665
451.968037,100,745.627243
445.282611,100,745.737461
478.382023,100,745.841659
477.005017,100,745.947474
481.873318,100,746.054019
437.820729,100,746.149348
461.076951,100,746.248889
430.500222,100,746.346562
475.578837,100,746.449703
490.415972,100,747.364468
447.994048,100,747.461415
470.28698,100,747.563071
472.311779,100,747.6699
492.941876,100,747.777167
442.423647,100,747.879767
424.80162,100,747.978335
456.715214,100,748.085973
431.672232,100,748.184658
436.003116,100,748.282933
465.935297,100,749.467244
483.108311,100,749.578619
470.672088,100,749.692368
438.987337,100,749.805088
394.107903,100,749.913999
481.128615,100,750.031033
400.104926,100,750.139744
481.452674,100,750.257603
463.907567,100,750.374898
486.186204,100,750.48472
462.717498,100,751.424436
449.212457,100,751.521219
449.139915,100,751.618825
417.373177,100,751.726555
489.228177,100,751.832247
479.015857,100,751.94272
471.447139,100,752.050981
452.645287,100,752.149705
453.542674,100,752.24277
465.064573,100,752.342354
447.549216,100,753.295387
479.388163,100,753.39792
456.327665,100,753.499161
479.182489,100,753.602174
454.745892,100,753.704496
475.467078,100,753.818326
480.965467,100,753.929046
457.441218,100,754.028762
473.544908,100,754.123697
452.147014,100,754.220601
490.064481,100,755.186731
415.404376,100,755.282706
429.600913,100,755.377779
459.264975,100,755.478304
454.979307,100,755.572673
494.902024,100,755.674673
506.723997,100,755.773119
465.903797,100,755.880768
477.865941,100,755.989606
468.219244,100,756.086749
500.243387,100,756.8865
493.420197,100,756.989744
481.313529,100,757.108263
456.625372,100,757.211634
450.286764,100,757.312265
483.771688,100,757.419213
488.320941,100,757.521361
478.977564,100,757.62093
449.130237,100,757.727427
462.966724,100,757.836949
436.85792,100,758.553855
509.992063,100,758.715004
492.553837,100,758.866582
492.931346,100,758.969658
472.839312,100,759.092704
454.222733,100,759.194687
458.78023,100,759.292524
455.937987,100,759.388212
481.572944,100,759.483995
468.82355,100,759.580513
426.237295,100,760.359477
446.758039,100,760.468863
471.649898,100,760.574311
484.325205,100,760.750463
497.065177,100,760.899672
444.3784,100,761.014431
494.014049,100,761.138538
459.949804,100,761.250406
476.704931,100,761.362544
453.570613,100,761.472711
478.700785,100,762.223796
491.627158,100,762.320204
483.956494,100,762.421557
470.791565,100,762.523466
451.432112,100,762.651504
472.241979,100,762.825567
458.934699,100,762.924232
490.706023,100,763.044956
467.914303,100,763.166296
488.821555,100,763.267414
459.909571,100,763.943309
462.892848,100,764.050991
475.469187,100,764.155646
479.502805,100,764.257393
493.63216,100,764.35769
435.757917,100,764.465682
444.542057,100,764.561582
469.710274,100,764.707048
500.135283,100,764.86153
494.967237,100,764.972712
463.172331,100,765.704762
473.020172,100,765.808796
477.621055,100,765.902528
422.477298,100,765.996799
478.17351,100,766.090631
456.657211,100,766.186041
429.98322,100,766.279794
473.370185,100,766.372987
456.692406,100,766.477418
452.557174,100,766.583068
439.432127,100,767.445059
471.732893,100,767.536947
481.74915,100,767.63417
490.203799,100,767.794594
487.210586,100,767.908875
474.77734,100,768.0163
443.483801,100,768.117527
479.242981,100,768.232165
469.881446,100,768.338562
453.395801,100,768.44801
475.511561,100,769.480246
508.480673,100,769.587619
479.552114,100,769.69891
478.717072,100,769.809283
470.898501,100,769.928043
470.472543,100,770.047718
491.112398,100,770.160079
489.208673,100,770.274297
504.205813,100,770.390514
443.844014,100,770.501926
469.252755,100,771.54299
500.304849,100,771.653241
434.691366,100,771.769242
448.581587,100,771.884673
489.427473,100,772.003314
480.239722,100,772.120895
458.809795,100,772.242581
486.058327,100,772.366416
501.547982,100,772.49017
449.016764,100,772.603691
492.816907,100,773.893396
495.637502,100,774.091399
470.629203,100,774.284703
475.724679,100,774.48424
462.641473,100,774.675249
440.230219,100,774.865856
471.860123,100,775.025495
462.66046,100,775.171547
465.772542,100,775.313654
477.855248,100,775.500384
487.946233,100,776.719685
489.955011,100,776.922568
493.16648,100,777.081073
483.676734,100,777.244023
473.934584,100,777.400602
447.53394,100,777.558388
486.537598,100,777.724229
478.524789,100,777.914789
476.921999,100,778.101772
456.223768,100,778.27062
483.308893,100,779.461713
477.039106,100,779.563781
495.208719,100,779.671374
480.179202,100,779.781159
477.586998,100,779.899197
474.827961,100,780.014585
478.299712,100,780.127123
472.215781,100,780.237304
487.476398,100,780.338642
466.307411,100,780.45119
493.128327,100,781.392876
467.396144,100,781.490433
458.556392,100,781.600492
466.466284,100,781.70072
487.765488,100,781.803888
441.961195,100,781.910999
486.916936,100,782.026024
482.062361,100,782.126978
455.709177,100,782.225878
429.546781,100,782.326762
459.501188,100,783.205966
453.679996,100,783.327553
383.753403,100,783.430562
473.752339,100,783.529755
452.154253,100,783.632957
445.273423,100,783.740361
487.34021,100,783.850546
489.194221,100,783.960147
487.33777,100,784.072061
481.096597,100,784.169499
438.919236,100,784.923189
469.035194,100,785.057011
459.615697,100,785.15423
470.728489,100,785.258791
456.757212,100,785.372249
491.352354,100,785.468782
492.881634,100,785.566159
436.661944,100,785.663046
431.419126,100,785.760257
472.248227,100,785.863683
476.820381,100,787.310261
475.020825,100,787.428518
466.489807,100,787.53918
475.437251,100,787.649888
493.684614,100,787.769443
481.428125,100,787.895441
491.070553,100,788.019076
504.696971,100,788.136494
440.528897,100,788.254944
468.633962,100,788.364742
468.618019,100,789.586892
463.94273,100,789.759538
428.723484,100,789.940262
429.731897,100,790.154806
430.624134,100,790.324821
437.040025,100,790.493803
468.653424,100,790.662611
468.731271,100,790.8589
474.825941,100,791.013866
482.74733,100,791.192486
471.983299,100,792.081557
467.938066,100,792.202667
461.827323,100,792.311476
453.249512,100,792.430592
480.320883,100,792.527059
487.720243,100,792.627636
477.71763,100,792.726903
435.320437,100,792.89997
477.182649,100,793.051693
472.207091,100,793.148022
493.435177,100,793.83031
433.801613,100,793.949736
485.074634,100,794.056688
467.975996,100,794.1652
430.114559,100,794.265066
459.657383,100,794.365342
438.626854,100,794.467219
465.578733,100,794.565574
465.026574,100,794.662208
474.719742,100,794.759746
495.146328,100,795.721023
424.194253,100,795.823845
454.281963,100,795.917637
498.856107,100,796.013927
492.944077,100,796.111523
484.816234,100,796.208274
468.091022,100,796.314849
491.152378,100,796.425627
479.551269,100,796.529664
487.136637,100,796.619364
485.109951,100,797.532278
418.842222,100,797.650698
468.833155,100,797.754473
437.242116,100,797.860284
497.059062,100,797.958041
458.953754,100,798.058478
496.819698,100,798.162346
434.134916,100,798.267472
431.72034,100,798.370161
480.042996,100,798.475692
472.179419,100,799.168133
495.789148,100,799.315904
467.783078,100,799.419312
460.368695,100,799.520346
448.86101,100,799.621547
456.452849,100,799.726954
444.349954,100,799.825729
449.199066,100,799.931472
460.551079,100,800.046736
476.888619,100,800.159438
492.588041,100,801.757704
467.64628,100,801.998806
451.092439,100,802.235431
483.896751,100,802.456657
478.227707,100,802.668675
470.624732,100,802.882275
478.406238,100,803.082594
448.782265,100,803.272677
494.745724,100,803.433122
461.120115,100,803.602956
505.570604,100,805.046325
489.684674,100,805.267859
498.567372,100,805.434072
450.869026,100,805.607185
479.632155,100,805.81921
474.962595,100,806.029528
425.693489,100,806.227307
474.637793,100,806.425854
439.13072,100,806.616354
442.560762,100,806.835517
466.125244,100,808.407721
444.740506,100,808.621711
482.699208,100,808.821303
513.698312,100,808.996115
448.186946,100,809.173714
474.320082,100,809.340553
455.093875,100,809.483066
465.07318,100,809.622012
499.698496,100,809.803623
441.483923,100,809.985836
466.130111,100,811.00845
425.965271,100,811.133278
468.803557,100,811.28827
463.463224,100,811.392142
455.395457,100,811.495083
470.292201,100,811.608081
448.737012,100,811.701676
459.807855,100,811.806581
486.927316,100,811.91338
451.028344,100,812.016047
447.996167,100,813.641311
450.478607,100,813.834718
486.268017,100,814.032225
487.209127,100,814.229426
441.714319,100,814.445059
484.679394,100,814.664084
433.42057,100,814.902266
438.62765,100,815.121988
483.849295,100,815.314275
456.785181,100,815.422589
443.324168,100,816.467602
482.941011,100,816.655496
504.831675,100,816.839214
473.41936,100,817.035849
434.428002,100,817.233255
474.11817,100,817.414197
456.195248,100,817.574724
493.107701,100,817.795255
478.276838,100,818.020076
485.910518,100,818.23122
469.874435,100,819.654196
445.607988,100,819.839445
447.216322,100,820.020053
461.94703,100,820.188732
457.362865,100,820.369913
463.197987,100,820.556973
454.133555,100,820.748479
491.383383,100,820.924659
475.063587,100,821.113015
466.288774,100,821.309594
447.350375,100,822.537602
487.290668,100,822.714046
458.926038,100,822.894804
460.912382,100,823.072676
502.703441,100,823.250072
453.478545,100,823.405687
458.937715,100,823.544379
445.954492,100,823.698823
409.418828,100,823.883074
487.848131,100,824.068033
441.47001,100,824.764429
486.372109,100,824.864282
463.378649,100,824.966302
491.524699,100,825.067215
470.693066,100,825.225274
455.776233,100,825.355088
448.876653,100,825.448282
479.307166,100,825.546581
470.758992,100,825.655795
430.550958,100,825.762451
504.21147,100,826.931993
433.839356,100,827.118139
441.546213,100,827.294457
469.864367,100,827.448224
441.745756,100,827.600461
452.328915,100,827.776143
480.296201,100,827.957188
420.906597,100,828.121039
495.493752,100,828.275133
459.436265,100,828.412756
447.518385,100,829.537579
452.761809,100,829.674184
459.32007,100,829.817732
483.556471,100,829.963294
461.766779,100,830.108074
465.986717,100,830.254024
485.955246,100,830.42865
440.907921,100,830.563558
474.196194,100,830.7013
478.125235,100,830.84848
437.897523,100,832.025077
472.00336,100,832.145341
456.901305,100,832.252571
488.467249,100,832.350863
437.843584,100,832.455749
498.486833,100,832.546296
458.578876,100,832.645334
471.068098,100,832.745176
481.959247,100,832.853787
481.735899,100,832.954873
479.917827,100,833.969165
474.602162,100,834.080656
449.41952,100,834.182278
448.729376,100,834.27749
463.628394,100,834.377016
452.717042,100,834.477749
490.39918,100,834.582696
446.597949,100,834.681842
421.74451,100,834.779668
466.528388,100,834.878727
478.330315,100,835.779771
481.062037,100,835.886933
436.30428,100,835.988871
488.311854,100,836.091594
486.717896,100,836.188276
459.368048,100,836.283275
435.255485,100,836.382945
475.758153,100,836.495015
474.182315,100,836.5899
449.943645,100,836.687242
495.118149,100,837.465028
480.718747,100,837.61667
485.163665,100,837.718625
460.077229,100,837.818813
453.026814,100,837.940462
480.32816,100,838.039305
455.913482,100,838.137326
499.99846,100,838.23332
434.569698,100,838.328401
481.578337,100,838.422209
481.641724,100,839.161035
449.530359,100,839.259217
419.563673,100,839.356631
462.583315,100,839.510036
452.62294,100,839.649296
467.409977,100,839.754477
480.616894,100,839.862261
472.685412,100,839.982055
437.409757,100,840.080762
498.682529,100,840.186806
486.605537,100,840.876003
473.286872,100,840.977742
506.809549,100,841.077823
468.137205,100,841.185977
479.528908,100,841.294502
467.037942,100,841.425845
473.861609,100,841.596769
469.151373,100,841.713682
479.770403,100,841.818264
422.286872,100,841.938338
475.03615,100,842.667557
410.693218,100,842.770473
427.062292,100,842.873535
438.457048,100,842.98256
462.294506,100,843.087982
458.145344,100,843.195336
464.203606,100,843.297752
439.147012,100,843.405876
489.719642,100,843.56974
474.86602,100,843.67912
462.553867,100,844.353279
483.583947,100,844.451367
457.482565,100,844.549585
443.130718,100,844.656605
489.516212,100,844.75877
450.146805,100,844.856742
455.522341,100,844.955951
488.338483,100,845.053855
461.642547,100,845.150373
462.79328,100,845.24905
475.854412,100,846.198312
512.75443,100,846.308879
468.002687,100,846.419249
470.602768,100,846.524972
461.11454,100,846.644259
429.781372,100,846.768676
435.998543,100,846.885995
491.286292,100,846.995478
445.80083,100,847.106846
454.371614,100,847.216759
444.276555,100,848.215724
462.199221,100,848.327461
481.610562,100,848.435462
469.323418,100,848.544008
456.49916,100,848.664323
451.717323,100,848.780965
460.697148,100,848.88877
496.048668,100,848.99724
465.775273,100,849.104166
438.99123,100,849.217995
473.380361,100,850.204515
505.565305,100,850.307416
478.419068,100,850.415797
447.192044,100,850.520655
459.476258,100,850.623532
464.516283,100,850.722912
423.541116,100,850.82465
473.872785,100,850.928676
439.910354,100,851.022658
467.084159,100,851.119093
452.258738,100,852.058417
467.794118,100,852.159979
479.542913,100,852.257473
471.556477,100,852.359173
454.898344,100,852.461905
472.654829,100,852.561049
454.777831,100,852.663803
491.404858,100,852.769994
469.187274,100,852.874783
459.421921,100,852.978058
459.543548,100,853.876264
469.146644,100,853.991981
479.959093,100,854.083012
477.154923,100,854.181548
454.098461,100,854.27592
491.160993,100,854.37231
419.417619,100,854.466285
464.859092,100,854.56337
486.927651,100,854.661179
443.659235,100,854.761681
479.486756,100,855.568224
477.333227,100,855.687816
460.147266,100,855.779269
418.190964,100,855.894439
468.040603,100,855.998336
477.394205,100,856.09458
443.875789,100,856.189698
505.837823,100,856.286407
478.386312,100,856.384979
447.024344,100,856.487809
472.822585,100,857.222327
422.743881,100,857.313983
394.280149,100,857.422158
500.662976,100,857.581763
439.930983,100,857.693803
464.627184,100,857.792723
475.86879,100,857.899027
481.075005,100,858.015706
488.98467,100,858.114473
433.883678,100,858.217695
417.60456,100,859.294021
477.07354,100,859.403122
496.43849,100,859.58104
468.652809,100,859.6988
487.033,100,859.802284
458.766594,100,859.899351
461.356726,100,860.024408
498.399394,100,860.132725
458.136836,100,860.237304
457.178375,100,860.33243
484.621134,100,861.042578
474.400708,100,861.138494
497.25631,100,861.232305
453.738135,100,861.332049
448.816352,100,861.459466
458.498721,100,861.615722
467.761359,100,861.715592
487.010664,100,861.827573
464.897313,100,861.937588
466.381874,100,862.04565
466.418338,100,862.723671
498.106021,100,862.823241
487.280215,100,862.928219
468.14046,100,863.038968
454.254958,100,863.137171
474.637938,100,863.230473
489.642617,100,863.326384
467.014074,100,863.439921
441.459549,100,863.581828
451.896643,100,863.70235
476.433005,100,864.438695
446.670911,100,864.550336
470.460091,100,864.654941
475.031903,100,864.765002
495.081828,100,864.873284
472.404166,100,864.985551
491.588425,100,865.08322
499.51548,100,865.184164
469.348686,100,865.280177
468.271262,100,865.377735
480.043298,100,866.407329
502.348513,100,866.526517
462.422649,100,866.653189
452.151985,100,866.779568
476.229842,100,866.897918
481.55288,100,867.02797
509.672966,100,867.16024
435.693383,100,867.279279
454.292875,100,867.399542
424.775082,100,867.592999
467.346774,100,868.429785
479.016849,100,868.536254
478.094501,100,868.646376
476.428458,100,868.759388
475.73208,100,868.880763
496.016543,100,868.998399
478.34035,100,869.112704
436.510309,100,869.227912
482.138914,100,869.343507
487.041534,100,869.525384
449.330207,100,870.438837
471.038113,100,870.57698
447.799388,100,870.697936
504.306674,100,870.80574
494.469609,100,870.921169
472.38298,100,871.027954
492.351796,100,871.14881
458.493543,100,871.268796
471.882503,100,871.41408
432.636868,100,871.598839
479.347561,100,872.356437
450.551817,100,872.451948
467.244003,100,872.553633
482.547218,100,872.654687
470.852447,100,872.749824
480.121271,100,872.853003
465.771141,100,872.9578
492.474242,100,873.061583
477.303487,100,873.165945
472.000317,100,873.272626
442.968577,100,874.158824
436.756425,100,874.262529
441.305781,100,874.366194
488.237102,100,874.466809
475.623456,100,874.567518
450.469862,100,874.669497
492.698633,100,874.772999
438.944284,100,874.86977
487.848861,100,874.962942
482.564444,100,875.056473
460.608686,100,876.021623
488.613336,100,876.118408
453.863954,100,876.215084
480.470635,100,876.319421
475.778866,100,876.423854
493.088413,100,876.532459
433.801329,100,876.644831
488.364885,100,876.750841
486.165204,100,876.854524
453.998365,100,876.964557
432.356814,100,877.891644
479.359437,100,878.004061
451.351904,100,878.117024
477.874279,100,878.217762
470.297549,100,878.322242
463.378555,100,878.427487
492.039099,100,878.532973
447.912833,100,878.628719
416.034712,100,878.735595
460.366948,100,878.844568
463.157834,100,879.742744
500.998878,100,879.84045
440.011599,100,879.960432
453.754202,100,880.072612
448.857623,100,880.177774
461.566269,100,880.273071
482.335701,100,880.371675
446.287781,100,880.469001
457.221383,100,880.568583
456.468567,100,880.674412
487.292322,100,881.363985
482.88878,100,881.513806
480.779931,100,881.649744
467.920152,100,881.747684
480.066242,100,881.854161
471.633127,100,881.993959
454.662095,100,882.137261
466.965394,100,882.240843
448.63627,100,882.349468
476.056564,100,882.445763
481.303621,100,883.554418
451.064409,100,883.784212
461.939973,100,884.020035
489.54447,100,884.278691
464.668265,100,884.536388
446.1301,100,884.837701
490.17546,100,885.087522
468.931424,100,885.34
456.245943,100,885.593658
476.369733,100,885.854881
485.193883,100,886.575882
480.496156,100,886.685692
476.015328,100,886.8005
463.815783,100,886.897024
477.245353,100,886.991644
442.719119,100,887.088484
462.734511,100,887.184671
466.55147,100,887.278958
464.240071,100,887.368949
464.676149,100,887.45864
439.966455,100,888.380965
461.353041,100,888.474265
496.750713,100,888.578389
426.909922,100,888.674638
486.790462,100,888.774648
458.664419,100,888.874785
492.052374,100,888.973197
477.107605,100,889.069796
490.793798,100,889.176259
474.663634,100,889.271705
465.455901,100,890.295917
505.441104,100,890.400739
451.477265,100,890.50091
487.840189,100,890.596245
461.365234,100,890.696187
466.140149,100,890.802072
462.092053,100,890.901523
470.756209,100,890.998575
498.275649,100,891.095639
489.755823,100,891.191416
504.980996,100,892.104677
464.368314,100,892.226717
468.15028,100,892.324226
507.721264,100,892.425434
496.204523,100,892.519901
455.202136,100,892.615362
434.368868,100,892.712492
490.662638,100,892.806898
448.193959,100,892.903538
505.673993,100,892.999439
476.839232,100,893.712783
466.307598,100,893.804838
506.849641,100,893.921889
452.484664,100,894.017646
442.320239,100,894.118153
476.56886,100,894.210524
459.570284,100,894.306521
510.390538,100,894.402587
490.442806,100,894.548725
479.617685,100,894.682274
462.856798,100,895.411501
477.954034,100,895.536416
506.294286,100,895.696511
467.594903,100,895.809904
489.456573,100,895.922818
473.263889,100,896.05273
501.481003,100,896.171957
486.152028,100,896.284604
445.942562,100,896.390839
483.154996,100,896.495342
456.997975,100,897.288123
488.847906,100,897.390709
478.291396,100,897.494766
508.929996,100,897.652242
504.391148,100,897.763618
503.001131,100,897.864318
473.509837,100,897.979469
409.115055,100,898.078813
483.757708,100,898.175283
476.617557,100,898.268843
511.616039,100,899.026908
497.204492,100,899.142949
490.977608,100,899.256269
493.12162,100,899.361966
480.544954,100,899.474333
489.241074,100,899.683039
492.715763,100,899.810946
480.973678,100,899.927555
470.642027,100,900.055077
468.687688,100,900.171651
471.585763,100,900.947953
481.572347,100,901.054897
491.908631,100,901.160888
491.339661,100,901.264712
492.035633,100,901.378495
491.076943,100,901.488153
485.054578,100,901.645595
481.854608,100,901.763676
473.392647,100,901.878227
500.845336,100,902.014964
495.753972,100,902.718887
492.107398,100,902.836344
483.140092,100,902.951164
481.559948,100,903.061545
482.616485,100,903.172866
488.32729,100,903.283513
483.463645,100,903.397881
462.652569,100,903.540626
476.60124,100,903.727517
480.177713,100,903.846077
471.367174,100,904.669701
460.17221,100,904.786547
482.679675,100,904.903165
463.030946,100,905.026166
472.486131,100,905.141577
489.498661,100,905.257303
443.342351,100,905.370901
472.738211,100,905.483217
488.567105,100,905.663812
469.874127,100,905.785697
470.804334,100,906.525918
482.618223,100,906.635681
479.108902,100,906.747599
501.041841,100,906.8597
469.714554,100,906.97632
442.333344,100,907.086486
505.207225,100,907.199994
474.0577,100,907.309139
478.879876,100,907.418411
497.045484,100,907.546596
497.434062,100,908.413675
444.24925,100,908.52761
476.081395,100,908.644994
479.094427,100,908.760009
490.833,100,908.875701
459.578809,100,909.000411
477.981924,100,909.11147
501.614098,100,909.215185
461.271104,100,909.312495
479.298215,100,909.409832
498.370951,100,910.40969
477.187209,100,910.517797
506.899139,100,910.623979
497.431351,100,910.736398
440.942035,100,910.849297
485.02547,100,910.965848
481.333383,100,911.07655
498.859791,100,911.188202
448.043748,100,911.296046
480.491212,100,911.409612
502.83048,100,912.495047
484.986353,100,912.596466
461.610572,100,912.691896
491.10293,100,912.786549
484.324256,100,912.88693
467.700549,100,912.981703
478.131321,100,913.075394
445.27461,100,913.172689
490.126105,100,913.268552
492.824505,100,913.363348
490.910335,100,914.562328
474.265273,100,914.697328
479.131808,100,914.846709
476.937112,100,914.999696
503.503086,100,915.142858
501.46997,100,915.256296
456.656445,100,915.360773
460.771181,100,915.466287
471.536944,100,915.617393
462.960613,100,915.76224
499.452036,100,916.522393
446.87792,100,916.631049
416.461617,100,916.739538
476.444289,100,916.849949
490.122475,100,916.966234
459.009905,100,917.076025
442.168502,100,917.179842
444.301132,100,917.281675
493.734632,100,917.379691
494.605935,100,917.480612
499.311399,100,918.391672
457.691892,100,918.492844
489.702761,100,918.602069
458.519901,100,918.714698
483.123748,100,918.825728
491.284978,100,918.939948
490.680193,100,919.051937
466.601291,100,919.159589
493.307358,100,919.260673
451.587781,100,919.36161
490.344707,100,920.357051
475.852747,100,920.448573
491.9375,100,920.543386
442.549077,100,920.639475
457.860403,100,920.746793
455.827512,100,920.852948
471.192783,100,920.953275
432.793021,100,921.046226
465.763834,100,921.142499
476.325839,100,921.238299
490.957391,100,922.601225
475.457694,100,922.814815
508.289727,100,923.055939
464.734543,100,923.291885
472.272983,100,923.513011
503.307852,100,923.716583
488.675006,100,923.864739
502.404561,100,924.020379
485.33216,100,924.206581
488.131095,100,924.384967
485.58166,100,925.637924
450.480642,100,925.815761
488.701169,100,925.963146
495.559924,100,926.126675
496.937659,100,926.305517
495.016007,100,926.477467
504.214256,100,926.651384
489.246487,100,926.840547
503.438464,100,927.023868
497.212425,100,927.204084
458.831523,100,928.251789
454.905525,100,928.355732
493.951123,100,928.46866
499.147273,100,928.587016
487.823291,100,928.709542
496.944971,100,928.831453
509.583025,100,928.946995
473.522253,100,929.071772
417.949261,100,929.187789
478.490147,100,929.304861
461.8141,100,930.365262
494.244868,100,930.480349
490.741337,100,930.610734
464.73348,100,930.73252
475.110891,100,930.854352
486.508905,100,930.971612
449.135844,100,931.084821
487.617717,100,931.196641
465.751145,100,931.301525
493.564324,100,931.41071
510.78344,100,932.384183
490.697426,100,932.481403
502.24939,100,932.579915
502.493786,100,932.685501
505.023933,100,932.796973
498.932217,100,932.893484
496.35692,100,932.994519
449.14909,100,933.100205
455.131125,100,933.206668
510.67648,100,933.302997
499.320444,100,934.209091
481.097896,100,934.306626
452.12889,100,934.401597
508.414006,100,934.496732
504.45191,100,934.596015
462.721462,100,934.701358
456.202642,100,934.802215
514.99801,100,934.907445
508.526799,100,935.007246
468.825242,100,935.103647
478.888611,100,935.989157
509.679916,100,936.099205
477.856908,100,936.207648
480.679095,100,936.305368
456.853981,100,936.404317
492.105253,100,936.497492
480.996008,100,936.599955
465.986217,100,936.696779
468.532875,100,936.797492
482.684361,100,936.895938
476.825126,100,937.691433
459.18427,100,937.799298
438.822635,100,937.895562
485.903297,100,938.021377
478.834857,100,938.134688
498.743589,100,938.231795
494.46591,100,938.327074
502.862267,100,938.426741
434.766742,100,938.521773
480.763918,100,938.621036
496.854552,100,939.43577
425.207382,100,939.587734
490.986555,100,939.74127
473.574905,100,939.882672
497.043671,100,940.016423
491.062449,100,940.136
481.599504,100,940.252538
455.842386,100,940.363497
495.690948,100,940.479913
452.488969,100,940.592494
504.404371,100,941.975679
439.954221,100,942.113008
459.739144,100,942.226822
492.443002,100,942.328736
506.90509,100,942.43471
469.754691,100,942.541655
498.221954,100,942.647983
455.89081,100,942.75868
479.490709,100,942.873488
467.306618,100,942.982
484.650439,100,944.052991
460.954381,100,944.166472
490.449183,100,944.27128
481.144039,100,944.37645
451.893065,100,944.485867
490.196395,100,944.599136
513.066433,100,944.708881
458.778055,100,944.823458
491.035777,100,944.936918
490.214081,100,945.04604
481.132353,100,945.906971
469.449593,100,946.01283
504.930067,100,946.122441
476.236743,100,946.236933
486.296987,100,946.335527
471.236846,100,946.438712
480.640842,100,946.546551
515.37723,100,946.650606
471.496145,100,946.751295
490.058258,100,946.85862
500.639844,100,947.551301
482.656416,100,947.723648
507.075088,100,947.833586
505.82411,100,947.936651
489.355342,100,948.055344
496.937466,100,948.157669
503.252657,100,948.258368
504.80126,100,948.354752
436.77853,100,948.4519
481.577064,100,948.551624
473.627422,100,949.254076
468.86749,100,949.35359
488.545601,100,949.454746
497.627589,100,949.60223
430.963134,100,949.77137
480.663054,100,949.881139
472.723998,100,949.981701
455.649786,100,950.102744
497.75469,100,950.200171
470.360274,100,950.304149
503.738389,100,950.96989
438.091406,100,951.063586
459.399005,100,951.159731
493.243706,100,951.256972
499.21227,100,951.355872
445.323756,100,951.454877
493.784518,100,951.591561
492.891113,100,951.74877
480.965872,100,951.854825
453.895088,100,951.979665
488.790165,100,953.2494
472.493611,100,953.432071
501.311594,100,953.625023
433.520056,100,953.788932
474.947296,100,953.940982
482.218851,100,954.102796
460.392152,100,954.284175
474.955325,100,954.458916
487.788002,100,954.639553
461.824006,100,954.816761
501.010233,100,955.674557
476.45062,100,955.851562
484.482807,100,956.002933
430.522871,100,956.129419
499.910582,100,956.271967
467.223678,100,956.402963
458.135144,100,956.547696
487.24478,100,956.681824
476.715133,100,956.840406
424.826589,100,957.006317
464.755999,100,958.067769
482.665707,100,958.17793
493.336846,100,958.304157
472.960793,100,958.416772
492.387974,100,958.528296
491.203579,100,958.632538
496.56634,100,958.732581
478.480863,100,958.838918
475.109338,100,958.938245
486.113688,100,959.04083
490.469787,100,959.754139
463.495008,100,959.875882
467.361225,100,960.06546
474.307962,100,960.189738
457.186122,100,960.285722
481.532027,100,960.391902
469.512329,100,960.511072
491.046346,100,960.62254
480.893878,100,960.731517
507.859693,100,960.841262
432.845645,100,961.550802
487.37372,100,961.646845
492.296694,100,961.750233
468.475306,100,961.853604
472.798568,100,961.956765
500.169472,100,962.077142
504.491612,100,962.244623
440.589758,100,962.36187
433.526839,100,962.460064
479.842402,100,962.56865
502.162799,100,963.228863
454.330361,100,963.329989
459.225932,100,963.427748
443.289691,100,963.524166
475.923657,100,963.61748
469.39168,100,963.727673
490.908536,100,963.841579
474.290929,100,963.94633
493.385965,100,964.05399
478.435192,100,964.211622
499.512201,100,964.956962
446.278443,100,965.050013
484.4958,100,965.145308
462.007451,100,965.243528
498.419329,100,965.339363
467.243789,100,965.436013
460.079042,100,965.533301
474.408882,100,965.631285
447.103369,100,965.730508
512.798846,100,965.82863
472.007529,100,967.583974
483.783997,100,967.804346
516.873337,100,968.031734
508.553705,100,968.268786
460.16126,100,968.433729
455.983213,100,968.603446
466.812736,100,968.825834
487.941382,100,969.043051
487.95177,100,969.25235
475.286844,100,969.474373
507.659675,100,970.298542
462.271189,100,970.414496
493.746897,100,970.508992
433.022118,100,970.620954
468.611575,100,970.718789
414.257715,100,970.8154
468.327067,100,970.912328
437.630811,100,971.00553
488.082081,100,971.100496
463.899022,100,971.197044
486.468456,100,971.863595
466.646769,100,971.958333
474.276818,100,972.064512
449.754306,100,972.236635
468.624052,100,972.360201
478.587695,100,972.463779
493.953943,100,972.565224
491.808546,100,972.683074
484.952585,100,972.779829
474.592886,100,972.879743
502.370178,100,973.643197
456.06239,100,973.744641
476.807623,100,973.842845
462.677875,100,973.939257
465.707702,100,974.042631
461.721017,100,974.207474
456.36514,100,974.337606
482.992976,100,974.441994
456.616872,100,974.556024
500.368048,100,974.664728
495.860759,100,975.385725
490.292634,100,975.495346
482.968935,100,975.606165
440.308049,100,975.715024
447.235957,100,975.826205
452.931103,100,975.931362
488.624571,100,976.039375
493.985576,100,976.204723
446.847335,100,976.336308
481.300665,100,976.435567
456.565633,100,977.13493
453.880841,100,977.238883
432.212278,100,977.341009
494.171064,100,977.43492
499.350842,100,977.528685
465.7673,100,977.621009
415.611487,100,977.719672
501.332342,100,977.820778
490.6089,100,977.919018
485.287911,100,978.020008
431.859057,100,978.9543
478.846632,100,979.062924
485.382444,100,979.171957
505.236838,100,979.271342
462.360341,100,979.371706
477.95185,100,979.479453
454.705264,100,979.574116
476.347004,100,979.671688
455.740591,100,979.767058
493.937118,100,979.862818
483.29989,100,980.883721
479.268818,100,980.995044
476.31384,100,981.090726
461.739323,100,981.188818
472.343565,100,981.293486
477.363772,100,981.390527
502.807206,100,981.489283
438.415285,100,981.584598
485.088809,100,981.682788
442.033012,100,981.781241
479.870246,100,982.743576
491.932703,100,982.852448
474.965736,100,982.96495
481.884551,100,983.068658
469.082291,100,983.174735
448.838222,100,983.286974
458.365704,100,983.391524
475.962982,100,983.498811
478.648574,100,983.603401
498.353747,100,983.701255
499.451158,100,984.679944
487.545697,100,984.792199
477.269303,100,984.897499
506.505448,100,984.99574
488.81602,100,985.09006
463.241533,100,985.187825
432.008424,100,985.28926
503.935319,100,985.391184
486.066643,100,985.506199
476.450513,100,985.598649
508.544733,100,986.507952
484.705375,100,986.615277
491.917079,100,986.722435
455.670523,100,986.830295
466.516754,100,986.933729
463.978305,100,987.038994
460.827654,100,987.14151
482.805941,100,987.242573
434.894737,100,987.348835
484.713714,100,987.451374
479.921614,100,988.400824
456.766383,100,988.500698
453.150004,100,988.613217
498.375281,100,988.728827
457.395148,100,988.841003
432.716907,100,988.945545
483.847064,100,989.043444
456.966972,100,989.140218
439.744699,100,989.241481
505.867566,100,989.344976
477.451555,100,990.050017
498.742528,100,990.220501
499.439901,100,990.34373
509.8682,100,990.443092
481.262916,100,990.563941
485.233763,100,990.680943
477.301025,100,990.787423
425.829771,100,990.892155
452.162888,100,990.993228
477.35598,100,991.094333
461.304479,100,991.830704
427.535675,100,991.944638
477.858655,100,992.048239
491.769019,100,992.221631
437.152106,100,992.347536
466.265726,100,992.448456
486.637927,100,992.562689
499.799358,100,992.669344
510.269562,100,992.770553
516.483869,100,992.87404
445.61005,100,993.598572
485.202878,100,993.708963
490.14193,100,993.817994
497.067487,100,993.92504
487.577221,100,994.030796
486.833108,100,994.206014
467.500996,100,994.351973
445.099685,100,994.453657
477.308205,100,994.565791
482.180527,100,994.677967
482.456428,100,995.415912
487.960317,100,995.529848
504.70753,100,995.632898
439.059465,100,995.737201
492.233762,100,995.840572
503.362048,100,995.948341
481.788667,100,996.052313
491.628955,100,996.226174
495.459188,100,996.341293
491.449919,100,996.432484
485.6387,100,997.136993
443.76734,100,997.243425
445.190977,100,997.345783
495.930872,100,997.440993
483.090541,100,997.536156
487.471825,100,997.627828
470.18777,100,997.730617
495.3735,100,997.838317
442.562257,100,997.938733
446.795346,100,998.038747
492.789753,100,999.017763
464.007265,100,999.122229
454.631019,100,999.230517
459.851248,100,999.334259
480.824304,100,999.439987
477.9279,100,999.548717
472.541113,100,999.643665
475.421087,100,999.743716
496.455858,100,999.843859
464.095161,100,999.948463
502.703938,100,1000.893633
502.93336,100,1000.991745
496.95367,100,1001.087372
482.01474,100,1001.184407
501.394141,100,1001.290537
471.302637,100,1001.392825
478.059945,100,1001.494257
506.490319,100,1001.595996
486.315187,100,1001.705729
483.326276,100,1001.815757
410.275272,100,1002.838646
439.069254,100,1002.939274
471.831649,100,1003.041193
454.28842,100,1003.140589
460.048329,100,1003.243012
499.936205,100,1003.344876
481.665952,100,1003.446594
479.522302,100,1003.550596
464.633583,100,1003.652733
459.440853,100,1003.752294
495.058305,100,1004.72953
480.830837,100,1004.851043
496.270613,100,1004.964217
450.869403,100,1005.075335
452.391684,100,1005.177196
490.282879,100,1005.276496
484.919021,100,1005.381667
495.701315,100,1005.480788
505.760296,100,1005.582803
448.677737,100,1005.687273
470.543844,100,1006.446406
470.961834,100,1006.565663
464.239194,100,1006.659945
489.879554,100,1006.767876
502.634229,100,1006.894075
462.185768,100,1006.990345
478.145482,100,1007.085732
472.139743,100,1007.178694
463.638808,100,1007.269865
501.141526,100,1007.36296
492.063635,100,1008.093364
451.574795,100,1008.210046
486.375996,100,1008.332559
429.25932,100,1008.499874
481.150433,100,1008.595944
493.5542,100,1008.704919
481.488293,100,1008.82303
467.455527,100,1008.936165
455.107778,100,1009.044624
482.126706,100,1009.145528
